CDT_time,bar_fence,T_0_2m_init,T_1_5m_init,T_4_5m_init,T_10m_init,T_15m_init,T_20m_init,bar_fence_1,T_0_2m_rel,T_1_5m_rel,T_4_5m_rel,T_8_5m_rel,T_15m_rel,T_20m_rel,bar_fence_2,T_0_2m_uconv,T_1_5m_uconv,T_4_5m_uconv,T_10m_uconv,T_15m_uconv,T_20m_uconv,bar_fence_3,T_0_2m_lconv,T_1_5m_lconv,T_4_5m_lconv,T_8_5m_lconv,T_15m_lconv,T_20m_lconv
19:02:30,|,NaN,NaN,NaN,NaN,0,0,|,NaN,NaN,NaN,NaN,NaN,NaN,|,NaN,NaN,NaN,NaN,0,0,|,NaN,NaN,NaN,NaN,NaN,NaN
19:07:30,|,NaN,NaN,NaN,NaN,0,0,|,NaN,NaN,NaN,NaN,NaN,NaN,|,NaN,NaN,NaN,NaN,0,0,|,NaN,NaN,NaN,NaN,NaN,NaN
19:12:30,|,NaN,NaN,NaN,NaN,0,0,|,NaN,NaN,NaN,NaN,NaN,NaN,|,NaN,NaN,NaN,NaN,0,0,|,NaN,NaN,NaN,NaN,NaN,NaN
19:17:30,|,NaN,NaN,NaN,NaN,0,0,|,NaN,NaN,NaN,NaN,NaN,NaN,|,NaN,NaN,NaN,NaN,0,0,|,NaN,NaN,NaN,NaN,NaN,NaN
19:22:30,|,NaN,NaN,NaN,NaN,0,0,|,NaN,NaN,NaN,NaN,NaN,NaN,|,NaN,NaN,NaN,NaN,0,0,|,NaN,NaN,NaN,NaN,NaN,NaN
19:27:30,|,NaN,NaN,NaN,NaN,0,0,|,NaN,NaN,NaN,NaN,NaN,NaN,|,NaN,NaN,NaN,NaN,0,0,|,NaN,NaN,NaN,NaN,NaN,NaN
19:32:30,|,NaN,NaN,NaN,NaN,0,0,|,NaN,NaN,NaN,NaN,NaN,NaN,|,NaN,NaN,NaN,NaN,0,0,|,NaN,NaN,NaN,NaN,NaN,NaN
19:37:30,|,NaN,NaN,NaN,NaN,0,0,|,NaN,NaN,NaN,NaN,NaN,NaN,|,NaN,NaN,NaN,NaN,0,0,|,NaN,NaN,NaN,NaN,NaN,NaN
19:42:30,|,NaN,NaN,NaN,NaN,0,0,|,NaN,NaN,NaN,NaN,NaN,NaN,|,NaN,NaN,NaN,NaN,0,0,|,NaN,NaN,NaN,NaN,NaN,NaN
19:47:30,|,NaN,NaN,NaN,NaN,0,0,|,NaN,NaN,NaN,NaN,NaN,NaN,|,NaN,NaN,NaN,NaN,0,0,|,NaN,NaN,NaN,NaN,NaN,NaN
19:52:30,|,NaN,NaN,NaN,NaN,0,0,|,NaN,NaN,NaN,NaN,NaN,NaN,|,NaN,NaN,NaN,NaN,0,0,|,NaN,NaN,NaN,NaN,NaN,NaN
19:57:30,|,NaN,NaN,NaN,NaN,0,0,|,NaN,NaN,NaN,NaN,NaN,NaN,|,NaN,NaN,NaN,NaN,0,0,|,NaN,NaN,NaN,NaN,NaN,NaN
20:02:30,|,NaN,NaN,NaN,NaN,0,0,|,NaN,NaN,NaN,NaN,NaN,NaN,|,NaN,NaN,NaN,NaN,0,0,|,NaN,NaN,NaN,NaN,NaN,NaN
20:07:30,|,NaN,NaN,NaN,NaN,0,0,|,NaN,NaN,NaN,NaN,NaN,NaN,|,NaN,NaN,NaN,NaN,0,0,|,NaN,NaN,NaN,NaN,NaN,NaN
20:12:30,|,NaN,NaN,NaN,NaN,0,0,|,NaN,NaN,NaN,NaN,NaN,NaN,|,NaN,NaN,NaN,NaN,0,0,|,NaN,NaN,NaN,NaN,NaN,NaN
20:17:30,|,NaN,NaN,NaN,NaN,0,0,|,NaN,NaN,NaN,NaN,NaN,NaN,|,NaN,NaN,NaN,NaN,0,0,|,NaN,NaN,NaN,NaN,NaN,NaN
20:22:30,|,NaN,NaN,NaN,NaN,0,0,|,NaN,NaN,NaN,NaN,NaN,NaN,|,NaN,NaN,NaN,NaN,0,0,|,NaN,NaN,NaN,NaN,NaN,NaN
20:27:30,|,NaN,NaN,NaN,NaN,0,0,|,NaN,NaN,NaN,NaN,NaN,NaN,|,NaN,NaN,NaN,NaN,0,0,|,NaN,NaN,NaN,NaN,NaN,NaN
20:32:30,|,NaN,NaN,NaN,NaN,0,0,|,NaN,NaN,NaN,NaN,NaN,NaN,|,NaN,NaN,NaN,NaN,0,0,|,NaN,NaN,NaN,NaN,NaN,NaN
20:37:30,|,NaN,NaN,NaN,NaN,0,0,|,NaN,NaN,NaN,NaN,NaN,NaN,|,NaN,NaN,NaN,NaN,0,0,|,NaN,NaN,NaN,NaN,NaN,NaN
20:42:30,|,NaN,NaN,NaN,NaN,0,0,|,NaN,NaN,NaN,NaN,NaN,NaN,|,NaN,NaN,NaN,NaN,0,0,|,NaN,NaN,NaN,NaN,NaN,NaN
20:47:30,|,NaN,NaN,NaN,NaN,0,0,|,NaN,NaN,NaN,NaN,NaN,NaN,|,NaN,NaN,NaN,NaN,0,0,|,NaN,NaN,NaN,NaN,NaN,NaN
20:52:30,|,NaN,NaN,NaN,NaN,0,0,|,NaN,NaN,NaN,NaN,NaN,NaN,|,NaN,NaN,NaN,NaN,0,0,|,NaN,NaN,NaN,NaN,NaN,NaN
20:57:30,|,NaN,NaN,NaN,NaN,0,0,|,NaN,NaN,NaN,NaN,NaN,NaN,|,NaN,NaN,NaN,NaN,0,0,|,NaN,NaN,NaN,NaN,NaN,NaN
21:02:30,|,NaN,NaN,NaN,NaN,0,0,|,NaN,NaN,NaN,NaN,NaN,NaN,|,NaN,NaN,NaN,NaN,0,0,|,NaN,NaN,NaN,NaN,NaN,NaN
21:07:30,|,NaN,NaN,NaN,NaN,0,0,|,NaN,NaN,NaN,NaN,NaN,NaN,|,NaN,NaN,NaN,NaN,0,0,|,NaN,NaN,NaN,NaN,NaN,NaN
21:12:30,|,NaN,NaN,NaN,NaN,0,0,|,NaN,NaN,NaN,NaN,NaN,NaN,|,NaN,NaN,NaN,NaN,0,0,|,NaN,NaN,NaN,NaN,NaN,NaN
21:17:30,|,NaN,NaN,NaN,NaN,0,0,|,NaN,NaN,NaN,NaN,NaN,NaN,|,NaN,NaN,NaN,NaN,0,0,|,NaN,NaN,NaN,NaN,NaN,NaN
21:22:30,|,NaN,NaN,NaN,NaN,0,0,|,NaN,NaN,NaN,NaN,NaN,NaN,|,NaN,NaN,NaN,NaN,0,0,|,NaN,NaN,NaN,NaN,NaN,NaN
21:27:30,|,NaN,NaN,NaN,NaN,0,0,|,NaN,NaN,NaN,NaN,NaN,NaN,|,NaN,NaN,NaN,NaN,0,0,|,NaN,NaN,NaN,NaN,NaN,NaN
21:32:30,|,NaN,NaN,NaN,NaN,0,0,|,NaN,NaN,NaN,NaN,NaN,NaN,|,NaN,NaN,NaN,NaN,0,0,|,NaN,NaN,NaN,NaN,NaN,NaN
21:37:30,|,NaN,NaN,NaN,NaN,0,0,|,NaN,NaN,NaN,NaN,NaN,NaN,|,NaN,NaN,NaN,NaN,0,0,|,NaN,NaN,NaN,NaN,NaN,NaN
21:42:30,|,NaN,NaN,NaN,NaN,0,0,|,NaN,NaN,NaN,NaN,NaN,NaN,|,NaN,NaN,NaN,NaN,0,0,|,NaN,NaN,NaN,NaN,NaN,NaN
21:47:30,|,NaN,NaN,NaN,NaN,0,0,|,NaN,NaN,NaN,NaN,NaN,NaN,|,NaN,NaN,NaN,NaN,0,0,|,NaN,NaN,NaN,NaN,NaN,NaN
21:52:30,|,NaN,NaN,NaN,NaN,0,0,|,NaN,NaN,NaN,NaN,NaN,NaN,|,NaN,NaN,NaN,NaN,0,0,|,NaN,NaN,NaN,NaN,NaN,NaN
21:57:30,|,NaN,NaN,NaN,NaN,0,0,|,NaN,NaN,NaN,NaN,NaN,NaN,|,NaN,NaN,NaN,NaN,0,0,|,NaN,NaN,NaN,NaN,NaN,NaN
22:02:30,|,NaN,NaN,NaN,NaN,0,0,|,NaN,NaN,NaN,NaN,NaN,NaN,|,NaN,NaN,NaN,NaN,0,0,|,NaN,NaN,NaN,NaN,NaN,NaN
22:07:30,|,NaN,NaN,NaN,NaN,0,0,|,NaN,NaN,NaN,NaN,NaN,NaN,|,NaN,NaN,NaN,NaN,0,0,|,NaN,NaN,NaN,NaN,NaN,NaN
22:12:30,|,NaN,NaN,NaN,NaN,0,0,|,NaN,NaN,NaN,NaN,NaN,NaN,|,NaN,NaN,NaN,NaN,0,0,|,NaN,NaN,NaN,NaN,NaN,NaN
22:17:30,|,NaN,NaN,NaN,NaN,0,0,|,NaN,NaN,NaN,NaN,NaN,NaN,|,NaN,NaN,NaN,NaN,0,0,|,NaN,NaN,NaN,NaN,NaN,NaN
22:22:30,|,NaN,NaN,NaN,NaN,0,0,|,NaN,NaN,NaN,NaN,NaN,NaN,|,NaN,NaN,NaN,NaN,0,0,|,NaN,NaN,NaN,NaN,NaN,NaN
22:27:30,|,NaN,NaN,NaN,NaN,0,0,|,NaN,NaN,NaN,NaN,NaN,NaN,|,NaN,NaN,NaN,NaN,0,0,|,NaN,NaN,NaN,NaN,NaN,NaN
22:32:30,|,NaN,NaN,NaN,NaN,0,0,|,NaN,NaN,NaN,NaN,NaN,NaN,|,NaN,NaN,NaN,NaN,0,0,|,NaN,NaN,NaN,NaN,NaN,NaN
22:37:30,|,NaN,NaN,NaN,NaN,0,0,|,NaN,NaN,NaN,NaN,NaN,NaN,|,NaN,NaN,NaN,NaN,0,0,|,NaN,NaN,NaN,NaN,NaN,NaN
22:42:30,|,NaN,NaN,NaN,NaN,0,0,|,NaN,NaN,NaN,NaN,NaN,NaN,|,NaN,NaN,NaN,NaN,0,0,|,NaN,NaN,NaN,NaN,NaN,NaN
22:47:30,|,NaN,NaN,NaN,NaN,0,0,|,NaN,NaN,NaN,NaN,NaN,NaN,|,NaN,NaN,NaN,NaN,0,0,|,NaN,NaN,NaN,NaN,NaN,NaN
22:52:30,|,NaN,NaN,NaN,NaN,0,0,|,NaN,NaN,NaN,NaN,NaN,NaN,|,NaN,NaN,NaN,NaN,0,0,|,NaN,NaN,NaN,NaN,NaN,NaN
22:57:30,|,NaN,NaN,NaN,NaN,0,0,|,NaN,NaN,NaN,NaN,NaN,NaN,|,NaN,NaN,NaN,NaN,0,0,|,NaN,NaN,NaN,NaN,NaN,NaN
23:02:30,|,NaN,NaN,NaN,NaN,0,0,|,NaN,NaN,NaN,NaN,NaN,NaN,|,NaN,NaN,NaN,NaN,0,0,|,NaN,NaN,NaN,NaN,NaN,NaN
23:07:30,|,NaN,NaN,NaN,NaN,0,0,|,NaN,NaN,NaN,NaN,NaN,NaN,|,NaN,NaN,NaN,NaN,0,0,|,NaN,NaN,NaN,NaN,NaN,NaN
23:12:30,|,NaN,NaN,NaN,NaN,0,0,|,NaN,NaN,NaN,NaN,NaN,NaN,|,NaN,NaN,NaN,NaN,0,0,|,NaN,NaN,NaN,NaN,NaN,NaN
23:17:30,|,NaN,NaN,NaN,NaN,0,0,|,NaN,NaN,NaN,NaN,NaN,NaN,|,NaN,NaN,NaN,NaN,0,0,|,NaN,NaN,NaN,NaN,NaN,NaN
23:22:30,|,NaN,NaN,NaN,NaN,0,0,|,NaN,NaN,NaN,NaN,NaN,NaN,|,NaN,NaN,NaN,NaN,0,0,|,NaN,NaN,NaN,NaN,NaN,NaN
23:27:30,|,NaN,NaN,NaN,NaN,0,0,|,NaN,NaN,NaN,NaN,NaN,NaN,|,NaN,NaN,NaN,NaN,0,0,|,NaN,NaN,NaN,NaN,NaN,NaN
23:32:30,|,NaN,NaN,NaN,NaN,0,0,|,NaN,NaN,NaN,NaN,NaN,NaN,|,NaN,NaN,NaN,NaN,0,0,|,NaN,NaN,NaN,NaN,NaN,NaN
23:37:30,|,NaN,NaN,NaN,NaN,0,0,|,NaN,NaN,NaN,NaN,NaN,NaN,|,NaN,NaN,NaN,NaN,0,0,|,NaN,NaN,NaN,NaN,NaN,NaN
23:42:30,|,NaN,NaN,NaN,NaN,0,0,|,NaN,NaN,NaN,NaN,NaN,NaN,|,NaN,NaN,NaN,NaN,0,0,|,NaN,NaN,NaN,NaN,NaN,NaN
23:47:30,|,NaN,NaN,NaN,NaN,0,0,|,NaN,NaN,NaN,NaN,NaN,NaN,|,NaN,NaN,NaN,NaN,0,0,|,NaN,NaN,NaN,NaN,NaN,NaN
23:52:30,|,NaN,NaN,NaN,NaN,0,0,|,NaN,NaN,NaN,NaN,NaN,NaN,|,NaN,NaN,NaN,NaN,0,0,|,NaN,NaN,NaN,NaN,NaN,NaN
23:57:30,|,NaN,NaN,NaN,NaN,0,0,|,NaN,NaN,NaN,NaN,NaN,NaN,|,NaN,NaN,NaN,NaN,0,0,|,NaN,NaN,NaN,NaN,NaN,NaN
00:02:30,|,NaN,NaN,NaN,NaN,0,0,|,NaN,NaN,NaN,NaN,NaN,NaN,|,NaN,NaN,NaN,NaN,0,0,|,NaN,NaN,NaN,NaN,NaN,NaN
00:07:30,|,NaN,NaN,NaN,NaN,0,0,|,NaN,NaN,NaN,NaN,NaN,NaN,|,NaN,NaN,NaN,NaN,0,0,|,NaN,NaN,NaN,NaN,NaN,NaN
00:12:30,|,NaN,NaN,NaN,NaN,0,0,|,NaN,NaN,NaN,NaN,NaN,NaN,|,NaN,NaN,NaN,NaN,0,0,|,NaN,NaN,NaN,NaN,NaN,NaN
00:17:30,|,NaN,NaN,NaN,NaN,0,0,|,NaN,NaN,NaN,NaN,NaN,NaN,|,NaN,NaN,NaN,NaN,0,0,|,NaN,NaN,NaN,NaN,NaN,NaN
00:22:30,|,NaN,NaN,NaN,NaN,0,0,|,NaN,NaN,NaN,NaN,NaN,NaN,|,NaN,NaN,NaN,NaN,0,0,|,NaN,NaN,NaN,NaN,NaN,NaN
00:27:30,|,NaN,NaN,NaN,NaN,0,0,|,NaN,NaN,NaN,NaN,NaN,NaN,|,NaN,NaN,NaN,NaN,0,0,|,NaN,NaN,NaN,NaN,NaN,NaN
00:32:30,|,NaN,NaN,NaN,NaN,0,0,|,NaN,NaN,NaN,NaN,NaN,NaN,|,NaN,NaN,NaN,NaN,0,0,|,NaN,NaN,NaN,NaN,NaN,NaN
00:37:30,|,NaN,NaN,NaN,NaN,0,0,|,NaN,NaN,NaN,NaN,NaN,NaN,|,NaN,NaN,NaN,NaN,0,0,|,NaN,NaN,NaN,NaN,NaN,NaN
00:42:30,|,NaN,NaN,NaN,NaN,0,0,|,NaN,NaN,NaN,NaN,NaN,NaN,|,NaN,NaN,NaN,NaN,0,0,|,NaN,NaN,NaN,NaN,NaN,NaN
00:47:30,|,NaN,NaN,NaN,NaN,0,0,|,NaN,NaN,NaN,NaN,NaN,NaN,|,NaN,NaN,NaN,NaN,0,0,|,NaN,NaN,NaN,NaN,NaN,NaN
00:52:30,|,NaN,NaN,NaN,NaN,0,0,|,NaN,NaN,NaN,NaN,NaN,NaN,|,NaN,NaN,NaN,NaN,0,0,|,NaN,NaN,NaN,NaN,NaN,NaN
00:57:30,|,NaN,NaN,NaN,NaN,0,0,|,NaN,NaN,NaN,NaN,NaN,NaN,|,NaN,NaN,NaN,NaN,0,0,|,NaN,NaN,NaN,NaN,NaN,NaN
01:02:30,|,NaN,NaN,NaN,NaN,0,0,|,NaN,NaN,NaN,NaN,NaN,NaN,|,NaN,NaN,NaN,NaN,0,0,|,NaN,NaN,NaN,NaN,NaN,NaN
01:07:30,|,NaN,NaN,NaN,NaN,0,0,|,NaN,NaN,NaN,NaN,NaN,NaN,|,NaN,NaN,NaN,NaN,0,0,|,NaN,NaN,NaN,NaN,NaN,NaN
01:12:30,|,NaN,NaN,NaN,NaN,0,0,|,NaN,NaN,NaN,NaN,NaN,NaN,|,NaN,NaN,NaN,NaN,0,0,|,NaN,NaN,NaN,NaN,NaN,NaN
01:17:30,|,NaN,NaN,NaN,NaN,0,0,|,NaN,NaN,NaN,NaN,NaN,NaN,|,NaN,NaN,NaN,NaN,0,0,|,NaN,NaN,NaN,NaN,NaN,NaN
01:22:30,|,NaN,NaN,NaN,NaN,0,0,|,NaN,NaN,NaN,NaN,NaN,NaN,|,NaN,NaN,NaN,NaN,0,0,|,NaN,NaN,NaN,NaN,NaN,NaN
01:27:30,|,NaN,NaN,NaN,NaN,0,0,|,NaN,NaN,NaN,NaN,NaN,NaN,|,NaN,NaN,NaN,NaN,0,0,|,NaN,NaN,NaN,NaN,NaN,NaN
01:32:30,|,NaN,NaN,NaN,NaN,0,0,|,NaN,NaN,NaN,NaN,NaN,NaN,|,NaN,NaN,NaN,NaN,0,0,|,NaN,NaN,NaN,NaN,NaN,NaN
01:37:30,|,NaN,NaN,NaN,NaN,0,0,|,NaN,NaN,NaN,NaN,NaN,NaN,|,NaN,NaN,NaN,NaN,0,0,|,NaN,NaN,NaN,NaN,NaN,NaN
01:42:30,|,NaN,NaN,NaN,NaN,0,0,|,NaN,NaN,NaN,NaN,NaN,NaN,|,NaN,NaN,NaN,NaN,0,0,|,NaN,NaN,NaN,NaN,NaN,NaN
01:47:30,|,NaN,NaN,NaN,NaN,0,0,|,NaN,NaN,NaN,NaN,NaN,NaN,|,NaN,NaN,NaN,NaN,0,0,|,NaN,NaN,NaN,NaN,NaN,NaN
01:52:30,|,NaN,NaN,NaN,NaN,0,0,|,NaN,NaN,NaN,NaN,NaN,NaN,|,NaN,NaN,NaN,NaN,0,0,|,NaN,NaN,NaN,NaN,NaN,NaN
01:57:30,|,NaN,NaN,NaN,NaN,0,0,|,NaN,NaN,NaN,NaN,NaN,NaN,|,NaN,NaN,NaN,NaN,0,0,|,NaN,NaN,NaN,NaN,NaN,NaN
02:02:30,|,NaN,NaN,NaN,NaN,0,0,|,NaN,NaN,NaN,NaN,NaN,NaN,|,NaN,NaN,NaN,NaN,0,0,|,NaN,NaN,NaN,NaN,NaN,NaN
02:07:30,|,NaN,NaN,NaN,NaN,0,0,|,NaN,NaN,NaN,NaN,NaN,NaN,|,NaN,NaN,NaN,NaN,0,0,|,NaN,NaN,NaN,NaN,NaN,NaN
02:12:30,|,NaN,NaN,NaN,NaN,0,0,|,NaN,NaN,NaN,NaN,NaN,NaN,|,NaN,NaN,NaN,NaN,0,0,|,NaN,NaN,NaN,NaN,NaN,NaN
02:17:30,|,NaN,NaN,NaN,NaN,0,0,|,NaN,NaN,NaN,NaN,NaN,NaN,|,NaN,NaN,NaN,NaN,0,0,|,NaN,NaN,NaN,NaN,NaN,NaN
02:22:30,|,NaN,NaN,NaN,NaN,0,0,|,NaN,NaN,NaN,NaN,NaN,NaN,|,NaN,NaN,NaN,NaN,0,0,|,NaN,NaN,NaN,NaN,NaN,NaN
02:27:30,|,NaN,NaN,NaN,NaN,0,0,|,NaN,NaN,NaN,NaN,NaN,NaN,|,NaN,NaN,NaN,NaN,0,0,|,NaN,NaN,NaN,NaN,NaN,NaN
02:32:30,|,NaN,NaN,NaN,NaN,0,0,|,NaN,NaN,NaN,NaN,NaN,NaN,|,NaN,NaN,NaN,NaN,0,0,|,NaN,NaN,NaN,NaN,NaN,NaN
02:37:30,|,NaN,NaN,NaN,NaN,0,0,|,NaN,NaN,NaN,NaN,NaN,NaN,|,NaN,NaN,NaN,NaN,0,0,|,NaN,NaN,NaN,NaN,NaN,NaN
02:42:30,|,NaN,NaN,NaN,NaN,0,0,|,NaN,NaN,NaN,NaN,NaN,NaN,|,NaN,NaN,NaN,NaN,0,0,|,NaN,NaN,NaN,NaN,NaN,NaN
02:47:30,|,NaN,NaN,NaN,NaN,0,0,|,NaN,NaN,NaN,NaN,NaN,NaN,|,NaN,NaN,NaN,NaN,0,0,|,NaN,NaN,NaN,NaN,NaN,NaN
02:52:30,|,NaN,NaN,NaN,NaN,0,0,|,NaN,NaN,NaN,NaN,NaN,NaN,|,NaN,NaN,NaN,NaN,0,0,|,NaN,NaN,NaN,NaN,NaN,NaN
02:57:30,|,NaN,NaN,NaN,NaN,0,0,|,NaN,NaN,NaN,NaN,NaN,NaN,|,NaN,NaN,NaN,NaN,0,0,|,NaN,NaN,NaN,NaN,NaN,NaN
03:02:30,|,NaN,NaN,NaN,NaN,0,0,|,NaN,NaN,NaN,NaN,NaN,NaN,|,NaN,NaN,NaN,NaN,0,0,|,NaN,NaN,NaN,NaN,NaN,NaN
03:07:30,|,NaN,NaN,NaN,NaN,0,0,|,NaN,NaN,NaN,NaN,NaN,NaN,|,NaN,NaN,NaN,NaN,0,0,|,NaN,NaN,NaN,NaN,NaN,NaN
03:12:30,|,NaN,NaN,NaN,NaN,0,0,|,NaN,NaN,NaN,NaN,NaN,NaN,|,NaN,NaN,NaN,NaN,0,0,|,NaN,NaN,NaN,NaN,NaN,NaN
03:17:30,|,NaN,NaN,NaN,NaN,0,0,|,NaN,NaN,NaN,NaN,NaN,NaN,|,NaN,NaN,NaN,NaN,0,0,|,NaN,NaN,NaN,NaN,NaN,NaN
03:22:30,|,NaN,NaN,NaN,NaN,0,0,|,NaN,NaN,NaN,NaN,NaN,NaN,|,NaN,NaN,NaN,NaN,0,0,|,NaN,NaN,NaN,NaN,NaN,NaN
03:27:30,|,NaN,NaN,NaN,NaN,0,0,|,NaN,NaN,NaN,NaN,NaN,NaN,|,NaN,NaN,NaN,NaN,0,0,|,NaN,NaN,NaN,NaN,NaN,NaN
03:32:30,|,NaN,NaN,NaN,NaN,0,0,|,NaN,NaN,NaN,NaN,NaN,NaN,|,NaN,NaN,NaN,NaN,0,0,|,NaN,NaN,NaN,NaN,NaN,NaN
03:37:30,|,NaN,NaN,NaN,NaN,0,0,|,NaN,NaN,NaN,NaN,NaN,NaN,|,NaN,NaN,NaN,NaN,0,0,|,NaN,NaN,NaN,NaN,NaN,NaN
03:42:30,|,NaN,NaN,NaN,NaN,0,0,|,NaN,NaN,NaN,NaN,NaN,NaN,|,NaN,NaN,NaN,NaN,0,0,|,NaN,NaN,NaN,NaN,NaN,NaN
03:47:30,|,NaN,NaN,NaN,NaN,0,0,|,NaN,NaN,NaN,NaN,NaN,NaN,|,NaN,NaN,NaN,NaN,0,0,|,NaN,NaN,NaN,NaN,NaN,NaN
03:52:30,|,NaN,NaN,NaN,NaN,0,0,|,NaN,NaN,NaN,NaN,NaN,NaN,|,NaN,NaN,NaN,NaN,0,0,|,NaN,NaN,NaN,NaN,NaN,NaN
03:57:30,|,NaN,NaN,NaN,NaN,0,0,|,NaN,NaN,NaN,NaN,NaN,NaN,|,NaN,NaN,NaN,NaN,0,0,|,NaN,NaN,NaN,NaN,NaN,NaN
04:02:30,|,NaN,NaN,NaN,NaN,0,0,|,NaN,NaN,NaN,NaN,NaN,NaN,|,NaN,NaN,NaN,NaN,0,0,|,NaN,NaN,NaN,NaN,NaN,NaN
04:07:30,|,NaN,NaN,NaN,NaN,0,0,|,NaN,NaN,NaN,NaN,NaN,NaN,|,NaN,NaN,NaN,NaN,0,0,|,NaN,NaN,NaN,NaN,NaN,NaN
04:12:30,|,NaN,NaN,NaN,NaN,0,0,|,NaN,NaN,NaN,NaN,NaN,NaN,|,NaN,NaN,NaN,NaN,0,0,|,NaN,NaN,NaN,NaN,NaN,NaN
04:17:30,|,NaN,NaN,NaN,NaN,0,0,|,NaN,NaN,NaN,NaN,NaN,NaN,|,NaN,NaN,NaN,NaN,0,0,|,NaN,NaN,NaN,NaN,NaN,NaN
04:22:30,|,NaN,NaN,NaN,NaN,0,0,|,NaN,NaN,NaN,NaN,NaN,NaN,|,NaN,NaN,NaN,NaN,0,0,|,NaN,NaN,NaN,NaN,NaN,NaN
04:27:30,|,NaN,NaN,NaN,NaN,0,0,|,NaN,NaN,NaN,NaN,NaN,NaN,|,NaN,NaN,NaN,NaN,0,0,|,NaN,NaN,NaN,NaN,NaN,NaN
04:32:30,|,NaN,NaN,NaN,NaN,0,0,|,NaN,NaN,NaN,NaN,NaN,NaN,|,NaN,NaN,NaN,NaN,0,0,|,NaN,NaN,NaN,NaN,NaN,NaN
04:37:30,|,NaN,NaN,NaN,NaN,0,0,|,NaN,NaN,NaN,NaN,NaN,NaN,|,NaN,NaN,NaN,NaN,0,0,|,NaN,NaN,NaN,NaN,NaN,NaN
04:42:30,|,NaN,NaN,NaN,NaN,0,0,|,NaN,NaN,NaN,NaN,NaN,NaN,|,NaN,NaN,NaN,NaN,0,0,|,NaN,NaN,NaN,NaN,NaN,NaN
04:47:30,|,NaN,NaN,NaN,NaN,0,0,|,NaN,NaN,NaN,NaN,NaN,NaN,|,NaN,NaN,NaN,NaN,0,0,|,NaN,NaN,NaN,NaN,NaN,NaN
04:52:30,|,NaN,NaN,NaN,NaN,0,0,|,NaN,NaN,NaN,NaN,NaN,NaN,|,NaN,NaN,NaN,NaN,0,0,|,NaN,NaN,NaN,NaN,NaN,NaN
04:57:30,|,NaN,NaN,NaN,NaN,0,0,|,NaN,NaN,NaN,NaN,NaN,NaN,|,NaN,NaN,NaN,NaN,0,0,|,NaN,NaN,NaN,NaN,NaN,NaN
05:02:30,|,NaN,NaN,NaN,NaN,0,0,|,NaN,NaN,NaN,NaN,NaN,NaN,|,NaN,NaN,NaN,NaN,0,0,|,NaN,NaN,NaN,NaN,NaN,NaN
05:07:30,|,NaN,NaN,NaN,NaN,0,0,|,NaN,NaN,NaN,NaN,NaN,NaN,|,NaN,NaN,NaN,NaN,0,0,|,NaN,NaN,NaN,NaN,NaN,NaN
05:12:30,|,NaN,NaN,NaN,NaN,0,0,|,NaN,NaN,NaN,NaN,NaN,NaN,|,NaN,NaN,NaN,NaN,0,0,|,NaN,NaN,NaN,NaN,NaN,NaN
05:17:30,|,NaN,NaN,NaN,NaN,0,0,|,NaN,NaN,NaN,NaN,NaN,NaN,|,NaN,NaN,NaN,NaN,0,0,|,NaN,NaN,NaN,NaN,NaN,NaN
05:22:30,|,NaN,NaN,NaN,NaN,0,0,|,NaN,NaN,NaN,NaN,NaN,NaN,|,NaN,NaN,NaN,NaN,0,0,|,NaN,NaN,NaN,NaN,NaN,NaN
05:27:30,|,NaN,NaN,NaN,NaN,0,0,|,NaN,NaN,NaN,NaN,NaN,NaN,|,NaN,NaN,NaN,NaN,0,0,|,NaN,NaN,NaN,NaN,NaN,NaN
05:32:30,|,NaN,NaN,NaN,NaN,0,0,|,NaN,NaN,NaN,NaN,NaN,NaN,|,NaN,NaN,NaN,NaN,0,0,|,NaN,NaN,NaN,NaN,NaN,NaN
05:37:30,|,NaN,NaN,NaN,NaN,0,0,|,NaN,NaN,NaN,NaN,NaN,NaN,|,NaN,NaN,NaN,NaN,0,0,|,NaN,NaN,NaN,NaN,NaN,NaN
05:42:30,|,NaN,NaN,NaN,NaN,0,0,|,NaN,NaN,NaN,NaN,NaN,NaN,|,NaN,NaN,NaN,NaN,0,0,|,NaN,NaN,NaN,NaN,NaN,NaN
05:47:30,|,NaN,NaN,NaN,NaN,0,0,|,NaN,NaN,NaN,NaN,NaN,NaN,|,NaN,NaN,NaN,NaN,0,0,|,NaN,NaN,NaN,NaN,NaN,NaN
05:52:30,|,NaN,NaN,NaN,NaN,0,0,|,NaN,NaN,NaN,NaN,NaN,NaN,|,NaN,NaN,NaN,NaN,0,0,|,NaN,NaN,NaN,NaN,NaN,NaN
05:57:30,|,NaN,NaN,NaN,NaN,0,0,|,NaN,NaN,NaN,NaN,NaN,NaN,|,NaN,NaN,NaN,NaN,0,0,|,NaN,NaN,NaN,NaN,NaN,NaN
06:02:30,|,NaN,NaN,NaN,NaN,0,0,|,NaN,NaN,NaN,NaN,NaN,NaN,|,NaN,NaN,NaN,NaN,0,0,|,NaN,NaN,NaN,NaN,NaN,NaN
06:07:30,|,NaN,NaN,NaN,NaN,0,0,|,NaN,NaN,NaN,NaN,NaN,NaN,|,NaN,NaN,NaN,NaN,0,0,|,NaN,NaN,NaN,NaN,NaN,NaN
06:12:30,|,NaN,NaN,NaN,NaN,0,0,|,NaN,NaN,NaN,NaN,NaN,NaN,|,NaN,NaN,NaN,NaN,0,0,|,NaN,NaN,NaN,NaN,NaN,NaN
06:17:30,|,NaN,NaN,NaN,NaN,0,0,|,NaN,NaN,NaN,NaN,NaN,NaN,|,NaN,NaN,NaN,NaN,0,0,|,NaN,NaN,NaN,NaN,NaN,NaN
06:22:30,|,NaN,NaN,NaN,NaN,0,0,|,NaN,NaN,NaN,NaN,NaN,NaN,|,NaN,NaN,NaN,NaN,0,0,|,NaN,NaN,NaN,NaN,NaN,NaN
06:27:30,|,NaN,NaN,NaN,NaN,0,0,|,NaN,NaN,NaN,NaN,NaN,NaN,|,NaN,NaN,NaN,NaN,0,0,|,NaN,NaN,NaN,NaN,NaN,NaN
06:32:30,|,NaN,NaN,NaN,NaN,0,0,|,NaN,NaN,NaN,NaN,NaN,NaN,|,NaN,NaN,NaN,NaN,0,0,|,NaN,NaN,NaN,NaN,NaN,NaN
06:37:30,|,NaN,NaN,NaN,NaN,0,0,|,NaN,NaN,NaN,NaN,NaN,NaN,|,NaN,NaN,NaN,NaN,0,0,|,NaN,NaN,NaN,NaN,NaN,NaN
06:42:30,|,NaN,NaN,NaN,NaN,0,0,|,NaN,NaN,NaN,NaN,NaN,NaN,|,NaN,NaN,NaN,NaN,0,0,|,NaN,NaN,NaN,NaN,NaN,NaN
06:47:30,|,NaN,NaN,NaN,NaN,0,0,|,NaN,NaN,NaN,NaN,NaN,NaN,|,NaN,NaN,NaN,NaN,0,0,|,NaN,NaN,NaN,NaN,NaN,NaN
06:52:30,|,NaN,NaN,NaN,NaN,0,0,|,NaN,NaN,NaN,NaN,NaN,NaN,|,NaN,NaN,NaN,NaN,0,0,|,NaN,NaN,NaN,NaN,NaN,NaN
06:57:30,|,NaN,NaN,NaN,NaN,0,0,|,NaN,NaN,NaN,NaN,NaN,NaN,|,NaN,NaN,NaN,NaN,0,0,|,NaN,NaN,NaN,NaN,NaN,NaN
07:02:30,|,NaN,NaN,NaN,NaN,0,0,|,NaN,NaN,NaN,NaN,NaN,NaN,|,NaN,NaN,NaN,NaN,0,0,|,NaN,NaN,NaN,NaN,NaN,NaN
07:07:30,|,NaN,NaN,NaN,NaN,0,0,|,NaN,NaN,NaN,NaN,NaN,NaN,|,NaN,NaN,NaN,NaN,0,0,|,NaN,NaN,NaN,NaN,NaN,NaN
07:12:30,|,NaN,NaN,NaN,NaN,0,0,|,NaN,NaN,NaN,NaN,NaN,NaN,|,NaN,NaN,NaN,NaN,0,0,|,NaN,NaN,NaN,NaN,NaN,NaN
07:17:30,|,NaN,NaN,NaN,NaN,0,0,|,NaN,NaN,NaN,NaN,NaN,NaN,|,NaN,NaN,NaN,NaN,0,0,|,NaN,NaN,NaN,NaN,NaN,NaN
07:22:30,|,NaN,NaN,NaN,NaN,0,0,|,NaN,NaN,NaN,NaN,NaN,NaN,|,NaN,NaN,NaN,NaN,0,0,|,NaN,NaN,NaN,NaN,NaN,NaN
07:27:30,|,NaN,NaN,NaN,NaN,0,0,|,NaN,NaN,NaN,NaN,NaN,NaN,|,NaN,NaN,NaN,NaN,0,0,|,NaN,NaN,NaN,NaN,NaN,NaN
07:32:30,|,NaN,NaN,NaN,NaN,0,0,|,NaN,NaN,NaN,NaN,NaN,NaN,|,NaN,NaN,NaN,NaN,0,0,|,NaN,NaN,NaN,NaN,NaN,NaN
07:37:30,|,NaN,NaN,NaN,NaN,0,0,|,NaN,NaN,NaN,NaN,NaN,NaN,|,NaN,NaN,NaN,NaN,0,0,|,NaN,NaN,NaN,NaN,NaN,NaN
07:42:30,|,NaN,NaN,NaN,NaN,0,0,|,NaN,NaN,NaN,NaN,NaN,NaN,|,NaN,NaN,NaN,NaN,0,0,|,NaN,NaN,NaN,NaN,NaN,NaN
07:47:30,|,NaN,NaN,NaN,NaN,0,0,|,NaN,NaN,NaN,NaN,NaN,NaN,|,NaN,NaN,NaN,NaN,0,0,|,NaN,NaN,NaN,NaN,NaN,NaN
07:52:30,|,NaN,NaN,NaN,NaN,0,0,|,NaN,NaN,NaN,NaN,NaN,NaN,|,NaN,NaN,NaN,NaN,0,0,|,NaN,NaN,NaN,NaN,NaN,NaN
07:57:30,|,NaN,NaN,NaN,NaN,0,0,|,NaN,NaN,NaN,NaN,NaN,NaN,|,NaN,NaN,NaN,NaN,0,0,|,NaN,NaN,NaN,NaN,NaN,NaN
08:02:30,|,NaN,NaN,NaN,NaN,0,0,|,NaN,NaN,NaN,NaN,NaN,NaN,|,NaN,NaN,NaN,NaN,0,0,|,NaN,NaN,NaN,NaN,NaN,NaN
08:07:30,|,NaN,NaN,NaN,NaN,0,0,|,NaN,NaN,NaN,NaN,NaN,NaN,|,NaN,NaN,NaN,NaN,0,0,|,NaN,NaN,NaN,NaN,NaN,NaN
08:12:30,|,NaN,NaN,NaN,NaN,0,0,|,NaN,NaN,NaN,NaN,NaN,NaN,|,NaN,NaN,NaN,NaN,0,0,|,NaN,NaN,NaN,NaN,NaN,NaN
08:17:30,|,NaN,NaN,NaN,NaN,0,0,|,NaN,NaN,NaN,NaN,NaN,NaN,|,NaN,NaN,NaN,NaN,0,0,|,NaN,NaN,NaN,NaN,NaN,NaN
08:22:30,|,NaN,NaN,NaN,NaN,0,0,|,NaN,NaN,NaN,NaN,NaN,NaN,|,NaN,NaN,NaN,NaN,0,0,|,NaN,NaN,NaN,NaN,NaN,NaN
08:27:30,|,NaN,NaN,NaN,NaN,0,0,|,NaN,NaN,NaN,NaN,NaN,NaN,|,NaN,NaN,NaN,NaN,0,0,|,NaN,NaN,NaN,NaN,NaN,NaN
08:32:30,|,NaN,NaN,NaN,NaN,0,0,|,NaN,NaN,NaN,NaN,NaN,NaN,|,NaN,NaN,NaN,NaN,0,0,|,NaN,NaN,NaN,NaN,NaN,NaN
08:37:30,|,NaN,NaN,NaN,NaN,0,0,|,NaN,NaN,NaN,NaN,NaN,NaN,|,NaN,NaN,NaN,NaN,0,0,|,NaN,NaN,NaN,NaN,NaN,NaN
08:42:30,|,NaN,NaN,NaN,NaN,0,0,|,NaN,NaN,NaN,NaN,NaN,NaN,|,NaN,NaN,NaN,NaN,0,0,|,NaN,NaN,NaN,NaN,NaN,NaN
08:47:30,|,NaN,NaN,NaN,NaN,0,0,|,NaN,NaN,NaN,NaN,NaN,NaN,|,NaN,NaN,NaN,NaN,0,0,|,NaN,NaN,NaN,NaN,NaN,NaN
08:52:30,|,NaN,NaN,NaN,NaN,0,0,|,NaN,NaN,NaN,NaN,NaN,NaN,|,NaN,NaN,NaN,NaN,0,0,|,NaN,NaN,NaN,NaN,NaN,NaN
08:57:30,|,NaN,NaN,NaN,NaN,0,0,|,NaN,NaN,NaN,NaN,NaN,NaN,|,NaN,NaN,NaN,NaN,0,0,|,NaN,NaN,NaN,NaN,NaN,NaN
09:02:30,|,NaN,NaN,NaN,NaN,0,0,|,NaN,NaN,NaN,NaN,NaN,NaN,|,NaN,NaN,NaN,NaN,0,0,|,NaN,NaN,NaN,NaN,NaN,NaN
09:07:30,|,NaN,NaN,NaN,NaN,0,0,|,NaN,NaN,NaN,NaN,NaN,NaN,|,NaN,NaN,NaN,NaN,0,0,|,NaN,NaN,NaN,NaN,NaN,NaN
09:12:30,|,NaN,NaN,NaN,NaN,0,0,|,NaN,NaN,NaN,NaN,NaN,NaN,|,NaN,NaN,NaN,NaN,0,0,|,NaN,NaN,NaN,NaN,NaN,NaN
09:17:30,|,NaN,NaN,NaN,NaN,0,0,|,NaN,NaN,NaN,NaN,NaN,NaN,|,NaN,NaN,NaN,NaN,0,0,|,NaN,NaN,NaN,NaN,NaN,NaN
09:22:30,|,NaN,NaN,NaN,NaN,0,0,|,NaN,NaN,NaN,NaN,NaN,NaN,|,NaN,NaN,NaN,NaN,0,0,|,NaN,NaN,NaN,NaN,NaN,NaN
09:27:30,|,NaN,NaN,NaN,NaN,0,0,|,NaN,NaN,NaN,NaN,NaN,NaN,|,NaN,NaN,NaN,NaN,0,0,|,NaN,NaN,NaN,NaN,NaN,NaN
09:32:30,|,NaN,NaN,NaN,NaN,0,0,|,NaN,NaN,NaN,NaN,NaN,NaN,|,NaN,NaN,NaN,NaN,0,0,|,NaN,NaN,NaN,NaN,NaN,NaN
09:37:30,|,NaN,NaN,NaN,NaN,0,0,|,NaN,NaN,NaN,NaN,NaN,NaN,|,NaN,NaN,NaN,NaN,0,0,|,NaN,NaN,NaN,NaN,NaN,NaN
09:42:30,|,NaN,NaN,NaN,NaN,0,0,|,NaN,NaN,NaN,NaN,NaN,NaN,|,NaN,NaN,NaN,NaN,0,0,|,NaN,NaN,NaN,NaN,NaN,NaN
09:47:30,|,NaN,NaN,NaN,NaN,0,0,|,NaN,NaN,NaN,NaN,NaN,NaN,|,NaN,NaN,NaN,NaN,0,0,|,NaN,NaN,NaN,NaN,NaN,NaN
09:52:30,|,NaN,NaN,NaN,NaN,0,0,|,NaN,NaN,NaN,NaN,NaN,NaN,|,NaN,NaN,NaN,NaN,0,0,|,NaN,NaN,NaN,NaN,NaN,NaN
09:57:30,|,NaN,NaN,NaN,NaN,0,0,|,NaN,NaN,NaN,NaN,NaN,NaN,|,NaN,NaN,NaN,NaN,0,0,|,NaN,NaN,NaN,NaN,NaN,NaN
10:02:30,|,NaN,NaN,NaN,NaN,0,0,|,NaN,NaN,NaN,NaN,NaN,NaN,|,NaN,NaN,NaN,NaN,0,0,|,NaN,NaN,NaN,NaN,NaN,NaN
10:07:30,|,NaN,NaN,NaN,NaN,0,0,|,NaN,NaN,NaN,NaN,NaN,NaN,|,NaN,NaN,NaN,NaN,0,0,|,NaN,NaN,NaN,NaN,NaN,NaN
10:12:30,|,NaN,NaN,NaN,NaN,0,0,|,NaN,NaN,NaN,NaN,NaN,NaN,|,NaN,NaN,NaN,NaN,0,0,|,NaN,NaN,NaN,NaN,NaN,NaN
10:17:30,|,NaN,NaN,NaN,NaN,0,0,|,NaN,NaN,NaN,NaN,NaN,NaN,|,NaN,NaN,NaN,NaN,0,0,|,NaN,NaN,NaN,NaN,NaN,NaN
10:22:30,|,NaN,NaN,NaN,NaN,0,0,|,NaN,NaN,NaN,NaN,NaN,NaN,|,NaN,NaN,NaN,NaN,0,0,|,NaN,NaN,NaN,NaN,NaN,NaN
10:27:30,|,NaN,NaN,NaN,NaN,0,0,|,NaN,NaN,NaN,NaN,NaN,NaN,|,NaN,NaN,NaN,NaN,0,0,|,NaN,NaN,NaN,NaN,NaN,NaN
10:32:30,|,NaN,NaN,NaN,NaN,0,0,|,NaN,NaN,NaN,NaN,NaN,NaN,|,NaN,NaN,NaN,NaN,0,0,|,NaN,NaN,NaN,NaN,NaN,NaN
10:37:30,|,NaN,NaN,NaN,NaN,0,0,|,NaN,NaN,NaN,NaN,NaN,NaN,|,NaN,NaN,NaN,NaN,0,0,|,NaN,NaN,NaN,NaN,NaN,NaN
10:42:30,|,NaN,NaN,NaN,NaN,0,0,|,NaN,NaN,NaN,NaN,NaN,NaN,|,NaN,NaN,NaN,NaN,0,0,|,NaN,NaN,NaN,NaN,NaN,NaN
10:47:30,|,NaN,NaN,NaN,NaN,0,0,|,NaN,NaN,NaN,NaN,NaN,NaN,|,NaN,NaN,NaN,NaN,0,0,|,NaN,NaN,NaN,NaN,NaN,NaN
10:52:30,|,NaN,NaN,NaN,NaN,0,0,|,NaN,NaN,NaN,NaN,NaN,NaN,|,NaN,NaN,NaN,NaN,0,0,|,NaN,NaN,NaN,NaN,NaN,NaN
10:57:30,|,NaN,NaN,NaN,NaN,0,0,|,NaN,NaN,NaN,NaN,NaN,NaN,|,NaN,NaN,NaN,NaN,0,0,|,NaN,NaN,NaN,NaN,NaN,NaN
11:02:30,|,NaN,NaN,NaN,NaN,0,0,|,NaN,NaN,NaN,NaN,NaN,NaN,|,NaN,NaN,NaN,NaN,0,0,|,NaN,NaN,NaN,NaN,NaN,NaN
11:07:30,|,NaN,NaN,NaN,NaN,0,0,|,NaN,NaN,NaN,NaN,NaN,NaN,|,NaN,NaN,NaN,NaN,0,0,|,NaN,NaN,NaN,NaN,NaN,NaN
11:12:30,|,NaN,NaN,NaN,NaN,0,0,|,NaN,NaN,NaN,NaN,NaN,NaN,|,NaN,NaN,NaN,NaN,0,0,|,NaN,NaN,NaN,NaN,NaN,NaN
11:17:30,|,NaN,NaN,NaN,NaN,0,0,|,NaN,NaN,NaN,NaN,NaN,NaN,|,NaN,NaN,NaN,NaN,0,0,|,NaN,NaN,NaN,NaN,NaN,NaN
11:22:30,|,NaN,NaN,NaN,NaN,0,0,|,NaN,NaN,NaN,NaN,NaN,NaN,|,NaN,NaN,NaN,NaN,0,0,|,NaN,NaN,NaN,NaN,NaN,NaN
11:27:30,|,NaN,NaN,NaN,NaN,0,0,|,NaN,NaN,NaN,NaN,NaN,NaN,|,NaN,NaN,NaN,NaN,0,0,|,NaN,NaN,NaN,NaN,NaN,NaN
11:32:30,|,NaN,NaN,NaN,NaN,0,0,|,NaN,NaN,NaN,NaN,NaN,NaN,|,NaN,NaN,NaN,NaN,0,0,|,NaN,NaN,NaN,NaN,NaN,NaN
11:37:30,|,NaN,NaN,NaN,NaN,0,0,|,NaN,NaN,NaN,NaN,NaN,NaN,|,NaN,NaN,NaN,NaN,0,0,|,NaN,NaN,NaN,NaN,NaN,NaN
11:42:30,|,NaN,NaN,NaN,NaN,0,0,|,NaN,NaN,NaN,NaN,NaN,NaN,|,NaN,NaN,NaN,NaN,0,0,|,NaN,NaN,NaN,NaN,NaN,NaN
11:47:30,|,NaN,NaN,NaN,NaN,0,0,|,NaN,NaN,NaN,NaN,NaN,NaN,|,NaN,NaN,NaN,NaN,0,0,|,NaN,NaN,NaN,NaN,NaN,NaN
11:52:30,|,NaN,NaN,NaN,NaN,0,0,|,NaN,NaN,NaN,NaN,NaN,NaN,|,NaN,NaN,NaN,NaN,0,0,|,NaN,NaN,NaN,NaN,NaN,NaN
11:57:30,|,NaN,NaN,NaN,NaN,0,0,|,NaN,NaN,NaN,NaN,NaN,NaN,|,NaN,NaN,NaN,NaN,0,0,|,NaN,NaN,NaN,NaN,NaN,NaN
12:02:30,|,NaN,NaN,NaN,NaN,0,0,|,NaN,NaN,NaN,NaN,NaN,NaN,|,NaN,NaN,NaN,NaN,0,0,|,NaN,NaN,NaN,NaN,NaN,NaN
12:07:30,|,NaN,NaN,NaN,NaN,0,0,|,NaN,NaN,NaN,NaN,NaN,NaN,|,NaN,NaN,NaN,NaN,0,0,|,NaN,NaN,NaN,NaN,NaN,NaN
12:12:30,|,NaN,NaN,NaN,NaN,0,0,|,NaN,NaN,NaN,NaN,NaN,NaN,|,NaN,NaN,NaN,NaN,0,0,|,NaN,NaN,NaN,NaN,NaN,NaN
12:17:30,|,NaN,NaN,NaN,NaN,0,0,|,NaN,NaN,NaN,NaN,NaN,NaN,|,NaN,NaN,NaN,NaN,0,0,|,NaN,NaN,NaN,NaN,NaN,NaN
12:22:30,|,NaN,NaN,NaN,NaN,0,0,|,NaN,NaN,NaN,NaN,NaN,NaN,|,NaN,NaN,NaN,NaN,0,0,|,NaN,NaN,NaN,NaN,NaN,NaN
12:27:30,|,NaN,NaN,NaN,NaN,0,0,|,NaN,NaN,NaN,NaN,NaN,NaN,|,NaN,NaN,NaN,NaN,0,0,|,NaN,NaN,NaN,NaN,NaN,NaN
12:32:30,|,NaN,NaN,NaN,NaN,0,0,|,NaN,NaN,NaN,NaN,NaN,NaN,|,NaN,NaN,NaN,NaN,0,0,|,NaN,NaN,NaN,NaN,NaN,NaN
12:37:30,|,NaN,NaN,NaN,NaN,0,0,|,NaN,NaN,NaN,NaN,NaN,NaN,|,NaN,NaN,NaN,NaN,0,0,|,NaN,NaN,NaN,NaN,NaN,NaN
12:42:30,|,NaN,NaN,NaN,NaN,0,0,|,NaN,NaN,NaN,NaN,NaN,NaN,|,NaN,NaN,NaN,NaN,0,0,|,NaN,NaN,NaN,NaN,NaN,NaN
12:47:30,|,NaN,NaN,NaN,NaN,0,0,|,NaN,NaN,NaN,NaN,NaN,NaN,|,NaN,NaN,NaN,NaN,0,0,|,NaN,NaN,NaN,NaN,NaN,NaN
12:52:30,|,NaN,NaN,NaN,NaN,0,0,|,NaN,NaN,NaN,NaN,NaN,NaN,|,NaN,NaN,NaN,NaN,0,0,|,NaN,NaN,NaN,NaN,NaN,NaN
12:57:30,|,NaN,NaN,NaN,NaN,0,0,|,NaN,NaN,NaN,NaN,NaN,NaN,|,NaN,NaN,NaN,NaN,0,0,|,NaN,NaN,NaN,NaN,NaN,NaN
13:02:30,|,NaN,NaN,NaN,NaN,0,0,|,NaN,NaN,NaN,NaN,NaN,NaN,|,NaN,NaN,NaN,NaN,0,0,|,NaN,NaN,NaN,NaN,NaN,NaN
13:07:30,|,NaN,NaN,NaN,NaN,0,0,|,NaN,NaN,NaN,NaN,NaN,NaN,|,NaN,NaN,NaN,NaN,0,0,|,NaN,NaN,NaN,NaN,NaN,NaN
13:12:30,|,NaN,NaN,NaN,NaN,0,0,|,NaN,NaN,NaN,NaN,NaN,NaN,|,NaN,NaN,NaN,NaN,0,0,|,NaN,NaN,NaN,NaN,NaN,NaN
13:17:30,|,NaN,NaN,NaN,NaN,0,0,|,NaN,NaN,NaN,NaN,NaN,NaN,|,NaN,NaN,NaN,NaN,0,0,|,NaN,NaN,NaN,NaN,NaN,NaN
13:22:30,|,NaN,NaN,NaN,NaN,0,0,|,NaN,NaN,NaN,NaN,NaN,NaN,|,NaN,NaN,NaN,NaN,0,0,|,NaN,NaN,NaN,NaN,NaN,NaN
13:27:30,|,NaN,NaN,NaN,NaN,0,0,|,NaN,NaN,NaN,NaN,NaN,NaN,|,NaN,NaN,NaN,NaN,0,0,|,NaN,NaN,NaN,NaN,NaN,NaN
13:32:30,|,NaN,NaN,NaN,NaN,0,0,|,NaN,NaN,NaN,NaN,NaN,NaN,|,NaN,NaN,NaN,NaN,0,0,|,NaN,NaN,NaN,NaN,NaN,NaN
13:37:30,|,NaN,NaN,NaN,NaN,0,0,|,NaN,NaN,NaN,NaN,NaN,NaN,|,NaN,NaN,NaN,NaN,0,0,|,NaN,NaN,NaN,NaN,NaN,NaN
13:42:30,|,NaN,NaN,NaN,NaN,0,0,|,NaN,NaN,NaN,NaN,NaN,NaN,|,NaN,NaN,NaN,NaN,0,0,|,NaN,NaN,NaN,NaN,NaN,NaN
13:47:30,|,NaN,NaN,NaN,NaN,0,0,|,NaN,NaN,NaN,NaN,NaN,NaN,|,NaN,NaN,NaN,NaN,0,0,|,NaN,NaN,NaN,NaN,NaN,NaN
13:52:30,|,NaN,NaN,NaN,NaN,0,0,|,NaN,NaN,NaN,NaN,NaN,NaN,|,NaN,NaN,NaN,NaN,0,0,|,NaN,NaN,NaN,NaN,NaN,NaN
13:57:30,|,NaN,NaN,NaN,NaN,0,0,|,NaN,NaN,NaN,NaN,NaN,NaN,|,NaN,NaN,NaN,NaN,0,0,|,NaN,NaN,NaN,NaN,NaN,NaN
14:02:30,|,NaN,NaN,NaN,NaN,0,0,|,NaN,NaN,NaN,NaN,NaN,NaN,|,NaN,NaN,NaN,NaN,0,0,|,NaN,NaN,NaN,NaN,NaN,NaN
14:07:30,|,NaN,NaN,NaN,NaN,0,0,|,NaN,NaN,NaN,NaN,NaN,NaN,|,NaN,NaN,NaN,NaN,0,0,|,NaN,NaN,NaN,NaN,NaN,NaN
14:12:30,|,NaN,NaN,NaN,NaN,0,0,|,NaN,NaN,NaN,NaN,NaN,NaN,|,NaN,NaN,NaN,NaN,0,0,|,NaN,NaN,NaN,NaN,NaN,NaN
14:17:30,|,NaN,NaN,NaN,NaN,0,0,|,NaN,NaN,NaN,NaN,NaN,NaN,|,NaN,NaN,NaN,NaN,0,0,|,NaN,NaN,NaN,NaN,NaN,NaN
14:22:30,|,NaN,NaN,NaN,NaN,0,0,|,NaN,NaN,NaN,NaN,NaN,NaN,|,NaN,NaN,NaN,NaN,0,0,|,NaN,NaN,NaN,NaN,NaN,NaN
14:27:30,|,NaN,NaN,NaN,NaN,0,0,|,NaN,NaN,NaN,NaN,NaN,NaN,|,NaN,NaN,NaN,NaN,0,0,|,NaN,NaN,NaN,NaN,NaN,NaN
14:32:30,|,NaN,NaN,NaN,NaN,0,0,|,NaN,NaN,NaN,NaN,NaN,NaN,|,NaN,NaN,NaN,NaN,0,0,|,NaN,NaN,NaN,NaN,NaN,NaN
14:37:30,|,NaN,NaN,NaN,NaN,0,0,|,NaN,NaN,NaN,NaN,NaN,NaN,|,NaN,NaN,NaN,NaN,0,0,|,NaN,NaN,NaN,NaN,NaN,NaN
14:42:30,|,NaN,NaN,NaN,NaN,0,0,|,NaN,NaN,NaN,NaN,NaN,NaN,|,NaN,NaN,NaN,NaN,0,0,|,NaN,NaN,NaN,NaN,NaN,NaN
14:47:30,|,NaN,NaN,NaN,NaN,0,0,|,NaN,NaN,NaN,NaN,NaN,NaN,|,NaN,NaN,NaN,NaN,0,0,|,NaN,NaN,NaN,NaN,NaN,NaN
14:52:30,|,NaN,NaN,NaN,NaN,0,0,|,NaN,NaN,NaN,NaN,NaN,NaN,|,NaN,NaN,NaN,NaN,0,0,|,NaN,NaN,NaN,NaN,NaN,NaN
14:57:30,|,NaN,NaN,NaN,NaN,0,0,|,NaN,NaN,NaN,NaN,NaN,NaN,|,NaN,NaN,NaN,NaN,0,0,|,NaN,NaN,NaN,NaN,NaN,NaN
15:02:30,|,NaN,NaN,NaN,NaN,0,0,|,NaN,NaN,NaN,NaN,NaN,NaN,|,NaN,NaN,NaN,NaN,0,0,|,NaN,NaN,NaN,NaN,NaN,NaN
15:07:30,|,NaN,NaN,NaN,NaN,0,0,|,NaN,NaN,NaN,NaN,NaN,NaN,|,NaN,NaN,NaN,NaN,0,0,|,NaN,NaN,NaN,NaN,NaN,NaN
15:12:30,|,NaN,NaN,NaN,NaN,0,0,|,NaN,NaN,NaN,NaN,NaN,NaN,|,NaN,NaN,NaN,NaN,0,0,|,NaN,NaN,NaN,NaN,NaN,NaN
15:17:30,|,NaN,NaN,NaN,NaN,0,0,|,NaN,NaN,NaN,NaN,NaN,NaN,|,NaN,NaN,NaN,NaN,0,0,|,NaN,NaN,NaN,NaN,NaN,NaN
15:22:30,|,NaN,NaN,NaN,NaN,0,0,|,NaN,NaN,NaN,NaN,NaN,NaN,|,NaN,NaN,NaN,NaN,0,0,|,NaN,NaN,NaN,NaN,NaN,NaN
15:27:30,|,NaN,NaN,NaN,NaN,0,0,|,NaN,NaN,NaN,NaN,NaN,NaN,|,NaN,NaN,NaN,NaN,0,0,|,NaN,NaN,NaN,NaN,NaN,NaN
15:32:30,|,NaN,NaN,NaN,NaN,0,0,|,NaN,NaN,NaN,NaN,NaN,NaN,|,NaN,NaN,NaN,NaN,0,0,|,NaN,NaN,NaN,NaN,NaN,NaN
15:37:30,|,NaN,NaN,NaN,NaN,0,0,|,NaN,NaN,NaN,NaN,NaN,NaN,|,NaN,NaN,NaN,NaN,0,0,|,NaN,NaN,NaN,NaN,NaN,NaN
15:42:30,|,NaN,NaN,NaN,NaN,0,0,|,NaN,NaN,NaN,NaN,NaN,NaN,|,NaN,NaN,NaN,NaN,0,0,|,NaN,NaN,NaN,NaN,NaN,NaN
15:47:30,|,NaN,NaN,NaN,NaN,0,0,|,NaN,NaN,NaN,NaN,NaN,NaN,|,NaN,NaN,NaN,NaN,0,0,|,NaN,NaN,NaN,NaN,NaN,NaN
15:52:30,|,NaN,NaN,NaN,NaN,0,0,|,NaN,NaN,NaN,NaN,NaN,NaN,|,NaN,NaN,NaN,NaN,0,0,|,NaN,NaN,NaN,NaN,NaN,NaN
15:57:30,|,NaN,NaN,NaN,NaN,0,0,|,NaN,NaN,NaN,NaN,NaN,NaN,|,NaN,NaN,NaN,NaN,0,0,|,NaN,NaN,NaN,NaN,NaN,NaN
16:02:30,|,NaN,NaN,NaN,NaN,0,0,|,NaN,NaN,NaN,NaN,NaN,NaN,|,NaN,NaN,NaN,NaN,0,0,|,NaN,NaN,NaN,NaN,NaN,NaN
16:07:30,|,NaN,NaN,NaN,NaN,0,0,|,NaN,NaN,NaN,NaN,NaN,NaN,|,NaN,NaN,NaN,NaN,0,0,|,NaN,NaN,NaN,NaN,NaN,NaN
16:12:30,|,NaN,NaN,NaN,NaN,0,0,|,NaN,NaN,NaN,NaN,NaN,NaN,|,NaN,NaN,NaN,NaN,0,0,|,NaN,NaN,NaN,NaN,NaN,NaN
16:17:30,|,NaN,NaN,NaN,NaN,0,0,|,NaN,NaN,NaN,NaN,NaN,NaN,|,NaN,NaN,NaN,NaN,0,0,|,NaN,NaN,NaN,NaN,NaN,NaN
16:22:30,|,NaN,NaN,NaN,NaN,0,0,|,NaN,NaN,NaN,NaN,NaN,NaN,|,NaN,NaN,NaN,NaN,0,0,|,NaN,NaN,NaN,NaN,NaN,NaN
16:27:30,|,NaN,NaN,NaN,NaN,0,0,|,NaN,NaN,NaN,NaN,NaN,NaN,|,NaN,NaN,NaN,NaN,0,0,|,NaN,NaN,NaN,NaN,NaN,NaN
16:32:30,|,NaN,NaN,NaN,NaN,0,0,|,NaN,NaN,NaN,NaN,NaN,NaN,|,NaN,NaN,NaN,NaN,0,0,|,NaN,NaN,NaN,NaN,NaN,NaN
16:37:30,|,NaN,NaN,27.0880012512207,NaN,0,0,|,NaN,NaN,NaN,NaN,NaN,NaN,|,NaN,NaN,NaN,NaN,0,0,|,NaN,NaN,NaN,NaN,NaN,NaN
16:42:30,|,NaN,NaN,27.2852973937988,NaN,0,0,|,NaN,NaN,NaN,NaN,NaN,NaN,|,NaN,NaN,NaN,NaN,0,0,|,NaN,NaN,NaN,NaN,NaN,NaN
16:47:30,|,NaN,NaN,27.2920799255371,NaN,0,0,|,NaN,NaN,NaN,NaN,NaN,NaN,|,NaN,NaN,NaN,NaN,0,0,|,NaN,NaN,NaN,NaN,NaN,NaN
16:52:30,|,NaN,NaN,27.3139610290527,NaN,0,0,|,NaN,NaN,NaN,NaN,NaN,NaN,|,NaN,NaN,NaN,NaN,0,0,|,NaN,NaN,NaN,NaN,NaN,NaN
16:57:30,|,26.5736961364746,27.2436218261719,27.2311706542969,NaN,0,0,|,NaN,NaN,NaN,NaN,NaN,NaN,|,NaN,NaN,NaN,NaN,0,0,|,NaN,NaN,NaN,NaN,NaN,NaN
17:02:30,|,26.5440273284912,27.3071479797363,27.2749004364014,NaN,0,0,|,NaN,NaN,NaN,NaN,NaN,NaN,|,NaN,NaN,NaN,NaN,0,0,|,NaN,NaN,NaN,NaN,NaN,NaN
17:07:30,|,26.3104705810547,27.1476516723633,27.13551902771,NaN,0,0,|,NaN,NaN,NaN,NaN,NaN,NaN,|,NaN,NaN,NaN,NaN,0,0,|,NaN,NaN,NaN,NaN,NaN,NaN
17:12:30,|,26.3083057403564,27.1273517608643,27.1408061981201,NaN,0,0,|,NaN,NaN,NaN,NaN,NaN,NaN,|,NaN,NaN,NaN,NaN,0,0,|,NaN,NaN,NaN,NaN,NaN,NaN
17:17:30,|,26.335033416748,27.0423488616943,27.0343627929688,NaN,0,0,|,NaN,NaN,NaN,NaN,NaN,NaN,|,NaN,NaN,NaN,NaN,0,0,|,NaN,NaN,NaN,NaN,NaN,NaN
17:22:30,|,26.1378517150879,26.8117446899414,26.7764549255371,NaN,0,0,|,NaN,NaN,NaN,NaN,NaN,NaN,|,NaN,NaN,NaN,NaN,0,0,|,NaN,NaN,NaN,NaN,NaN,NaN
17:27:30,|,25.8766441345215,26.6254501342773,26.5963764190674,NaN,0,0,|,NaN,NaN,NaN,NaN,NaN,NaN,|,NaN,NaN,NaN,NaN,0,0,|,NaN,NaN,NaN,NaN,NaN,NaN
17:32:30,|,25.8808059692383,26.5863761901855,26.5618782043457,NaN,0,0,|,NaN,NaN,NaN,NaN,NaN,NaN,|,NaN,NaN,NaN,NaN,0,0,|,NaN,NaN,NaN,NaN,NaN,NaN
17:37:30,|,25.6191940307617,26.4296646118164,26.4535121917725,NaN,0,0,|,NaN,NaN,NaN,NaN,NaN,NaN,|,NaN,NaN,NaN,NaN,0,0,|,NaN,NaN,NaN,NaN,NaN,NaN
17:42:30,|,25.511812210083,26.3204021453857,26.3585243225098,NaN,0,0,|,NaN,NaN,NaN,NaN,NaN,NaN,|,NaN,NaN,NaN,NaN,0,0,|,NaN,NaN,NaN,NaN,NaN,NaN
17:47:30,|,25.3339595794678,26.1453685760498,26.204683303833,NaN,0,0,|,NaN,NaN,NaN,NaN,NaN,NaN,|,NaN,NaN,NaN,NaN,0,0,|,NaN,NaN,NaN,NaN,NaN,NaN
17:52:30,|,25.2573165893555,26.11208152771,26.1813430786133,NaN,0,0,|,NaN,NaN,NaN,NaN,NaN,NaN,|,NaN,NaN,NaN,NaN,0,0,|,NaN,NaN,NaN,NaN,NaN,NaN
17:57:30,|,24.8635692596436,25.9070224761963,25.9927520751953,NaN,0,0,|,NaN,NaN,NaN,NaN,NaN,NaN,|,NaN,NaN,NaN,NaN,0,0,|,NaN,NaN,NaN,NaN,NaN,NaN
18:02:30,|,24.508321762085,25.7299327850342,25.8597984313965,NaN,0,0,|,NaN,NaN,NaN,NaN,NaN,NaN,|,NaN,NaN,NaN,NaN,0,0,|,NaN,NaN,NaN,NaN,NaN,NaN
18:07:30,|,24.421745300293,25.5728092193604,25.6699333190918,NaN,0,0,|,NaN,25.2588577270508,NaN,NaN,NaN,NaN,|,NaN,NaN,NaN,NaN,0,0,|,NaN,NaN,NaN,NaN,NaN,NaN
18:12:30,|,24.0676517486572,25.236442565918,25.4359874725342,NaN,0,0,|,NaN,25.0657711029053,NaN,NaN,NaN,NaN,|,NaN,NaN,NaN,NaN,0,0,|,NaN,NaN,NaN,NaN,NaN,NaN
18:17:30,|,23.6695308685303,25.0451831817627,25.2138252258301,NaN,0,0,|,24.340295791626,24.7916774749756,NaN,NaN,NaN,NaN,|,NaN,NaN,NaN,NaN,0,0,|,NaN,NaN,NaN,NaN,NaN,NaN
18:22:30,|,23.377046585083,24.8538265228271,25.0307693481445,NaN,0,0,|,24.1721591949463,24.6324996948242,NaN,NaN,NaN,NaN,|,NaN,NaN,NaN,NaN,0,0,|,NaN,NaN,NaN,NaN,NaN,NaN
18:27:30,|,22.8229522705078,24.5999336242676,24.822416305542,NaN,0,0,|,23.8083229064941,24.3514766693115,NaN,NaN,NaN,NaN,|,NaN,NaN,NaN,NaN,0,0,|,NaN,NaN,NaN,NaN,NaN,NaN
18:32:30,|,21.7561740875244,24.2021484375,24.522274017334,NaN,0,0,|,23.3328857421875,23.9887924194336,NaN,NaN,NaN,NaN,|,NaN,NaN,NaN,NaN,0,0,|,NaN,NaN,NaN,NaN,NaN,NaN
18:37:30,|,21.1615428924561,23.9001007080078,24.2757053375244,NaN,0,0,|,22.7141284942627,23.6198997497559,NaN,NaN,NaN,NaN,|,NaN,NaN,NaN,NaN,0,0,|,NaN,NaN,NaN,NaN,NaN,NaN
18:42:30,|,20.5878524780273,23.5053024291992,23.9680271148682,NaN,0,0,|,22.1251678466797,23.0676517486572,NaN,NaN,NaN,NaN,|,NaN,NaN,NaN,NaN,0,0,|,NaN,NaN,NaN,NaN,NaN,NaN
18:47:30,|,20.4095973968506,23.168327331543,23.7272491455078,NaN,0,0,|,21.4081211090088,22.4385566711426,NaN,NaN,NaN,NaN,|,NaN,NaN,NaN,NaN,0,0,|,NaN,NaN,NaN,NaN,NaN,NaN
18:52:30,|,18.9820804595947,22.5877513885498,23.3067569732666,NaN,0,0,|,20.8569793701172,21.8670463562012,NaN,NaN,NaN,NaN,|,NaN,NaN,NaN,NaN,0,0,|,NaN,NaN,NaN,NaN,NaN,NaN
18:57:30,|,18.3014488220215,21.622106552124,22.7959728240967,NaN,0,0,|,20.2057189941406,21.3781547546387,NaN,NaN,NaN,NaN,|,NaN,NaN,NaN,NaN,0,0,|,NaN,NaN,NaN,NaN,NaN,NaN
