CDT_time,bar_fence,spd_0_2m_init,spd_1_5m_init,spd_3m_init,spd_4_5m_init,spd_6m_init,spd_10m_init,bar_fence_1,spd_0_2m_rel,spd_1_5m_rel,spd_3m_rel,spd_4_5m_rel,spd_6m_rel,spd_10m_rel,bar_fence_2,spd_0_2m_uconv,spd_1_5m_uconv,spd_3m_uconv,spd_4_5m_uconv,spd_6m_uconv,spd_10m_uconv,bar_fence_3,spd_0_2m_lconv,spd_1_5m_lconv,spd_3m_lconv,spd_4_5m_lconv,spd_6m_lconv,spd_10m_lconv,bar_fence_4,spd_8_5m_rel,spd_8_5m_lconv,spd_15m_rel,spd_15m_lconv,spd_20m_rel,spd_20m_lconv
19:02:30,|,NaN,NaN,NaN,NaN,NaN,NaN,|,NaN,NaN,NaN,NaN,NaN,NaN,|,NaN,NaN,NaN,NaN,NaN,NaN,|,NaN,NaN,NaN,NaN,NaN,NaN,|,NaN,NaN,NaN,NaN,NaN,NaN
19:07:30,|,NaN,NaN,NaN,NaN,NaN,NaN,|,NaN,NaN,NaN,NaN,NaN,NaN,|,NaN,NaN,NaN,NaN,NaN,NaN,|,NaN,NaN,NaN,NaN,NaN,NaN,|,NaN,NaN,NaN,NaN,NaN,NaN
19:12:30,|,NaN,NaN,NaN,NaN,NaN,NaN,|,NaN,NaN,NaN,NaN,NaN,NaN,|,NaN,NaN,NaN,NaN,NaN,NaN,|,NaN,NaN,NaN,NaN,NaN,NaN,|,NaN,NaN,NaN,NaN,NaN,NaN
19:17:30,|,NaN,NaN,NaN,NaN,NaN,NaN,|,NaN,NaN,NaN,NaN,NaN,NaN,|,NaN,NaN,NaN,NaN,NaN,NaN,|,NaN,NaN,NaN,NaN,NaN,NaN,|,NaN,NaN,NaN,NaN,NaN,NaN
19:22:30,|,NaN,NaN,NaN,NaN,NaN,NaN,|,NaN,NaN,NaN,NaN,NaN,NaN,|,NaN,NaN,NaN,NaN,NaN,NaN,|,NaN,NaN,NaN,NaN,NaN,NaN,|,NaN,NaN,NaN,NaN,NaN,NaN
19:27:30,|,NaN,NaN,NaN,NaN,NaN,NaN,|,NaN,NaN,NaN,NaN,NaN,NaN,|,NaN,NaN,NaN,NaN,NaN,NaN,|,NaN,NaN,NaN,NaN,NaN,NaN,|,NaN,NaN,NaN,NaN,NaN,NaN
19:32:30,|,NaN,NaN,NaN,NaN,NaN,NaN,|,NaN,NaN,NaN,NaN,NaN,NaN,|,NaN,NaN,NaN,NaN,NaN,NaN,|,NaN,NaN,NaN,NaN,NaN,NaN,|,NaN,NaN,NaN,NaN,NaN,NaN
19:37:30,|,NaN,NaN,NaN,NaN,NaN,NaN,|,NaN,NaN,NaN,NaN,NaN,NaN,|,NaN,NaN,NaN,NaN,NaN,NaN,|,NaN,NaN,NaN,NaN,NaN,NaN,|,NaN,NaN,NaN,NaN,NaN,NaN
19:42:30,|,NaN,NaN,NaN,NaN,NaN,NaN,|,NaN,NaN,NaN,NaN,NaN,NaN,|,NaN,NaN,NaN,NaN,NaN,NaN,|,NaN,NaN,NaN,NaN,NaN,NaN,|,NaN,NaN,NaN,NaN,NaN,NaN
19:47:30,|,NaN,NaN,NaN,NaN,NaN,NaN,|,NaN,NaN,NaN,NaN,NaN,NaN,|,NaN,NaN,NaN,NaN,NaN,NaN,|,NaN,NaN,NaN,NaN,NaN,NaN,|,NaN,NaN,NaN,NaN,NaN,NaN
19:52:30,|,NaN,NaN,NaN,NaN,NaN,NaN,|,NaN,NaN,NaN,NaN,NaN,NaN,|,NaN,NaN,NaN,NaN,NaN,NaN,|,NaN,NaN,NaN,NaN,NaN,NaN,|,NaN,NaN,NaN,NaN,NaN,NaN
19:57:30,|,NaN,NaN,NaN,NaN,NaN,NaN,|,NaN,NaN,NaN,NaN,NaN,NaN,|,NaN,NaN,NaN,NaN,NaN,NaN,|,NaN,NaN,NaN,NaN,NaN,NaN,|,NaN,NaN,NaN,NaN,NaN,NaN
20:02:30,|,NaN,NaN,NaN,NaN,NaN,NaN,|,NaN,NaN,NaN,NaN,NaN,NaN,|,NaN,NaN,NaN,NaN,NaN,NaN,|,NaN,NaN,NaN,NaN,NaN,NaN,|,NaN,NaN,NaN,NaN,NaN,NaN
20:07:30,|,NaN,NaN,NaN,NaN,NaN,NaN,|,NaN,NaN,NaN,NaN,NaN,NaN,|,NaN,NaN,NaN,NaN,NaN,NaN,|,NaN,NaN,NaN,NaN,NaN,NaN,|,NaN,NaN,NaN,NaN,NaN,NaN
20:12:30,|,NaN,NaN,NaN,NaN,NaN,NaN,|,NaN,NaN,NaN,NaN,NaN,NaN,|,NaN,NaN,NaN,NaN,NaN,NaN,|,NaN,NaN,NaN,NaN,NaN,NaN,|,NaN,NaN,NaN,NaN,NaN,NaN
20:17:30,|,NaN,NaN,NaN,NaN,NaN,NaN,|,NaN,NaN,NaN,NaN,NaN,NaN,|,NaN,NaN,NaN,NaN,NaN,NaN,|,NaN,NaN,NaN,NaN,NaN,NaN,|,NaN,NaN,NaN,NaN,NaN,NaN
20:22:30,|,NaN,NaN,NaN,NaN,NaN,NaN,|,NaN,NaN,NaN,NaN,NaN,NaN,|,NaN,NaN,NaN,NaN,NaN,NaN,|,NaN,NaN,NaN,NaN,NaN,NaN,|,NaN,NaN,NaN,NaN,NaN,NaN
20:27:30,|,NaN,NaN,NaN,NaN,NaN,NaN,|,NaN,NaN,NaN,NaN,NaN,NaN,|,NaN,NaN,NaN,NaN,NaN,NaN,|,NaN,NaN,NaN,NaN,NaN,NaN,|,NaN,NaN,NaN,NaN,NaN,NaN
20:32:30,|,NaN,NaN,NaN,NaN,NaN,NaN,|,NaN,NaN,NaN,NaN,NaN,NaN,|,NaN,NaN,NaN,NaN,NaN,NaN,|,NaN,NaN,NaN,NaN,NaN,NaN,|,NaN,NaN,NaN,NaN,NaN,NaN
20:37:30,|,NaN,NaN,NaN,NaN,NaN,NaN,|,NaN,NaN,NaN,NaN,NaN,NaN,|,NaN,NaN,NaN,NaN,NaN,NaN,|,NaN,NaN,NaN,NaN,NaN,NaN,|,NaN,NaN,NaN,NaN,NaN,NaN
20:42:30,|,NaN,NaN,NaN,NaN,NaN,NaN,|,NaN,NaN,NaN,NaN,NaN,NaN,|,NaN,NaN,NaN,NaN,NaN,NaN,|,NaN,NaN,NaN,NaN,NaN,NaN,|,NaN,NaN,NaN,NaN,NaN,NaN
20:47:30,|,NaN,NaN,NaN,NaN,NaN,NaN,|,NaN,NaN,NaN,NaN,NaN,NaN,|,NaN,NaN,NaN,NaN,NaN,NaN,|,NaN,NaN,NaN,NaN,NaN,NaN,|,NaN,NaN,NaN,NaN,NaN,NaN
20:52:30,|,NaN,NaN,NaN,NaN,NaN,NaN,|,NaN,NaN,NaN,NaN,NaN,NaN,|,NaN,NaN,NaN,NaN,NaN,NaN,|,NaN,NaN,NaN,NaN,NaN,NaN,|,NaN,NaN,NaN,NaN,NaN,NaN
20:57:30,|,NaN,NaN,NaN,NaN,NaN,NaN,|,NaN,NaN,NaN,NaN,NaN,NaN,|,NaN,NaN,NaN,NaN,NaN,NaN,|,NaN,NaN,NaN,NaN,NaN,NaN,|,NaN,NaN,NaN,NaN,NaN,NaN
21:02:30,|,NaN,NaN,NaN,NaN,NaN,NaN,|,NaN,NaN,NaN,NaN,NaN,NaN,|,NaN,NaN,NaN,NaN,NaN,NaN,|,NaN,NaN,NaN,NaN,NaN,NaN,|,NaN,NaN,NaN,NaN,NaN,NaN
21:07:30,|,NaN,NaN,NaN,NaN,NaN,NaN,|,NaN,NaN,NaN,NaN,NaN,NaN,|,NaN,NaN,NaN,NaN,NaN,NaN,|,NaN,NaN,NaN,NaN,NaN,NaN,|,NaN,NaN,NaN,NaN,NaN,NaN
21:12:30,|,NaN,NaN,NaN,NaN,NaN,NaN,|,NaN,NaN,NaN,NaN,NaN,NaN,|,NaN,NaN,NaN,NaN,NaN,NaN,|,NaN,NaN,NaN,NaN,NaN,NaN,|,NaN,NaN,NaN,NaN,NaN,NaN
21:17:30,|,NaN,NaN,NaN,NaN,NaN,NaN,|,NaN,NaN,NaN,NaN,NaN,NaN,|,NaN,NaN,NaN,NaN,NaN,NaN,|,NaN,NaN,NaN,NaN,NaN,NaN,|,NaN,NaN,NaN,NaN,NaN,NaN
21:22:30,|,NaN,NaN,NaN,NaN,NaN,NaN,|,NaN,NaN,NaN,NaN,NaN,NaN,|,NaN,NaN,NaN,NaN,NaN,NaN,|,NaN,NaN,NaN,NaN,NaN,NaN,|,NaN,NaN,NaN,NaN,NaN,NaN
21:27:30,|,NaN,NaN,NaN,NaN,NaN,NaN,|,NaN,NaN,NaN,NaN,NaN,NaN,|,NaN,NaN,NaN,NaN,NaN,NaN,|,NaN,NaN,NaN,NaN,NaN,NaN,|,NaN,NaN,NaN,NaN,NaN,NaN
21:32:30,|,NaN,NaN,NaN,NaN,NaN,NaN,|,NaN,NaN,NaN,NaN,NaN,NaN,|,NaN,NaN,NaN,NaN,NaN,NaN,|,NaN,NaN,NaN,NaN,NaN,NaN,|,NaN,NaN,NaN,NaN,NaN,NaN
21:37:30,|,NaN,NaN,NaN,NaN,NaN,NaN,|,NaN,NaN,NaN,NaN,NaN,NaN,|,NaN,NaN,NaN,NaN,NaN,NaN,|,NaN,NaN,NaN,NaN,NaN,NaN,|,NaN,NaN,NaN,NaN,NaN,NaN
21:42:30,|,NaN,NaN,NaN,NaN,NaN,NaN,|,NaN,NaN,NaN,NaN,NaN,NaN,|,NaN,NaN,NaN,NaN,NaN,NaN,|,NaN,NaN,NaN,NaN,NaN,NaN,|,NaN,NaN,NaN,NaN,NaN,NaN
21:47:30,|,NaN,NaN,NaN,NaN,NaN,NaN,|,NaN,NaN,NaN,NaN,NaN,NaN,|,NaN,NaN,NaN,NaN,NaN,NaN,|,NaN,NaN,NaN,NaN,NaN,NaN,|,NaN,NaN,NaN,NaN,NaN,NaN
21:52:30,|,NaN,NaN,NaN,NaN,NaN,NaN,|,NaN,NaN,NaN,NaN,NaN,NaN,|,NaN,NaN,NaN,NaN,NaN,NaN,|,NaN,NaN,NaN,NaN,NaN,NaN,|,NaN,NaN,NaN,NaN,NaN,NaN
21:57:30,|,NaN,NaN,NaN,NaN,NaN,NaN,|,NaN,NaN,NaN,NaN,NaN,NaN,|,NaN,NaN,NaN,NaN,NaN,NaN,|,NaN,NaN,NaN,NaN,NaN,NaN,|,NaN,NaN,NaN,NaN,NaN,NaN
22:02:30,|,NaN,NaN,NaN,NaN,NaN,NaN,|,NaN,NaN,NaN,NaN,NaN,NaN,|,NaN,NaN,NaN,NaN,NaN,NaN,|,NaN,NaN,NaN,NaN,NaN,NaN,|,NaN,NaN,NaN,NaN,NaN,NaN
22:07:30,|,NaN,NaN,NaN,NaN,NaN,NaN,|,NaN,NaN,NaN,NaN,NaN,NaN,|,NaN,NaN,NaN,NaN,NaN,NaN,|,NaN,NaN,NaN,NaN,NaN,NaN,|,NaN,NaN,NaN,NaN,NaN,NaN
22:12:30,|,NaN,NaN,NaN,NaN,NaN,NaN,|,NaN,NaN,NaN,NaN,NaN,NaN,|,NaN,NaN,NaN,NaN,NaN,NaN,|,NaN,NaN,NaN,NaN,NaN,NaN,|,NaN,NaN,NaN,NaN,NaN,NaN
22:17:30,|,NaN,NaN,NaN,NaN,NaN,NaN,|,NaN,NaN,NaN,NaN,NaN,NaN,|,NaN,NaN,NaN,NaN,NaN,NaN,|,NaN,NaN,NaN,NaN,NaN,NaN,|,NaN,NaN,NaN,NaN,NaN,NaN
22:22:30,|,NaN,NaN,NaN,NaN,NaN,NaN,|,NaN,NaN,NaN,NaN,NaN,NaN,|,NaN,NaN,NaN,NaN,NaN,NaN,|,NaN,NaN,NaN,NaN,NaN,NaN,|,NaN,NaN,NaN,NaN,NaN,NaN
22:27:30,|,NaN,NaN,NaN,NaN,NaN,NaN,|,NaN,NaN,NaN,NaN,NaN,NaN,|,NaN,NaN,NaN,NaN,NaN,NaN,|,NaN,NaN,NaN,NaN,NaN,NaN,|,NaN,NaN,NaN,NaN,NaN,NaN
22:32:30,|,NaN,NaN,NaN,NaN,NaN,NaN,|,NaN,NaN,NaN,NaN,NaN,NaN,|,NaN,NaN,NaN,NaN,NaN,NaN,|,NaN,NaN,NaN,NaN,NaN,NaN,|,NaN,NaN,NaN,NaN,NaN,NaN
22:37:30,|,NaN,NaN,NaN,NaN,NaN,NaN,|,NaN,NaN,NaN,NaN,NaN,NaN,|,NaN,NaN,NaN,NaN,NaN,NaN,|,NaN,NaN,NaN,NaN,NaN,NaN,|,NaN,NaN,NaN,NaN,NaN,NaN
22:42:30,|,NaN,NaN,NaN,NaN,NaN,NaN,|,NaN,NaN,NaN,NaN,NaN,NaN,|,NaN,NaN,NaN,NaN,NaN,NaN,|,NaN,NaN,NaN,NaN,NaN,NaN,|,NaN,NaN,NaN,NaN,NaN,NaN
22:47:30,|,NaN,NaN,NaN,NaN,NaN,NaN,|,NaN,NaN,NaN,NaN,NaN,NaN,|,NaN,NaN,NaN,NaN,NaN,NaN,|,NaN,NaN,NaN,NaN,NaN,NaN,|,NaN,NaN,NaN,NaN,NaN,NaN
22:52:30,|,NaN,NaN,NaN,NaN,NaN,NaN,|,NaN,NaN,NaN,NaN,NaN,NaN,|,NaN,NaN,NaN,NaN,NaN,NaN,|,NaN,NaN,NaN,NaN,NaN,NaN,|,NaN,NaN,NaN,NaN,NaN,NaN
22:57:30,|,NaN,NaN,NaN,NaN,NaN,NaN,|,NaN,NaN,NaN,NaN,NaN,NaN,|,NaN,NaN,NaN,NaN,NaN,NaN,|,NaN,NaN,NaN,NaN,NaN,NaN,|,NaN,NaN,NaN,NaN,NaN,NaN
23:02:30,|,NaN,NaN,NaN,NaN,NaN,NaN,|,NaN,NaN,NaN,NaN,NaN,NaN,|,NaN,NaN,NaN,NaN,NaN,NaN,|,NaN,NaN,NaN,NaN,NaN,NaN,|,NaN,NaN,NaN,NaN,NaN,NaN
23:07:30,|,NaN,NaN,NaN,NaN,NaN,NaN,|,NaN,NaN,NaN,NaN,NaN,NaN,|,NaN,NaN,NaN,NaN,NaN,NaN,|,NaN,NaN,NaN,NaN,NaN,NaN,|,NaN,NaN,NaN,NaN,NaN,NaN
23:12:30,|,NaN,NaN,NaN,NaN,NaN,NaN,|,NaN,NaN,NaN,NaN,NaN,NaN,|,NaN,NaN,NaN,NaN,NaN,NaN,|,NaN,NaN,NaN,NaN,NaN,NaN,|,NaN,NaN,NaN,NaN,NaN,NaN
23:17:30,|,NaN,NaN,NaN,NaN,NaN,NaN,|,NaN,NaN,NaN,NaN,NaN,NaN,|,NaN,NaN,NaN,NaN,NaN,NaN,|,NaN,NaN,NaN,NaN,NaN,NaN,|,NaN,NaN,NaN,NaN,NaN,NaN
23:22:30,|,NaN,NaN,NaN,NaN,NaN,NaN,|,NaN,NaN,NaN,NaN,NaN,NaN,|,NaN,NaN,NaN,NaN,NaN,NaN,|,NaN,NaN,NaN,NaN,NaN,NaN,|,NaN,NaN,NaN,NaN,NaN,NaN
23:27:30,|,NaN,NaN,NaN,NaN,NaN,NaN,|,NaN,NaN,NaN,NaN,NaN,NaN,|,NaN,NaN,NaN,NaN,NaN,NaN,|,NaN,NaN,NaN,NaN,NaN,NaN,|,NaN,NaN,NaN,NaN,NaN,NaN
23:32:30,|,NaN,NaN,NaN,NaN,NaN,NaN,|,NaN,NaN,NaN,NaN,NaN,NaN,|,NaN,NaN,NaN,NaN,NaN,NaN,|,NaN,NaN,NaN,NaN,NaN,NaN,|,NaN,NaN,NaN,NaN,NaN,NaN
23:37:30,|,NaN,NaN,NaN,NaN,NaN,NaN,|,NaN,NaN,NaN,NaN,NaN,NaN,|,NaN,NaN,NaN,NaN,NaN,NaN,|,NaN,NaN,NaN,NaN,NaN,NaN,|,NaN,NaN,NaN,NaN,NaN,NaN
23:42:30,|,NaN,NaN,NaN,NaN,NaN,NaN,|,NaN,NaN,NaN,NaN,NaN,NaN,|,NaN,NaN,NaN,NaN,NaN,NaN,|,NaN,NaN,NaN,NaN,NaN,NaN,|,NaN,NaN,NaN,NaN,NaN,NaN
23:47:30,|,NaN,NaN,NaN,NaN,NaN,NaN,|,NaN,NaN,NaN,NaN,NaN,NaN,|,NaN,NaN,NaN,NaN,NaN,NaN,|,NaN,NaN,NaN,NaN,NaN,NaN,|,NaN,NaN,NaN,NaN,NaN,NaN
23:52:30,|,NaN,NaN,NaN,NaN,NaN,NaN,|,NaN,NaN,NaN,NaN,NaN,NaN,|,NaN,NaN,NaN,NaN,NaN,NaN,|,NaN,NaN,NaN,NaN,NaN,NaN,|,NaN,NaN,NaN,NaN,NaN,NaN
23:57:30,|,NaN,NaN,NaN,NaN,NaN,NaN,|,NaN,NaN,NaN,NaN,NaN,NaN,|,NaN,NaN,NaN,NaN,NaN,NaN,|,NaN,NaN,NaN,NaN,NaN,NaN,|,NaN,NaN,NaN,NaN,NaN,NaN
00:02:30,|,NaN,NaN,NaN,NaN,NaN,NaN,|,NaN,NaN,NaN,NaN,NaN,NaN,|,NaN,NaN,NaN,NaN,NaN,NaN,|,NaN,NaN,NaN,NaN,NaN,NaN,|,NaN,NaN,NaN,NaN,NaN,NaN
00:07:30,|,NaN,NaN,NaN,NaN,NaN,NaN,|,NaN,NaN,NaN,NaN,NaN,NaN,|,NaN,NaN,NaN,NaN,NaN,NaN,|,NaN,NaN,NaN,NaN,NaN,NaN,|,NaN,NaN,NaN,NaN,NaN,NaN
00:12:30,|,NaN,NaN,NaN,NaN,NaN,NaN,|,NaN,NaN,NaN,NaN,NaN,NaN,|,NaN,NaN,NaN,NaN,NaN,NaN,|,NaN,NaN,NaN,NaN,NaN,NaN,|,NaN,NaN,NaN,NaN,NaN,NaN
00:17:30,|,NaN,NaN,NaN,NaN,NaN,NaN,|,NaN,NaN,NaN,NaN,NaN,NaN,|,NaN,NaN,NaN,NaN,NaN,NaN,|,NaN,NaN,NaN,NaN,NaN,NaN,|,NaN,NaN,NaN,NaN,NaN,NaN
00:22:30,|,NaN,NaN,NaN,NaN,NaN,NaN,|,NaN,NaN,NaN,NaN,NaN,NaN,|,NaN,NaN,NaN,NaN,NaN,NaN,|,NaN,NaN,NaN,NaN,NaN,NaN,|,NaN,NaN,NaN,NaN,NaN,NaN
00:27:30,|,NaN,NaN,NaN,NaN,NaN,NaN,|,NaN,NaN,NaN,NaN,NaN,NaN,|,NaN,NaN,NaN,NaN,NaN,NaN,|,NaN,NaN,NaN,NaN,NaN,NaN,|,NaN,NaN,NaN,NaN,NaN,NaN
00:32:30,|,NaN,NaN,NaN,NaN,NaN,NaN,|,NaN,NaN,NaN,NaN,NaN,NaN,|,NaN,NaN,NaN,NaN,NaN,NaN,|,NaN,NaN,NaN,NaN,NaN,NaN,|,NaN,NaN,NaN,NaN,NaN,NaN
00:37:30,|,NaN,NaN,NaN,NaN,NaN,NaN,|,NaN,NaN,NaN,NaN,NaN,NaN,|,NaN,NaN,NaN,NaN,NaN,NaN,|,NaN,NaN,NaN,NaN,NaN,NaN,|,NaN,NaN,NaN,NaN,NaN,NaN
00:42:30,|,NaN,NaN,NaN,NaN,NaN,NaN,|,NaN,NaN,NaN,NaN,NaN,NaN,|,NaN,NaN,NaN,NaN,NaN,NaN,|,NaN,NaN,NaN,NaN,NaN,NaN,|,NaN,NaN,NaN,NaN,NaN,NaN
00:47:30,|,NaN,NaN,NaN,NaN,NaN,NaN,|,NaN,NaN,NaN,NaN,NaN,NaN,|,NaN,NaN,NaN,NaN,NaN,NaN,|,NaN,NaN,NaN,NaN,NaN,NaN,|,NaN,NaN,NaN,NaN,NaN,NaN
00:52:30,|,NaN,NaN,NaN,NaN,NaN,NaN,|,NaN,NaN,NaN,NaN,NaN,NaN,|,NaN,NaN,NaN,NaN,NaN,NaN,|,NaN,NaN,NaN,NaN,NaN,NaN,|,NaN,NaN,NaN,NaN,NaN,NaN
00:57:30,|,NaN,NaN,NaN,NaN,NaN,NaN,|,NaN,NaN,NaN,NaN,NaN,NaN,|,NaN,NaN,NaN,NaN,NaN,NaN,|,NaN,NaN,NaN,NaN,NaN,NaN,|,NaN,NaN,NaN,NaN,NaN,NaN
01:02:30,|,NaN,NaN,NaN,NaN,NaN,NaN,|,NaN,NaN,NaN,NaN,NaN,NaN,|,NaN,NaN,NaN,NaN,NaN,NaN,|,NaN,NaN,NaN,NaN,NaN,NaN,|,NaN,NaN,NaN,NaN,NaN,NaN
01:07:30,|,NaN,NaN,NaN,NaN,NaN,NaN,|,NaN,NaN,NaN,NaN,NaN,NaN,|,NaN,NaN,NaN,NaN,NaN,NaN,|,NaN,NaN,NaN,NaN,NaN,NaN,|,NaN,NaN,NaN,NaN,NaN,NaN
01:12:30,|,NaN,NaN,NaN,NaN,NaN,NaN,|,NaN,NaN,NaN,NaN,NaN,NaN,|,NaN,NaN,NaN,NaN,NaN,NaN,|,NaN,NaN,NaN,NaN,NaN,NaN,|,NaN,NaN,NaN,NaN,NaN,NaN
01:17:30,|,NaN,NaN,NaN,NaN,NaN,NaN,|,NaN,NaN,NaN,NaN,NaN,NaN,|,NaN,NaN,NaN,NaN,NaN,NaN,|,NaN,NaN,NaN,NaN,NaN,NaN,|,NaN,NaN,NaN,NaN,NaN,NaN
01:22:30,|,NaN,NaN,NaN,NaN,NaN,NaN,|,NaN,NaN,NaN,NaN,NaN,NaN,|,NaN,NaN,NaN,NaN,NaN,NaN,|,NaN,NaN,NaN,NaN,NaN,NaN,|,NaN,NaN,NaN,NaN,NaN,NaN
01:27:30,|,NaN,NaN,NaN,NaN,NaN,NaN,|,NaN,NaN,NaN,NaN,NaN,NaN,|,NaN,NaN,NaN,NaN,NaN,NaN,|,NaN,NaN,NaN,NaN,NaN,NaN,|,NaN,NaN,NaN,NaN,NaN,NaN
01:32:30,|,NaN,NaN,NaN,NaN,NaN,NaN,|,NaN,NaN,NaN,NaN,NaN,NaN,|,NaN,NaN,NaN,NaN,NaN,NaN,|,NaN,NaN,NaN,NaN,NaN,NaN,|,NaN,NaN,NaN,NaN,NaN,NaN
01:37:30,|,NaN,NaN,NaN,NaN,NaN,NaN,|,NaN,NaN,NaN,NaN,NaN,NaN,|,NaN,NaN,NaN,NaN,NaN,NaN,|,NaN,NaN,NaN,NaN,NaN,NaN,|,NaN,NaN,NaN,NaN,NaN,NaN
01:42:30,|,NaN,NaN,NaN,NaN,NaN,NaN,|,NaN,NaN,NaN,NaN,NaN,NaN,|,NaN,NaN,NaN,NaN,NaN,NaN,|,NaN,NaN,NaN,NaN,NaN,NaN,|,NaN,NaN,NaN,NaN,NaN,NaN
01:47:30,|,NaN,NaN,NaN,NaN,NaN,NaN,|,NaN,NaN,NaN,NaN,NaN,NaN,|,NaN,NaN,NaN,NaN,NaN,NaN,|,NaN,NaN,NaN,NaN,NaN,NaN,|,NaN,NaN,NaN,NaN,NaN,NaN
01:52:30,|,NaN,NaN,NaN,NaN,NaN,NaN,|,NaN,NaN,NaN,NaN,NaN,NaN,|,NaN,NaN,NaN,NaN,NaN,NaN,|,NaN,NaN,NaN,NaN,NaN,NaN,|,NaN,NaN,NaN,NaN,NaN,NaN
01:57:30,|,NaN,NaN,NaN,NaN,NaN,NaN,|,NaN,NaN,NaN,NaN,NaN,NaN,|,NaN,NaN,NaN,NaN,NaN,NaN,|,NaN,NaN,NaN,NaN,NaN,NaN,|,NaN,NaN,NaN,NaN,NaN,NaN
02:02:30,|,NaN,NaN,NaN,NaN,NaN,NaN,|,NaN,NaN,NaN,NaN,NaN,NaN,|,NaN,NaN,NaN,NaN,NaN,NaN,|,NaN,NaN,NaN,NaN,NaN,NaN,|,NaN,NaN,NaN,NaN,NaN,NaN
02:07:30,|,NaN,NaN,NaN,NaN,NaN,NaN,|,NaN,NaN,NaN,NaN,NaN,NaN,|,NaN,NaN,NaN,NaN,NaN,NaN,|,NaN,NaN,NaN,NaN,NaN,NaN,|,NaN,NaN,NaN,NaN,NaN,NaN
02:12:30,|,NaN,NaN,NaN,NaN,NaN,NaN,|,NaN,NaN,NaN,NaN,NaN,NaN,|,NaN,NaN,NaN,NaN,NaN,NaN,|,NaN,NaN,NaN,NaN,NaN,NaN,|,NaN,NaN,NaN,NaN,NaN,NaN
02:17:30,|,NaN,NaN,NaN,NaN,NaN,NaN,|,NaN,NaN,NaN,NaN,NaN,NaN,|,NaN,NaN,NaN,NaN,NaN,NaN,|,NaN,NaN,NaN,NaN,NaN,NaN,|,NaN,NaN,NaN,NaN,NaN,NaN
02:22:30,|,NaN,NaN,NaN,NaN,NaN,NaN,|,NaN,NaN,NaN,NaN,NaN,NaN,|,NaN,NaN,NaN,NaN,NaN,NaN,|,NaN,NaN,NaN,NaN,NaN,NaN,|,NaN,NaN,NaN,NaN,NaN,NaN
02:27:30,|,NaN,NaN,NaN,NaN,NaN,NaN,|,NaN,NaN,NaN,NaN,NaN,NaN,|,NaN,NaN,NaN,NaN,NaN,NaN,|,NaN,NaN,NaN,NaN,NaN,NaN,|,NaN,NaN,NaN,NaN,NaN,NaN
02:32:30,|,NaN,NaN,NaN,NaN,NaN,NaN,|,NaN,NaN,NaN,NaN,NaN,NaN,|,NaN,NaN,NaN,NaN,NaN,NaN,|,NaN,NaN,NaN,NaN,NaN,NaN,|,NaN,NaN,NaN,NaN,NaN,NaN
02:37:30,|,NaN,NaN,NaN,NaN,NaN,NaN,|,NaN,NaN,NaN,NaN,NaN,NaN,|,NaN,NaN,NaN,NaN,NaN,NaN,|,NaN,NaN,NaN,NaN,NaN,NaN,|,NaN,NaN,NaN,NaN,NaN,NaN
02:42:30,|,NaN,NaN,NaN,NaN,NaN,NaN,|,NaN,NaN,NaN,NaN,NaN,NaN,|,NaN,NaN,NaN,NaN,NaN,NaN,|,NaN,NaN,NaN,NaN,NaN,NaN,|,NaN,NaN,NaN,NaN,NaN,NaN
02:47:30,|,NaN,NaN,NaN,NaN,NaN,NaN,|,NaN,NaN,NaN,NaN,NaN,NaN,|,NaN,NaN,NaN,NaN,NaN,NaN,|,NaN,NaN,NaN,NaN,NaN,NaN,|,NaN,NaN,NaN,NaN,NaN,NaN
02:52:30,|,NaN,NaN,NaN,NaN,NaN,NaN,|,NaN,NaN,NaN,NaN,NaN,NaN,|,NaN,NaN,NaN,NaN,NaN,NaN,|,NaN,NaN,NaN,NaN,NaN,NaN,|,NaN,NaN,NaN,NaN,NaN,NaN
02:57:30,|,NaN,NaN,NaN,NaN,NaN,NaN,|,NaN,NaN,NaN,NaN,NaN,NaN,|,NaN,NaN,NaN,NaN,NaN,NaN,|,NaN,NaN,NaN,NaN,NaN,NaN,|,NaN,NaN,NaN,NaN,NaN,NaN
03:02:30,|,NaN,NaN,NaN,NaN,NaN,NaN,|,NaN,NaN,NaN,NaN,NaN,NaN,|,NaN,NaN,NaN,NaN,NaN,NaN,|,NaN,NaN,NaN,NaN,NaN,NaN,|,NaN,NaN,NaN,NaN,NaN,NaN
03:07:30,|,NaN,NaN,NaN,NaN,NaN,NaN,|,NaN,NaN,NaN,NaN,NaN,NaN,|,NaN,NaN,NaN,NaN,NaN,NaN,|,NaN,NaN,NaN,NaN,NaN,NaN,|,NaN,NaN,NaN,NaN,NaN,NaN
03:12:30,|,NaN,NaN,NaN,NaN,NaN,NaN,|,NaN,NaN,NaN,NaN,NaN,NaN,|,NaN,NaN,NaN,NaN,NaN,NaN,|,NaN,NaN,NaN,NaN,NaN,NaN,|,NaN,NaN,NaN,NaN,NaN,NaN
03:17:30,|,NaN,NaN,NaN,NaN,NaN,NaN,|,NaN,NaN,NaN,NaN,NaN,NaN,|,NaN,NaN,NaN,NaN,NaN,NaN,|,NaN,NaN,NaN,NaN,NaN,NaN,|,NaN,NaN,NaN,NaN,NaN,NaN
03:22:30,|,NaN,NaN,NaN,NaN,NaN,NaN,|,NaN,NaN,NaN,NaN,NaN,NaN,|,NaN,NaN,NaN,NaN,NaN,NaN,|,NaN,NaN,NaN,NaN,NaN,NaN,|,NaN,NaN,NaN,NaN,NaN,NaN
03:27:30,|,NaN,NaN,NaN,NaN,NaN,NaN,|,NaN,NaN,NaN,NaN,NaN,NaN,|,NaN,NaN,NaN,NaN,NaN,NaN,|,NaN,NaN,NaN,NaN,NaN,NaN,|,NaN,NaN,NaN,NaN,NaN,NaN
03:32:30,|,NaN,NaN,NaN,NaN,NaN,NaN,|,NaN,NaN,NaN,NaN,NaN,NaN,|,NaN,NaN,NaN,NaN,NaN,NaN,|,NaN,NaN,NaN,NaN,NaN,NaN,|,NaN,NaN,NaN,NaN,NaN,NaN
03:37:30,|,NaN,NaN,NaN,NaN,NaN,NaN,|,NaN,NaN,NaN,NaN,NaN,NaN,|,NaN,NaN,NaN,NaN,NaN,NaN,|,NaN,NaN,NaN,NaN,NaN,NaN,|,NaN,NaN,NaN,NaN,NaN,NaN
03:42:30,|,NaN,NaN,NaN,NaN,NaN,NaN,|,NaN,NaN,NaN,NaN,NaN,NaN,|,NaN,NaN,NaN,NaN,NaN,NaN,|,NaN,NaN,NaN,NaN,NaN,NaN,|,NaN,NaN,NaN,NaN,NaN,NaN
03:47:30,|,NaN,NaN,NaN,NaN,NaN,NaN,|,NaN,NaN,NaN,NaN,NaN,NaN,|,NaN,NaN,NaN,NaN,NaN,NaN,|,NaN,NaN,NaN,NaN,NaN,NaN,|,NaN,NaN,NaN,NaN,NaN,NaN
03:52:30,|,NaN,NaN,NaN,NaN,NaN,NaN,|,NaN,NaN,NaN,NaN,NaN,NaN,|,NaN,NaN,NaN,NaN,NaN,NaN,|,NaN,NaN,NaN,NaN,NaN,NaN,|,NaN,NaN,NaN,NaN,NaN,NaN
03:57:30,|,NaN,NaN,NaN,NaN,NaN,NaN,|,NaN,NaN,NaN,NaN,NaN,NaN,|,NaN,NaN,NaN,NaN,NaN,NaN,|,NaN,NaN,NaN,NaN,NaN,NaN,|,NaN,NaN,NaN,NaN,NaN,NaN
04:02:30,|,NaN,NaN,NaN,NaN,NaN,NaN,|,NaN,NaN,NaN,NaN,NaN,NaN,|,NaN,NaN,NaN,NaN,NaN,NaN,|,NaN,NaN,NaN,NaN,NaN,NaN,|,NaN,NaN,NaN,NaN,NaN,NaN
04:07:30,|,NaN,NaN,NaN,NaN,NaN,NaN,|,NaN,NaN,NaN,NaN,NaN,NaN,|,NaN,NaN,NaN,NaN,NaN,NaN,|,NaN,NaN,NaN,NaN,NaN,NaN,|,NaN,NaN,NaN,NaN,NaN,NaN
04:12:30,|,NaN,NaN,NaN,NaN,NaN,NaN,|,NaN,NaN,NaN,NaN,NaN,NaN,|,NaN,NaN,NaN,NaN,NaN,NaN,|,NaN,NaN,NaN,NaN,NaN,NaN,|,NaN,NaN,NaN,NaN,NaN,NaN
04:17:30,|,NaN,NaN,NaN,NaN,NaN,NaN,|,NaN,NaN,NaN,NaN,NaN,NaN,|,NaN,NaN,NaN,NaN,NaN,NaN,|,NaN,NaN,NaN,NaN,NaN,NaN,|,NaN,NaN,NaN,NaN,NaN,NaN
04:22:30,|,NaN,NaN,NaN,NaN,NaN,NaN,|,NaN,NaN,NaN,NaN,NaN,NaN,|,NaN,NaN,NaN,NaN,NaN,NaN,|,NaN,NaN,NaN,NaN,NaN,NaN,|,NaN,NaN,NaN,NaN,NaN,NaN
04:27:30,|,NaN,NaN,NaN,NaN,NaN,NaN,|,NaN,NaN,NaN,NaN,NaN,NaN,|,NaN,NaN,NaN,NaN,NaN,NaN,|,NaN,NaN,NaN,NaN,NaN,NaN,|,NaN,NaN,NaN,NaN,NaN,NaN
04:32:30,|,NaN,NaN,NaN,NaN,NaN,NaN,|,NaN,NaN,NaN,NaN,NaN,NaN,|,NaN,NaN,NaN,NaN,NaN,NaN,|,NaN,NaN,NaN,NaN,NaN,NaN,|,NaN,NaN,NaN,NaN,NaN,NaN
04:37:30,|,NaN,NaN,NaN,NaN,NaN,NaN,|,NaN,NaN,NaN,NaN,NaN,NaN,|,NaN,NaN,NaN,NaN,NaN,NaN,|,NaN,NaN,NaN,NaN,NaN,NaN,|,NaN,NaN,NaN,NaN,NaN,NaN
04:42:30,|,NaN,NaN,NaN,NaN,NaN,NaN,|,NaN,NaN,NaN,NaN,NaN,NaN,|,NaN,NaN,NaN,NaN,NaN,NaN,|,NaN,NaN,NaN,NaN,NaN,NaN,|,NaN,NaN,NaN,NaN,NaN,NaN
04:47:30,|,NaN,NaN,NaN,NaN,NaN,NaN,|,NaN,NaN,NaN,NaN,NaN,NaN,|,NaN,NaN,NaN,NaN,NaN,NaN,|,NaN,NaN,NaN,NaN,NaN,NaN,|,NaN,NaN,NaN,NaN,NaN,NaN
04:52:30,|,NaN,NaN,NaN,NaN,NaN,NaN,|,NaN,NaN,NaN,NaN,NaN,NaN,|,NaN,NaN,NaN,NaN,NaN,NaN,|,NaN,NaN,NaN,NaN,NaN,NaN,|,NaN,NaN,NaN,NaN,NaN,NaN
04:57:30,|,NaN,NaN,NaN,NaN,NaN,NaN,|,NaN,NaN,NaN,NaN,NaN,NaN,|,NaN,NaN,NaN,NaN,NaN,NaN,|,NaN,NaN,NaN,NaN,NaN,NaN,|,NaN,NaN,NaN,NaN,NaN,NaN
05:02:30,|,NaN,NaN,NaN,NaN,NaN,NaN,|,NaN,NaN,NaN,NaN,NaN,NaN,|,NaN,NaN,NaN,NaN,NaN,NaN,|,NaN,NaN,NaN,NaN,NaN,NaN,|,NaN,NaN,NaN,NaN,NaN,NaN
05:07:30,|,NaN,NaN,NaN,NaN,NaN,NaN,|,NaN,NaN,NaN,NaN,NaN,NaN,|,NaN,NaN,NaN,NaN,NaN,NaN,|,NaN,NaN,NaN,NaN,NaN,NaN,|,NaN,NaN,NaN,NaN,NaN,NaN
05:12:30,|,NaN,NaN,NaN,NaN,NaN,NaN,|,NaN,NaN,NaN,NaN,NaN,NaN,|,NaN,NaN,NaN,NaN,NaN,NaN,|,NaN,NaN,NaN,NaN,NaN,NaN,|,NaN,NaN,NaN,NaN,NaN,NaN
05:17:30,|,NaN,NaN,NaN,NaN,NaN,NaN,|,NaN,NaN,NaN,NaN,NaN,NaN,|,NaN,NaN,NaN,NaN,NaN,NaN,|,NaN,NaN,NaN,NaN,NaN,NaN,|,NaN,NaN,NaN,NaN,NaN,NaN
05:22:30,|,NaN,NaN,NaN,NaN,NaN,NaN,|,NaN,NaN,NaN,NaN,NaN,NaN,|,NaN,NaN,NaN,NaN,NaN,NaN,|,NaN,NaN,NaN,NaN,NaN,NaN,|,NaN,NaN,NaN,NaN,NaN,NaN
05:27:30,|,NaN,NaN,NaN,NaN,NaN,NaN,|,NaN,NaN,NaN,NaN,NaN,NaN,|,NaN,NaN,NaN,NaN,NaN,NaN,|,NaN,NaN,NaN,NaN,NaN,NaN,|,NaN,NaN,NaN,NaN,NaN,NaN
05:32:30,|,NaN,NaN,NaN,NaN,NaN,NaN,|,NaN,NaN,NaN,NaN,NaN,NaN,|,NaN,NaN,NaN,NaN,NaN,NaN,|,NaN,NaN,NaN,NaN,NaN,NaN,|,NaN,NaN,NaN,NaN,NaN,NaN
05:37:30,|,NaN,NaN,NaN,NaN,NaN,NaN,|,NaN,NaN,NaN,NaN,NaN,NaN,|,NaN,NaN,NaN,NaN,NaN,NaN,|,NaN,NaN,NaN,NaN,NaN,NaN,|,NaN,NaN,NaN,NaN,NaN,NaN
05:42:30,|,NaN,NaN,NaN,NaN,NaN,NaN,|,NaN,NaN,NaN,NaN,NaN,NaN,|,NaN,NaN,NaN,NaN,NaN,NaN,|,NaN,NaN,NaN,NaN,NaN,NaN,|,NaN,NaN,NaN,NaN,NaN,NaN
05:47:30,|,NaN,NaN,NaN,NaN,NaN,NaN,|,NaN,NaN,NaN,NaN,NaN,NaN,|,NaN,NaN,NaN,NaN,NaN,NaN,|,NaN,NaN,NaN,NaN,NaN,NaN,|,NaN,NaN,NaN,NaN,NaN,NaN
05:52:30,|,NaN,NaN,NaN,NaN,NaN,NaN,|,NaN,NaN,NaN,NaN,NaN,NaN,|,NaN,NaN,NaN,NaN,NaN,NaN,|,NaN,NaN,NaN,NaN,NaN,NaN,|,NaN,NaN,NaN,NaN,NaN,NaN
05:57:30,|,NaN,NaN,NaN,NaN,NaN,NaN,|,NaN,NaN,NaN,NaN,NaN,NaN,|,NaN,NaN,NaN,NaN,NaN,NaN,|,NaN,NaN,NaN,NaN,NaN,NaN,|,NaN,NaN,NaN,NaN,NaN,NaN
06:02:30,|,NaN,NaN,NaN,NaN,NaN,NaN,|,NaN,NaN,NaN,NaN,NaN,NaN,|,NaN,NaN,NaN,NaN,NaN,NaN,|,NaN,NaN,NaN,NaN,NaN,NaN,|,NaN,NaN,NaN,NaN,NaN,NaN
06:07:30,|,NaN,NaN,NaN,NaN,NaN,NaN,|,NaN,NaN,NaN,NaN,NaN,NaN,|,NaN,NaN,NaN,NaN,NaN,NaN,|,NaN,NaN,NaN,NaN,NaN,NaN,|,NaN,NaN,NaN,NaN,NaN,NaN
06:12:30,|,NaN,NaN,NaN,NaN,NaN,NaN,|,NaN,NaN,NaN,NaN,NaN,NaN,|,NaN,NaN,NaN,NaN,NaN,NaN,|,NaN,NaN,NaN,NaN,NaN,NaN,|,NaN,NaN,NaN,NaN,NaN,NaN
06:17:30,|,NaN,NaN,NaN,NaN,NaN,NaN,|,NaN,NaN,NaN,NaN,NaN,NaN,|,NaN,NaN,NaN,NaN,NaN,NaN,|,NaN,NaN,NaN,NaN,NaN,NaN,|,NaN,NaN,NaN,NaN,NaN,NaN
06:22:30,|,NaN,NaN,NaN,NaN,NaN,NaN,|,NaN,NaN,NaN,NaN,NaN,NaN,|,NaN,NaN,NaN,NaN,NaN,NaN,|,NaN,NaN,NaN,NaN,NaN,NaN,|,NaN,NaN,NaN,NaN,NaN,NaN
06:27:30,|,NaN,NaN,NaN,NaN,NaN,NaN,|,NaN,NaN,NaN,NaN,NaN,NaN,|,NaN,NaN,NaN,NaN,NaN,NaN,|,NaN,NaN,NaN,NaN,NaN,NaN,|,NaN,NaN,NaN,NaN,NaN,NaN
06:32:30,|,NaN,NaN,NaN,NaN,NaN,NaN,|,NaN,NaN,NaN,NaN,NaN,NaN,|,NaN,NaN,NaN,NaN,NaN,NaN,|,NaN,NaN,NaN,NaN,NaN,NaN,|,NaN,NaN,NaN,NaN,NaN,NaN
06:37:30,|,NaN,NaN,NaN,NaN,NaN,NaN,|,NaN,NaN,NaN,NaN,NaN,NaN,|,NaN,NaN,NaN,NaN,NaN,NaN,|,NaN,NaN,NaN,NaN,NaN,NaN,|,NaN,NaN,NaN,NaN,NaN,NaN
06:42:30,|,NaN,NaN,NaN,NaN,NaN,NaN,|,NaN,NaN,NaN,NaN,NaN,NaN,|,NaN,NaN,NaN,NaN,NaN,NaN,|,NaN,NaN,NaN,NaN,NaN,NaN,|,NaN,NaN,NaN,NaN,NaN,NaN
06:47:30,|,NaN,NaN,NaN,NaN,NaN,NaN,|,NaN,NaN,NaN,NaN,NaN,NaN,|,NaN,NaN,NaN,NaN,NaN,NaN,|,NaN,NaN,NaN,NaN,NaN,NaN,|,NaN,NaN,NaN,NaN,NaN,NaN
06:52:30,|,NaN,NaN,NaN,NaN,NaN,NaN,|,NaN,NaN,NaN,NaN,NaN,NaN,|,NaN,NaN,NaN,NaN,NaN,NaN,|,NaN,NaN,NaN,NaN,NaN,NaN,|,NaN,NaN,NaN,NaN,NaN,NaN
06:57:30,|,NaN,NaN,NaN,NaN,NaN,NaN,|,NaN,NaN,NaN,NaN,NaN,NaN,|,NaN,NaN,NaN,NaN,NaN,NaN,|,NaN,NaN,NaN,NaN,NaN,NaN,|,NaN,NaN,NaN,NaN,NaN,NaN
07:02:30,|,NaN,NaN,NaN,NaN,NaN,NaN,|,NaN,NaN,NaN,NaN,NaN,NaN,|,NaN,NaN,NaN,NaN,NaN,NaN,|,NaN,NaN,NaN,NaN,NaN,NaN,|,NaN,NaN,NaN,NaN,NaN,NaN
07:07:30,|,NaN,NaN,NaN,NaN,NaN,NaN,|,NaN,NaN,NaN,NaN,NaN,NaN,|,NaN,NaN,NaN,NaN,NaN,NaN,|,NaN,NaN,NaN,NaN,NaN,NaN,|,NaN,NaN,NaN,NaN,NaN,NaN
07:12:30,|,NaN,NaN,NaN,NaN,NaN,NaN,|,NaN,NaN,NaN,NaN,NaN,NaN,|,NaN,NaN,NaN,NaN,NaN,NaN,|,NaN,NaN,NaN,NaN,NaN,NaN,|,NaN,NaN,NaN,NaN,NaN,NaN
07:17:30,|,NaN,NaN,NaN,NaN,NaN,NaN,|,NaN,NaN,NaN,NaN,NaN,NaN,|,NaN,NaN,NaN,NaN,NaN,NaN,|,NaN,NaN,NaN,NaN,NaN,NaN,|,NaN,NaN,NaN,NaN,NaN,NaN
07:22:30,|,NaN,NaN,NaN,NaN,NaN,NaN,|,NaN,NaN,NaN,NaN,NaN,NaN,|,NaN,NaN,NaN,NaN,NaN,NaN,|,NaN,NaN,NaN,NaN,NaN,NaN,|,NaN,NaN,NaN,NaN,NaN,NaN
07:27:30,|,NaN,NaN,NaN,NaN,NaN,NaN,|,NaN,NaN,NaN,NaN,NaN,NaN,|,NaN,NaN,NaN,NaN,NaN,NaN,|,NaN,NaN,NaN,NaN,NaN,NaN,|,NaN,NaN,NaN,NaN,NaN,NaN
07:32:30,|,NaN,NaN,NaN,NaN,NaN,NaN,|,NaN,NaN,NaN,NaN,NaN,NaN,|,NaN,NaN,NaN,NaN,NaN,NaN,|,NaN,NaN,NaN,NaN,NaN,NaN,|,NaN,NaN,NaN,NaN,NaN,NaN
07:37:30,|,NaN,NaN,NaN,NaN,NaN,NaN,|,NaN,NaN,NaN,NaN,NaN,NaN,|,NaN,NaN,NaN,NaN,NaN,NaN,|,NaN,NaN,NaN,NaN,NaN,NaN,|,NaN,NaN,NaN,NaN,NaN,NaN
07:42:30,|,NaN,NaN,NaN,NaN,NaN,NaN,|,NaN,NaN,NaN,NaN,NaN,NaN,|,NaN,NaN,NaN,NaN,NaN,NaN,|,NaN,NaN,NaN,NaN,NaN,NaN,|,NaN,NaN,NaN,NaN,NaN,NaN
07:47:30,|,NaN,NaN,NaN,NaN,NaN,NaN,|,NaN,NaN,NaN,NaN,NaN,NaN,|,NaN,NaN,NaN,NaN,NaN,NaN,|,NaN,NaN,NaN,NaN,NaN,NaN,|,NaN,NaN,NaN,NaN,NaN,NaN
07:52:30,|,NaN,NaN,NaN,NaN,NaN,NaN,|,NaN,NaN,NaN,NaN,NaN,NaN,|,NaN,NaN,NaN,NaN,NaN,NaN,|,NaN,NaN,NaN,NaN,NaN,NaN,|,NaN,NaN,NaN,NaN,NaN,NaN
07:57:30,|,NaN,NaN,NaN,NaN,NaN,NaN,|,NaN,NaN,NaN,NaN,NaN,NaN,|,NaN,NaN,NaN,NaN,NaN,NaN,|,NaN,NaN,NaN,NaN,NaN,NaN,|,NaN,NaN,NaN,NaN,NaN,NaN
08:02:30,|,NaN,NaN,NaN,NaN,NaN,NaN,|,NaN,NaN,NaN,NaN,NaN,NaN,|,NaN,NaN,NaN,NaN,NaN,NaN,|,NaN,NaN,NaN,NaN,NaN,NaN,|,NaN,NaN,NaN,NaN,NaN,NaN
08:07:30,|,NaN,NaN,NaN,NaN,NaN,NaN,|,NaN,NaN,NaN,NaN,NaN,NaN,|,NaN,NaN,NaN,NaN,NaN,NaN,|,NaN,NaN,NaN,NaN,NaN,NaN,|,NaN,NaN,NaN,NaN,NaN,NaN
08:12:30,|,NaN,NaN,NaN,NaN,NaN,NaN,|,NaN,NaN,NaN,NaN,NaN,NaN,|,NaN,NaN,NaN,NaN,NaN,NaN,|,NaN,NaN,NaN,NaN,NaN,NaN,|,NaN,NaN,NaN,NaN,NaN,NaN
08:17:30,|,NaN,NaN,NaN,NaN,NaN,NaN,|,NaN,NaN,NaN,NaN,NaN,NaN,|,NaN,NaN,NaN,NaN,NaN,NaN,|,NaN,NaN,NaN,NaN,NaN,NaN,|,NaN,NaN,NaN,NaN,NaN,NaN
08:22:30,|,NaN,NaN,NaN,NaN,NaN,NaN,|,NaN,NaN,NaN,NaN,NaN,NaN,|,NaN,NaN,NaN,NaN,NaN,NaN,|,NaN,NaN,NaN,NaN,NaN,NaN,|,NaN,NaN,NaN,NaN,NaN,NaN
08:27:30,|,NaN,NaN,NaN,NaN,NaN,NaN,|,NaN,NaN,NaN,NaN,NaN,NaN,|,NaN,NaN,NaN,NaN,NaN,NaN,|,NaN,NaN,NaN,NaN,NaN,NaN,|,NaN,NaN,NaN,NaN,NaN,NaN
08:32:30,|,NaN,NaN,NaN,NaN,NaN,NaN,|,NaN,NaN,NaN,NaN,NaN,NaN,|,NaN,NaN,NaN,NaN,NaN,NaN,|,NaN,NaN,NaN,NaN,NaN,NaN,|,NaN,NaN,NaN,NaN,NaN,NaN
08:37:30,|,NaN,NaN,NaN,NaN,NaN,NaN,|,NaN,NaN,NaN,NaN,NaN,NaN,|,NaN,NaN,NaN,NaN,NaN,NaN,|,NaN,NaN,NaN,NaN,NaN,NaN,|,NaN,NaN,NaN,NaN,NaN,NaN
08:42:30,|,NaN,NaN,NaN,NaN,NaN,NaN,|,NaN,NaN,NaN,NaN,NaN,NaN,|,NaN,NaN,NaN,NaN,NaN,NaN,|,NaN,NaN,NaN,NaN,NaN,NaN,|,NaN,NaN,NaN,NaN,NaN,NaN
08:47:30,|,NaN,NaN,NaN,NaN,NaN,NaN,|,NaN,NaN,NaN,NaN,NaN,NaN,|,NaN,NaN,NaN,NaN,NaN,NaN,|,NaN,NaN,NaN,NaN,NaN,NaN,|,NaN,NaN,NaN,NaN,NaN,NaN
08:52:30,|,NaN,NaN,NaN,NaN,NaN,NaN,|,NaN,NaN,NaN,NaN,NaN,NaN,|,NaN,NaN,NaN,NaN,NaN,NaN,|,NaN,NaN,NaN,NaN,NaN,NaN,|,NaN,NaN,NaN,NaN,NaN,NaN
08:57:30,|,NaN,NaN,NaN,NaN,NaN,NaN,|,NaN,NaN,NaN,NaN,NaN,NaN,|,NaN,NaN,NaN,NaN,NaN,NaN,|,NaN,NaN,NaN,NaN,NaN,NaN,|,NaN,NaN,NaN,NaN,NaN,NaN
09:02:30,|,NaN,NaN,NaN,NaN,NaN,NaN,|,NaN,NaN,NaN,NaN,NaN,NaN,|,NaN,NaN,NaN,NaN,NaN,NaN,|,NaN,NaN,NaN,NaN,NaN,NaN,|,NaN,NaN,NaN,NaN,NaN,NaN
09:07:30,|,NaN,NaN,NaN,NaN,NaN,NaN,|,NaN,NaN,NaN,NaN,NaN,NaN,|,NaN,NaN,NaN,NaN,NaN,NaN,|,NaN,NaN,NaN,NaN,NaN,NaN,|,NaN,NaN,NaN,NaN,NaN,NaN
09:12:30,|,NaN,NaN,NaN,NaN,NaN,NaN,|,NaN,NaN,NaN,NaN,NaN,NaN,|,NaN,NaN,NaN,NaN,NaN,NaN,|,NaN,NaN,NaN,NaN,NaN,NaN,|,NaN,NaN,NaN,NaN,NaN,NaN
09:17:30,|,NaN,NaN,NaN,NaN,NaN,NaN,|,NaN,NaN,NaN,NaN,NaN,NaN,|,NaN,NaN,NaN,NaN,NaN,NaN,|,NaN,NaN,NaN,NaN,NaN,NaN,|,NaN,NaN,NaN,NaN,NaN,NaN
09:22:30,|,NaN,NaN,NaN,NaN,NaN,NaN,|,NaN,NaN,NaN,NaN,NaN,NaN,|,NaN,NaN,NaN,NaN,NaN,NaN,|,NaN,NaN,NaN,NaN,NaN,NaN,|,NaN,NaN,NaN,NaN,NaN,NaN
09:27:30,|,NaN,NaN,NaN,NaN,NaN,NaN,|,NaN,NaN,NaN,NaN,NaN,NaN,|,NaN,NaN,NaN,NaN,NaN,NaN,|,NaN,NaN,NaN,NaN,NaN,NaN,|,NaN,NaN,NaN,NaN,NaN,NaN
09:32:30,|,NaN,NaN,NaN,NaN,NaN,NaN,|,NaN,NaN,NaN,NaN,NaN,NaN,|,NaN,NaN,NaN,NaN,NaN,NaN,|,NaN,NaN,NaN,NaN,NaN,NaN,|,NaN,NaN,NaN,NaN,NaN,NaN
09:37:30,|,NaN,NaN,NaN,NaN,NaN,NaN,|,NaN,NaN,NaN,NaN,NaN,NaN,|,NaN,NaN,NaN,NaN,NaN,NaN,|,NaN,NaN,NaN,NaN,NaN,NaN,|,NaN,NaN,NaN,NaN,NaN,NaN
09:42:30,|,NaN,NaN,NaN,NaN,NaN,NaN,|,NaN,NaN,NaN,NaN,NaN,NaN,|,NaN,NaN,NaN,NaN,NaN,NaN,|,NaN,NaN,NaN,NaN,NaN,NaN,|,NaN,NaN,NaN,NaN,NaN,NaN
09:47:30,|,NaN,NaN,NaN,NaN,NaN,NaN,|,NaN,NaN,NaN,NaN,NaN,NaN,|,NaN,NaN,NaN,NaN,NaN,NaN,|,NaN,NaN,NaN,NaN,NaN,NaN,|,NaN,NaN,NaN,NaN,NaN,NaN
09:52:30,|,NaN,NaN,NaN,NaN,NaN,NaN,|,NaN,NaN,NaN,NaN,NaN,NaN,|,NaN,NaN,NaN,NaN,NaN,NaN,|,NaN,NaN,NaN,NaN,NaN,NaN,|,NaN,NaN,NaN,NaN,NaN,NaN
09:57:30,|,NaN,NaN,NaN,NaN,NaN,NaN,|,NaN,NaN,NaN,NaN,NaN,NaN,|,NaN,NaN,NaN,NaN,NaN,NaN,|,NaN,NaN,NaN,NaN,NaN,NaN,|,NaN,NaN,NaN,NaN,NaN,NaN
10:02:30,|,NaN,NaN,NaN,NaN,NaN,NaN,|,NaN,NaN,NaN,NaN,NaN,NaN,|,NaN,NaN,NaN,NaN,NaN,NaN,|,NaN,NaN,NaN,NaN,NaN,NaN,|,NaN,NaN,NaN,NaN,NaN,NaN
10:07:30,|,NaN,NaN,NaN,NaN,NaN,NaN,|,NaN,NaN,NaN,NaN,NaN,NaN,|,NaN,NaN,NaN,NaN,NaN,NaN,|,NaN,NaN,NaN,NaN,NaN,NaN,|,NaN,NaN,NaN,NaN,NaN,NaN
10:12:30,|,NaN,NaN,NaN,NaN,NaN,NaN,|,NaN,NaN,NaN,NaN,NaN,NaN,|,NaN,NaN,NaN,NaN,NaN,NaN,|,NaN,NaN,NaN,NaN,NaN,NaN,|,NaN,NaN,NaN,NaN,NaN,NaN
10:17:30,|,NaN,NaN,NaN,NaN,NaN,NaN,|,NaN,NaN,NaN,NaN,NaN,NaN,|,NaN,NaN,NaN,NaN,NaN,NaN,|,NaN,NaN,NaN,NaN,NaN,NaN,|,NaN,NaN,NaN,NaN,NaN,NaN
10:22:30,|,NaN,NaN,NaN,NaN,NaN,NaN,|,NaN,NaN,NaN,NaN,NaN,NaN,|,NaN,NaN,NaN,NaN,NaN,NaN,|,NaN,NaN,NaN,NaN,NaN,NaN,|,NaN,NaN,NaN,NaN,NaN,NaN
10:27:30,|,NaN,NaN,NaN,NaN,NaN,NaN,|,NaN,NaN,NaN,NaN,NaN,NaN,|,NaN,NaN,NaN,NaN,NaN,NaN,|,NaN,NaN,NaN,NaN,NaN,NaN,|,NaN,NaN,NaN,NaN,NaN,NaN
10:32:30,|,NaN,NaN,NaN,NaN,NaN,NaN,|,NaN,NaN,NaN,NaN,NaN,NaN,|,NaN,NaN,NaN,NaN,NaN,NaN,|,NaN,NaN,NaN,NaN,NaN,NaN,|,NaN,NaN,NaN,NaN,NaN,NaN
10:37:30,|,NaN,NaN,NaN,NaN,NaN,NaN,|,NaN,NaN,NaN,NaN,NaN,NaN,|,NaN,NaN,NaN,NaN,NaN,NaN,|,NaN,NaN,NaN,NaN,NaN,NaN,|,NaN,NaN,NaN,NaN,NaN,NaN
10:42:30,|,NaN,NaN,NaN,NaN,NaN,NaN,|,NaN,NaN,NaN,NaN,NaN,NaN,|,NaN,NaN,NaN,NaN,NaN,NaN,|,NaN,NaN,NaN,NaN,NaN,NaN,|,NaN,NaN,NaN,NaN,NaN,NaN
10:47:30,|,NaN,NaN,NaN,NaN,NaN,NaN,|,NaN,NaN,NaN,NaN,NaN,NaN,|,NaN,NaN,NaN,NaN,NaN,NaN,|,NaN,NaN,NaN,NaN,NaN,NaN,|,NaN,NaN,NaN,NaN,NaN,NaN
10:52:30,|,NaN,NaN,NaN,NaN,NaN,NaN,|,NaN,NaN,NaN,NaN,NaN,NaN,|,NaN,NaN,NaN,NaN,NaN,NaN,|,NaN,NaN,NaN,NaN,NaN,NaN,|,NaN,NaN,NaN,NaN,NaN,NaN
10:57:30,|,NaN,NaN,NaN,NaN,NaN,NaN,|,NaN,NaN,NaN,NaN,NaN,NaN,|,NaN,NaN,NaN,NaN,NaN,NaN,|,NaN,NaN,NaN,NaN,NaN,NaN,|,NaN,NaN,NaN,NaN,NaN,NaN
11:02:30,|,NaN,NaN,NaN,NaN,NaN,NaN,|,NaN,NaN,NaN,NaN,NaN,NaN,|,NaN,NaN,NaN,NaN,NaN,NaN,|,NaN,NaN,NaN,NaN,NaN,NaN,|,NaN,NaN,NaN,NaN,NaN,NaN
11:07:30,|,NaN,NaN,NaN,NaN,NaN,NaN,|,NaN,NaN,NaN,NaN,NaN,NaN,|,NaN,NaN,NaN,NaN,NaN,NaN,|,NaN,NaN,NaN,NaN,NaN,NaN,|,NaN,NaN,NaN,NaN,NaN,NaN
11:12:30,|,NaN,NaN,NaN,NaN,NaN,NaN,|,NaN,NaN,NaN,NaN,NaN,NaN,|,NaN,NaN,NaN,NaN,NaN,NaN,|,NaN,NaN,NaN,NaN,NaN,NaN,|,NaN,NaN,NaN,NaN,NaN,NaN
11:17:30,|,NaN,NaN,NaN,NaN,NaN,NaN,|,NaN,NaN,NaN,NaN,NaN,NaN,|,NaN,NaN,NaN,NaN,NaN,NaN,|,NaN,NaN,NaN,NaN,NaN,NaN,|,NaN,NaN,NaN,NaN,NaN,NaN
11:22:30,|,NaN,NaN,NaN,NaN,NaN,NaN,|,NaN,NaN,NaN,NaN,NaN,NaN,|,NaN,NaN,NaN,NaN,NaN,NaN,|,NaN,NaN,NaN,NaN,NaN,NaN,|,NaN,NaN,NaN,NaN,NaN,NaN
11:27:30,|,NaN,NaN,NaN,NaN,NaN,NaN,|,NaN,NaN,NaN,NaN,NaN,NaN,|,NaN,NaN,NaN,NaN,NaN,NaN,|,NaN,NaN,NaN,NaN,NaN,NaN,|,NaN,NaN,NaN,NaN,NaN,NaN
11:32:30,|,NaN,NaN,NaN,NaN,NaN,NaN,|,NaN,NaN,NaN,NaN,NaN,NaN,|,NaN,NaN,NaN,NaN,NaN,NaN,|,NaN,NaN,NaN,NaN,NaN,NaN,|,NaN,NaN,NaN,NaN,NaN,NaN
11:37:30,|,NaN,NaN,NaN,NaN,NaN,NaN,|,NaN,NaN,NaN,NaN,NaN,NaN,|,NaN,NaN,NaN,NaN,NaN,NaN,|,NaN,NaN,NaN,NaN,NaN,NaN,|,NaN,NaN,NaN,NaN,NaN,NaN
11:42:30,|,NaN,NaN,NaN,NaN,NaN,NaN,|,NaN,NaN,NaN,NaN,NaN,NaN,|,NaN,NaN,NaN,NaN,NaN,NaN,|,NaN,NaN,NaN,NaN,NaN,NaN,|,NaN,NaN,NaN,NaN,NaN,NaN
11:47:30,|,NaN,NaN,NaN,NaN,NaN,NaN,|,NaN,NaN,NaN,NaN,NaN,NaN,|,NaN,NaN,NaN,NaN,NaN,NaN,|,NaN,NaN,NaN,NaN,NaN,NaN,|,NaN,NaN,NaN,NaN,NaN,NaN
11:52:30,|,NaN,NaN,NaN,NaN,NaN,NaN,|,NaN,NaN,NaN,NaN,NaN,NaN,|,NaN,NaN,NaN,NaN,NaN,NaN,|,NaN,NaN,NaN,NaN,NaN,NaN,|,NaN,NaN,NaN,NaN,NaN,NaN
11:57:30,|,NaN,NaN,NaN,NaN,NaN,NaN,|,NaN,NaN,NaN,NaN,NaN,NaN,|,NaN,NaN,NaN,NaN,NaN,NaN,|,NaN,NaN,NaN,NaN,NaN,NaN,|,NaN,NaN,NaN,NaN,NaN,NaN
12:02:30,|,NaN,NaN,NaN,NaN,NaN,NaN,|,NaN,NaN,NaN,NaN,NaN,NaN,|,NaN,NaN,NaN,NaN,NaN,NaN,|,NaN,NaN,NaN,NaN,NaN,NaN,|,NaN,NaN,NaN,NaN,NaN,NaN
12:07:30,|,NaN,NaN,NaN,NaN,NaN,NaN,|,NaN,NaN,NaN,NaN,NaN,NaN,|,NaN,NaN,NaN,NaN,NaN,NaN,|,NaN,NaN,NaN,NaN,NaN,NaN,|,NaN,NaN,NaN,NaN,NaN,NaN
12:12:30,|,NaN,NaN,NaN,NaN,NaN,NaN,|,NaN,NaN,NaN,NaN,NaN,NaN,|,NaN,NaN,NaN,NaN,NaN,NaN,|,NaN,NaN,NaN,NaN,NaN,NaN,|,NaN,NaN,NaN,NaN,NaN,NaN
12:17:30,|,NaN,NaN,NaN,NaN,NaN,NaN,|,NaN,NaN,NaN,NaN,NaN,NaN,|,NaN,NaN,NaN,NaN,NaN,NaN,|,NaN,NaN,NaN,NaN,NaN,NaN,|,NaN,NaN,NaN,NaN,NaN,NaN
12:22:30,|,NaN,NaN,NaN,NaN,NaN,NaN,|,NaN,NaN,NaN,NaN,NaN,NaN,|,NaN,NaN,NaN,NaN,NaN,NaN,|,NaN,NaN,NaN,NaN,NaN,NaN,|,NaN,NaN,NaN,NaN,NaN,NaN
12:27:30,|,NaN,NaN,NaN,NaN,NaN,NaN,|,NaN,NaN,NaN,NaN,NaN,NaN,|,NaN,NaN,NaN,NaN,NaN,NaN,|,NaN,NaN,NaN,NaN,NaN,NaN,|,NaN,NaN,NaN,NaN,NaN,NaN
12:32:30,|,NaN,NaN,NaN,NaN,NaN,NaN,|,NaN,NaN,NaN,NaN,NaN,NaN,|,NaN,NaN,NaN,NaN,NaN,NaN,|,NaN,NaN,NaN,NaN,NaN,NaN,|,NaN,NaN,NaN,NaN,NaN,NaN
12:37:30,|,NaN,NaN,NaN,NaN,NaN,NaN,|,NaN,NaN,NaN,NaN,NaN,NaN,|,NaN,NaN,NaN,NaN,NaN,NaN,|,NaN,NaN,NaN,NaN,NaN,NaN,|,NaN,NaN,NaN,NaN,NaN,NaN
12:42:30,|,NaN,NaN,NaN,NaN,NaN,NaN,|,NaN,NaN,NaN,NaN,NaN,NaN,|,NaN,NaN,NaN,NaN,NaN,NaN,|,NaN,NaN,NaN,NaN,NaN,NaN,|,NaN,NaN,NaN,NaN,NaN,NaN
12:47:30,|,NaN,NaN,NaN,NaN,NaN,NaN,|,NaN,NaN,NaN,NaN,NaN,NaN,|,NaN,NaN,NaN,NaN,NaN,NaN,|,NaN,NaN,NaN,NaN,NaN,NaN,|,NaN,NaN,NaN,NaN,NaN,NaN
12:52:30,|,NaN,NaN,NaN,NaN,NaN,NaN,|,NaN,NaN,NaN,NaN,NaN,NaN,|,NaN,NaN,NaN,NaN,NaN,NaN,|,NaN,NaN,NaN,NaN,NaN,NaN,|,NaN,NaN,NaN,NaN,NaN,NaN
12:57:30,|,NaN,NaN,NaN,NaN,NaN,NaN,|,NaN,NaN,NaN,NaN,NaN,NaN,|,NaN,NaN,NaN,NaN,NaN,NaN,|,NaN,NaN,NaN,NaN,NaN,NaN,|,NaN,NaN,NaN,NaN,NaN,NaN
13:02:30,|,NaN,NaN,NaN,NaN,NaN,NaN,|,NaN,NaN,NaN,NaN,NaN,NaN,|,NaN,NaN,NaN,NaN,NaN,NaN,|,NaN,NaN,NaN,NaN,NaN,NaN,|,NaN,NaN,NaN,NaN,NaN,NaN
13:07:30,|,NaN,NaN,NaN,NaN,NaN,NaN,|,NaN,NaN,NaN,NaN,NaN,NaN,|,NaN,NaN,NaN,NaN,NaN,NaN,|,NaN,NaN,NaN,NaN,NaN,NaN,|,NaN,NaN,NaN,NaN,NaN,NaN
13:12:30,|,NaN,NaN,NaN,NaN,NaN,NaN,|,NaN,NaN,NaN,NaN,NaN,NaN,|,NaN,NaN,NaN,NaN,NaN,NaN,|,NaN,NaN,NaN,NaN,NaN,NaN,|,NaN,NaN,NaN,NaN,NaN,NaN
13:17:30,|,NaN,NaN,NaN,NaN,NaN,NaN,|,NaN,NaN,NaN,NaN,NaN,NaN,|,NaN,NaN,NaN,NaN,NaN,NaN,|,NaN,NaN,NaN,NaN,NaN,NaN,|,NaN,NaN,NaN,NaN,NaN,NaN
13:22:30,|,NaN,NaN,NaN,NaN,NaN,NaN,|,NaN,NaN,NaN,NaN,NaN,NaN,|,NaN,NaN,NaN,NaN,NaN,NaN,|,NaN,NaN,NaN,NaN,NaN,NaN,|,NaN,NaN,NaN,NaN,NaN,NaN
13:27:30,|,NaN,NaN,NaN,NaN,NaN,NaN,|,NaN,NaN,NaN,NaN,NaN,NaN,|,NaN,NaN,NaN,NaN,NaN,NaN,|,NaN,NaN,NaN,NaN,NaN,NaN,|,NaN,NaN,NaN,NaN,NaN,NaN
13:32:30,|,NaN,NaN,NaN,NaN,NaN,NaN,|,NaN,NaN,NaN,NaN,NaN,NaN,|,NaN,NaN,NaN,NaN,NaN,NaN,|,NaN,NaN,NaN,NaN,NaN,NaN,|,NaN,NaN,NaN,NaN,NaN,NaN
13:37:30,|,NaN,NaN,NaN,NaN,NaN,NaN,|,NaN,NaN,NaN,NaN,NaN,NaN,|,NaN,NaN,NaN,NaN,NaN,NaN,|,NaN,NaN,NaN,NaN,NaN,NaN,|,NaN,NaN,NaN,NaN,NaN,NaN
13:42:30,|,NaN,NaN,NaN,NaN,NaN,NaN,|,NaN,NaN,NaN,NaN,NaN,NaN,|,NaN,NaN,NaN,NaN,NaN,NaN,|,NaN,NaN,NaN,NaN,NaN,NaN,|,NaN,NaN,NaN,NaN,NaN,NaN
13:47:30,|,NaN,NaN,NaN,NaN,NaN,NaN,|,NaN,NaN,NaN,NaN,NaN,NaN,|,NaN,NaN,NaN,NaN,NaN,NaN,|,NaN,NaN,NaN,NaN,NaN,NaN,|,NaN,NaN,NaN,NaN,NaN,NaN
13:52:30,|,NaN,NaN,NaN,NaN,NaN,NaN,|,NaN,NaN,NaN,NaN,NaN,NaN,|,NaN,NaN,NaN,NaN,NaN,NaN,|,NaN,NaN,NaN,NaN,NaN,NaN,|,NaN,NaN,NaN,NaN,NaN,NaN
13:57:30,|,NaN,NaN,NaN,NaN,NaN,NaN,|,NaN,NaN,NaN,NaN,NaN,NaN,|,NaN,NaN,NaN,NaN,NaN,NaN,|,NaN,NaN,NaN,NaN,NaN,NaN,|,NaN,NaN,NaN,NaN,NaN,NaN
14:02:30,|,NaN,NaN,NaN,NaN,NaN,NaN,|,NaN,NaN,NaN,NaN,NaN,NaN,|,NaN,NaN,NaN,NaN,NaN,NaN,|,NaN,NaN,NaN,NaN,NaN,NaN,|,NaN,NaN,NaN,NaN,NaN,NaN
14:07:30,|,NaN,NaN,NaN,NaN,NaN,NaN,|,NaN,NaN,NaN,NaN,NaN,NaN,|,NaN,NaN,NaN,NaN,NaN,NaN,|,NaN,NaN,NaN,NaN,NaN,NaN,|,NaN,NaN,NaN,NaN,NaN,NaN
14:12:30,|,NaN,NaN,NaN,NaN,NaN,NaN,|,NaN,NaN,NaN,NaN,NaN,NaN,|,NaN,NaN,NaN,NaN,NaN,NaN,|,NaN,NaN,NaN,NaN,NaN,NaN,|,NaN,NaN,NaN,NaN,NaN,NaN
14:17:30,|,NaN,NaN,NaN,NaN,NaN,NaN,|,NaN,NaN,NaN,NaN,NaN,NaN,|,NaN,NaN,NaN,NaN,NaN,NaN,|,NaN,NaN,NaN,NaN,NaN,NaN,|,NaN,NaN,NaN,NaN,NaN,NaN
14:22:30,|,NaN,NaN,NaN,NaN,NaN,NaN,|,NaN,NaN,NaN,NaN,NaN,NaN,|,NaN,NaN,NaN,NaN,NaN,NaN,|,NaN,NaN,NaN,NaN,NaN,NaN,|,NaN,NaN,NaN,NaN,NaN,NaN
14:27:30,|,NaN,NaN,NaN,NaN,NaN,NaN,|,NaN,NaN,NaN,NaN,NaN,NaN,|,NaN,NaN,NaN,NaN,NaN,NaN,|,NaN,NaN,NaN,NaN,NaN,NaN,|,NaN,NaN,NaN,NaN,NaN,NaN
14:32:30,|,NaN,NaN,NaN,NaN,NaN,NaN,|,NaN,NaN,NaN,NaN,NaN,NaN,|,NaN,NaN,NaN,NaN,NaN,NaN,|,NaN,NaN,NaN,NaN,NaN,NaN,|,NaN,NaN,NaN,NaN,NaN,NaN
14:37:30,|,NaN,NaN,NaN,NaN,NaN,NaN,|,NaN,NaN,NaN,NaN,NaN,NaN,|,NaN,NaN,NaN,NaN,NaN,NaN,|,NaN,NaN,NaN,NaN,NaN,NaN,|,NaN,NaN,NaN,NaN,NaN,NaN
14:42:30,|,NaN,NaN,NaN,NaN,NaN,NaN,|,NaN,NaN,NaN,NaN,NaN,NaN,|,NaN,NaN,NaN,NaN,NaN,NaN,|,NaN,NaN,NaN,NaN,NaN,NaN,|,NaN,NaN,NaN,NaN,NaN,NaN
14:47:30,|,NaN,NaN,NaN,NaN,NaN,NaN,|,NaN,NaN,NaN,NaN,NaN,NaN,|,NaN,NaN,NaN,NaN,NaN,NaN,|,NaN,NaN,NaN,NaN,NaN,NaN,|,NaN,NaN,NaN,NaN,NaN,NaN
14:52:30,|,NaN,NaN,NaN,NaN,NaN,NaN,|,NaN,NaN,NaN,NaN,NaN,NaN,|,NaN,NaN,NaN,NaN,NaN,NaN,|,NaN,NaN,NaN,NaN,NaN,NaN,|,NaN,NaN,NaN,NaN,NaN,NaN
14:57:30,|,NaN,NaN,NaN,NaN,NaN,NaN,|,NaN,NaN,NaN,NaN,NaN,NaN,|,NaN,NaN,NaN,NaN,NaN,NaN,|,NaN,NaN,NaN,NaN,NaN,NaN,|,NaN,NaN,NaN,NaN,NaN,NaN
15:02:30,|,NaN,NaN,NaN,NaN,NaN,NaN,|,NaN,NaN,NaN,NaN,NaN,NaN,|,NaN,NaN,NaN,NaN,NaN,NaN,|,NaN,NaN,NaN,NaN,NaN,NaN,|,NaN,NaN,NaN,NaN,NaN,NaN
15:07:30,|,NaN,NaN,NaN,NaN,NaN,NaN,|,NaN,NaN,NaN,NaN,NaN,NaN,|,NaN,NaN,NaN,NaN,NaN,NaN,|,NaN,NaN,NaN,NaN,NaN,NaN,|,NaN,NaN,NaN,NaN,NaN,NaN
15:12:30,|,NaN,NaN,NaN,NaN,NaN,NaN,|,NaN,NaN,NaN,NaN,NaN,NaN,|,NaN,NaN,NaN,NaN,NaN,NaN,|,NaN,NaN,NaN,NaN,NaN,NaN,|,NaN,NaN,NaN,NaN,NaN,NaN
15:17:30,|,NaN,NaN,NaN,NaN,NaN,NaN,|,NaN,NaN,NaN,NaN,NaN,NaN,|,NaN,NaN,NaN,NaN,NaN,NaN,|,NaN,NaN,NaN,NaN,NaN,NaN,|,NaN,NaN,NaN,NaN,NaN,NaN
15:22:30,|,NaN,NaN,NaN,NaN,NaN,NaN,|,NaN,NaN,NaN,NaN,NaN,NaN,|,NaN,NaN,NaN,NaN,NaN,NaN,|,NaN,NaN,NaN,NaN,NaN,NaN,|,NaN,NaN,NaN,NaN,NaN,NaN
15:27:30,|,NaN,NaN,NaN,NaN,NaN,NaN,|,NaN,NaN,NaN,NaN,NaN,NaN,|,NaN,NaN,NaN,NaN,NaN,NaN,|,NaN,NaN,NaN,NaN,NaN,NaN,|,NaN,NaN,NaN,NaN,NaN,NaN
15:32:30,|,NaN,NaN,NaN,NaN,NaN,NaN,|,NaN,NaN,NaN,NaN,NaN,NaN,|,NaN,NaN,NaN,NaN,NaN,NaN,|,NaN,NaN,NaN,NaN,NaN,NaN,|,NaN,NaN,NaN,NaN,NaN,NaN
15:37:30,|,NaN,NaN,NaN,NaN,NaN,NaN,|,NaN,NaN,NaN,NaN,NaN,NaN,|,NaN,NaN,NaN,NaN,NaN,NaN,|,NaN,NaN,NaN,NaN,NaN,NaN,|,NaN,NaN,NaN,NaN,NaN,NaN
15:42:30,|,NaN,NaN,NaN,NaN,NaN,NaN,|,NaN,NaN,NaN,NaN,NaN,NaN,|,NaN,NaN,NaN,NaN,NaN,NaN,|,NaN,NaN,NaN,NaN,NaN,NaN,|,NaN,NaN,NaN,NaN,NaN,NaN
15:47:30,|,NaN,NaN,NaN,NaN,NaN,NaN,|,NaN,NaN,NaN,NaN,NaN,NaN,|,NaN,NaN,NaN,NaN,NaN,NaN,|,NaN,NaN,NaN,NaN,NaN,NaN,|,NaN,NaN,NaN,NaN,NaN,NaN
15:52:30,|,NaN,NaN,NaN,NaN,NaN,NaN,|,NaN,NaN,NaN,NaN,NaN,NaN,|,NaN,NaN,NaN,NaN,NaN,NaN,|,NaN,NaN,NaN,NaN,NaN,NaN,|,NaN,NaN,NaN,NaN,NaN,NaN
15:57:30,|,NaN,NaN,NaN,NaN,NaN,NaN,|,NaN,NaN,NaN,NaN,NaN,NaN,|,NaN,NaN,NaN,NaN,NaN,NaN,|,NaN,NaN,NaN,NaN,NaN,NaN,|,NaN,NaN,NaN,NaN,NaN,NaN
16:02:30,|,NaN,NaN,NaN,NaN,NaN,NaN,|,NaN,NaN,NaN,NaN,NaN,NaN,|,NaN,NaN,NaN,NaN,NaN,NaN,|,NaN,NaN,NaN,NaN,NaN,NaN,|,NaN,NaN,NaN,NaN,NaN,NaN
16:07:30,|,NaN,NaN,NaN,NaN,NaN,NaN,|,NaN,NaN,NaN,NaN,NaN,NaN,|,NaN,NaN,NaN,NaN,NaN,NaN,|,NaN,NaN,NaN,NaN,NaN,NaN,|,NaN,NaN,NaN,NaN,NaN,NaN
16:12:30,|,NaN,NaN,NaN,NaN,NaN,NaN,|,NaN,NaN,NaN,NaN,NaN,NaN,|,NaN,NaN,NaN,NaN,NaN,NaN,|,NaN,NaN,NaN,NaN,NaN,NaN,|,NaN,NaN,NaN,NaN,NaN,NaN
16:17:30,|,NaN,NaN,NaN,NaN,NaN,NaN,|,NaN,NaN,NaN,NaN,NaN,NaN,|,NaN,NaN,NaN,NaN,NaN,NaN,|,NaN,NaN,NaN,NaN,NaN,NaN,|,NaN,NaN,NaN,NaN,NaN,NaN
16:22:30,|,NaN,NaN,NaN,NaN,NaN,NaN,|,NaN,NaN,NaN,NaN,NaN,NaN,|,NaN,NaN,NaN,NaN,NaN,NaN,|,NaN,NaN,NaN,NaN,NaN,NaN,|,NaN,NaN,NaN,NaN,NaN,NaN
16:27:30,|,NaN,NaN,NaN,NaN,NaN,NaN,|,NaN,NaN,NaN,NaN,NaN,NaN,|,NaN,NaN,NaN,NaN,NaN,NaN,|,NaN,NaN,NaN,NaN,NaN,NaN,|,NaN,NaN,NaN,NaN,NaN,NaN
16:32:30,|,NaN,NaN,NaN,NaN,NaN,NaN,|,NaN,NaN,NaN,NaN,NaN,NaN,|,NaN,NaN,NaN,NaN,NaN,NaN,|,NaN,NaN,NaN,NaN,NaN,NaN,|,NaN,NaN,NaN,NaN,NaN,NaN
16:37:30,|,NaN,NaN,NaN,2.43592810630798,NaN,2.96847724914551,|,NaN,NaN,NaN,NaN,NaN,NaN,|,NaN,NaN,NaN,NaN,NaN,NaN,|,NaN,NaN,NaN,NaN,NaN,NaN,|,NaN,NaN,NaN,NaN,NaN,NaN
16:42:30,|,NaN,NaN,NaN,2.07254362106323,NaN,2.77152061462402,|,NaN,NaN,NaN,NaN,NaN,NaN,|,NaN,NaN,NaN,NaN,NaN,NaN,|,NaN,NaN,NaN,NaN,NaN,NaN,|,NaN,NaN,NaN,NaN,NaN,NaN
16:47:30,|,NaN,NaN,NaN,1.29793226718903,NaN,1.52146899700165,|,NaN,NaN,NaN,NaN,NaN,NaN,|,NaN,NaN,NaN,NaN,NaN,NaN,|,NaN,NaN,NaN,NaN,NaN,NaN,|,NaN,NaN,NaN,NaN,NaN,NaN
16:52:30,|,NaN,NaN,NaN,1.77667760848999,NaN,2.32216930389404,|,NaN,NaN,NaN,NaN,NaN,NaN,|,NaN,NaN,NaN,NaN,NaN,NaN,|,NaN,NaN,NaN,NaN,NaN,NaN,|,NaN,NaN,NaN,NaN,NaN,NaN
16:57:30,|,NaN,1.64672756195068,1.78721714019775,1.93487012386322,NaN,2.10020637512207,|,NaN,NaN,NaN,NaN,NaN,NaN,|,NaN,NaN,NaN,NaN,NaN,NaN,|,NaN,NaN,NaN,NaN,NaN,NaN,|,NaN,NaN,NaN,NaN,NaN,NaN
17:02:30,|,NaN,2.08752465248108,2.18898105621338,2.25314450263977,NaN,2.78603029251099,|,NaN,NaN,NaN,NaN,NaN,NaN,|,NaN,NaN,NaN,NaN,NaN,NaN,|,NaN,NaN,NaN,NaN,NaN,NaN,|,NaN,NaN,NaN,NaN,NaN,NaN
17:07:30,|,NaN,1.78218758106232,1.84279847145081,1.88177287578583,NaN,2.45647001266479,|,NaN,NaN,NaN,NaN,NaN,NaN,|,NaN,NaN,NaN,NaN,NaN,NaN,|,NaN,NaN,NaN,NaN,NaN,NaN,|,NaN,NaN,NaN,NaN,NaN,NaN
17:12:30,|,NaN,1.64303255081177,1.77000033855438,1.96757066249847,NaN,2.43188047409058,|,NaN,NaN,NaN,NaN,NaN,NaN,|,NaN,NaN,NaN,NaN,NaN,NaN,|,NaN,NaN,NaN,NaN,NaN,NaN,|,NaN,NaN,NaN,NaN,NaN,NaN
17:17:30,|,NaN,1.39510810375214,1.57357001304626,2.04730987548828,NaN,3.0568413734436,|,NaN,NaN,NaN,NaN,NaN,NaN,|,NaN,NaN,NaN,NaN,NaN,NaN,|,NaN,NaN,NaN,NaN,NaN,NaN,|,NaN,NaN,NaN,NaN,NaN,NaN
17:22:30,|,NaN,1.35207903385162,1.47491919994354,1.75973463058472,NaN,2.62213397026062,|,NaN,NaN,NaN,NaN,NaN,NaN,|,NaN,NaN,NaN,NaN,NaN,NaN,|,NaN,NaN,NaN,NaN,NaN,NaN,|,NaN,NaN,NaN,NaN,NaN,NaN
17:27:30,|,NaN,1.333979845047,1.40361559391022,1.56395161151886,NaN,2.28814935684204,|,NaN,NaN,NaN,NaN,NaN,NaN,|,NaN,NaN,NaN,NaN,NaN,NaN,|,NaN,NaN,NaN,NaN,NaN,NaN,|,NaN,NaN,NaN,NaN,NaN,NaN
17:32:30,|,NaN,1.25569593906403,1.39013755321503,1.6164767742157,NaN,2.40748763084412,|,NaN,NaN,NaN,NaN,NaN,NaN,|,NaN,NaN,NaN,NaN,NaN,NaN,|,NaN,NaN,NaN,NaN,NaN,NaN,|,NaN,NaN,NaN,NaN,NaN,NaN
17:37:30,|,NaN,1.03072321414948,1.0457352399826,1.23376369476318,NaN,1.96712696552277,|,NaN,NaN,NaN,NaN,NaN,NaN,|,NaN,NaN,NaN,NaN,NaN,NaN,|,NaN,NaN,NaN,NaN,NaN,NaN,|,NaN,NaN,NaN,NaN,NaN,NaN
17:42:30,|,NaN,1.10287499427795,1.30232644081116,1.54203736782074,NaN,2.32987642288208,|,NaN,NaN,NaN,NaN,NaN,NaN,|,NaN,NaN,NaN,NaN,NaN,NaN,|,NaN,NaN,NaN,NaN,NaN,NaN,|,NaN,NaN,NaN,NaN,NaN,NaN
17:47:30,|,NaN,1.2084709405899,1.32502293586731,1.71742272377014,NaN,2.44589853286743,|,NaN,NaN,NaN,NaN,NaN,NaN,|,NaN,NaN,NaN,NaN,NaN,NaN,|,NaN,NaN,NaN,NaN,NaN,NaN,|,NaN,NaN,NaN,NaN,NaN,NaN
17:52:30,|,NaN,1.02235651016235,1.11115312576294,1.26922404766083,NaN,1.91465842723846,|,NaN,NaN,NaN,NaN,NaN,NaN,|,NaN,NaN,NaN,NaN,NaN,NaN,|,NaN,NaN,NaN,NaN,NaN,NaN,|,NaN,NaN,NaN,NaN,NaN,NaN
17:57:30,|,NaN,0.795816600322723,0.859379291534424,0.990576803684235,NaN,1.62811434268951,|,NaN,NaN,NaN,NaN,NaN,NaN,|,NaN,NaN,NaN,NaN,NaN,NaN,|,NaN,NaN,NaN,NaN,NaN,NaN,|,NaN,NaN,NaN,NaN,NaN,NaN
18:02:30,|,NaN,0.95939177274704,0.980832695960999,1.14541351795197,NaN,1.90908133983612,|,NaN,NaN,NaN,NaN,NaN,NaN,|,NaN,NaN,NaN,NaN,NaN,NaN,|,NaN,NaN,NaN,NaN,NaN,NaN,|,NaN,NaN,NaN,NaN,NaN,NaN
18:07:30,|,NaN,1.08661234378815,1.27875459194183,1.56702446937561,NaN,2.33930253982544,|,NaN,NaN,NaN,NaN,NaN,NaN,|,NaN,NaN,NaN,NaN,NaN,NaN,|,NaN,NaN,NaN,NaN,NaN,NaN,|,NaN,NaN,NaN,NaN,NaN,NaN
18:12:30,|,NaN,1.10956001281738,1.10907077789307,1.28584003448486,NaN,2.11141610145569,|,NaN,NaN,NaN,NaN,NaN,NaN,|,NaN,NaN,NaN,NaN,NaN,NaN,|,NaN,NaN,NaN,NaN,NaN,NaN,|,NaN,NaN,NaN,NaN,NaN,NaN
18:17:30,|,NaN,0.931776881217957,1.00682199001312,1.08397543430328,NaN,1.69357311725616,|,NaN,NaN,NaN,NaN,NaN,NaN,|,NaN,NaN,NaN,NaN,NaN,NaN,|,NaN,NaN,NaN,NaN,NaN,NaN,|,NaN,NaN,NaN,NaN,NaN,NaN
18:22:30,|,NaN,0.847549736499786,1.03806865215302,1.22735989093781,NaN,1.85328793525696,|,NaN,NaN,NaN,NaN,NaN,NaN,|,NaN,NaN,NaN,NaN,NaN,NaN,|,NaN,NaN,NaN,NaN,NaN,NaN,|,NaN,NaN,NaN,NaN,NaN,NaN
18:27:30,|,NaN,0.740458905696869,0.84393435716629,1.01405441761017,NaN,1.77142107486725,|,NaN,NaN,NaN,NaN,NaN,NaN,|,NaN,NaN,NaN,NaN,NaN,NaN,|,NaN,NaN,NaN,NaN,NaN,NaN,|,NaN,NaN,NaN,NaN,NaN,NaN
18:32:30,|,NaN,0.620752096176147,0.753442704677582,0.906417012214661,NaN,1.55860936641693,|,NaN,NaN,NaN,NaN,NaN,NaN,|,NaN,NaN,NaN,NaN,NaN,NaN,|,NaN,NaN,NaN,NaN,NaN,NaN,|,NaN,NaN,NaN,NaN,NaN,NaN
18:37:30,|,NaN,0.574549078941345,0.723393023014069,0.925771534442902,NaN,1.71211791038513,|,NaN,NaN,NaN,NaN,NaN,NaN,|,NaN,NaN,NaN,NaN,NaN,NaN,|,NaN,NaN,NaN,NaN,NaN,NaN,|,NaN,NaN,NaN,NaN,NaN,NaN
18:42:30,|,NaN,0.367886453866959,0.573293924331665,0.833063781261444,NaN,1.64793848991394,|,NaN,NaN,NaN,NaN,NaN,NaN,|,NaN,NaN,NaN,NaN,NaN,NaN,|,NaN,NaN,NaN,NaN,NaN,NaN,|,NaN,NaN,NaN,NaN,NaN,NaN
18:47:30,|,NaN,0.550597429275513,0.760734796524048,0.92585277557373,NaN,1.82545077800751,|,NaN,NaN,NaN,NaN,NaN,NaN,|,NaN,NaN,NaN,NaN,NaN,NaN,|,NaN,NaN,NaN,NaN,NaN,NaN,|,NaN,NaN,NaN,NaN,NaN,NaN
18:52:30,|,NaN,0.423713773488998,0.621440947055817,0.825819075107574,NaN,1.71340525150299,|,NaN,NaN,NaN,NaN,NaN,NaN,|,NaN,NaN,NaN,NaN,NaN,NaN,|,NaN,NaN,NaN,NaN,NaN,NaN,|,NaN,NaN,NaN,NaN,NaN,NaN
18:57:30,|,NaN,0.199622347950935,0.328785508871078,0.646360337734222,NaN,1.65605628490448,|,NaN,NaN,NaN,NaN,NaN,NaN,|,NaN,NaN,NaN,NaN,NaN,NaN,|,NaN,NaN,NaN,NaN,NaN,NaN,|,NaN,NaN,NaN,NaN,NaN,NaN
