CDT_time,bar_fence,dir_0_2m_init,dir_1_5m_init,dir_3m_init,dir_4_5m_init,dir_6m_init,dir_10m_init,bar_fence_1,dir_0_2m_rel,dir_1_5m_rel,dir_3m_rel,dir_4_5m_rel,dir_6m_rel,dir_10m_rel,bar_fence_2,dir_0_2m_uconv,dir_1_5m_uconv,dir_3m_uconv,dir_4_5m_uconv,dir_6m_uconv,dir_10m_uconv,bar_fence_3,dir_0_2m_lconv,dir_1_5m_lconv,dir_3m_lconv,dir_4_5m_lconv,dir_6m_lconv,dir_10m_lconv,bar_fence_4,dir_8_5m_rel,dir_8_5m_lconv,dir_15m_rel,dir_15m_lconv,dir_20m_rel,dir_20m_lconv
19:02:30,|,NaN,NaN,NaN,NaN,NaN,NaN,|,NaN,NaN,NaN,NaN,NaN,NaN,|,NaN,NaN,NaN,NaN,NaN,NaN,|,NaN,NaN,NaN,NaN,NaN,NaN,|,NaN,NaN,NaN,NaN,NaN,NaN
19:07:30,|,NaN,NaN,NaN,NaN,NaN,NaN,|,NaN,NaN,NaN,NaN,NaN,NaN,|,NaN,NaN,NaN,NaN,NaN,NaN,|,NaN,NaN,NaN,NaN,NaN,NaN,|,NaN,NaN,NaN,NaN,NaN,NaN
19:12:30,|,NaN,NaN,NaN,NaN,NaN,NaN,|,NaN,NaN,NaN,NaN,NaN,NaN,|,NaN,NaN,NaN,NaN,NaN,NaN,|,NaN,NaN,NaN,NaN,NaN,NaN,|,NaN,NaN,NaN,NaN,NaN,NaN
19:17:30,|,NaN,NaN,NaN,NaN,NaN,NaN,|,NaN,NaN,NaN,NaN,NaN,NaN,|,NaN,NaN,NaN,NaN,NaN,NaN,|,NaN,NaN,NaN,NaN,NaN,NaN,|,NaN,NaN,NaN,NaN,NaN,NaN
19:22:30,|,NaN,NaN,NaN,NaN,NaN,NaN,|,NaN,NaN,NaN,NaN,NaN,NaN,|,NaN,NaN,NaN,NaN,NaN,NaN,|,NaN,NaN,NaN,NaN,NaN,NaN,|,NaN,NaN,NaN,NaN,NaN,NaN
19:27:30,|,NaN,NaN,NaN,NaN,NaN,NaN,|,NaN,NaN,NaN,NaN,NaN,NaN,|,NaN,NaN,NaN,NaN,NaN,NaN,|,NaN,NaN,NaN,NaN,NaN,NaN,|,NaN,NaN,NaN,NaN,NaN,NaN
19:32:30,|,NaN,NaN,NaN,NaN,NaN,NaN,|,NaN,NaN,NaN,NaN,NaN,NaN,|,NaN,NaN,NaN,NaN,NaN,NaN,|,NaN,NaN,NaN,NaN,NaN,NaN,|,NaN,NaN,NaN,NaN,NaN,NaN
19:37:30,|,NaN,NaN,NaN,NaN,NaN,NaN,|,NaN,NaN,NaN,NaN,NaN,NaN,|,NaN,NaN,NaN,NaN,NaN,NaN,|,NaN,NaN,NaN,NaN,NaN,NaN,|,NaN,NaN,NaN,NaN,NaN,NaN
19:42:30,|,NaN,NaN,NaN,NaN,NaN,NaN,|,NaN,NaN,NaN,NaN,NaN,NaN,|,NaN,NaN,NaN,NaN,NaN,NaN,|,NaN,NaN,NaN,NaN,NaN,NaN,|,NaN,NaN,NaN,NaN,NaN,NaN
19:47:30,|,NaN,NaN,NaN,NaN,NaN,NaN,|,NaN,NaN,NaN,NaN,NaN,NaN,|,NaN,NaN,NaN,NaN,NaN,NaN,|,NaN,NaN,NaN,NaN,NaN,NaN,|,NaN,NaN,NaN,NaN,NaN,NaN
19:52:30,|,NaN,NaN,NaN,NaN,NaN,NaN,|,NaN,NaN,NaN,NaN,NaN,NaN,|,NaN,NaN,NaN,NaN,NaN,NaN,|,NaN,NaN,NaN,NaN,NaN,NaN,|,NaN,NaN,NaN,NaN,NaN,NaN
19:57:30,|,NaN,NaN,NaN,NaN,NaN,NaN,|,NaN,NaN,NaN,NaN,NaN,NaN,|,NaN,NaN,NaN,NaN,NaN,NaN,|,NaN,NaN,NaN,NaN,NaN,NaN,|,NaN,NaN,NaN,NaN,NaN,NaN
20:02:30,|,NaN,NaN,NaN,NaN,NaN,NaN,|,NaN,NaN,NaN,NaN,NaN,NaN,|,NaN,NaN,NaN,NaN,NaN,NaN,|,NaN,NaN,NaN,NaN,NaN,NaN,|,NaN,NaN,NaN,NaN,NaN,NaN
20:07:30,|,NaN,NaN,NaN,NaN,NaN,NaN,|,NaN,NaN,NaN,NaN,NaN,NaN,|,NaN,NaN,NaN,NaN,NaN,NaN,|,NaN,NaN,NaN,NaN,NaN,NaN,|,NaN,NaN,NaN,NaN,NaN,NaN
20:12:30,|,NaN,NaN,NaN,NaN,NaN,NaN,|,NaN,NaN,NaN,NaN,NaN,NaN,|,NaN,NaN,NaN,NaN,NaN,NaN,|,NaN,NaN,NaN,NaN,NaN,NaN,|,NaN,NaN,NaN,NaN,NaN,NaN
20:17:30,|,NaN,NaN,NaN,NaN,NaN,NaN,|,NaN,NaN,NaN,NaN,NaN,NaN,|,NaN,NaN,NaN,NaN,NaN,NaN,|,NaN,NaN,NaN,NaN,NaN,NaN,|,NaN,NaN,NaN,NaN,NaN,NaN
20:22:30,|,NaN,NaN,NaN,NaN,NaN,NaN,|,NaN,NaN,NaN,NaN,NaN,NaN,|,NaN,NaN,NaN,NaN,NaN,NaN,|,NaN,NaN,NaN,NaN,NaN,NaN,|,NaN,NaN,NaN,NaN,NaN,NaN
20:27:30,|,NaN,NaN,NaN,NaN,NaN,NaN,|,NaN,NaN,NaN,NaN,NaN,NaN,|,NaN,NaN,NaN,NaN,NaN,NaN,|,NaN,NaN,NaN,NaN,NaN,NaN,|,NaN,NaN,NaN,NaN,NaN,NaN
20:32:30,|,NaN,NaN,NaN,NaN,NaN,NaN,|,NaN,NaN,NaN,NaN,NaN,NaN,|,NaN,NaN,NaN,NaN,NaN,NaN,|,NaN,NaN,NaN,NaN,NaN,NaN,|,NaN,NaN,NaN,NaN,NaN,NaN
20:37:30,|,NaN,NaN,NaN,NaN,NaN,NaN,|,NaN,NaN,NaN,NaN,NaN,NaN,|,NaN,NaN,NaN,NaN,NaN,NaN,|,NaN,NaN,NaN,NaN,NaN,NaN,|,NaN,NaN,NaN,NaN,NaN,NaN
20:42:30,|,NaN,NaN,NaN,NaN,NaN,NaN,|,NaN,NaN,NaN,NaN,NaN,NaN,|,NaN,NaN,NaN,NaN,NaN,NaN,|,NaN,NaN,NaN,NaN,NaN,NaN,|,NaN,NaN,NaN,NaN,NaN,NaN
20:47:30,|,NaN,NaN,NaN,NaN,NaN,NaN,|,NaN,NaN,NaN,NaN,NaN,NaN,|,NaN,NaN,NaN,NaN,NaN,NaN,|,NaN,NaN,NaN,NaN,NaN,NaN,|,NaN,NaN,NaN,NaN,NaN,NaN
20:52:30,|,NaN,NaN,NaN,NaN,NaN,NaN,|,NaN,NaN,NaN,NaN,NaN,NaN,|,NaN,NaN,NaN,NaN,NaN,NaN,|,NaN,NaN,NaN,NaN,NaN,NaN,|,NaN,NaN,NaN,NaN,NaN,NaN
20:57:30,|,NaN,NaN,NaN,NaN,NaN,NaN,|,NaN,NaN,NaN,NaN,NaN,NaN,|,NaN,NaN,NaN,NaN,NaN,NaN,|,NaN,NaN,NaN,NaN,NaN,NaN,|,NaN,NaN,NaN,NaN,NaN,NaN
21:02:30,|,NaN,NaN,NaN,NaN,NaN,NaN,|,NaN,NaN,NaN,NaN,NaN,NaN,|,NaN,NaN,NaN,NaN,NaN,NaN,|,NaN,NaN,NaN,NaN,NaN,NaN,|,NaN,NaN,NaN,NaN,NaN,NaN
21:07:30,|,NaN,NaN,NaN,NaN,NaN,NaN,|,NaN,NaN,NaN,NaN,NaN,NaN,|,NaN,NaN,NaN,NaN,NaN,NaN,|,NaN,NaN,NaN,NaN,NaN,NaN,|,NaN,NaN,NaN,NaN,NaN,NaN
21:12:30,|,NaN,NaN,NaN,NaN,NaN,NaN,|,NaN,NaN,NaN,NaN,NaN,NaN,|,NaN,NaN,NaN,NaN,NaN,NaN,|,NaN,NaN,NaN,NaN,NaN,NaN,|,NaN,NaN,NaN,NaN,NaN,NaN
21:17:30,|,NaN,NaN,NaN,NaN,NaN,NaN,|,NaN,NaN,NaN,NaN,NaN,NaN,|,NaN,NaN,NaN,NaN,NaN,NaN,|,NaN,NaN,NaN,NaN,NaN,NaN,|,NaN,NaN,NaN,NaN,NaN,NaN
21:22:30,|,NaN,NaN,NaN,NaN,NaN,NaN,|,NaN,NaN,NaN,NaN,NaN,NaN,|,NaN,NaN,NaN,NaN,NaN,NaN,|,NaN,NaN,NaN,NaN,NaN,NaN,|,NaN,NaN,NaN,NaN,NaN,NaN
21:27:30,|,NaN,NaN,NaN,NaN,NaN,NaN,|,NaN,NaN,NaN,NaN,NaN,NaN,|,NaN,NaN,NaN,NaN,NaN,NaN,|,NaN,NaN,NaN,NaN,NaN,NaN,|,NaN,NaN,NaN,NaN,NaN,NaN
21:32:30,|,NaN,NaN,NaN,NaN,NaN,NaN,|,NaN,NaN,NaN,NaN,NaN,NaN,|,NaN,NaN,NaN,NaN,NaN,NaN,|,NaN,NaN,NaN,NaN,NaN,NaN,|,NaN,NaN,NaN,NaN,NaN,NaN
21:37:30,|,NaN,NaN,NaN,NaN,NaN,NaN,|,NaN,NaN,NaN,NaN,NaN,NaN,|,NaN,NaN,NaN,NaN,NaN,NaN,|,NaN,NaN,NaN,NaN,NaN,NaN,|,NaN,NaN,NaN,NaN,NaN,NaN
21:42:30,|,NaN,NaN,NaN,NaN,NaN,NaN,|,NaN,NaN,NaN,NaN,NaN,NaN,|,NaN,NaN,NaN,NaN,NaN,NaN,|,NaN,NaN,NaN,NaN,NaN,NaN,|,NaN,NaN,NaN,NaN,NaN,NaN
21:47:30,|,NaN,NaN,NaN,NaN,NaN,NaN,|,NaN,NaN,NaN,NaN,NaN,NaN,|,NaN,NaN,NaN,NaN,NaN,NaN,|,NaN,NaN,NaN,NaN,NaN,NaN,|,NaN,NaN,NaN,NaN,NaN,NaN
21:52:30,|,NaN,NaN,NaN,NaN,NaN,NaN,|,NaN,NaN,NaN,NaN,NaN,NaN,|,NaN,NaN,NaN,NaN,NaN,NaN,|,NaN,NaN,NaN,NaN,NaN,NaN,|,NaN,NaN,NaN,NaN,NaN,NaN
21:57:30,|,NaN,NaN,NaN,NaN,NaN,NaN,|,NaN,NaN,NaN,NaN,NaN,NaN,|,NaN,NaN,NaN,NaN,NaN,NaN,|,NaN,NaN,NaN,NaN,NaN,NaN,|,NaN,NaN,NaN,NaN,NaN,NaN
22:02:30,|,NaN,NaN,NaN,NaN,NaN,NaN,|,NaN,NaN,NaN,NaN,NaN,NaN,|,NaN,NaN,NaN,NaN,NaN,NaN,|,NaN,NaN,NaN,NaN,NaN,NaN,|,NaN,NaN,NaN,NaN,NaN,NaN
22:07:30,|,NaN,NaN,NaN,NaN,NaN,NaN,|,NaN,NaN,NaN,NaN,NaN,NaN,|,NaN,NaN,NaN,NaN,NaN,NaN,|,NaN,NaN,NaN,NaN,NaN,NaN,|,NaN,NaN,NaN,NaN,NaN,NaN
22:12:30,|,NaN,NaN,NaN,NaN,NaN,NaN,|,NaN,NaN,NaN,NaN,NaN,NaN,|,NaN,NaN,NaN,NaN,NaN,NaN,|,NaN,NaN,NaN,NaN,NaN,NaN,|,NaN,NaN,NaN,NaN,NaN,NaN
22:17:30,|,NaN,NaN,NaN,NaN,NaN,NaN,|,NaN,NaN,NaN,NaN,NaN,NaN,|,NaN,NaN,NaN,NaN,NaN,NaN,|,NaN,NaN,NaN,NaN,NaN,NaN,|,NaN,NaN,NaN,NaN,NaN,NaN
22:22:30,|,NaN,NaN,NaN,NaN,NaN,NaN,|,NaN,NaN,NaN,NaN,NaN,NaN,|,NaN,NaN,NaN,NaN,NaN,NaN,|,NaN,NaN,NaN,NaN,NaN,NaN,|,NaN,NaN,NaN,NaN,NaN,NaN
22:27:30,|,NaN,NaN,NaN,NaN,NaN,NaN,|,NaN,NaN,NaN,NaN,NaN,NaN,|,NaN,NaN,NaN,NaN,NaN,NaN,|,NaN,NaN,NaN,NaN,NaN,NaN,|,NaN,NaN,NaN,NaN,NaN,NaN
22:32:30,|,NaN,NaN,NaN,NaN,NaN,NaN,|,NaN,NaN,NaN,NaN,NaN,NaN,|,NaN,NaN,NaN,NaN,NaN,NaN,|,NaN,NaN,NaN,NaN,NaN,NaN,|,NaN,NaN,NaN,NaN,NaN,NaN
22:37:30,|,NaN,NaN,NaN,NaN,NaN,NaN,|,NaN,NaN,NaN,NaN,NaN,NaN,|,NaN,NaN,NaN,NaN,NaN,NaN,|,NaN,NaN,NaN,NaN,NaN,NaN,|,NaN,NaN,NaN,NaN,NaN,NaN
22:42:30,|,NaN,NaN,NaN,NaN,NaN,NaN,|,NaN,NaN,NaN,NaN,NaN,NaN,|,NaN,NaN,NaN,NaN,NaN,NaN,|,NaN,NaN,NaN,NaN,NaN,NaN,|,NaN,NaN,NaN,NaN,NaN,NaN
22:47:30,|,NaN,NaN,NaN,NaN,NaN,NaN,|,NaN,NaN,NaN,NaN,NaN,NaN,|,NaN,NaN,NaN,NaN,NaN,NaN,|,NaN,NaN,NaN,NaN,NaN,NaN,|,NaN,NaN,NaN,NaN,NaN,NaN
22:52:30,|,NaN,NaN,NaN,NaN,NaN,NaN,|,NaN,NaN,NaN,NaN,NaN,NaN,|,NaN,NaN,NaN,NaN,NaN,NaN,|,NaN,NaN,NaN,NaN,NaN,NaN,|,NaN,NaN,NaN,NaN,NaN,NaN
22:57:30,|,NaN,NaN,NaN,NaN,NaN,NaN,|,NaN,NaN,NaN,NaN,NaN,NaN,|,NaN,NaN,NaN,NaN,NaN,NaN,|,NaN,NaN,NaN,NaN,NaN,NaN,|,NaN,NaN,NaN,NaN,NaN,NaN
23:02:30,|,NaN,NaN,NaN,NaN,NaN,NaN,|,NaN,NaN,NaN,NaN,NaN,NaN,|,NaN,NaN,NaN,NaN,NaN,NaN,|,NaN,NaN,NaN,NaN,NaN,NaN,|,NaN,NaN,NaN,NaN,NaN,NaN
23:07:30,|,NaN,NaN,NaN,NaN,NaN,NaN,|,NaN,NaN,NaN,NaN,NaN,NaN,|,NaN,NaN,NaN,NaN,NaN,NaN,|,NaN,NaN,NaN,NaN,NaN,NaN,|,NaN,NaN,NaN,NaN,NaN,NaN
23:12:30,|,NaN,NaN,NaN,NaN,NaN,NaN,|,NaN,NaN,NaN,NaN,NaN,NaN,|,NaN,NaN,NaN,NaN,NaN,NaN,|,NaN,NaN,NaN,NaN,NaN,NaN,|,NaN,NaN,NaN,NaN,NaN,NaN
23:17:30,|,NaN,NaN,NaN,NaN,NaN,NaN,|,NaN,NaN,NaN,NaN,NaN,NaN,|,NaN,NaN,NaN,NaN,NaN,NaN,|,NaN,NaN,NaN,NaN,NaN,NaN,|,NaN,NaN,NaN,NaN,NaN,NaN
23:22:30,|,NaN,NaN,NaN,NaN,NaN,NaN,|,NaN,NaN,NaN,NaN,NaN,NaN,|,NaN,NaN,NaN,NaN,NaN,NaN,|,NaN,NaN,NaN,NaN,NaN,NaN,|,NaN,NaN,NaN,NaN,NaN,NaN
23:27:30,|,NaN,NaN,NaN,NaN,NaN,NaN,|,NaN,NaN,NaN,NaN,NaN,NaN,|,NaN,NaN,NaN,NaN,NaN,NaN,|,NaN,NaN,NaN,NaN,NaN,NaN,|,NaN,NaN,NaN,NaN,NaN,NaN
23:32:30,|,NaN,NaN,NaN,NaN,NaN,NaN,|,NaN,NaN,NaN,NaN,NaN,NaN,|,NaN,NaN,NaN,NaN,NaN,NaN,|,NaN,NaN,NaN,NaN,NaN,NaN,|,NaN,NaN,NaN,NaN,NaN,NaN
23:37:30,|,NaN,NaN,NaN,NaN,NaN,NaN,|,NaN,NaN,NaN,NaN,NaN,NaN,|,NaN,NaN,NaN,NaN,NaN,NaN,|,NaN,NaN,NaN,NaN,NaN,NaN,|,NaN,NaN,NaN,NaN,NaN,NaN
23:42:30,|,NaN,NaN,NaN,NaN,NaN,NaN,|,NaN,NaN,NaN,NaN,NaN,NaN,|,NaN,NaN,NaN,NaN,NaN,NaN,|,NaN,NaN,NaN,NaN,NaN,NaN,|,NaN,NaN,NaN,NaN,NaN,NaN
23:47:30,|,NaN,NaN,NaN,NaN,NaN,NaN,|,NaN,NaN,NaN,NaN,NaN,NaN,|,NaN,NaN,NaN,NaN,NaN,NaN,|,NaN,NaN,NaN,NaN,NaN,NaN,|,NaN,NaN,NaN,NaN,NaN,NaN
23:52:30,|,NaN,NaN,NaN,NaN,NaN,NaN,|,NaN,NaN,NaN,NaN,NaN,NaN,|,NaN,NaN,NaN,NaN,NaN,NaN,|,NaN,NaN,NaN,NaN,NaN,NaN,|,NaN,NaN,NaN,NaN,NaN,NaN
23:57:30,|,NaN,NaN,NaN,NaN,NaN,NaN,|,NaN,NaN,NaN,NaN,NaN,NaN,|,NaN,NaN,NaN,NaN,NaN,NaN,|,NaN,NaN,NaN,NaN,NaN,NaN,|,NaN,NaN,NaN,NaN,NaN,NaN
00:02:30,|,NaN,NaN,NaN,NaN,NaN,NaN,|,NaN,NaN,NaN,NaN,NaN,NaN,|,NaN,NaN,NaN,NaN,NaN,NaN,|,NaN,NaN,NaN,NaN,NaN,NaN,|,NaN,NaN,NaN,NaN,NaN,NaN
00:07:30,|,NaN,NaN,NaN,NaN,NaN,NaN,|,NaN,NaN,NaN,NaN,NaN,NaN,|,NaN,NaN,NaN,NaN,NaN,NaN,|,NaN,NaN,NaN,NaN,NaN,NaN,|,NaN,NaN,NaN,NaN,NaN,NaN
00:12:30,|,NaN,NaN,NaN,NaN,NaN,NaN,|,NaN,NaN,NaN,NaN,NaN,NaN,|,NaN,NaN,NaN,NaN,NaN,NaN,|,NaN,NaN,NaN,NaN,NaN,NaN,|,NaN,NaN,NaN,NaN,NaN,NaN
00:17:30,|,NaN,NaN,NaN,NaN,NaN,NaN,|,NaN,NaN,NaN,NaN,NaN,NaN,|,NaN,NaN,NaN,NaN,NaN,NaN,|,NaN,NaN,NaN,NaN,NaN,NaN,|,NaN,NaN,NaN,NaN,NaN,NaN
00:22:30,|,NaN,NaN,NaN,NaN,NaN,NaN,|,NaN,NaN,NaN,NaN,NaN,NaN,|,NaN,NaN,NaN,NaN,NaN,NaN,|,NaN,NaN,NaN,NaN,NaN,NaN,|,NaN,NaN,NaN,NaN,NaN,NaN
00:27:30,|,NaN,NaN,NaN,NaN,NaN,NaN,|,NaN,NaN,NaN,NaN,NaN,NaN,|,NaN,NaN,NaN,NaN,NaN,NaN,|,NaN,NaN,NaN,NaN,NaN,NaN,|,NaN,NaN,NaN,NaN,NaN,NaN
00:32:30,|,NaN,NaN,NaN,NaN,NaN,NaN,|,NaN,NaN,NaN,NaN,NaN,NaN,|,NaN,NaN,NaN,NaN,NaN,NaN,|,NaN,NaN,NaN,NaN,NaN,NaN,|,NaN,NaN,NaN,NaN,NaN,NaN
00:37:30,|,NaN,NaN,NaN,NaN,NaN,NaN,|,NaN,NaN,NaN,NaN,NaN,NaN,|,NaN,NaN,NaN,NaN,NaN,NaN,|,NaN,NaN,NaN,NaN,NaN,NaN,|,NaN,NaN,NaN,NaN,NaN,NaN
00:42:30,|,NaN,NaN,NaN,NaN,NaN,NaN,|,NaN,NaN,NaN,NaN,NaN,NaN,|,NaN,NaN,NaN,NaN,NaN,NaN,|,NaN,NaN,NaN,NaN,NaN,NaN,|,NaN,NaN,NaN,NaN,NaN,NaN
00:47:30,|,NaN,NaN,NaN,NaN,NaN,NaN,|,NaN,NaN,NaN,NaN,NaN,NaN,|,NaN,NaN,NaN,NaN,NaN,NaN,|,NaN,NaN,NaN,NaN,NaN,NaN,|,NaN,NaN,NaN,NaN,NaN,NaN
00:52:30,|,NaN,NaN,NaN,NaN,NaN,NaN,|,NaN,NaN,NaN,NaN,NaN,NaN,|,NaN,NaN,NaN,NaN,NaN,NaN,|,NaN,NaN,NaN,NaN,NaN,NaN,|,NaN,NaN,NaN,NaN,NaN,NaN
00:57:30,|,NaN,NaN,NaN,NaN,NaN,NaN,|,NaN,NaN,NaN,NaN,NaN,NaN,|,NaN,NaN,NaN,NaN,NaN,NaN,|,NaN,NaN,NaN,NaN,NaN,NaN,|,NaN,NaN,NaN,NaN,NaN,NaN
01:02:30,|,NaN,NaN,NaN,NaN,NaN,NaN,|,NaN,NaN,NaN,NaN,NaN,NaN,|,NaN,NaN,NaN,NaN,NaN,NaN,|,NaN,NaN,NaN,NaN,NaN,NaN,|,NaN,NaN,NaN,NaN,NaN,NaN
01:07:30,|,NaN,NaN,NaN,NaN,NaN,NaN,|,NaN,NaN,NaN,NaN,NaN,NaN,|,NaN,NaN,NaN,NaN,NaN,NaN,|,NaN,NaN,NaN,NaN,NaN,NaN,|,NaN,NaN,NaN,NaN,NaN,NaN
01:12:30,|,NaN,NaN,NaN,NaN,NaN,NaN,|,NaN,NaN,NaN,NaN,NaN,NaN,|,NaN,NaN,NaN,NaN,NaN,NaN,|,NaN,NaN,NaN,NaN,NaN,NaN,|,NaN,NaN,NaN,NaN,NaN,NaN
01:17:30,|,NaN,NaN,NaN,NaN,NaN,NaN,|,NaN,NaN,NaN,NaN,NaN,NaN,|,NaN,NaN,NaN,NaN,NaN,NaN,|,NaN,NaN,NaN,NaN,NaN,NaN,|,NaN,NaN,NaN,NaN,NaN,NaN
01:22:30,|,NaN,NaN,NaN,NaN,NaN,NaN,|,NaN,NaN,NaN,NaN,NaN,NaN,|,NaN,NaN,NaN,NaN,NaN,NaN,|,NaN,NaN,NaN,NaN,NaN,NaN,|,NaN,NaN,NaN,NaN,NaN,NaN
01:27:30,|,NaN,NaN,NaN,NaN,NaN,NaN,|,NaN,NaN,NaN,NaN,NaN,NaN,|,NaN,NaN,NaN,NaN,NaN,NaN,|,NaN,NaN,NaN,NaN,NaN,NaN,|,NaN,NaN,NaN,NaN,NaN,NaN
01:32:30,|,NaN,NaN,NaN,NaN,NaN,NaN,|,NaN,NaN,NaN,NaN,NaN,NaN,|,NaN,NaN,NaN,NaN,NaN,NaN,|,NaN,NaN,NaN,NaN,NaN,NaN,|,NaN,NaN,NaN,NaN,NaN,NaN
01:37:30,|,NaN,NaN,NaN,NaN,NaN,NaN,|,NaN,NaN,NaN,NaN,NaN,NaN,|,NaN,NaN,NaN,NaN,NaN,NaN,|,NaN,NaN,NaN,NaN,NaN,NaN,|,NaN,NaN,NaN,NaN,NaN,NaN
01:42:30,|,NaN,NaN,NaN,NaN,NaN,NaN,|,NaN,NaN,NaN,NaN,NaN,NaN,|,NaN,NaN,NaN,NaN,NaN,NaN,|,NaN,NaN,NaN,NaN,NaN,NaN,|,NaN,NaN,NaN,NaN,NaN,NaN
01:47:30,|,NaN,NaN,NaN,NaN,NaN,NaN,|,NaN,NaN,NaN,NaN,NaN,NaN,|,NaN,NaN,NaN,NaN,NaN,NaN,|,NaN,NaN,NaN,NaN,NaN,NaN,|,NaN,NaN,NaN,NaN,NaN,NaN
01:52:30,|,NaN,NaN,NaN,NaN,NaN,NaN,|,NaN,NaN,NaN,NaN,NaN,NaN,|,NaN,NaN,NaN,NaN,NaN,NaN,|,NaN,NaN,NaN,NaN,NaN,NaN,|,NaN,NaN,NaN,NaN,NaN,NaN
01:57:30,|,NaN,NaN,NaN,NaN,NaN,NaN,|,NaN,NaN,NaN,NaN,NaN,NaN,|,NaN,NaN,NaN,NaN,NaN,NaN,|,NaN,NaN,NaN,NaN,NaN,NaN,|,NaN,NaN,NaN,NaN,NaN,NaN
02:02:30,|,NaN,NaN,NaN,NaN,NaN,NaN,|,NaN,NaN,NaN,NaN,NaN,NaN,|,NaN,NaN,NaN,NaN,NaN,NaN,|,NaN,NaN,NaN,NaN,NaN,NaN,|,NaN,NaN,NaN,NaN,NaN,NaN
02:07:30,|,NaN,NaN,NaN,NaN,NaN,NaN,|,NaN,NaN,NaN,NaN,NaN,NaN,|,NaN,NaN,NaN,NaN,NaN,NaN,|,NaN,NaN,NaN,NaN,NaN,NaN,|,NaN,NaN,NaN,NaN,NaN,NaN
02:12:30,|,NaN,NaN,NaN,NaN,NaN,NaN,|,NaN,NaN,NaN,NaN,NaN,NaN,|,NaN,NaN,NaN,NaN,NaN,NaN,|,NaN,NaN,NaN,NaN,NaN,NaN,|,NaN,NaN,NaN,NaN,NaN,NaN
02:17:30,|,NaN,NaN,NaN,NaN,NaN,NaN,|,NaN,NaN,NaN,NaN,NaN,NaN,|,NaN,NaN,NaN,NaN,NaN,NaN,|,NaN,NaN,NaN,NaN,NaN,NaN,|,NaN,NaN,NaN,NaN,NaN,NaN
02:22:30,|,NaN,NaN,NaN,NaN,NaN,NaN,|,NaN,NaN,NaN,NaN,NaN,NaN,|,NaN,NaN,NaN,NaN,NaN,NaN,|,NaN,NaN,NaN,NaN,NaN,NaN,|,NaN,NaN,NaN,NaN,NaN,NaN
02:27:30,|,NaN,NaN,NaN,NaN,NaN,NaN,|,NaN,NaN,NaN,NaN,NaN,NaN,|,NaN,NaN,NaN,NaN,NaN,NaN,|,NaN,NaN,NaN,NaN,NaN,NaN,|,NaN,NaN,NaN,NaN,NaN,NaN
02:32:30,|,NaN,NaN,NaN,NaN,NaN,NaN,|,NaN,NaN,NaN,NaN,NaN,NaN,|,NaN,NaN,NaN,NaN,NaN,NaN,|,NaN,NaN,NaN,NaN,NaN,NaN,|,NaN,NaN,NaN,NaN,NaN,NaN
02:37:30,|,NaN,NaN,NaN,NaN,NaN,NaN,|,NaN,NaN,NaN,NaN,NaN,NaN,|,NaN,NaN,NaN,NaN,NaN,NaN,|,NaN,NaN,NaN,NaN,NaN,NaN,|,NaN,NaN,NaN,NaN,NaN,NaN
02:42:30,|,NaN,NaN,NaN,NaN,NaN,NaN,|,NaN,NaN,NaN,NaN,NaN,NaN,|,NaN,NaN,NaN,NaN,NaN,NaN,|,NaN,NaN,NaN,NaN,NaN,NaN,|,NaN,NaN,NaN,NaN,NaN,NaN
02:47:30,|,NaN,NaN,NaN,NaN,NaN,NaN,|,NaN,NaN,NaN,NaN,NaN,NaN,|,NaN,NaN,NaN,NaN,NaN,NaN,|,NaN,NaN,NaN,NaN,NaN,NaN,|,NaN,NaN,NaN,NaN,NaN,NaN
02:52:30,|,NaN,NaN,NaN,NaN,NaN,NaN,|,NaN,NaN,NaN,NaN,NaN,NaN,|,NaN,NaN,NaN,NaN,NaN,NaN,|,NaN,NaN,NaN,NaN,NaN,NaN,|,NaN,NaN,NaN,NaN,NaN,NaN
02:57:30,|,NaN,NaN,NaN,NaN,NaN,NaN,|,NaN,NaN,NaN,NaN,NaN,NaN,|,NaN,NaN,NaN,NaN,NaN,NaN,|,NaN,NaN,NaN,NaN,NaN,NaN,|,NaN,NaN,NaN,NaN,NaN,NaN
03:02:30,|,NaN,NaN,NaN,NaN,NaN,NaN,|,NaN,NaN,NaN,NaN,NaN,NaN,|,NaN,NaN,NaN,NaN,NaN,NaN,|,NaN,NaN,NaN,NaN,NaN,NaN,|,NaN,NaN,NaN,NaN,NaN,NaN
03:07:30,|,NaN,NaN,NaN,NaN,NaN,NaN,|,NaN,NaN,NaN,NaN,NaN,NaN,|,NaN,NaN,NaN,NaN,NaN,NaN,|,NaN,NaN,NaN,NaN,NaN,NaN,|,NaN,NaN,NaN,NaN,NaN,NaN
03:12:30,|,NaN,NaN,NaN,NaN,NaN,NaN,|,NaN,NaN,NaN,NaN,NaN,NaN,|,NaN,NaN,NaN,NaN,NaN,NaN,|,NaN,NaN,NaN,NaN,NaN,NaN,|,NaN,NaN,NaN,NaN,NaN,NaN
03:17:30,|,NaN,NaN,NaN,NaN,NaN,NaN,|,NaN,NaN,NaN,NaN,NaN,NaN,|,NaN,NaN,NaN,NaN,NaN,NaN,|,NaN,NaN,NaN,NaN,NaN,NaN,|,NaN,NaN,NaN,NaN,NaN,NaN
03:22:30,|,NaN,NaN,NaN,NaN,NaN,NaN,|,NaN,NaN,NaN,NaN,NaN,NaN,|,NaN,NaN,NaN,NaN,NaN,NaN,|,NaN,NaN,NaN,NaN,NaN,NaN,|,NaN,NaN,NaN,NaN,NaN,NaN
03:27:30,|,NaN,NaN,NaN,NaN,NaN,NaN,|,NaN,NaN,NaN,NaN,NaN,NaN,|,NaN,NaN,NaN,NaN,NaN,NaN,|,NaN,NaN,NaN,NaN,NaN,NaN,|,NaN,NaN,NaN,NaN,NaN,NaN
03:32:30,|,NaN,NaN,NaN,NaN,NaN,NaN,|,NaN,NaN,NaN,NaN,NaN,NaN,|,NaN,NaN,NaN,NaN,NaN,NaN,|,NaN,NaN,NaN,NaN,NaN,NaN,|,NaN,NaN,NaN,NaN,NaN,NaN
03:37:30,|,NaN,NaN,NaN,NaN,NaN,NaN,|,NaN,NaN,NaN,NaN,NaN,NaN,|,NaN,NaN,NaN,NaN,NaN,NaN,|,NaN,NaN,NaN,NaN,NaN,NaN,|,NaN,NaN,NaN,NaN,NaN,NaN
03:42:30,|,NaN,NaN,NaN,NaN,NaN,NaN,|,NaN,NaN,NaN,NaN,NaN,NaN,|,NaN,NaN,NaN,NaN,NaN,NaN,|,NaN,NaN,NaN,NaN,NaN,NaN,|,NaN,NaN,NaN,NaN,NaN,NaN
03:47:30,|,NaN,NaN,NaN,NaN,NaN,NaN,|,NaN,NaN,NaN,NaN,NaN,NaN,|,NaN,NaN,NaN,NaN,NaN,NaN,|,NaN,NaN,NaN,NaN,NaN,NaN,|,NaN,NaN,NaN,NaN,NaN,NaN
03:52:30,|,NaN,NaN,NaN,NaN,NaN,NaN,|,NaN,NaN,NaN,NaN,NaN,NaN,|,NaN,NaN,NaN,NaN,NaN,NaN,|,NaN,NaN,NaN,NaN,NaN,NaN,|,NaN,NaN,NaN,NaN,NaN,NaN
03:57:30,|,NaN,NaN,NaN,NaN,NaN,NaN,|,NaN,NaN,NaN,NaN,NaN,NaN,|,NaN,NaN,NaN,NaN,NaN,NaN,|,NaN,NaN,NaN,NaN,NaN,NaN,|,NaN,NaN,NaN,NaN,NaN,NaN
04:02:30,|,NaN,NaN,NaN,NaN,NaN,NaN,|,NaN,NaN,NaN,NaN,NaN,NaN,|,NaN,NaN,NaN,NaN,NaN,NaN,|,NaN,NaN,NaN,NaN,NaN,NaN,|,NaN,NaN,NaN,NaN,NaN,NaN
04:07:30,|,NaN,NaN,NaN,NaN,NaN,NaN,|,NaN,NaN,NaN,NaN,NaN,NaN,|,NaN,NaN,NaN,NaN,NaN,NaN,|,NaN,NaN,NaN,NaN,NaN,NaN,|,NaN,NaN,NaN,NaN,NaN,NaN
04:12:30,|,NaN,NaN,NaN,NaN,NaN,NaN,|,NaN,NaN,NaN,NaN,NaN,NaN,|,NaN,NaN,NaN,NaN,NaN,NaN,|,NaN,NaN,NaN,NaN,NaN,NaN,|,NaN,NaN,NaN,NaN,NaN,NaN
04:17:30,|,NaN,NaN,NaN,NaN,NaN,NaN,|,NaN,NaN,NaN,NaN,NaN,NaN,|,NaN,NaN,NaN,NaN,NaN,NaN,|,NaN,NaN,NaN,NaN,NaN,NaN,|,NaN,NaN,NaN,NaN,NaN,NaN
04:22:30,|,NaN,NaN,NaN,NaN,NaN,NaN,|,NaN,NaN,NaN,NaN,NaN,NaN,|,NaN,NaN,NaN,NaN,NaN,NaN,|,NaN,NaN,NaN,NaN,NaN,NaN,|,NaN,NaN,NaN,NaN,NaN,NaN
04:27:30,|,NaN,NaN,NaN,NaN,NaN,NaN,|,NaN,NaN,NaN,NaN,NaN,NaN,|,NaN,NaN,NaN,NaN,NaN,NaN,|,NaN,NaN,NaN,NaN,NaN,NaN,|,NaN,NaN,NaN,NaN,NaN,NaN
04:32:30,|,NaN,NaN,NaN,NaN,NaN,NaN,|,NaN,NaN,NaN,NaN,NaN,NaN,|,NaN,NaN,NaN,NaN,NaN,NaN,|,NaN,NaN,NaN,NaN,NaN,NaN,|,NaN,NaN,NaN,NaN,NaN,NaN
04:37:30,|,NaN,NaN,NaN,NaN,NaN,NaN,|,NaN,NaN,NaN,NaN,NaN,NaN,|,NaN,NaN,NaN,NaN,NaN,NaN,|,NaN,NaN,NaN,NaN,NaN,NaN,|,NaN,NaN,NaN,NaN,NaN,NaN
04:42:30,|,NaN,NaN,NaN,NaN,NaN,NaN,|,NaN,NaN,NaN,NaN,NaN,NaN,|,NaN,NaN,NaN,NaN,NaN,NaN,|,NaN,NaN,NaN,NaN,NaN,NaN,|,NaN,NaN,NaN,NaN,NaN,NaN
04:47:30,|,NaN,NaN,NaN,NaN,NaN,NaN,|,NaN,NaN,NaN,NaN,NaN,NaN,|,NaN,NaN,NaN,NaN,NaN,NaN,|,NaN,NaN,NaN,NaN,NaN,NaN,|,NaN,NaN,NaN,NaN,NaN,NaN
04:52:30,|,NaN,NaN,NaN,NaN,NaN,NaN,|,NaN,NaN,NaN,NaN,NaN,NaN,|,NaN,NaN,NaN,NaN,NaN,NaN,|,NaN,NaN,NaN,NaN,NaN,NaN,|,NaN,NaN,NaN,NaN,NaN,NaN
04:57:30,|,NaN,NaN,NaN,NaN,NaN,NaN,|,NaN,NaN,NaN,NaN,NaN,NaN,|,NaN,NaN,NaN,NaN,NaN,NaN,|,NaN,NaN,NaN,NaN,NaN,NaN,|,NaN,NaN,NaN,NaN,NaN,NaN
05:02:30,|,NaN,NaN,NaN,NaN,NaN,NaN,|,NaN,NaN,NaN,NaN,NaN,NaN,|,NaN,NaN,NaN,NaN,NaN,NaN,|,NaN,NaN,NaN,NaN,NaN,NaN,|,NaN,NaN,NaN,NaN,NaN,NaN
05:07:30,|,NaN,NaN,NaN,NaN,NaN,NaN,|,NaN,NaN,NaN,NaN,NaN,NaN,|,NaN,NaN,NaN,NaN,NaN,NaN,|,NaN,NaN,NaN,NaN,NaN,NaN,|,NaN,NaN,NaN,NaN,NaN,NaN
05:12:30,|,NaN,NaN,NaN,NaN,NaN,NaN,|,NaN,NaN,NaN,NaN,NaN,NaN,|,NaN,NaN,NaN,NaN,NaN,NaN,|,NaN,NaN,NaN,NaN,NaN,NaN,|,NaN,NaN,NaN,NaN,NaN,NaN
05:17:30,|,NaN,NaN,NaN,NaN,NaN,NaN,|,NaN,NaN,NaN,NaN,NaN,NaN,|,NaN,NaN,NaN,NaN,NaN,NaN,|,NaN,NaN,NaN,NaN,NaN,NaN,|,NaN,NaN,NaN,NaN,NaN,NaN
05:22:30,|,NaN,NaN,NaN,NaN,NaN,NaN,|,NaN,NaN,NaN,NaN,NaN,NaN,|,NaN,NaN,NaN,NaN,NaN,NaN,|,NaN,NaN,NaN,NaN,NaN,NaN,|,NaN,NaN,NaN,NaN,NaN,NaN
05:27:30,|,NaN,NaN,NaN,NaN,NaN,NaN,|,NaN,NaN,NaN,NaN,NaN,NaN,|,NaN,NaN,NaN,NaN,NaN,NaN,|,NaN,NaN,NaN,NaN,NaN,NaN,|,NaN,NaN,NaN,NaN,NaN,NaN
05:32:30,|,NaN,NaN,NaN,NaN,NaN,NaN,|,NaN,NaN,NaN,NaN,NaN,NaN,|,NaN,NaN,NaN,NaN,NaN,NaN,|,NaN,NaN,NaN,NaN,NaN,NaN,|,NaN,NaN,NaN,NaN,NaN,NaN
05:37:30,|,NaN,NaN,NaN,NaN,NaN,NaN,|,NaN,NaN,NaN,NaN,NaN,NaN,|,NaN,NaN,NaN,NaN,NaN,NaN,|,NaN,NaN,NaN,NaN,NaN,NaN,|,NaN,NaN,NaN,NaN,NaN,NaN
05:42:30,|,NaN,NaN,NaN,NaN,NaN,NaN,|,NaN,NaN,NaN,NaN,NaN,NaN,|,NaN,NaN,NaN,NaN,NaN,NaN,|,NaN,NaN,NaN,NaN,NaN,NaN,|,NaN,NaN,NaN,NaN,NaN,NaN
05:47:30,|,NaN,NaN,NaN,NaN,NaN,NaN,|,NaN,NaN,NaN,NaN,NaN,NaN,|,NaN,NaN,NaN,NaN,NaN,NaN,|,NaN,NaN,NaN,NaN,NaN,NaN,|,NaN,NaN,NaN,NaN,NaN,NaN
05:52:30,|,NaN,NaN,NaN,NaN,NaN,NaN,|,NaN,NaN,NaN,NaN,NaN,NaN,|,NaN,NaN,NaN,NaN,NaN,NaN,|,NaN,NaN,NaN,NaN,NaN,NaN,|,NaN,NaN,NaN,NaN,NaN,NaN
05:57:30,|,NaN,NaN,NaN,NaN,NaN,NaN,|,NaN,NaN,NaN,NaN,NaN,NaN,|,NaN,NaN,NaN,NaN,NaN,NaN,|,NaN,NaN,NaN,NaN,NaN,NaN,|,NaN,NaN,NaN,NaN,NaN,NaN
06:02:30,|,NaN,NaN,NaN,NaN,NaN,NaN,|,NaN,NaN,NaN,NaN,NaN,NaN,|,NaN,NaN,NaN,NaN,NaN,NaN,|,NaN,NaN,NaN,NaN,NaN,NaN,|,NaN,NaN,NaN,NaN,NaN,NaN
06:07:30,|,NaN,NaN,NaN,NaN,NaN,NaN,|,NaN,NaN,NaN,NaN,NaN,NaN,|,NaN,NaN,NaN,NaN,NaN,NaN,|,NaN,NaN,NaN,NaN,NaN,NaN,|,NaN,NaN,NaN,NaN,NaN,NaN
06:12:30,|,NaN,NaN,NaN,NaN,NaN,NaN,|,NaN,NaN,NaN,NaN,NaN,NaN,|,NaN,NaN,NaN,NaN,NaN,NaN,|,NaN,NaN,NaN,NaN,NaN,NaN,|,NaN,NaN,NaN,NaN,NaN,NaN
06:17:30,|,NaN,NaN,NaN,NaN,NaN,NaN,|,NaN,NaN,NaN,NaN,NaN,NaN,|,NaN,NaN,NaN,NaN,NaN,NaN,|,NaN,NaN,NaN,NaN,NaN,NaN,|,NaN,NaN,NaN,NaN,NaN,NaN
06:22:30,|,NaN,NaN,NaN,NaN,NaN,NaN,|,NaN,NaN,NaN,NaN,NaN,NaN,|,NaN,NaN,NaN,NaN,NaN,NaN,|,NaN,NaN,NaN,NaN,NaN,NaN,|,NaN,NaN,NaN,NaN,NaN,NaN
06:27:30,|,NaN,NaN,NaN,NaN,NaN,NaN,|,NaN,NaN,NaN,NaN,NaN,NaN,|,NaN,NaN,NaN,NaN,NaN,NaN,|,NaN,NaN,NaN,NaN,NaN,NaN,|,NaN,NaN,NaN,NaN,NaN,NaN
06:32:30,|,NaN,NaN,NaN,NaN,NaN,NaN,|,NaN,NaN,NaN,NaN,NaN,NaN,|,NaN,NaN,NaN,NaN,NaN,NaN,|,NaN,NaN,NaN,NaN,NaN,NaN,|,NaN,NaN,NaN,NaN,NaN,NaN
06:37:30,|,NaN,NaN,NaN,NaN,NaN,NaN,|,NaN,NaN,NaN,NaN,NaN,NaN,|,NaN,NaN,NaN,NaN,NaN,NaN,|,NaN,NaN,NaN,NaN,NaN,NaN,|,NaN,NaN,NaN,NaN,NaN,NaN
06:42:30,|,NaN,NaN,NaN,NaN,NaN,NaN,|,NaN,NaN,NaN,NaN,NaN,NaN,|,NaN,NaN,NaN,NaN,NaN,NaN,|,NaN,NaN,NaN,NaN,NaN,NaN,|,NaN,NaN,NaN,NaN,NaN,NaN
06:47:30,|,NaN,NaN,NaN,NaN,NaN,NaN,|,NaN,NaN,NaN,NaN,NaN,NaN,|,NaN,NaN,NaN,NaN,NaN,NaN,|,NaN,NaN,NaN,NaN,NaN,NaN,|,NaN,NaN,NaN,NaN,NaN,NaN
06:52:30,|,NaN,NaN,NaN,NaN,NaN,NaN,|,NaN,NaN,NaN,NaN,NaN,NaN,|,NaN,NaN,NaN,NaN,NaN,NaN,|,NaN,NaN,NaN,NaN,NaN,NaN,|,NaN,NaN,NaN,NaN,NaN,NaN
06:57:30,|,NaN,NaN,NaN,NaN,NaN,NaN,|,NaN,NaN,NaN,NaN,NaN,NaN,|,NaN,NaN,NaN,NaN,NaN,NaN,|,NaN,NaN,NaN,NaN,NaN,NaN,|,NaN,NaN,NaN,NaN,NaN,NaN
07:02:30,|,NaN,NaN,NaN,NaN,NaN,NaN,|,NaN,NaN,NaN,NaN,NaN,NaN,|,NaN,NaN,NaN,NaN,NaN,NaN,|,NaN,NaN,NaN,NaN,NaN,NaN,|,NaN,NaN,NaN,NaN,NaN,NaN
07:07:30,|,NaN,NaN,NaN,NaN,NaN,NaN,|,NaN,NaN,NaN,NaN,NaN,NaN,|,NaN,NaN,NaN,NaN,NaN,NaN,|,NaN,NaN,NaN,NaN,NaN,NaN,|,NaN,NaN,NaN,NaN,NaN,NaN
07:12:30,|,NaN,NaN,NaN,NaN,NaN,NaN,|,NaN,NaN,NaN,NaN,NaN,NaN,|,NaN,NaN,NaN,NaN,NaN,NaN,|,NaN,NaN,NaN,NaN,NaN,NaN,|,NaN,NaN,NaN,NaN,NaN,NaN
07:17:30,|,NaN,NaN,NaN,NaN,NaN,NaN,|,NaN,NaN,NaN,NaN,NaN,NaN,|,NaN,NaN,NaN,NaN,NaN,NaN,|,NaN,NaN,NaN,NaN,NaN,NaN,|,NaN,NaN,NaN,NaN,NaN,NaN
07:22:30,|,NaN,NaN,NaN,NaN,NaN,NaN,|,NaN,NaN,NaN,NaN,NaN,NaN,|,NaN,NaN,NaN,NaN,NaN,NaN,|,NaN,NaN,NaN,NaN,NaN,NaN,|,NaN,NaN,NaN,NaN,NaN,NaN
07:27:30,|,NaN,NaN,NaN,NaN,NaN,NaN,|,NaN,NaN,NaN,NaN,NaN,NaN,|,NaN,NaN,NaN,NaN,NaN,NaN,|,NaN,NaN,NaN,NaN,NaN,NaN,|,NaN,NaN,NaN,NaN,NaN,NaN
07:32:30,|,NaN,NaN,NaN,NaN,NaN,NaN,|,NaN,NaN,NaN,NaN,NaN,NaN,|,NaN,NaN,NaN,NaN,NaN,NaN,|,NaN,NaN,NaN,NaN,NaN,NaN,|,NaN,NaN,NaN,NaN,NaN,NaN
07:37:30,|,NaN,NaN,NaN,NaN,NaN,NaN,|,NaN,NaN,NaN,NaN,NaN,NaN,|,NaN,NaN,NaN,NaN,NaN,NaN,|,NaN,NaN,NaN,NaN,NaN,NaN,|,NaN,NaN,NaN,NaN,NaN,NaN
07:42:30,|,NaN,NaN,NaN,NaN,NaN,NaN,|,NaN,NaN,NaN,NaN,NaN,NaN,|,NaN,NaN,NaN,NaN,NaN,NaN,|,NaN,NaN,NaN,NaN,NaN,NaN,|,NaN,NaN,NaN,NaN,NaN,NaN
07:47:30,|,NaN,NaN,NaN,NaN,NaN,NaN,|,NaN,NaN,NaN,NaN,NaN,NaN,|,NaN,NaN,NaN,NaN,NaN,NaN,|,NaN,NaN,NaN,NaN,NaN,NaN,|,NaN,NaN,NaN,NaN,NaN,NaN
07:52:30,|,NaN,NaN,NaN,NaN,NaN,NaN,|,NaN,NaN,NaN,NaN,NaN,NaN,|,NaN,NaN,NaN,NaN,NaN,NaN,|,NaN,NaN,NaN,NaN,NaN,NaN,|,NaN,NaN,NaN,NaN,NaN,NaN
07:57:30,|,NaN,NaN,NaN,NaN,NaN,NaN,|,NaN,NaN,NaN,NaN,NaN,NaN,|,NaN,NaN,NaN,NaN,NaN,NaN,|,NaN,NaN,NaN,NaN,NaN,NaN,|,NaN,NaN,NaN,NaN,NaN,NaN
08:02:30,|,NaN,NaN,NaN,NaN,NaN,NaN,|,NaN,NaN,NaN,NaN,NaN,NaN,|,NaN,NaN,NaN,NaN,NaN,NaN,|,NaN,NaN,NaN,NaN,NaN,NaN,|,NaN,NaN,NaN,NaN,NaN,NaN
08:07:30,|,NaN,NaN,NaN,NaN,NaN,NaN,|,NaN,NaN,NaN,NaN,NaN,NaN,|,NaN,NaN,NaN,NaN,NaN,NaN,|,NaN,NaN,NaN,NaN,NaN,NaN,|,NaN,NaN,NaN,NaN,NaN,NaN
08:12:30,|,NaN,NaN,NaN,NaN,NaN,NaN,|,NaN,NaN,NaN,NaN,NaN,NaN,|,NaN,NaN,NaN,NaN,NaN,NaN,|,NaN,NaN,NaN,NaN,NaN,NaN,|,NaN,NaN,NaN,NaN,NaN,NaN
08:17:30,|,NaN,NaN,NaN,NaN,NaN,NaN,|,NaN,NaN,NaN,NaN,NaN,NaN,|,NaN,NaN,NaN,NaN,NaN,NaN,|,NaN,NaN,NaN,NaN,NaN,NaN,|,NaN,NaN,NaN,NaN,NaN,NaN
08:22:30,|,NaN,NaN,NaN,NaN,NaN,NaN,|,NaN,NaN,NaN,NaN,NaN,NaN,|,NaN,NaN,NaN,NaN,NaN,NaN,|,NaN,NaN,NaN,NaN,NaN,NaN,|,NaN,NaN,NaN,NaN,NaN,NaN
08:27:30,|,NaN,NaN,NaN,NaN,NaN,NaN,|,NaN,NaN,NaN,NaN,NaN,NaN,|,NaN,NaN,NaN,NaN,NaN,NaN,|,NaN,NaN,NaN,NaN,NaN,NaN,|,NaN,NaN,NaN,NaN,NaN,NaN
08:32:30,|,NaN,NaN,NaN,NaN,NaN,NaN,|,NaN,NaN,NaN,NaN,NaN,NaN,|,NaN,NaN,NaN,NaN,NaN,NaN,|,NaN,NaN,NaN,NaN,NaN,NaN,|,NaN,NaN,NaN,NaN,NaN,NaN
08:37:30,|,NaN,NaN,NaN,NaN,NaN,NaN,|,NaN,NaN,NaN,NaN,NaN,NaN,|,NaN,NaN,NaN,NaN,NaN,NaN,|,NaN,NaN,NaN,NaN,NaN,NaN,|,NaN,NaN,NaN,NaN,NaN,NaN
08:42:30,|,NaN,NaN,NaN,NaN,NaN,NaN,|,NaN,NaN,NaN,NaN,NaN,NaN,|,NaN,NaN,NaN,NaN,NaN,NaN,|,NaN,NaN,NaN,NaN,NaN,NaN,|,NaN,NaN,NaN,NaN,NaN,NaN
08:47:30,|,NaN,NaN,NaN,NaN,NaN,NaN,|,NaN,NaN,NaN,NaN,NaN,NaN,|,NaN,NaN,NaN,NaN,NaN,NaN,|,NaN,NaN,NaN,NaN,NaN,NaN,|,NaN,NaN,NaN,NaN,NaN,NaN
08:52:30,|,NaN,NaN,NaN,NaN,NaN,NaN,|,NaN,NaN,NaN,NaN,NaN,NaN,|,NaN,NaN,NaN,NaN,NaN,NaN,|,NaN,NaN,NaN,NaN,NaN,NaN,|,NaN,NaN,NaN,NaN,NaN,NaN
08:57:30,|,NaN,NaN,NaN,NaN,NaN,NaN,|,NaN,NaN,NaN,NaN,NaN,NaN,|,NaN,NaN,NaN,NaN,NaN,NaN,|,NaN,NaN,NaN,NaN,NaN,NaN,|,NaN,NaN,NaN,NaN,NaN,NaN
09:02:30,|,NaN,NaN,NaN,NaN,NaN,NaN,|,NaN,NaN,NaN,NaN,NaN,NaN,|,NaN,NaN,NaN,NaN,NaN,NaN,|,NaN,NaN,NaN,NaN,NaN,NaN,|,NaN,NaN,NaN,NaN,NaN,NaN
09:07:30,|,NaN,NaN,NaN,NaN,NaN,NaN,|,NaN,NaN,NaN,NaN,NaN,NaN,|,NaN,NaN,NaN,NaN,NaN,NaN,|,NaN,NaN,NaN,NaN,NaN,NaN,|,NaN,NaN,NaN,NaN,NaN,NaN
09:12:30,|,NaN,NaN,NaN,NaN,NaN,NaN,|,NaN,NaN,NaN,NaN,NaN,NaN,|,NaN,NaN,NaN,NaN,NaN,NaN,|,NaN,NaN,NaN,NaN,NaN,NaN,|,NaN,NaN,NaN,NaN,NaN,NaN
09:17:30,|,NaN,NaN,NaN,NaN,NaN,NaN,|,NaN,NaN,NaN,NaN,NaN,NaN,|,NaN,NaN,NaN,NaN,NaN,NaN,|,NaN,NaN,NaN,NaN,NaN,NaN,|,NaN,NaN,NaN,NaN,NaN,NaN
09:22:30,|,NaN,NaN,NaN,NaN,NaN,NaN,|,NaN,NaN,NaN,NaN,NaN,NaN,|,NaN,NaN,NaN,NaN,NaN,NaN,|,NaN,NaN,NaN,NaN,NaN,NaN,|,NaN,NaN,NaN,NaN,NaN,NaN
09:27:30,|,NaN,NaN,NaN,NaN,NaN,NaN,|,NaN,NaN,NaN,NaN,NaN,NaN,|,NaN,NaN,NaN,NaN,NaN,NaN,|,NaN,NaN,NaN,NaN,NaN,NaN,|,NaN,NaN,NaN,NaN,NaN,NaN
09:32:30,|,NaN,NaN,NaN,NaN,NaN,NaN,|,NaN,NaN,NaN,NaN,NaN,NaN,|,NaN,NaN,NaN,NaN,NaN,NaN,|,NaN,NaN,NaN,NaN,NaN,NaN,|,NaN,NaN,NaN,NaN,NaN,NaN
09:37:30,|,NaN,NaN,NaN,NaN,NaN,NaN,|,NaN,NaN,NaN,NaN,NaN,NaN,|,NaN,NaN,NaN,NaN,NaN,NaN,|,NaN,NaN,NaN,NaN,NaN,NaN,|,NaN,NaN,NaN,NaN,NaN,NaN
09:42:30,|,NaN,NaN,NaN,NaN,NaN,NaN,|,NaN,NaN,NaN,NaN,NaN,NaN,|,NaN,NaN,NaN,NaN,NaN,NaN,|,NaN,NaN,NaN,NaN,NaN,NaN,|,NaN,NaN,NaN,NaN,NaN,NaN
09:47:30,|,NaN,NaN,NaN,NaN,NaN,NaN,|,NaN,NaN,NaN,NaN,NaN,NaN,|,NaN,NaN,NaN,NaN,NaN,NaN,|,NaN,NaN,NaN,NaN,NaN,NaN,|,NaN,NaN,NaN,NaN,NaN,NaN
09:52:30,|,NaN,NaN,NaN,NaN,NaN,NaN,|,NaN,NaN,NaN,NaN,NaN,NaN,|,NaN,NaN,NaN,NaN,NaN,NaN,|,NaN,NaN,NaN,NaN,NaN,NaN,|,NaN,NaN,NaN,NaN,NaN,NaN
09:57:30,|,NaN,NaN,NaN,NaN,NaN,NaN,|,NaN,NaN,NaN,NaN,NaN,NaN,|,NaN,NaN,NaN,NaN,NaN,NaN,|,NaN,NaN,NaN,NaN,NaN,NaN,|,NaN,NaN,NaN,NaN,NaN,NaN
10:02:30,|,NaN,NaN,NaN,NaN,NaN,NaN,|,NaN,NaN,NaN,NaN,NaN,NaN,|,NaN,NaN,NaN,NaN,NaN,NaN,|,NaN,NaN,NaN,NaN,NaN,NaN,|,NaN,NaN,NaN,NaN,NaN,NaN
10:07:30,|,NaN,NaN,NaN,NaN,NaN,NaN,|,NaN,NaN,NaN,NaN,NaN,NaN,|,NaN,NaN,NaN,NaN,NaN,NaN,|,NaN,NaN,NaN,NaN,NaN,NaN,|,NaN,NaN,NaN,NaN,NaN,NaN
10:12:30,|,NaN,NaN,NaN,NaN,NaN,NaN,|,NaN,NaN,NaN,NaN,NaN,NaN,|,NaN,NaN,NaN,NaN,NaN,NaN,|,NaN,NaN,NaN,NaN,NaN,NaN,|,NaN,NaN,NaN,NaN,NaN,NaN
10:17:30,|,NaN,NaN,NaN,NaN,NaN,NaN,|,NaN,NaN,NaN,NaN,NaN,NaN,|,NaN,NaN,NaN,NaN,NaN,NaN,|,NaN,NaN,NaN,NaN,NaN,NaN,|,NaN,NaN,NaN,NaN,NaN,NaN
10:22:30,|,NaN,NaN,NaN,NaN,NaN,NaN,|,NaN,NaN,NaN,NaN,NaN,NaN,|,NaN,NaN,NaN,NaN,NaN,NaN,|,NaN,NaN,NaN,NaN,NaN,NaN,|,NaN,NaN,NaN,NaN,NaN,NaN
10:27:30,|,NaN,NaN,NaN,NaN,NaN,NaN,|,NaN,NaN,NaN,NaN,NaN,NaN,|,NaN,NaN,NaN,NaN,NaN,NaN,|,NaN,NaN,NaN,NaN,NaN,NaN,|,NaN,NaN,NaN,NaN,NaN,NaN
10:32:30,|,NaN,NaN,NaN,NaN,NaN,NaN,|,NaN,NaN,NaN,NaN,NaN,NaN,|,NaN,NaN,NaN,NaN,NaN,NaN,|,NaN,NaN,NaN,NaN,NaN,NaN,|,NaN,NaN,NaN,NaN,NaN,NaN
10:37:30,|,NaN,NaN,NaN,NaN,NaN,NaN,|,NaN,NaN,NaN,NaN,NaN,NaN,|,NaN,NaN,NaN,NaN,NaN,NaN,|,NaN,NaN,NaN,NaN,NaN,NaN,|,NaN,NaN,NaN,NaN,NaN,NaN
10:42:30,|,NaN,NaN,NaN,NaN,NaN,NaN,|,NaN,NaN,NaN,NaN,NaN,NaN,|,NaN,NaN,NaN,NaN,NaN,NaN,|,NaN,NaN,NaN,NaN,NaN,NaN,|,NaN,NaN,NaN,NaN,NaN,NaN
10:47:30,|,NaN,NaN,NaN,NaN,NaN,NaN,|,NaN,NaN,NaN,NaN,NaN,NaN,|,NaN,NaN,NaN,NaN,NaN,NaN,|,NaN,NaN,NaN,NaN,NaN,NaN,|,NaN,NaN,NaN,NaN,NaN,NaN
10:52:30,|,NaN,NaN,NaN,NaN,NaN,NaN,|,NaN,NaN,NaN,NaN,NaN,NaN,|,NaN,NaN,NaN,NaN,NaN,NaN,|,NaN,NaN,NaN,NaN,NaN,NaN,|,NaN,NaN,NaN,NaN,NaN,NaN
10:57:30,|,NaN,NaN,NaN,NaN,NaN,NaN,|,NaN,NaN,NaN,NaN,NaN,NaN,|,NaN,NaN,NaN,NaN,NaN,NaN,|,NaN,NaN,NaN,NaN,NaN,NaN,|,NaN,NaN,NaN,NaN,NaN,NaN
11:02:30,|,NaN,NaN,NaN,NaN,NaN,NaN,|,NaN,NaN,NaN,NaN,NaN,NaN,|,NaN,NaN,NaN,NaN,NaN,NaN,|,NaN,NaN,NaN,NaN,NaN,NaN,|,NaN,NaN,NaN,NaN,NaN,NaN
11:07:30,|,NaN,NaN,NaN,NaN,NaN,NaN,|,NaN,NaN,NaN,NaN,NaN,NaN,|,NaN,NaN,NaN,NaN,NaN,NaN,|,NaN,NaN,NaN,NaN,NaN,NaN,|,NaN,NaN,NaN,NaN,NaN,NaN
11:12:30,|,NaN,NaN,NaN,NaN,NaN,NaN,|,NaN,NaN,NaN,NaN,NaN,NaN,|,NaN,NaN,NaN,NaN,NaN,NaN,|,NaN,NaN,NaN,NaN,NaN,NaN,|,NaN,NaN,NaN,NaN,NaN,NaN
11:17:30,|,NaN,NaN,NaN,NaN,NaN,NaN,|,NaN,NaN,NaN,NaN,NaN,NaN,|,NaN,NaN,NaN,NaN,NaN,NaN,|,NaN,NaN,NaN,NaN,NaN,NaN,|,NaN,NaN,NaN,NaN,NaN,NaN
11:22:30,|,NaN,NaN,NaN,NaN,NaN,NaN,|,NaN,NaN,NaN,NaN,NaN,NaN,|,NaN,NaN,NaN,NaN,NaN,NaN,|,NaN,NaN,NaN,NaN,NaN,NaN,|,NaN,NaN,NaN,NaN,NaN,NaN
11:27:30,|,NaN,NaN,NaN,NaN,NaN,NaN,|,NaN,NaN,NaN,NaN,NaN,NaN,|,NaN,NaN,NaN,NaN,NaN,NaN,|,NaN,NaN,NaN,NaN,NaN,NaN,|,NaN,NaN,NaN,NaN,NaN,NaN
11:32:30,|,NaN,NaN,NaN,NaN,NaN,NaN,|,NaN,NaN,NaN,NaN,NaN,NaN,|,NaN,NaN,NaN,NaN,NaN,NaN,|,NaN,NaN,NaN,NaN,NaN,NaN,|,NaN,NaN,NaN,NaN,NaN,NaN
11:37:30,|,NaN,NaN,NaN,NaN,NaN,NaN,|,NaN,NaN,NaN,NaN,NaN,NaN,|,NaN,NaN,NaN,NaN,NaN,NaN,|,NaN,NaN,NaN,NaN,NaN,NaN,|,NaN,NaN,NaN,NaN,NaN,NaN
11:42:30,|,NaN,NaN,NaN,NaN,NaN,NaN,|,NaN,NaN,NaN,NaN,NaN,NaN,|,NaN,NaN,NaN,NaN,NaN,NaN,|,NaN,NaN,NaN,NaN,NaN,NaN,|,NaN,NaN,NaN,NaN,NaN,NaN
11:47:30,|,NaN,NaN,NaN,NaN,NaN,NaN,|,NaN,NaN,NaN,NaN,NaN,NaN,|,NaN,NaN,NaN,NaN,NaN,NaN,|,NaN,NaN,NaN,NaN,NaN,NaN,|,NaN,NaN,NaN,NaN,NaN,NaN
11:52:30,|,NaN,NaN,NaN,NaN,NaN,NaN,|,NaN,NaN,NaN,NaN,NaN,NaN,|,NaN,NaN,NaN,NaN,NaN,NaN,|,NaN,NaN,NaN,NaN,NaN,NaN,|,NaN,NaN,NaN,NaN,NaN,NaN
11:57:30,|,NaN,NaN,NaN,NaN,NaN,NaN,|,NaN,NaN,NaN,NaN,NaN,NaN,|,NaN,NaN,NaN,NaN,NaN,NaN,|,NaN,NaN,NaN,NaN,NaN,NaN,|,NaN,NaN,NaN,NaN,NaN,NaN
12:02:30,|,NaN,NaN,NaN,NaN,NaN,NaN,|,NaN,NaN,NaN,NaN,NaN,NaN,|,NaN,NaN,NaN,NaN,NaN,NaN,|,NaN,NaN,NaN,NaN,NaN,NaN,|,NaN,NaN,NaN,NaN,NaN,NaN
12:07:30,|,NaN,NaN,NaN,NaN,NaN,NaN,|,NaN,NaN,NaN,NaN,NaN,NaN,|,NaN,NaN,NaN,NaN,NaN,NaN,|,NaN,NaN,NaN,NaN,NaN,NaN,|,NaN,NaN,NaN,NaN,NaN,NaN
12:12:30,|,NaN,NaN,NaN,NaN,NaN,NaN,|,NaN,NaN,NaN,NaN,NaN,NaN,|,NaN,NaN,NaN,NaN,NaN,NaN,|,NaN,NaN,NaN,NaN,NaN,NaN,|,NaN,NaN,NaN,NaN,NaN,NaN
12:17:30,|,NaN,NaN,NaN,NaN,NaN,NaN,|,NaN,NaN,NaN,NaN,NaN,NaN,|,NaN,NaN,NaN,NaN,NaN,NaN,|,NaN,NaN,NaN,NaN,NaN,NaN,|,NaN,NaN,NaN,NaN,NaN,NaN
12:22:30,|,NaN,NaN,NaN,NaN,NaN,NaN,|,NaN,NaN,NaN,NaN,NaN,NaN,|,NaN,NaN,NaN,NaN,NaN,NaN,|,NaN,NaN,NaN,NaN,NaN,NaN,|,NaN,NaN,NaN,NaN,NaN,NaN
12:27:30,|,NaN,NaN,NaN,NaN,NaN,NaN,|,NaN,NaN,NaN,NaN,NaN,NaN,|,NaN,NaN,NaN,NaN,NaN,NaN,|,NaN,NaN,NaN,NaN,NaN,NaN,|,NaN,NaN,NaN,NaN,NaN,NaN
12:32:30,|,NaN,NaN,NaN,NaN,NaN,NaN,|,NaN,NaN,NaN,NaN,NaN,NaN,|,NaN,NaN,NaN,NaN,NaN,NaN,|,NaN,NaN,NaN,NaN,NaN,NaN,|,NaN,NaN,NaN,NaN,NaN,NaN
12:37:30,|,NaN,NaN,NaN,NaN,NaN,NaN,|,NaN,NaN,NaN,NaN,NaN,NaN,|,NaN,NaN,NaN,NaN,NaN,NaN,|,NaN,NaN,NaN,NaN,NaN,NaN,|,NaN,NaN,NaN,NaN,NaN,NaN
12:42:30,|,NaN,NaN,NaN,NaN,NaN,NaN,|,NaN,NaN,NaN,NaN,NaN,NaN,|,NaN,NaN,NaN,NaN,NaN,NaN,|,NaN,NaN,NaN,NaN,NaN,NaN,|,NaN,NaN,NaN,NaN,NaN,NaN
12:47:30,|,NaN,NaN,NaN,NaN,NaN,NaN,|,NaN,NaN,NaN,NaN,NaN,NaN,|,NaN,NaN,NaN,NaN,NaN,NaN,|,NaN,NaN,NaN,NaN,NaN,NaN,|,NaN,NaN,NaN,NaN,NaN,NaN
12:52:30,|,NaN,NaN,NaN,NaN,NaN,NaN,|,NaN,NaN,NaN,NaN,NaN,NaN,|,NaN,NaN,NaN,NaN,NaN,NaN,|,NaN,NaN,NaN,NaN,NaN,NaN,|,NaN,NaN,NaN,NaN,NaN,NaN
12:57:30,|,NaN,NaN,NaN,NaN,NaN,NaN,|,NaN,NaN,NaN,NaN,NaN,NaN,|,NaN,NaN,NaN,NaN,NaN,NaN,|,NaN,NaN,NaN,NaN,NaN,NaN,|,NaN,NaN,NaN,NaN,NaN,NaN
13:02:30,|,NaN,NaN,NaN,NaN,NaN,NaN,|,NaN,NaN,NaN,NaN,NaN,NaN,|,NaN,NaN,NaN,NaN,NaN,NaN,|,NaN,NaN,NaN,NaN,NaN,NaN,|,NaN,NaN,NaN,NaN,NaN,NaN
13:07:30,|,NaN,NaN,NaN,NaN,NaN,NaN,|,NaN,NaN,NaN,NaN,NaN,NaN,|,NaN,NaN,NaN,NaN,NaN,NaN,|,NaN,NaN,NaN,NaN,NaN,NaN,|,NaN,NaN,NaN,NaN,NaN,NaN
13:12:30,|,NaN,NaN,NaN,NaN,NaN,NaN,|,NaN,NaN,NaN,NaN,NaN,NaN,|,NaN,NaN,NaN,NaN,NaN,NaN,|,NaN,NaN,NaN,NaN,NaN,NaN,|,NaN,NaN,NaN,NaN,NaN,NaN
13:17:30,|,NaN,NaN,NaN,NaN,NaN,NaN,|,NaN,NaN,NaN,NaN,NaN,NaN,|,NaN,NaN,NaN,NaN,NaN,NaN,|,NaN,NaN,NaN,NaN,NaN,NaN,|,NaN,NaN,NaN,NaN,NaN,NaN
13:22:30,|,NaN,NaN,NaN,NaN,NaN,NaN,|,NaN,NaN,NaN,NaN,NaN,NaN,|,NaN,NaN,NaN,NaN,NaN,NaN,|,NaN,NaN,NaN,NaN,NaN,NaN,|,NaN,NaN,NaN,NaN,NaN,NaN
13:27:30,|,NaN,NaN,NaN,NaN,NaN,NaN,|,NaN,NaN,NaN,NaN,NaN,NaN,|,NaN,NaN,NaN,NaN,NaN,NaN,|,NaN,NaN,NaN,NaN,NaN,NaN,|,NaN,NaN,NaN,NaN,NaN,NaN
13:32:30,|,NaN,NaN,NaN,NaN,NaN,NaN,|,NaN,NaN,NaN,NaN,NaN,NaN,|,NaN,NaN,NaN,NaN,NaN,NaN,|,NaN,NaN,NaN,NaN,NaN,NaN,|,NaN,NaN,NaN,NaN,NaN,NaN
13:37:30,|,NaN,NaN,NaN,NaN,NaN,NaN,|,NaN,NaN,NaN,NaN,NaN,NaN,|,NaN,NaN,NaN,NaN,NaN,NaN,|,NaN,NaN,NaN,NaN,NaN,NaN,|,NaN,NaN,NaN,NaN,NaN,NaN
13:42:30,|,NaN,NaN,NaN,NaN,NaN,NaN,|,NaN,NaN,NaN,NaN,NaN,NaN,|,NaN,NaN,NaN,NaN,NaN,NaN,|,NaN,NaN,NaN,NaN,NaN,NaN,|,NaN,NaN,NaN,NaN,NaN,NaN
13:47:30,|,NaN,NaN,NaN,NaN,NaN,NaN,|,NaN,NaN,NaN,NaN,NaN,NaN,|,NaN,NaN,NaN,NaN,NaN,NaN,|,NaN,NaN,NaN,NaN,NaN,NaN,|,NaN,NaN,NaN,NaN,NaN,NaN
13:52:30,|,NaN,NaN,NaN,NaN,NaN,NaN,|,NaN,NaN,NaN,NaN,NaN,NaN,|,NaN,NaN,NaN,NaN,NaN,NaN,|,NaN,NaN,NaN,NaN,NaN,NaN,|,NaN,NaN,NaN,NaN,NaN,NaN
13:57:30,|,NaN,NaN,NaN,NaN,NaN,NaN,|,NaN,NaN,NaN,NaN,NaN,NaN,|,NaN,NaN,NaN,NaN,NaN,NaN,|,NaN,NaN,NaN,NaN,NaN,NaN,|,NaN,NaN,NaN,NaN,NaN,NaN
14:02:30,|,NaN,NaN,NaN,NaN,NaN,NaN,|,NaN,NaN,NaN,NaN,NaN,NaN,|,NaN,NaN,NaN,NaN,NaN,NaN,|,NaN,NaN,NaN,NaN,NaN,NaN,|,NaN,NaN,NaN,NaN,NaN,NaN
14:07:30,|,NaN,NaN,NaN,NaN,NaN,NaN,|,NaN,NaN,NaN,NaN,NaN,NaN,|,NaN,NaN,NaN,NaN,NaN,NaN,|,NaN,NaN,NaN,NaN,NaN,NaN,|,NaN,NaN,NaN,NaN,NaN,NaN
14:12:30,|,NaN,NaN,NaN,NaN,NaN,NaN,|,NaN,NaN,NaN,NaN,NaN,NaN,|,NaN,NaN,NaN,NaN,NaN,NaN,|,NaN,NaN,NaN,NaN,NaN,NaN,|,NaN,NaN,NaN,NaN,NaN,NaN
14:17:30,|,NaN,NaN,NaN,NaN,NaN,NaN,|,NaN,NaN,NaN,NaN,NaN,NaN,|,NaN,NaN,NaN,NaN,NaN,NaN,|,NaN,NaN,NaN,NaN,NaN,NaN,|,NaN,NaN,NaN,NaN,NaN,NaN
14:22:30,|,NaN,NaN,NaN,NaN,NaN,NaN,|,NaN,NaN,NaN,NaN,NaN,NaN,|,NaN,NaN,NaN,NaN,NaN,NaN,|,NaN,NaN,NaN,NaN,NaN,NaN,|,NaN,NaN,NaN,NaN,NaN,NaN
14:27:30,|,NaN,NaN,NaN,NaN,NaN,NaN,|,NaN,NaN,NaN,NaN,NaN,NaN,|,NaN,NaN,NaN,NaN,NaN,NaN,|,NaN,NaN,NaN,NaN,NaN,NaN,|,NaN,NaN,NaN,NaN,NaN,NaN
14:32:30,|,NaN,NaN,NaN,NaN,NaN,NaN,|,NaN,NaN,NaN,NaN,NaN,NaN,|,NaN,NaN,NaN,NaN,NaN,NaN,|,NaN,NaN,NaN,NaN,NaN,NaN,|,NaN,NaN,NaN,NaN,NaN,NaN
14:37:30,|,NaN,NaN,NaN,NaN,NaN,NaN,|,NaN,NaN,NaN,NaN,NaN,NaN,|,NaN,NaN,NaN,NaN,NaN,NaN,|,NaN,NaN,NaN,NaN,NaN,NaN,|,NaN,NaN,NaN,NaN,NaN,NaN
14:42:30,|,NaN,NaN,NaN,NaN,NaN,NaN,|,NaN,NaN,NaN,NaN,NaN,NaN,|,NaN,NaN,NaN,NaN,NaN,NaN,|,NaN,NaN,NaN,NaN,NaN,NaN,|,NaN,NaN,NaN,NaN,NaN,NaN
14:47:30,|,NaN,NaN,NaN,NaN,NaN,NaN,|,NaN,NaN,NaN,NaN,NaN,NaN,|,NaN,NaN,NaN,NaN,NaN,NaN,|,NaN,NaN,NaN,NaN,NaN,NaN,|,NaN,NaN,NaN,NaN,NaN,NaN
14:52:30,|,NaN,NaN,NaN,NaN,NaN,NaN,|,NaN,NaN,NaN,NaN,NaN,NaN,|,NaN,NaN,NaN,NaN,NaN,NaN,|,NaN,NaN,NaN,NaN,NaN,NaN,|,NaN,NaN,NaN,NaN,NaN,NaN
14:57:30,|,NaN,NaN,NaN,NaN,NaN,NaN,|,NaN,NaN,NaN,NaN,NaN,NaN,|,NaN,NaN,NaN,NaN,NaN,NaN,|,NaN,NaN,NaN,NaN,NaN,NaN,|,NaN,NaN,NaN,NaN,NaN,NaN
15:02:30,|,NaN,NaN,NaN,NaN,NaN,NaN,|,NaN,NaN,NaN,NaN,NaN,NaN,|,NaN,NaN,NaN,NaN,NaN,NaN,|,NaN,NaN,NaN,NaN,NaN,NaN,|,NaN,NaN,NaN,NaN,NaN,NaN
15:07:30,|,NaN,NaN,NaN,NaN,NaN,NaN,|,NaN,NaN,NaN,NaN,NaN,NaN,|,NaN,NaN,NaN,NaN,NaN,NaN,|,NaN,NaN,NaN,NaN,NaN,NaN,|,NaN,NaN,NaN,NaN,NaN,NaN
15:12:30,|,NaN,NaN,NaN,NaN,NaN,NaN,|,NaN,NaN,NaN,NaN,NaN,NaN,|,NaN,NaN,NaN,NaN,NaN,NaN,|,NaN,NaN,NaN,NaN,NaN,NaN,|,NaN,NaN,NaN,NaN,NaN,NaN
15:17:30,|,NaN,NaN,NaN,NaN,NaN,NaN,|,NaN,NaN,NaN,NaN,NaN,NaN,|,NaN,NaN,NaN,NaN,NaN,NaN,|,NaN,NaN,NaN,NaN,NaN,NaN,|,NaN,NaN,NaN,NaN,NaN,NaN
15:22:30,|,NaN,NaN,NaN,NaN,NaN,NaN,|,NaN,NaN,NaN,NaN,NaN,NaN,|,NaN,NaN,NaN,NaN,NaN,NaN,|,NaN,NaN,NaN,NaN,NaN,NaN,|,NaN,NaN,NaN,NaN,NaN,NaN
15:27:30,|,NaN,NaN,NaN,NaN,NaN,NaN,|,NaN,NaN,NaN,NaN,NaN,NaN,|,NaN,NaN,NaN,NaN,NaN,NaN,|,NaN,NaN,NaN,NaN,NaN,NaN,|,NaN,NaN,NaN,NaN,NaN,NaN
15:32:30,|,NaN,NaN,NaN,NaN,NaN,NaN,|,NaN,NaN,NaN,NaN,NaN,NaN,|,NaN,NaN,NaN,NaN,NaN,NaN,|,NaN,NaN,NaN,NaN,NaN,NaN,|,NaN,NaN,NaN,NaN,NaN,NaN
15:37:30,|,NaN,NaN,NaN,NaN,NaN,NaN,|,NaN,NaN,NaN,NaN,NaN,NaN,|,NaN,NaN,NaN,NaN,NaN,NaN,|,NaN,NaN,NaN,NaN,NaN,NaN,|,NaN,NaN,NaN,NaN,NaN,NaN
15:42:30,|,NaN,NaN,NaN,NaN,NaN,NaN,|,NaN,NaN,NaN,NaN,NaN,NaN,|,NaN,NaN,NaN,NaN,NaN,NaN,|,NaN,NaN,NaN,NaN,NaN,NaN,|,NaN,NaN,NaN,NaN,NaN,NaN
15:47:30,|,NaN,NaN,NaN,NaN,NaN,NaN,|,NaN,NaN,NaN,NaN,NaN,NaN,|,NaN,NaN,NaN,NaN,NaN,NaN,|,NaN,NaN,NaN,NaN,NaN,NaN,|,NaN,NaN,NaN,NaN,NaN,NaN
15:52:30,|,NaN,NaN,NaN,NaN,NaN,NaN,|,NaN,NaN,NaN,NaN,NaN,NaN,|,NaN,NaN,NaN,NaN,NaN,NaN,|,NaN,NaN,NaN,NaN,NaN,NaN,|,NaN,NaN,NaN,NaN,NaN,NaN
15:57:30,|,NaN,NaN,NaN,NaN,NaN,NaN,|,NaN,NaN,NaN,NaN,NaN,NaN,|,NaN,NaN,NaN,NaN,NaN,NaN,|,NaN,NaN,NaN,NaN,NaN,NaN,|,NaN,NaN,NaN,NaN,NaN,NaN
16:02:30,|,NaN,NaN,NaN,NaN,NaN,NaN,|,NaN,NaN,NaN,NaN,NaN,NaN,|,NaN,NaN,NaN,NaN,NaN,NaN,|,NaN,NaN,NaN,NaN,NaN,NaN,|,NaN,NaN,NaN,NaN,NaN,NaN
16:07:30,|,NaN,NaN,NaN,NaN,NaN,NaN,|,NaN,NaN,NaN,NaN,NaN,NaN,|,NaN,NaN,NaN,NaN,NaN,NaN,|,NaN,NaN,NaN,NaN,NaN,NaN,|,NaN,NaN,NaN,NaN,NaN,NaN
16:12:30,|,NaN,NaN,NaN,NaN,NaN,NaN,|,NaN,NaN,NaN,NaN,NaN,NaN,|,NaN,NaN,NaN,NaN,NaN,NaN,|,NaN,NaN,NaN,NaN,NaN,NaN,|,NaN,NaN,NaN,NaN,NaN,NaN
16:17:30,|,NaN,NaN,NaN,NaN,NaN,NaN,|,NaN,NaN,NaN,NaN,NaN,NaN,|,NaN,NaN,NaN,NaN,NaN,NaN,|,NaN,NaN,NaN,NaN,NaN,NaN,|,NaN,NaN,NaN,NaN,NaN,NaN
16:22:30,|,NaN,NaN,NaN,NaN,NaN,NaN,|,NaN,NaN,NaN,NaN,NaN,NaN,|,NaN,NaN,NaN,NaN,NaN,NaN,|,NaN,NaN,NaN,NaN,NaN,NaN,|,NaN,NaN,NaN,NaN,NaN,NaN
16:27:30,|,NaN,NaN,NaN,NaN,NaN,NaN,|,NaN,NaN,NaN,NaN,NaN,NaN,|,NaN,NaN,NaN,NaN,NaN,NaN,|,NaN,NaN,NaN,NaN,NaN,NaN,|,NaN,NaN,NaN,NaN,NaN,NaN
16:32:30,|,NaN,NaN,NaN,NaN,NaN,NaN,|,NaN,NaN,NaN,NaN,NaN,NaN,|,NaN,NaN,NaN,NaN,NaN,NaN,|,NaN,NaN,NaN,NaN,NaN,NaN,|,NaN,NaN,NaN,NaN,NaN,NaN
16:37:30,|,NaN,NaN,NaN,78.4018020629883,NaN,85.7643508911133,|,NaN,NaN,NaN,NaN,NaN,NaN,|,NaN,NaN,NaN,NaN,NaN,NaN,|,NaN,NaN,NaN,NaN,NaN,NaN,|,NaN,NaN,NaN,NaN,NaN,NaN
16:42:30,|,NaN,NaN,NaN,95.8885726928711,NaN,106.19620513916,|,NaN,NaN,NaN,NaN,NaN,NaN,|,NaN,NaN,NaN,NaN,NaN,NaN,|,NaN,NaN,NaN,NaN,NaN,NaN,|,NaN,NaN,NaN,NaN,NaN,NaN
16:47:30,|,NaN,NaN,NaN,124.825462341309,NaN,134.624725341797,|,NaN,NaN,NaN,NaN,NaN,NaN,|,NaN,NaN,NaN,NaN,NaN,NaN,|,NaN,NaN,NaN,NaN,NaN,NaN,|,NaN,NaN,NaN,NaN,NaN,NaN
16:52:30,|,NaN,NaN,NaN,120.512619018555,NaN,127.5302734375,|,NaN,NaN,NaN,NaN,NaN,NaN,|,NaN,NaN,NaN,NaN,NaN,NaN,|,NaN,NaN,NaN,NaN,NaN,NaN,|,NaN,NaN,NaN,NaN,NaN,NaN
16:57:30,|,NaN,78.9963760375977,81.5166931152344,78.9864501953125,NaN,87.8824310302734,|,NaN,NaN,NaN,NaN,NaN,NaN,|,NaN,NaN,NaN,NaN,NaN,NaN,|,NaN,NaN,NaN,NaN,NaN,NaN,|,NaN,NaN,NaN,NaN,NaN,NaN
17:02:30,|,NaN,77.6531448364258,83.9829254150391,86.8261947631836,NaN,97.8472900390625,|,NaN,NaN,NaN,NaN,NaN,NaN,|,NaN,NaN,NaN,NaN,NaN,NaN,|,NaN,NaN,NaN,NaN,NaN,NaN,|,NaN,NaN,NaN,NaN,NaN,NaN
17:07:30,|,NaN,81.5992050170898,91.3387451171875,95.7554473876953,NaN,108.541381835938,|,NaN,NaN,NaN,NaN,NaN,NaN,|,NaN,NaN,NaN,NaN,NaN,NaN,|,NaN,NaN,NaN,NaN,NaN,NaN,|,NaN,NaN,NaN,NaN,NaN,NaN
17:12:30,|,NaN,81.7378311157227,90.5179595947266,95.197135925293,NaN,108.398086547852,|,NaN,NaN,NaN,NaN,NaN,NaN,|,NaN,NaN,NaN,NaN,NaN,NaN,|,NaN,NaN,NaN,NaN,NaN,NaN,|,NaN,NaN,NaN,NaN,NaN,NaN
17:17:30,|,NaN,93.9715957641602,110.775192260742,116.479721069336,NaN,121.202842712402,|,NaN,NaN,NaN,NaN,NaN,NaN,|,NaN,NaN,NaN,NaN,NaN,NaN,|,NaN,NaN,NaN,NaN,NaN,NaN,|,NaN,NaN,NaN,NaN,NaN,NaN
17:22:30,|,NaN,91.9158935546875,106.230415344238,111.35888671875,NaN,117.233345031738,|,NaN,NaN,NaN,NaN,NaN,NaN,|,NaN,NaN,NaN,NaN,NaN,NaN,|,NaN,NaN,NaN,NaN,NaN,NaN,|,NaN,NaN,NaN,NaN,NaN,NaN
17:27:30,|,NaN,88.3263778686523,101.491851806641,106.896659851074,NaN,117.415863037109,|,NaN,NaN,NaN,NaN,NaN,NaN,|,NaN,NaN,NaN,NaN,NaN,NaN,|,NaN,NaN,NaN,NaN,NaN,NaN,|,NaN,NaN,NaN,NaN,NaN,NaN
17:32:30,|,NaN,90.4559707641602,106.675476074219,115.019920349121,NaN,122.310028076172,|,NaN,NaN,NaN,NaN,NaN,NaN,|,NaN,NaN,NaN,NaN,NaN,NaN,|,NaN,NaN,NaN,NaN,NaN,NaN,|,NaN,NaN,NaN,NaN,NaN,NaN
17:37:30,|,NaN,85.8826522827148,109.317512512207,120.618453979492,NaN,129.219482421875,|,NaN,NaN,NaN,NaN,NaN,NaN,|,NaN,NaN,NaN,NaN,NaN,NaN,|,NaN,NaN,NaN,NaN,NaN,NaN,|,NaN,NaN,NaN,NaN,NaN,NaN
17:42:30,|,NaN,94.2969818115234,110.410003662109,119.678955078125,NaN,128.894561767578,|,NaN,NaN,NaN,NaN,NaN,NaN,|,NaN,NaN,NaN,NaN,NaN,NaN,|,NaN,NaN,NaN,NaN,NaN,NaN,|,NaN,NaN,NaN,NaN,NaN,NaN
17:47:30,|,NaN,96.9578018188477,112.334945678711,120.928283691406,NaN,127.161407470703,|,NaN,NaN,NaN,NaN,NaN,NaN,|,NaN,NaN,NaN,NaN,NaN,NaN,|,NaN,NaN,NaN,NaN,NaN,NaN,|,NaN,NaN,NaN,NaN,NaN,NaN
17:52:30,|,NaN,92.194206237793,110.949638366699,120.809150695801,NaN,130.325820922852,|,NaN,NaN,NaN,NaN,NaN,NaN,|,NaN,NaN,NaN,NaN,NaN,NaN,|,NaN,NaN,NaN,NaN,NaN,NaN,|,NaN,NaN,NaN,NaN,NaN,NaN
17:57:30,|,NaN,86.4832916259766,105.851989746094,116.762435913086,NaN,128.728622436523,|,NaN,NaN,NaN,NaN,NaN,NaN,|,NaN,NaN,NaN,NaN,NaN,NaN,|,NaN,NaN,NaN,NaN,NaN,NaN,|,NaN,NaN,NaN,NaN,NaN,NaN
18:02:30,|,NaN,92.5047378540039,111.60481262207,121.412017822266,NaN,125.707221984863,|,NaN,NaN,NaN,NaN,NaN,NaN,|,NaN,NaN,NaN,NaN,NaN,NaN,|,NaN,NaN,NaN,NaN,NaN,NaN,|,NaN,NaN,NaN,NaN,NaN,NaN
18:07:30,|,NaN,90.9008407592773,106.707740783691,115.827247619629,NaN,121.662132263184,|,NaN,NaN,NaN,NaN,NaN,NaN,|,NaN,NaN,NaN,NaN,NaN,NaN,|,NaN,NaN,NaN,NaN,NaN,NaN,|,NaN,NaN,NaN,NaN,NaN,NaN
18:12:30,|,NaN,89.5121994018555,104.615455627441,115.117889404297,NaN,123.266822814941,|,NaN,NaN,NaN,NaN,NaN,NaN,|,NaN,NaN,NaN,NaN,NaN,NaN,|,NaN,NaN,NaN,NaN,NaN,NaN,|,NaN,NaN,NaN,NaN,NaN,NaN
18:17:30,|,NaN,86.7335662841797,98.2835540771484,105.919067382813,NaN,115.550811767578,|,NaN,NaN,NaN,NaN,NaN,NaN,|,NaN,NaN,NaN,NaN,NaN,NaN,|,NaN,NaN,NaN,NaN,NaN,NaN,|,NaN,NaN,NaN,NaN,NaN,NaN
18:22:30,|,NaN,88.4297180175781,100.900009155273,108.172264099121,NaN,116.38362121582,|,NaN,NaN,NaN,NaN,NaN,NaN,|,NaN,NaN,NaN,NaN,NaN,NaN,|,NaN,NaN,NaN,NaN,NaN,NaN,|,NaN,NaN,NaN,NaN,NaN,NaN
18:27:30,|,NaN,84.8188629150391,97.7721176147461,106.113883972168,NaN,116.94287109375,|,NaN,NaN,NaN,NaN,NaN,NaN,|,NaN,NaN,NaN,NaN,NaN,NaN,|,NaN,NaN,NaN,NaN,NaN,NaN,|,NaN,NaN,NaN,NaN,NaN,NaN
18:32:30,|,NaN,83.9292602539063,97.1031799316406,103.444946289063,NaN,115.28108215332,|,NaN,NaN,NaN,NaN,NaN,NaN,|,NaN,NaN,NaN,NaN,NaN,NaN,|,NaN,NaN,NaN,NaN,NaN,NaN,|,NaN,NaN,NaN,NaN,NaN,NaN
18:37:30,|,NaN,91.8906173706055,107.880630493164,115.043235778809,NaN,121.555076599121,|,NaN,NaN,NaN,NaN,NaN,NaN,|,NaN,NaN,NaN,NaN,NaN,NaN,|,NaN,NaN,NaN,NaN,NaN,NaN,|,NaN,NaN,NaN,NaN,NaN,NaN
18:42:30,|,NaN,102.218467712402,115.065353393555,117.933410644531,NaN,119.773696899414,|,NaN,NaN,NaN,NaN,NaN,NaN,|,NaN,NaN,NaN,NaN,NaN,NaN,|,NaN,NaN,NaN,NaN,NaN,NaN,|,NaN,NaN,NaN,NaN,NaN,NaN
18:47:30,|,NaN,95.3280944824219,105.939926147461,111.152946472168,NaN,117.556571960449,|,NaN,NaN,NaN,NaN,NaN,NaN,|,NaN,NaN,NaN,NaN,NaN,NaN,|,NaN,NaN,NaN,NaN,NaN,NaN,|,NaN,NaN,NaN,NaN,NaN,NaN
18:52:30,|,NaN,90.1245956420898,101.836647033691,110.234375,NaN,116.999671936035,|,NaN,NaN,NaN,NaN,NaN,NaN,|,NaN,NaN,NaN,NaN,NaN,NaN,|,NaN,NaN,NaN,NaN,NaN,NaN,|,NaN,NaN,NaN,NaN,NaN,NaN
18:57:30,|,NaN,90.0363388061523,97.1393280029297,108.138076782227,NaN,117.354545593262,|,NaN,NaN,NaN,NaN,NaN,NaN,|,NaN,NaN,NaN,NaN,NaN,NaN,|,NaN,NaN,NaN,NaN,NaN,NaN,|,NaN,NaN,NaN,NaN,NaN,NaN
