CDT_time,bar_fence,dir_0_2m_init,dir_1_5m_init,dir_3m_init,dir_4_5m_init,dir_6m_init,dir_10m_init,bar_fence_1,dir_0_2m_rel,dir_1_5m_rel,dir_3m_rel,dir_4_5m_rel,dir_6m_rel,dir_10m_rel,bar_fence_2,dir_0_2m_uconv,dir_1_5m_uconv,dir_3m_uconv,dir_4_5m_uconv,dir_6m_uconv,dir_10m_uconv,bar_fence_3,dir_0_2m_lconv,dir_1_5m_lconv,dir_3m_lconv,dir_4_5m_lconv,dir_6m_lconv,dir_10m_lconv,bar_fence_4,dir_8_5m_rel,dir_8_5m_lconv,dir_15m_rel,dir_15m_lconv,dir_20m_rel,dir_20m_lconv
18:02:30,|,NaN,NaN,NaN,NaN,NaN,NaN,|,NaN,NaN,NaN,NaN,NaN,NaN,|,182.224685668945,NaN,NaN,NaN,NaN,NaN,|,NaN,346.202392578125,351.275482177734,352.386260986328,350.146270751953,351.224670410156,|,NaN,348.323913574219,NaN,NaN,NaN,NaN
18:07:30,|,NaN,NaN,NaN,NaN,NaN,NaN,|,NaN,NaN,NaN,NaN,NaN,NaN,|,170.848266601563,NaN,NaN,NaN,NaN,NaN,|,NaN,342.032135009766,346.922668457031,348.838745117188,346.900329589844,348.259918212891,|,NaN,345.522705078125,NaN,NaN,NaN,NaN
18:12:30,|,NaN,NaN,NaN,NaN,NaN,NaN,|,NaN,NaN,NaN,NaN,NaN,NaN,|,175.043685913086,NaN,NaN,NaN,NaN,NaN,|,NaN,347.423736572266,351.532836914063,352.607604980469,350.271331787109,352.357604980469,|,NaN,349.539978027344,NaN,NaN,NaN,NaN
18:17:30,|,NaN,NaN,NaN,NaN,NaN,NaN,|,NaN,NaN,NaN,NaN,NaN,NaN,|,171.68669128418,NaN,NaN,NaN,NaN,NaN,|,NaN,345.992309570313,351.039123535156,352.707672119141,349.938293457031,350.144989013672,|,NaN,347.896118164063,NaN,NaN,NaN,NaN
18:22:30,|,NaN,NaN,NaN,NaN,NaN,NaN,|,NaN,NaN,NaN,NaN,NaN,NaN,|,165.338973999023,NaN,NaN,NaN,NaN,NaN,|,NaN,347.156158447266,351.527984619141,352.592437744141,349.389984130859,350.365325927734,|,NaN,348.697204589844,NaN,NaN,NaN,NaN
18:27:30,|,NaN,NaN,NaN,NaN,NaN,NaN,|,NaN,NaN,NaN,NaN,NaN,NaN,|,167.216217041016,NaN,NaN,NaN,NaN,NaN,|,NaN,339.460052490234,344.520904541016,346.188934326172,342.931671142578,344.057434082031,|,NaN,342.329711914063,NaN,NaN,NaN,NaN
18:32:30,|,NaN,NaN,NaN,NaN,NaN,NaN,|,NaN,NaN,NaN,NaN,NaN,NaN,|,178.097702026367,NaN,NaN,NaN,NaN,NaN,|,NaN,341.191619873047,346.025146484375,346.644256591797,344.017608642578,346.593048095703,|,NaN,344.170745849609,NaN,NaN,NaN,NaN
18:37:30,|,NaN,NaN,NaN,NaN,NaN,NaN,|,NaN,NaN,NaN,NaN,NaN,NaN,|,171.283676147461,NaN,NaN,NaN,NaN,NaN,|,NaN,345.864379882813,350.642852783203,351.685668945313,349.049896240234,347.882904052734,|,NaN,346.746459960938,NaN,NaN,NaN,NaN
18:42:30,|,NaN,NaN,NaN,NaN,NaN,NaN,|,NaN,NaN,NaN,NaN,NaN,NaN,|,168.847747802734,NaN,NaN,NaN,NaN,NaN,|,NaN,333.829711914063,338.730773925781,340.6787109375,338.080383300781,338.90283203125,|,NaN,336.632629394531,NaN,NaN,NaN,NaN
18:47:30,|,NaN,NaN,NaN,NaN,NaN,NaN,|,NaN,NaN,NaN,NaN,NaN,NaN,|,160.461776733398,NaN,NaN,NaN,NaN,NaN,|,NaN,333.119384765625,337.695770263672,339.339508056641,336.358154296875,334.783538818359,|,NaN,333.919219970703,NaN,NaN,NaN,NaN
18:52:30,|,NaN,NaN,NaN,NaN,NaN,NaN,|,NaN,NaN,NaN,NaN,NaN,NaN,|,160.466766357422,NaN,NaN,NaN,NaN,NaN,|,NaN,334.714813232422,338.384216308594,340.301483154297,338.557312011719,338.748138427734,|,NaN,337.205810546875,NaN,NaN,NaN,NaN
18:57:30,|,NaN,NaN,NaN,NaN,NaN,NaN,|,NaN,NaN,NaN,NaN,NaN,NaN,|,163.250030517578,NaN,NaN,NaN,NaN,NaN,|,NaN,332.984497070313,336.613983154297,338.710235595703,336.893157958984,336.867004394531,|,NaN,335.666900634766,NaN,NaN,NaN,NaN
19:02:30,|,NaN,NaN,NaN,NaN,NaN,NaN,|,NaN,NaN,NaN,NaN,NaN,NaN,|,152.121612548828,NaN,NaN,NaN,NaN,NaN,|,NaN,332.598907470703,336.2578125,337.757537841797,335.650024414063,335.845428466797,|,NaN,334.177429199219,NaN,NaN,NaN,NaN
19:07:30,|,NaN,NaN,NaN,NaN,NaN,NaN,|,NaN,NaN,NaN,NaN,NaN,NaN,|,151.591079711914,NaN,NaN,NaN,NaN,NaN,|,NaN,335.414031982422,338.979522705078,339.799163818359,337.441711425781,337.437377929688,|,NaN,335.757995605469,NaN,NaN,NaN,NaN
19:12:30,|,NaN,NaN,NaN,NaN,NaN,NaN,|,NaN,NaN,NaN,NaN,NaN,NaN,|,161.096115112305,NaN,NaN,NaN,NaN,NaN,|,NaN,333.294006347656,336.691101074219,337.830810546875,335.949981689453,337.800018310547,|,NaN,334.865844726563,NaN,NaN,NaN,NaN
19:17:30,|,NaN,NaN,NaN,NaN,NaN,NaN,|,NaN,NaN,NaN,NaN,NaN,NaN,|,154.226867675781,NaN,NaN,NaN,NaN,NaN,|,NaN,330.138366699219,334.261932373047,335.612457275391,333.050048828125,334.282257080078,|,NaN,332.170593261719,NaN,NaN,NaN,NaN
19:22:30,|,NaN,NaN,NaN,NaN,NaN,NaN,|,NaN,NaN,NaN,NaN,NaN,NaN,|,159.456771850586,NaN,NaN,NaN,NaN,NaN,|,NaN,332.862213134766,337.485809326172,339.391784667969,336.627868652344,335.952972412109,|,NaN,334.718994140625,NaN,NaN,NaN,NaN
19:27:30,|,NaN,NaN,NaN,NaN,NaN,NaN,|,NaN,NaN,NaN,NaN,NaN,NaN,|,163.594451904297,NaN,NaN,NaN,NaN,NaN,|,NaN,340.836853027344,343.992034912109,344.617645263672,341.239685058594,341.033874511719,|,NaN,339.184844970703,NaN,NaN,NaN,NaN
19:32:30,|,NaN,NaN,NaN,NaN,NaN,NaN,|,NaN,NaN,NaN,NaN,NaN,NaN,|,170.953765869141,NaN,NaN,NaN,NaN,NaN,|,NaN,342.577941894531,345.628845214844,347.186065673828,344.244903564453,344.472198486328,|,NaN,342.695617675781,NaN,NaN,NaN,NaN
19:37:30,|,NaN,NaN,NaN,NaN,NaN,NaN,|,NaN,NaN,NaN,NaN,NaN,NaN,|,162.127258300781,NaN,NaN,NaN,NaN,NaN,|,NaN,336.194519042969,340.487945556641,342.524810791016,340.709136962891,341.512908935547,|,NaN,339.370208740234,NaN,NaN,NaN,NaN
19:42:30,|,NaN,NaN,NaN,NaN,NaN,NaN,|,NaN,NaN,NaN,NaN,NaN,NaN,|,159.279968261719,NaN,NaN,NaN,NaN,NaN,|,NaN,331.337005615234,335.679382324219,337.332366943359,335.631225585938,337.221984863281,|,NaN,334.250518798828,NaN,NaN,NaN,NaN
19:47:30,|,NaN,NaN,NaN,NaN,NaN,NaN,|,NaN,NaN,NaN,NaN,NaN,NaN,|,164.634231567383,NaN,NaN,NaN,NaN,NaN,|,NaN,333.993682861328,339.232421875,341.649261474609,339.047790527344,339.384002685547,|,NaN,337.131072998047,NaN,NaN,NaN,NaN
19:52:30,|,NaN,NaN,NaN,NaN,NaN,NaN,|,NaN,NaN,NaN,NaN,NaN,NaN,|,166.354095458984,NaN,NaN,NaN,NaN,NaN,|,NaN,336.935943603516,340.893859863281,342.673858642578,340.685821533203,342.146667480469,|,NaN,339.692657470703,NaN,NaN,NaN,NaN
19:57:30,|,NaN,NaN,NaN,NaN,NaN,NaN,|,NaN,NaN,NaN,NaN,NaN,NaN,|,150.88899230957,NaN,NaN,NaN,NaN,NaN,|,NaN,320.042114257813,324.280029296875,326.723419189453,324.621673583984,325.498260498047,|,NaN,323.406860351563,NaN,NaN,NaN,NaN
20:02:30,|,NaN,NaN,NaN,NaN,NaN,NaN,|,NaN,NaN,NaN,NaN,NaN,NaN,|,158.322052001953,NaN,NaN,NaN,NaN,NaN,|,NaN,337.037902832031,340.529815673828,340.740631103516,337.933197021484,338.966491699219,|,NaN,336.280151367188,NaN,NaN,NaN,NaN
20:07:30,|,NaN,NaN,NaN,NaN,NaN,NaN,|,NaN,NaN,NaN,NaN,NaN,NaN,|,171.168716430664,NaN,NaN,NaN,NaN,NaN,|,NaN,350.880615234375,354.677886962891,355.409729003906,353.264678955078,353.724456787109,|,NaN,351.745361328125,NaN,NaN,NaN,NaN
20:12:30,|,NaN,NaN,NaN,NaN,NaN,NaN,|,NaN,NaN,NaN,NaN,NaN,NaN,|,171.894424438477,NaN,NaN,NaN,NaN,NaN,|,NaN,352.078277587891,358.026275634766,357.740509033203,353.194030761719,352.7021484375,|,NaN,351.201934814453,NaN,NaN,NaN,NaN
20:17:30,|,NaN,NaN,NaN,NaN,NaN,NaN,|,NaN,NaN,NaN,NaN,NaN,NaN,|,180.557800292969,NaN,NaN,NaN,NaN,NaN,|,NaN,349.622589111328,354.347076416016,356.1865234375,351.909606933594,355.174530029297,|,NaN,352.205963134766,NaN,NaN,NaN,NaN
20:22:30,|,NaN,NaN,NaN,NaN,NaN,NaN,|,NaN,NaN,NaN,NaN,NaN,NaN,|,169.916091918945,NaN,NaN,NaN,NaN,NaN,|,NaN,350.789581298828,356.325317382813,357.58349609375,355.222045898438,356.934844970703,|,NaN,353.1396484375,NaN,NaN,NaN,NaN
20:27:30,|,NaN,NaN,NaN,NaN,NaN,NaN,|,NaN,NaN,NaN,NaN,NaN,NaN,|,182.461334228516,NaN,NaN,NaN,NaN,NaN,|,NaN,350.650299072266,355.112945556641,355.915618896484,353.413757324219,354.911560058594,|,NaN,351.847503662109,NaN,NaN,NaN,NaN
20:32:30,|,NaN,NaN,NaN,NaN,NaN,NaN,|,NaN,NaN,NaN,NaN,NaN,NaN,|,153.062042236328,NaN,NaN,NaN,NaN,NaN,|,NaN,336.57763671875,341.437469482422,340.528106689453,337.328521728516,342.273406982422,|,NaN,338.825531005859,NaN,NaN,NaN,NaN
20:37:30,|,NaN,NaN,NaN,NaN,NaN,NaN,|,NaN,NaN,NaN,NaN,NaN,NaN,|,202.314376831055,NaN,NaN,NaN,NaN,NaN,|,NaN,358.753295898438,8.70254707336426,10.0276575088501,6.04827880859375,6.2023868560791,|,NaN,4.93086671829224,NaN,NaN,NaN,NaN
20:42:30,|,NaN,NaN,NaN,NaN,NaN,NaN,|,NaN,NaN,NaN,NaN,NaN,NaN,|,183.01220703125,NaN,NaN,NaN,NaN,NaN,|,NaN,346.391510009766,353.978240966797,352.171813964844,348.754455566406,349.195190429688,|,NaN,347.254608154297,NaN,NaN,NaN,NaN
20:47:30,|,NaN,NaN,NaN,NaN,NaN,NaN,|,NaN,NaN,NaN,NaN,NaN,NaN,|,239.553466796875,NaN,NaN,NaN,NaN,NaN,|,NaN,350.843017578125,9.05756187438965,359.579498291016,356.202026367188,355.686126708984,|,NaN,354.621490478516,NaN,NaN,NaN,NaN
20:52:30,|,NaN,NaN,NaN,NaN,NaN,NaN,|,NaN,NaN,NaN,NaN,NaN,NaN,|,198.503494262695,NaN,NaN,NaN,NaN,NaN,|,NaN,346.766540527344,355.211181640625,358.198699951172,355.361175537109,359.992797851563,|,NaN,356.134307861328,NaN,NaN,NaN,NaN
20:57:30,|,NaN,NaN,NaN,NaN,NaN,NaN,|,NaN,NaN,NaN,NaN,NaN,NaN,|,15.7149057388306,NaN,NaN,NaN,NaN,NaN,|,NaN,358.061645507813,3.03011202812195,350.060546875,327.031494140625,316.219940185547,|,NaN,309.284973144531,NaN,NaN,NaN,NaN
21:02:30,|,NaN,NaN,NaN,NaN,NaN,NaN,|,NaN,NaN,NaN,NaN,NaN,NaN,|,343.844909667969,NaN,NaN,NaN,NaN,NaN,|,NaN,20.227331161499,28.9318504333496,32.2023887634277,24.7718200683594,28.9489994049072,|,NaN,27.7650527954102,NaN,NaN,NaN,NaN
21:07:30,|,NaN,NaN,NaN,NaN,NaN,NaN,|,NaN,NaN,NaN,NaN,NaN,NaN,|,187.551452636719,NaN,NaN,NaN,NaN,NaN,|,NaN,13.3630323410034,18.795825958252,19.5572204589844,13.0524044036865,12.833984375,|,NaN,12.899374961853,NaN,NaN,NaN,NaN
21:12:30,|,NaN,NaN,NaN,NaN,NaN,NaN,|,NaN,NaN,NaN,NaN,NaN,NaN,|,177.446823120117,NaN,NaN,NaN,NaN,NaN,|,NaN,337.956268310547,344.58984375,344.529632568359,340.135284423828,344.389862060547,|,NaN,340.016204833984,NaN,NaN,NaN,NaN
21:17:30,|,NaN,NaN,NaN,NaN,NaN,NaN,|,NaN,NaN,NaN,NaN,NaN,NaN,|,148.533843994141,NaN,NaN,NaN,NaN,NaN,|,NaN,253.522964477539,252.849990844727,255.558654785156,255.233474731445,258.588287353516,|,NaN,252.015655517578,NaN,NaN,NaN,NaN
21:22:30,|,NaN,NaN,NaN,NaN,NaN,NaN,|,NaN,NaN,NaN,NaN,NaN,NaN,|,218.769683837891,NaN,NaN,NaN,NaN,NaN,|,NaN,346.676513671875,359.324920654297,2.20370221138,354.184814453125,359.152130126953,|,NaN,355.216094970703,NaN,NaN,NaN,NaN
21:27:30,|,NaN,NaN,NaN,NaN,NaN,NaN,|,NaN,NaN,NaN,NaN,NaN,NaN,|,185.611755371094,NaN,NaN,NaN,NaN,NaN,|,NaN,6.88396215438843,13.8759832382202,11.9933738708496,5.9505500793457,9.3860445022583,|,NaN,4.59893751144409,NaN,NaN,NaN,NaN
21:32:30,|,NaN,NaN,NaN,NaN,NaN,NaN,|,NaN,NaN,NaN,NaN,NaN,NaN,|,193.832015991211,NaN,NaN,NaN,NaN,NaN,|,NaN,8.76277637481689,17.5271759033203,16.9099273681641,11.7929391860962,14.1933183670044,|,NaN,12.9053478240967,NaN,NaN,NaN,NaN
21:37:30,|,NaN,NaN,NaN,NaN,NaN,NaN,|,NaN,NaN,NaN,NaN,NaN,NaN,|,208.008895874023,NaN,NaN,NaN,NaN,NaN,|,NaN,33.5316429138184,39.4905548095703,38.9040641784668,32.5876541137695,35.8971824645996,|,NaN,32.9184303283691,NaN,NaN,NaN,NaN
21:42:30,|,NaN,NaN,NaN,NaN,NaN,NaN,|,NaN,NaN,NaN,NaN,NaN,NaN,|,226.788955688477,NaN,NaN,NaN,NaN,NaN,|,NaN,41.9732551574707,45.459846496582,45.7062797546387,37.4231224060059,37.7674369812012,|,NaN,37.1532516479492,NaN,NaN,NaN,NaN
21:47:30,|,NaN,NaN,NaN,NaN,NaN,NaN,|,NaN,NaN,NaN,NaN,NaN,NaN,|,206.668228149414,NaN,NaN,NaN,NaN,NaN,|,NaN,12.9216947555542,24.2405204772949,28.1177349090576,20.5861186981201,24.4584293365479,|,NaN,22.2744388580322,NaN,NaN,NaN,NaN
21:52:30,|,NaN,NaN,NaN,NaN,NaN,NaN,|,NaN,NaN,NaN,NaN,NaN,NaN,|,233.538726806641,NaN,NaN,NaN,NaN,NaN,|,NaN,30.3992156982422,38.2338981628418,38.9949493408203,31.3186416625977,35.8842086791992,|,NaN,33.4414710998535,NaN,NaN,NaN,NaN
21:57:30,|,NaN,NaN,NaN,NaN,NaN,NaN,|,NaN,NaN,NaN,NaN,NaN,NaN,|,172.683624267578,NaN,NaN,NaN,NaN,NaN,|,NaN,101.731781005859,103.203086853027,95.0696792602539,90.394172668457,74.0245666503906,|,NaN,86.3920440673828,NaN,NaN,NaN,NaN
22:02:30,|,NaN,NaN,NaN,NaN,NaN,NaN,|,NaN,NaN,NaN,NaN,NaN,NaN,|,214.588958740234,NaN,NaN,NaN,NaN,NaN,|,NaN,33.8013076782227,44.9581832885742,48.7945175170898,44.8142929077148,50.3193778991699,|,NaN,46.4446144104004,NaN,NaN,NaN,NaN
22:07:30,|,NaN,NaN,NaN,NaN,NaN,NaN,|,NaN,NaN,NaN,NaN,NaN,NaN,|,206.96923828125,NaN,NaN,NaN,NaN,NaN,|,NaN,47.4953651428223,55.5138511657715,57.5098304748535,53.5743713378906,77.49462890625,|,NaN,67.1263275146484,NaN,NaN,NaN,NaN
22:12:30,|,NaN,NaN,NaN,NaN,NaN,NaN,|,NaN,NaN,NaN,NaN,NaN,NaN,|,340.03564453125,NaN,NaN,NaN,NaN,NaN,|,NaN,204.95329284668,203.1591796875,205.464279174805,205.446731567383,203.50212097168,|,NaN,202.747512817383,NaN,NaN,NaN,NaN
22:17:30,|,NaN,NaN,NaN,NaN,NaN,NaN,|,NaN,NaN,NaN,NaN,NaN,NaN,|,44.7857513427734,NaN,NaN,NaN,NaN,NaN,|,NaN,266.814575195313,262.229400634766,262.574432373047,260.507476806641,252.327224731445,|,NaN,254.147613525391,NaN,NaN,NaN,NaN
22:22:30,|,NaN,NaN,NaN,NaN,NaN,NaN,|,NaN,NaN,NaN,NaN,NaN,NaN,|,123.147254943848,NaN,NaN,NaN,NaN,NaN,|,NaN,283.67919921875,284.696563720703,283.763824462891,279.393829345703,270.543792724609,|,NaN,272.390472412109,NaN,NaN,NaN,NaN
22:27:30,|,NaN,NaN,NaN,NaN,NaN,NaN,|,NaN,NaN,NaN,NaN,NaN,NaN,|,173.39892578125,NaN,NaN,NaN,NaN,NaN,|,NaN,331.759338378906,351.546234130859,339.631713867188,329.932403564453,327.827667236328,|,NaN,324.967041015625,NaN,NaN,NaN,NaN
22:32:30,|,NaN,NaN,NaN,NaN,NaN,NaN,|,NaN,NaN,NaN,NaN,NaN,NaN,|,189.944137573242,NaN,NaN,NaN,NaN,NaN,|,NaN,6.41016960144043,16.825553894043,16.1724815368652,11.3826761245728,16.198917388916,|,NaN,11.7062816619873,NaN,NaN,NaN,NaN
22:37:30,|,NaN,NaN,NaN,NaN,NaN,NaN,|,NaN,NaN,NaN,NaN,NaN,NaN,|,161.453552246094,NaN,NaN,NaN,NaN,NaN,|,NaN,332.32763671875,338.899261474609,341.740997314453,338.820892333984,344.046539306641,|,NaN,339.31689453125,NaN,NaN,NaN,NaN
22:42:30,|,NaN,NaN,NaN,NaN,NaN,NaN,|,NaN,NaN,NaN,NaN,NaN,NaN,|,175.495300292969,NaN,NaN,NaN,NaN,NaN,|,NaN,354.279632568359,359.497833251953,0.642638444900513,358.093963623047,359.999847412109,|,NaN,356.582702636719,NaN,NaN,NaN,NaN
22:47:30,|,NaN,NaN,NaN,NaN,NaN,NaN,|,NaN,NaN,NaN,NaN,NaN,NaN,|,188.263153076172,NaN,NaN,NaN,NaN,NaN,|,NaN,0.618869423866272,5.36891460418701,6.92646646499634,4.06103372573853,4.32935094833374,|,NaN,2.36793828010559,NaN,NaN,NaN,NaN
22:52:30,|,NaN,NaN,NaN,NaN,NaN,NaN,|,NaN,NaN,NaN,NaN,NaN,NaN,|,192.508438110352,NaN,NaN,NaN,NaN,NaN,|,NaN,1.97726273536682,6.47623443603516,8.20567417144775,4.54887104034424,5.43269681930542,|,NaN,2.59748387336731,NaN,NaN,NaN,NaN
22:57:30,|,NaN,NaN,NaN,NaN,NaN,NaN,|,NaN,NaN,NaN,NaN,NaN,NaN,|,195.292724609375,NaN,NaN,NaN,NaN,NaN,|,NaN,8.65359115600586,13.5804615020752,15.5442123413086,10.3579921722412,10.5935764312744,|,NaN,8.28614044189453,NaN,NaN,NaN,NaN
23:02:30,|,NaN,NaN,NaN,NaN,NaN,NaN,|,NaN,NaN,NaN,NaN,NaN,NaN,|,199.394744873047,NaN,NaN,NaN,NaN,NaN,|,NaN,4.47785568237305,9.18870830535889,12.6022529602051,8.76989078521729,11.2340812683105,|,NaN,9.74430274963379,NaN,NaN,NaN,NaN
23:07:30,|,NaN,NaN,NaN,NaN,NaN,NaN,|,NaN,NaN,NaN,NaN,NaN,NaN,|,197.691604614258,NaN,NaN,NaN,NaN,NaN,|,NaN,6.04830312728882,12.6199102401733,12.1584186553955,7.23197650909424,13.4336366653442,|,NaN,9.9752779006958,NaN,NaN,NaN,NaN
23:12:30,|,NaN,NaN,NaN,NaN,NaN,NaN,|,NaN,NaN,NaN,NaN,NaN,NaN,|,198.567657470703,NaN,NaN,NaN,NaN,NaN,|,NaN,351.880584716797,1.2337601184845,3.34902930259705,356.194732666016,3.41297698020935,|,NaN,0.505644977092743,NaN,NaN,NaN,NaN
23:17:30,|,NaN,NaN,NaN,NaN,NaN,NaN,|,NaN,NaN,NaN,NaN,NaN,NaN,|,125.395965576172,NaN,NaN,NaN,NaN,NaN,|,NaN,291.351257324219,295.509368896484,299.066680908203,297.638641357422,304.029144287109,|,NaN,298.145538330078,NaN,NaN,NaN,NaN
23:22:30,|,NaN,NaN,NaN,NaN,NaN,NaN,|,NaN,NaN,NaN,NaN,NaN,NaN,|,189.864730834961,NaN,NaN,NaN,NaN,NaN,|,NaN,352.336029052734,357.30078125,357.472320556641,351.744598388672,350.139587402344,|,NaN,349.060363769531,NaN,NaN,NaN,NaN
23:27:30,|,NaN,NaN,NaN,NaN,NaN,NaN,|,NaN,NaN,NaN,NaN,NaN,NaN,|,204.579818725586,NaN,NaN,NaN,NaN,NaN,|,NaN,11.3047142028809,16.4531154632568,16.8474349975586,11.5734891891479,14.1347122192383,|,NaN,11.4383087158203,NaN,NaN,NaN,NaN
23:32:30,|,NaN,NaN,NaN,NaN,NaN,NaN,|,NaN,NaN,NaN,NaN,NaN,NaN,|,216.185821533203,NaN,NaN,NaN,NaN,NaN,|,NaN,37.6895332336426,43.2811393737793,43.7331619262695,37.7123527526855,36.8875198364258,|,NaN,37.998462677002,NaN,NaN,NaN,NaN
23:37:30,|,NaN,NaN,NaN,NaN,NaN,NaN,|,NaN,NaN,NaN,NaN,NaN,NaN,|,225.065460205078,NaN,NaN,NaN,NaN,NaN,|,NaN,47.2154960632324,49.2987213134766,49.8079452514648,42.8501930236816,38.9925994873047,|,NaN,41.8522148132324,NaN,NaN,NaN,NaN
23:42:30,|,NaN,NaN,NaN,NaN,NaN,NaN,|,NaN,NaN,NaN,NaN,NaN,NaN,|,213.783172607422,NaN,NaN,NaN,NaN,NaN,|,NaN,NaN,NaN,NaN,NaN,NaN,|,NaN,NaN,NaN,NaN,NaN,NaN
23:47:30,|,NaN,NaN,NaN,NaN,NaN,NaN,|,NaN,NaN,NaN,NaN,NaN,NaN,|,194.711624145508,NaN,NaN,NaN,NaN,NaN,|,NaN,NaN,NaN,NaN,NaN,NaN,|,NaN,NaN,NaN,NaN,NaN,NaN
23:52:30,|,NaN,NaN,NaN,NaN,NaN,NaN,|,NaN,NaN,NaN,NaN,NaN,NaN,|,166.445175170898,NaN,NaN,NaN,NaN,NaN,|,NaN,NaN,NaN,NaN,NaN,NaN,|,NaN,NaN,NaN,NaN,NaN,NaN
23:57:30,|,NaN,NaN,NaN,NaN,NaN,NaN,|,NaN,NaN,NaN,NaN,NaN,NaN,|,156.417251586914,NaN,NaN,NaN,NaN,NaN,|,NaN,NaN,NaN,NaN,NaN,NaN,|,NaN,NaN,NaN,NaN,NaN,NaN
00:02:30,|,NaN,NaN,NaN,NaN,NaN,NaN,|,NaN,NaN,NaN,NaN,NaN,NaN,|,154.550369262695,NaN,NaN,NaN,NaN,NaN,|,NaN,NaN,NaN,NaN,NaN,NaN,|,NaN,NaN,NaN,NaN,NaN,NaN
00:07:30,|,NaN,NaN,NaN,NaN,NaN,NaN,|,NaN,NaN,NaN,NaN,NaN,NaN,|,127.283622741699,NaN,NaN,NaN,NaN,NaN,|,NaN,NaN,NaN,NaN,NaN,NaN,|,NaN,NaN,NaN,NaN,NaN,NaN
00:12:30,|,NaN,NaN,NaN,NaN,NaN,NaN,|,NaN,NaN,NaN,NaN,NaN,NaN,|,162.116455078125,NaN,NaN,NaN,NaN,NaN,|,NaN,NaN,NaN,NaN,NaN,NaN,|,NaN,NaN,NaN,NaN,NaN,NaN
00:17:30,|,NaN,NaN,NaN,NaN,NaN,NaN,|,NaN,NaN,NaN,NaN,NaN,NaN,|,198.985641479492,NaN,NaN,NaN,NaN,NaN,|,NaN,NaN,NaN,NaN,NaN,NaN,|,NaN,NaN,NaN,NaN,NaN,NaN
00:22:30,|,NaN,NaN,NaN,NaN,NaN,NaN,|,NaN,NaN,NaN,NaN,NaN,NaN,|,167.567474365234,NaN,NaN,NaN,NaN,NaN,|,NaN,NaN,NaN,NaN,NaN,NaN,|,NaN,NaN,NaN,NaN,NaN,NaN
00:27:30,|,NaN,NaN,NaN,NaN,NaN,NaN,|,NaN,NaN,NaN,NaN,NaN,NaN,|,170.717102050781,NaN,NaN,NaN,NaN,NaN,|,NaN,NaN,NaN,NaN,NaN,NaN,|,NaN,NaN,NaN,NaN,NaN,NaN
00:32:30,|,NaN,NaN,NaN,NaN,NaN,NaN,|,NaN,NaN,NaN,NaN,NaN,NaN,|,164.6787109375,NaN,NaN,NaN,NaN,NaN,|,NaN,NaN,NaN,NaN,NaN,NaN,|,NaN,NaN,NaN,NaN,NaN,NaN
00:37:30,|,NaN,NaN,NaN,NaN,NaN,NaN,|,NaN,NaN,NaN,NaN,NaN,NaN,|,162.696075439453,NaN,NaN,NaN,NaN,NaN,|,NaN,NaN,NaN,NaN,NaN,NaN,|,NaN,NaN,NaN,NaN,NaN,NaN
00:42:30,|,NaN,NaN,NaN,NaN,NaN,NaN,|,NaN,NaN,NaN,NaN,NaN,NaN,|,157.534301757813,NaN,NaN,NaN,NaN,NaN,|,NaN,NaN,NaN,NaN,NaN,NaN,|,NaN,NaN,NaN,NaN,NaN,NaN
00:47:30,|,NaN,NaN,NaN,NaN,NaN,NaN,|,NaN,NaN,NaN,NaN,NaN,NaN,|,169.53938293457,NaN,NaN,NaN,NaN,NaN,|,NaN,NaN,NaN,NaN,NaN,NaN,|,NaN,NaN,NaN,NaN,NaN,NaN
00:52:30,|,NaN,NaN,NaN,NaN,NaN,NaN,|,NaN,NaN,NaN,NaN,NaN,NaN,|,165.412353515625,NaN,NaN,NaN,NaN,NaN,|,NaN,NaN,NaN,NaN,NaN,NaN,|,NaN,NaN,NaN,NaN,NaN,NaN
00:57:30,|,NaN,NaN,NaN,NaN,NaN,NaN,|,NaN,NaN,NaN,NaN,NaN,NaN,|,159.705932617188,NaN,NaN,NaN,NaN,NaN,|,NaN,NaN,NaN,NaN,NaN,NaN,|,NaN,NaN,NaN,NaN,NaN,NaN
01:02:30,|,NaN,NaN,NaN,NaN,NaN,NaN,|,NaN,NaN,NaN,NaN,NaN,NaN,|,156.156921386719,NaN,NaN,NaN,NaN,NaN,|,NaN,NaN,NaN,NaN,NaN,NaN,|,NaN,NaN,NaN,NaN,NaN,NaN
01:07:30,|,NaN,NaN,NaN,NaN,NaN,NaN,|,NaN,NaN,NaN,NaN,NaN,NaN,|,172.361190795898,NaN,NaN,NaN,NaN,NaN,|,NaN,NaN,NaN,NaN,NaN,NaN,|,NaN,NaN,NaN,NaN,NaN,NaN
01:12:30,|,NaN,NaN,NaN,NaN,NaN,NaN,|,NaN,NaN,NaN,NaN,NaN,NaN,|,161.233245849609,NaN,NaN,NaN,NaN,NaN,|,NaN,NaN,NaN,NaN,NaN,NaN,|,NaN,NaN,NaN,NaN,NaN,NaN
01:17:30,|,NaN,NaN,NaN,NaN,NaN,NaN,|,NaN,NaN,NaN,NaN,NaN,NaN,|,146.403274536133,NaN,NaN,NaN,NaN,NaN,|,NaN,NaN,NaN,NaN,NaN,NaN,|,NaN,NaN,NaN,NaN,NaN,NaN
01:22:30,|,NaN,NaN,NaN,NaN,NaN,NaN,|,NaN,NaN,NaN,NaN,NaN,NaN,|,155.52082824707,NaN,NaN,NaN,NaN,NaN,|,NaN,NaN,NaN,NaN,NaN,NaN,|,NaN,NaN,NaN,NaN,NaN,NaN
01:27:30,|,NaN,NaN,NaN,NaN,NaN,NaN,|,NaN,NaN,NaN,NaN,NaN,NaN,|,138.60969543457,NaN,NaN,NaN,NaN,NaN,|,NaN,NaN,NaN,NaN,NaN,NaN,|,NaN,NaN,NaN,NaN,NaN,NaN
01:32:30,|,NaN,NaN,NaN,NaN,NaN,NaN,|,NaN,NaN,NaN,NaN,NaN,NaN,|,145.22233581543,NaN,NaN,NaN,NaN,NaN,|,NaN,NaN,NaN,NaN,NaN,NaN,|,NaN,NaN,NaN,NaN,NaN,NaN
01:37:30,|,NaN,NaN,NaN,NaN,NaN,NaN,|,NaN,NaN,NaN,NaN,NaN,NaN,|,160.968185424805,NaN,NaN,NaN,NaN,NaN,|,NaN,NaN,NaN,NaN,NaN,NaN,|,NaN,NaN,NaN,NaN,NaN,NaN
01:42:30,|,NaN,NaN,NaN,NaN,NaN,NaN,|,NaN,NaN,NaN,NaN,NaN,NaN,|,163.728149414063,NaN,NaN,NaN,NaN,NaN,|,NaN,NaN,NaN,NaN,NaN,NaN,|,NaN,NaN,NaN,NaN,NaN,NaN
01:47:30,|,NaN,NaN,NaN,NaN,NaN,NaN,|,NaN,NaN,NaN,NaN,NaN,NaN,|,162.775756835938,NaN,NaN,NaN,NaN,NaN,|,NaN,NaN,NaN,NaN,NaN,NaN,|,NaN,NaN,NaN,NaN,NaN,NaN
01:52:30,|,NaN,NaN,NaN,NaN,NaN,NaN,|,NaN,NaN,NaN,NaN,NaN,NaN,|,134.053085327148,NaN,NaN,NaN,NaN,NaN,|,NaN,NaN,NaN,NaN,NaN,NaN,|,NaN,NaN,NaN,NaN,NaN,NaN
01:57:30,|,NaN,NaN,NaN,NaN,NaN,NaN,|,NaN,NaN,NaN,NaN,NaN,NaN,|,145.82780456543,NaN,NaN,NaN,NaN,NaN,|,NaN,NaN,NaN,NaN,NaN,NaN,|,NaN,NaN,NaN,NaN,NaN,NaN
02:02:30,|,NaN,NaN,NaN,NaN,NaN,NaN,|,NaN,NaN,NaN,NaN,NaN,NaN,|,136.055740356445,NaN,NaN,NaN,NaN,NaN,|,NaN,NaN,NaN,NaN,NaN,NaN,|,NaN,NaN,NaN,NaN,NaN,NaN
02:07:30,|,NaN,NaN,NaN,NaN,NaN,NaN,|,NaN,NaN,NaN,NaN,NaN,NaN,|,272.380187988281,NaN,NaN,NaN,NaN,NaN,|,NaN,NaN,NaN,NaN,NaN,NaN,|,NaN,NaN,NaN,NaN,NaN,NaN
02:12:30,|,NaN,NaN,NaN,NaN,NaN,NaN,|,NaN,NaN,NaN,NaN,NaN,NaN,|,332.264709472656,NaN,NaN,NaN,NaN,NaN,|,NaN,NaN,NaN,NaN,NaN,NaN,|,NaN,NaN,NaN,NaN,NaN,NaN
02:17:30,|,NaN,NaN,NaN,NaN,NaN,NaN,|,NaN,NaN,NaN,NaN,NaN,NaN,|,9.80007839202881,NaN,NaN,NaN,NaN,NaN,|,NaN,NaN,NaN,NaN,NaN,NaN,|,NaN,NaN,NaN,NaN,NaN,NaN
02:22:30,|,NaN,NaN,NaN,NaN,NaN,NaN,|,NaN,NaN,NaN,NaN,NaN,NaN,|,41.6320877075195,NaN,NaN,NaN,NaN,NaN,|,NaN,NaN,NaN,NaN,NaN,NaN,|,NaN,NaN,NaN,NaN,NaN,NaN
02:27:30,|,NaN,NaN,NaN,NaN,NaN,NaN,|,NaN,NaN,NaN,NaN,NaN,NaN,|,89.6179580688477,NaN,NaN,NaN,NaN,NaN,|,NaN,NaN,NaN,NaN,NaN,NaN,|,NaN,NaN,NaN,NaN,NaN,NaN
02:32:30,|,NaN,NaN,NaN,NaN,NaN,NaN,|,NaN,NaN,NaN,NaN,NaN,NaN,|,145.418792724609,NaN,NaN,NaN,NaN,NaN,|,NaN,NaN,NaN,NaN,NaN,NaN,|,NaN,NaN,NaN,NaN,NaN,NaN
02:37:30,|,NaN,NaN,NaN,NaN,NaN,NaN,|,NaN,NaN,NaN,NaN,NaN,NaN,|,150.396499633789,NaN,NaN,NaN,NaN,NaN,|,NaN,NaN,NaN,NaN,NaN,NaN,|,NaN,NaN,NaN,NaN,NaN,NaN
02:42:30,|,NaN,NaN,NaN,NaN,NaN,NaN,|,NaN,NaN,NaN,NaN,NaN,NaN,|,144.207992553711,NaN,NaN,NaN,NaN,NaN,|,NaN,NaN,NaN,NaN,NaN,NaN,|,NaN,NaN,NaN,NaN,NaN,NaN
02:47:30,|,NaN,NaN,NaN,NaN,NaN,NaN,|,NaN,NaN,NaN,NaN,NaN,NaN,|,167.299438476563,NaN,NaN,NaN,NaN,NaN,|,NaN,NaN,NaN,NaN,NaN,NaN,|,NaN,NaN,NaN,NaN,NaN,NaN
02:52:30,|,NaN,NaN,NaN,NaN,NaN,NaN,|,NaN,NaN,NaN,NaN,NaN,NaN,|,159.926864624023,NaN,NaN,NaN,NaN,NaN,|,NaN,NaN,NaN,NaN,NaN,NaN,|,NaN,NaN,NaN,NaN,NaN,NaN
02:57:30,|,NaN,NaN,NaN,NaN,NaN,NaN,|,NaN,NaN,NaN,NaN,NaN,NaN,|,179.809234619141,NaN,NaN,NaN,NaN,NaN,|,NaN,NaN,NaN,NaN,NaN,NaN,|,NaN,NaN,NaN,NaN,NaN,NaN
03:02:30,|,NaN,NaN,NaN,NaN,NaN,NaN,|,NaN,NaN,NaN,NaN,NaN,NaN,|,162.915740966797,NaN,NaN,NaN,NaN,NaN,|,NaN,NaN,NaN,NaN,NaN,NaN,|,NaN,NaN,NaN,NaN,NaN,NaN
03:07:30,|,NaN,NaN,NaN,NaN,NaN,NaN,|,NaN,NaN,NaN,NaN,NaN,NaN,|,170.358444213867,NaN,NaN,NaN,NaN,NaN,|,NaN,NaN,NaN,NaN,NaN,NaN,|,NaN,NaN,NaN,NaN,NaN,NaN
03:12:30,|,NaN,NaN,NaN,NaN,NaN,NaN,|,NaN,NaN,NaN,NaN,NaN,NaN,|,171.572021484375,NaN,NaN,NaN,NaN,NaN,|,NaN,NaN,NaN,NaN,NaN,NaN,|,NaN,NaN,NaN,NaN,NaN,NaN
03:17:30,|,NaN,NaN,NaN,NaN,NaN,NaN,|,NaN,NaN,NaN,NaN,NaN,NaN,|,147.506637573242,NaN,NaN,NaN,NaN,NaN,|,NaN,NaN,NaN,NaN,NaN,NaN,|,NaN,NaN,NaN,NaN,NaN,NaN
03:22:30,|,NaN,NaN,NaN,NaN,NaN,NaN,|,NaN,NaN,NaN,NaN,NaN,NaN,|,138.8642578125,NaN,NaN,NaN,NaN,NaN,|,NaN,NaN,NaN,NaN,NaN,NaN,|,NaN,NaN,NaN,NaN,NaN,NaN
03:27:30,|,NaN,NaN,NaN,NaN,NaN,NaN,|,NaN,NaN,NaN,NaN,NaN,NaN,|,150.209503173828,NaN,NaN,NaN,NaN,NaN,|,NaN,NaN,NaN,NaN,NaN,NaN,|,NaN,NaN,NaN,NaN,NaN,NaN
03:32:30,|,NaN,NaN,NaN,NaN,NaN,NaN,|,NaN,NaN,NaN,NaN,NaN,NaN,|,138.714797973633,NaN,NaN,NaN,NaN,NaN,|,NaN,NaN,NaN,NaN,NaN,NaN,|,NaN,NaN,NaN,NaN,NaN,NaN
03:37:30,|,NaN,NaN,NaN,NaN,NaN,NaN,|,NaN,NaN,NaN,NaN,NaN,NaN,|,129.320999145508,NaN,NaN,NaN,NaN,NaN,|,NaN,NaN,NaN,NaN,NaN,NaN,|,NaN,NaN,NaN,NaN,NaN,NaN
03:42:30,|,NaN,NaN,NaN,NaN,NaN,NaN,|,NaN,NaN,NaN,NaN,NaN,NaN,|,139.6435546875,NaN,NaN,NaN,NaN,NaN,|,NaN,NaN,NaN,NaN,NaN,NaN,|,NaN,NaN,NaN,NaN,NaN,NaN
03:47:30,|,NaN,NaN,NaN,NaN,NaN,NaN,|,NaN,NaN,NaN,NaN,NaN,NaN,|,150.897216796875,NaN,NaN,NaN,NaN,NaN,|,NaN,NaN,NaN,NaN,NaN,NaN,|,NaN,NaN,NaN,NaN,NaN,NaN
03:52:30,|,NaN,NaN,NaN,NaN,NaN,NaN,|,NaN,NaN,NaN,NaN,NaN,NaN,|,149.571517944336,NaN,NaN,NaN,NaN,NaN,|,NaN,NaN,NaN,NaN,NaN,NaN,|,NaN,NaN,NaN,NaN,NaN,NaN
03:57:30,|,NaN,NaN,NaN,NaN,NaN,NaN,|,NaN,NaN,NaN,NaN,NaN,NaN,|,147.111572265625,NaN,NaN,NaN,NaN,NaN,|,NaN,NaN,NaN,NaN,NaN,NaN,|,NaN,NaN,NaN,NaN,NaN,NaN
04:02:30,|,NaN,NaN,NaN,NaN,NaN,NaN,|,NaN,NaN,NaN,NaN,NaN,NaN,|,97.0706405639648,NaN,NaN,NaN,NaN,NaN,|,NaN,NaN,NaN,NaN,NaN,NaN,|,NaN,NaN,NaN,NaN,NaN,NaN
04:07:30,|,NaN,NaN,NaN,NaN,NaN,NaN,|,NaN,NaN,NaN,NaN,NaN,NaN,|,63.102840423584,NaN,NaN,NaN,NaN,NaN,|,NaN,NaN,NaN,NaN,NaN,NaN,|,NaN,NaN,NaN,NaN,NaN,NaN
04:12:30,|,NaN,NaN,NaN,NaN,NaN,NaN,|,NaN,NaN,NaN,NaN,NaN,NaN,|,106.366554260254,NaN,NaN,NaN,NaN,NaN,|,NaN,NaN,NaN,NaN,NaN,NaN,|,NaN,NaN,NaN,NaN,NaN,NaN
04:17:30,|,NaN,NaN,NaN,NaN,NaN,NaN,|,NaN,NaN,NaN,NaN,NaN,NaN,|,105.845695495605,NaN,NaN,NaN,NaN,NaN,|,NaN,NaN,NaN,NaN,NaN,NaN,|,NaN,NaN,NaN,NaN,NaN,NaN
04:22:30,|,NaN,NaN,NaN,NaN,NaN,NaN,|,NaN,NaN,NaN,NaN,NaN,NaN,|,129.601013183594,NaN,NaN,NaN,NaN,NaN,|,NaN,NaN,NaN,NaN,NaN,NaN,|,NaN,NaN,NaN,NaN,NaN,NaN
04:27:30,|,NaN,NaN,NaN,NaN,NaN,NaN,|,NaN,NaN,NaN,NaN,NaN,NaN,|,163.522354125977,NaN,NaN,NaN,NaN,NaN,|,NaN,NaN,NaN,NaN,NaN,NaN,|,NaN,NaN,NaN,NaN,NaN,NaN
04:32:30,|,NaN,NaN,NaN,NaN,NaN,NaN,|,NaN,NaN,NaN,NaN,NaN,NaN,|,154.780654907227,NaN,NaN,NaN,NaN,NaN,|,NaN,NaN,NaN,NaN,NaN,NaN,|,NaN,NaN,NaN,NaN,NaN,NaN
04:37:30,|,NaN,NaN,NaN,NaN,NaN,NaN,|,NaN,NaN,NaN,NaN,NaN,NaN,|,141.058166503906,NaN,NaN,NaN,NaN,NaN,|,NaN,NaN,NaN,NaN,NaN,NaN,|,NaN,NaN,NaN,NaN,NaN,NaN
04:42:30,|,NaN,NaN,NaN,NaN,NaN,NaN,|,NaN,NaN,NaN,NaN,NaN,NaN,|,141.869430541992,NaN,NaN,NaN,NaN,NaN,|,NaN,NaN,NaN,NaN,NaN,NaN,|,NaN,NaN,NaN,NaN,NaN,NaN
04:47:30,|,NaN,NaN,NaN,NaN,NaN,NaN,|,NaN,NaN,NaN,NaN,NaN,NaN,|,124.473083496094,NaN,NaN,NaN,NaN,NaN,|,NaN,NaN,NaN,NaN,NaN,NaN,|,NaN,NaN,NaN,NaN,NaN,NaN
04:52:30,|,NaN,NaN,NaN,NaN,NaN,NaN,|,NaN,NaN,NaN,NaN,NaN,NaN,|,126.729713439941,NaN,NaN,NaN,NaN,NaN,|,NaN,NaN,NaN,NaN,NaN,NaN,|,NaN,NaN,NaN,NaN,NaN,NaN
04:57:30,|,NaN,NaN,NaN,NaN,NaN,NaN,|,NaN,NaN,NaN,NaN,NaN,NaN,|,124.979339599609,NaN,NaN,NaN,NaN,NaN,|,NaN,NaN,NaN,NaN,NaN,NaN,|,NaN,NaN,NaN,NaN,NaN,NaN
05:02:30,|,NaN,NaN,NaN,NaN,NaN,NaN,|,NaN,NaN,NaN,NaN,NaN,NaN,|,117.362373352051,NaN,NaN,NaN,NaN,NaN,|,NaN,NaN,NaN,NaN,NaN,NaN,|,NaN,NaN,NaN,NaN,NaN,NaN
05:07:30,|,NaN,NaN,NaN,NaN,NaN,NaN,|,NaN,NaN,NaN,NaN,NaN,NaN,|,117.278480529785,NaN,NaN,NaN,NaN,NaN,|,NaN,NaN,NaN,NaN,NaN,NaN,|,NaN,NaN,NaN,NaN,NaN,NaN
05:12:30,|,NaN,NaN,NaN,NaN,NaN,NaN,|,NaN,NaN,NaN,NaN,NaN,NaN,|,129.402786254883,NaN,NaN,NaN,NaN,NaN,|,NaN,NaN,NaN,NaN,NaN,NaN,|,NaN,NaN,NaN,NaN,NaN,NaN
05:17:30,|,NaN,NaN,NaN,NaN,NaN,NaN,|,NaN,NaN,NaN,NaN,NaN,NaN,|,142.858413696289,NaN,NaN,NaN,NaN,NaN,|,NaN,NaN,NaN,NaN,NaN,NaN,|,NaN,NaN,NaN,NaN,NaN,NaN
05:22:30,|,NaN,NaN,NaN,NaN,NaN,NaN,|,NaN,NaN,NaN,NaN,NaN,NaN,|,141.687088012695,NaN,NaN,NaN,NaN,NaN,|,NaN,NaN,NaN,NaN,NaN,NaN,|,NaN,NaN,NaN,NaN,NaN,NaN
05:27:30,|,NaN,NaN,NaN,NaN,NaN,NaN,|,NaN,NaN,NaN,NaN,NaN,NaN,|,136.890686035156,NaN,NaN,NaN,NaN,NaN,|,NaN,NaN,NaN,NaN,NaN,NaN,|,NaN,NaN,NaN,NaN,NaN,NaN
05:32:30,|,NaN,NaN,NaN,NaN,NaN,NaN,|,NaN,NaN,NaN,NaN,NaN,NaN,|,128.967056274414,NaN,NaN,NaN,NaN,NaN,|,NaN,NaN,NaN,NaN,NaN,NaN,|,NaN,NaN,NaN,NaN,NaN,NaN
05:37:30,|,NaN,NaN,NaN,NaN,NaN,NaN,|,NaN,NaN,NaN,NaN,NaN,NaN,|,134.6962890625,NaN,NaN,NaN,NaN,NaN,|,NaN,NaN,NaN,NaN,NaN,NaN,|,NaN,NaN,NaN,NaN,NaN,NaN
05:42:30,|,NaN,NaN,NaN,NaN,NaN,NaN,|,NaN,NaN,NaN,NaN,NaN,NaN,|,148.0693359375,NaN,NaN,NaN,NaN,NaN,|,NaN,NaN,NaN,NaN,NaN,NaN,|,NaN,NaN,NaN,NaN,NaN,NaN
05:47:30,|,NaN,NaN,NaN,NaN,NaN,NaN,|,NaN,NaN,NaN,NaN,NaN,NaN,|,139.763061523438,NaN,NaN,NaN,NaN,NaN,|,NaN,NaN,NaN,NaN,NaN,NaN,|,NaN,NaN,NaN,NaN,NaN,NaN
05:52:30,|,NaN,NaN,NaN,NaN,NaN,NaN,|,NaN,NaN,NaN,NaN,NaN,NaN,|,160.32194519043,NaN,NaN,NaN,NaN,NaN,|,NaN,NaN,NaN,NaN,NaN,NaN,|,NaN,NaN,NaN,NaN,NaN,NaN
05:57:30,|,NaN,NaN,NaN,NaN,NaN,NaN,|,NaN,NaN,NaN,NaN,NaN,NaN,|,141.423919677734,NaN,NaN,NaN,NaN,NaN,|,NaN,NaN,NaN,NaN,NaN,NaN,|,NaN,NaN,NaN,NaN,NaN,NaN
06:02:30,|,NaN,NaN,NaN,NaN,NaN,NaN,|,NaN,NaN,NaN,NaN,NaN,NaN,|,151.342102050781,NaN,NaN,NaN,NaN,NaN,|,NaN,NaN,NaN,NaN,NaN,NaN,|,NaN,NaN,NaN,NaN,NaN,NaN
06:07:30,|,NaN,NaN,NaN,NaN,NaN,NaN,|,NaN,NaN,NaN,NaN,NaN,NaN,|,148.885772705078,NaN,NaN,NaN,NaN,NaN,|,NaN,NaN,NaN,NaN,NaN,NaN,|,NaN,NaN,NaN,NaN,NaN,NaN
06:12:30,|,NaN,NaN,NaN,NaN,NaN,NaN,|,NaN,NaN,NaN,NaN,NaN,NaN,|,154.257232666016,NaN,NaN,NaN,NaN,NaN,|,NaN,NaN,NaN,NaN,NaN,NaN,|,NaN,NaN,NaN,NaN,NaN,NaN
06:17:30,|,NaN,NaN,NaN,NaN,NaN,NaN,|,NaN,NaN,NaN,NaN,NaN,NaN,|,154.256607055664,NaN,NaN,NaN,NaN,NaN,|,NaN,NaN,NaN,NaN,NaN,NaN,|,NaN,NaN,NaN,NaN,NaN,NaN
06:22:30,|,NaN,NaN,NaN,NaN,NaN,NaN,|,NaN,NaN,NaN,NaN,NaN,NaN,|,156.75146484375,NaN,NaN,NaN,NaN,NaN,|,NaN,NaN,NaN,NaN,NaN,NaN,|,NaN,NaN,NaN,NaN,NaN,NaN
06:27:30,|,NaN,NaN,NaN,NaN,NaN,NaN,|,NaN,NaN,NaN,NaN,NaN,NaN,|,153.445098876953,NaN,NaN,NaN,NaN,NaN,|,NaN,NaN,NaN,NaN,NaN,NaN,|,NaN,NaN,NaN,NaN,NaN,NaN
06:32:30,|,NaN,NaN,NaN,NaN,NaN,NaN,|,NaN,NaN,NaN,NaN,NaN,NaN,|,159.101943969727,NaN,NaN,NaN,NaN,NaN,|,NaN,NaN,NaN,NaN,NaN,NaN,|,NaN,NaN,NaN,NaN,NaN,NaN
06:37:30,|,NaN,NaN,NaN,NaN,NaN,NaN,|,NaN,NaN,NaN,NaN,NaN,NaN,|,154.313095092773,NaN,NaN,NaN,NaN,NaN,|,NaN,NaN,NaN,NaN,NaN,NaN,|,NaN,NaN,NaN,NaN,NaN,NaN
06:42:30,|,NaN,NaN,NaN,NaN,NaN,NaN,|,NaN,NaN,NaN,NaN,NaN,NaN,|,154.525512695313,NaN,NaN,NaN,NaN,NaN,|,NaN,NaN,NaN,NaN,NaN,NaN,|,NaN,NaN,NaN,NaN,NaN,NaN
06:47:30,|,NaN,NaN,NaN,NaN,NaN,NaN,|,NaN,NaN,NaN,NaN,NaN,NaN,|,156.467926025391,NaN,NaN,NaN,NaN,NaN,|,NaN,NaN,NaN,NaN,NaN,NaN,|,NaN,NaN,NaN,NaN,NaN,NaN
06:52:30,|,NaN,NaN,NaN,NaN,NaN,NaN,|,NaN,NaN,NaN,NaN,NaN,NaN,|,142.906433105469,NaN,NaN,NaN,NaN,NaN,|,NaN,NaN,NaN,NaN,NaN,NaN,|,NaN,NaN,NaN,NaN,NaN,NaN
06:57:30,|,NaN,NaN,NaN,NaN,NaN,NaN,|,NaN,NaN,NaN,NaN,NaN,NaN,|,145.187576293945,NaN,NaN,NaN,NaN,NaN,|,NaN,NaN,NaN,NaN,NaN,NaN,|,NaN,NaN,NaN,NaN,NaN,NaN
07:02:30,|,NaN,NaN,NaN,NaN,NaN,NaN,|,NaN,NaN,NaN,NaN,NaN,NaN,|,159.548919677734,NaN,NaN,NaN,NaN,NaN,|,NaN,NaN,NaN,NaN,NaN,NaN,|,NaN,NaN,NaN,NaN,NaN,NaN
07:07:30,|,NaN,NaN,NaN,NaN,NaN,NaN,|,NaN,NaN,NaN,NaN,NaN,NaN,|,159.192138671875,NaN,NaN,NaN,NaN,NaN,|,NaN,NaN,NaN,NaN,NaN,NaN,|,NaN,NaN,NaN,NaN,NaN,NaN
07:12:30,|,NaN,NaN,NaN,NaN,NaN,NaN,|,NaN,NaN,NaN,NaN,NaN,NaN,|,159.816665649414,NaN,NaN,NaN,NaN,NaN,|,NaN,NaN,NaN,NaN,NaN,NaN,|,NaN,NaN,NaN,NaN,NaN,NaN
07:17:30,|,NaN,NaN,NaN,NaN,NaN,NaN,|,NaN,NaN,NaN,NaN,NaN,NaN,|,152.950653076172,NaN,NaN,NaN,NaN,NaN,|,NaN,NaN,NaN,NaN,NaN,NaN,|,NaN,NaN,NaN,NaN,NaN,NaN
07:22:30,|,NaN,NaN,NaN,NaN,NaN,NaN,|,NaN,NaN,NaN,NaN,NaN,NaN,|,153.150604248047,NaN,NaN,NaN,NaN,NaN,|,NaN,NaN,NaN,NaN,NaN,NaN,|,NaN,NaN,NaN,NaN,NaN,NaN
07:27:30,|,NaN,NaN,NaN,NaN,NaN,NaN,|,NaN,NaN,NaN,NaN,NaN,NaN,|,153.130706787109,NaN,NaN,NaN,NaN,NaN,|,NaN,NaN,NaN,NaN,NaN,NaN,|,NaN,NaN,NaN,NaN,NaN,NaN
07:32:30,|,NaN,NaN,NaN,NaN,NaN,NaN,|,NaN,NaN,NaN,NaN,NaN,NaN,|,149.991256713867,NaN,NaN,NaN,NaN,NaN,|,NaN,NaN,NaN,NaN,NaN,NaN,|,NaN,NaN,NaN,NaN,NaN,NaN
07:37:30,|,NaN,NaN,NaN,NaN,NaN,NaN,|,NaN,NaN,NaN,NaN,NaN,NaN,|,160.017532348633,NaN,NaN,NaN,NaN,NaN,|,NaN,NaN,NaN,NaN,NaN,NaN,|,NaN,NaN,NaN,NaN,NaN,NaN
07:42:30,|,NaN,NaN,NaN,NaN,NaN,NaN,|,NaN,NaN,NaN,NaN,NaN,NaN,|,162.017654418945,NaN,NaN,NaN,NaN,NaN,|,NaN,NaN,NaN,NaN,NaN,NaN,|,NaN,NaN,NaN,NaN,NaN,NaN
07:47:30,|,NaN,NaN,NaN,NaN,NaN,NaN,|,NaN,NaN,NaN,NaN,NaN,NaN,|,157.626754760742,NaN,NaN,NaN,NaN,NaN,|,NaN,NaN,NaN,NaN,NaN,NaN,|,NaN,NaN,NaN,NaN,NaN,NaN
07:52:30,|,NaN,NaN,NaN,NaN,NaN,NaN,|,NaN,NaN,NaN,NaN,NaN,NaN,|,155.854965209961,NaN,NaN,NaN,NaN,NaN,|,NaN,NaN,NaN,NaN,NaN,NaN,|,NaN,NaN,NaN,NaN,NaN,NaN
07:57:30,|,NaN,NaN,NaN,NaN,NaN,NaN,|,NaN,NaN,NaN,NaN,NaN,NaN,|,154.628936767578,NaN,NaN,NaN,NaN,NaN,|,NaN,NaN,NaN,NaN,NaN,NaN,|,NaN,NaN,NaN,NaN,NaN,NaN
08:02:30,|,NaN,NaN,NaN,NaN,NaN,NaN,|,NaN,NaN,NaN,NaN,NaN,NaN,|,156.739944458008,NaN,NaN,NaN,NaN,NaN,|,NaN,NaN,NaN,NaN,NaN,NaN,|,NaN,NaN,NaN,NaN,NaN,NaN
08:07:30,|,NaN,NaN,NaN,NaN,NaN,NaN,|,NaN,NaN,NaN,NaN,NaN,NaN,|,160.656326293945,NaN,NaN,NaN,NaN,NaN,|,NaN,NaN,NaN,NaN,NaN,NaN,|,NaN,NaN,NaN,NaN,NaN,NaN
08:12:30,|,NaN,NaN,NaN,NaN,NaN,NaN,|,NaN,NaN,NaN,NaN,NaN,NaN,|,161.076354980469,NaN,NaN,NaN,NaN,NaN,|,NaN,NaN,NaN,NaN,NaN,NaN,|,NaN,NaN,NaN,NaN,NaN,NaN
08:17:30,|,NaN,NaN,NaN,NaN,NaN,NaN,|,NaN,NaN,NaN,NaN,NaN,NaN,|,167.910781860352,NaN,NaN,NaN,NaN,NaN,|,NaN,NaN,NaN,NaN,NaN,NaN,|,NaN,NaN,NaN,NaN,NaN,NaN
08:22:30,|,NaN,NaN,NaN,NaN,NaN,NaN,|,NaN,NaN,NaN,NaN,NaN,NaN,|,144.083221435547,NaN,NaN,NaN,NaN,NaN,|,NaN,NaN,NaN,NaN,NaN,NaN,|,NaN,NaN,NaN,NaN,NaN,NaN
08:27:30,|,NaN,NaN,NaN,NaN,NaN,NaN,|,NaN,NaN,NaN,NaN,NaN,NaN,|,148.921737670898,NaN,NaN,NaN,NaN,NaN,|,NaN,NaN,NaN,NaN,NaN,NaN,|,NaN,NaN,NaN,NaN,NaN,NaN
08:32:30,|,NaN,NaN,NaN,NaN,NaN,NaN,|,NaN,NaN,NaN,NaN,NaN,NaN,|,147.646453857422,NaN,NaN,NaN,NaN,NaN,|,NaN,NaN,NaN,NaN,NaN,NaN,|,NaN,NaN,NaN,NaN,NaN,NaN
08:37:30,|,165.728881835938,345.470611572266,344.785583496094,NaN,NaN,NaN,|,NaN,NaN,NaN,NaN,NaN,NaN,|,153.187469482422,NaN,NaN,NaN,NaN,NaN,|,NaN,NaN,NaN,NaN,NaN,NaN,|,NaN,NaN,NaN,NaN,NaN,NaN
08:42:30,|,149.385177612305,327.200744628906,327.736328125,NaN,NaN,NaN,|,NaN,NaN,NaN,NaN,NaN,NaN,|,149.465713500977,NaN,NaN,NaN,NaN,NaN,|,NaN,NaN,NaN,NaN,NaN,NaN,|,NaN,NaN,NaN,NaN,NaN,NaN
08:47:30,|,145.564712524414,322.747039794922,322.014617919922,NaN,NaN,NaN,|,143.595306396484,NaN,NaN,NaN,NaN,NaN,|,133.098587036133,NaN,NaN,NaN,NaN,NaN,|,133.433517456055,NaN,NaN,NaN,NaN,NaN,|,NaN,NaN,NaN,312.945434570313,NaN,311.214660644531
08:52:30,|,135.480545043945,309.590484619141,310.491760253906,NaN,NaN,NaN,|,133.595993041992,NaN,NaN,316.66162109375,316.130798339844,320.389373779297,|,146.205551147461,332.539794921875,328.770446777344,335.110809326172,336.674926757813,334.931549072266,|,128.477096557617,NaN,NaN,NaN,NaN,NaN,|,319.684844970703,NaN,NaN,316.597564697266,NaN,316.182861328125
08:57:30,|,142.804107666016,318.238830566406,318.776489257813,NaN,NaN,NaN,|,141.985427856445,322.402618408203,322.622894287109,326.803192138672,324.418273925781,328.717041015625,|,138.688140869141,316.596252441406,313.883209228516,314.079040527344,317.212890625,313.250885009766,|,132.337387084961,NaN,NaN,NaN,NaN,NaN,|,327.090637207031,NaN,324.732513427734,319.819305419922,324.260131835938,318.043029785156
09:02:30,|,143.316528320313,317.597015380859,316.636810302734,319.041748046875,317.173553466797,316.745300292969,|,135.089828491211,318.4169921875,318.752685546875,315.160095214844,312.764709472656,316.736694335938,|,139.818939208984,320.118011474609,316.398162841797,316.659851074219,319.68408203125,317.175720214844,|,139.45393371582,NaN,NaN,NaN,NaN,NaN,|,315.494903564453,NaN,315.677703857422,318.948333740234,315.603607177734,316.544738769531
09:07:30,|,126.294822692871,302.110198974609,303.403869628906,304.523803710938,304.611450195313,312.174133300781,|,149.442031860352,335.122589111328,332.717834472656,327.053649902344,321.847717285156,324.980224609375,|,128.029708862305,307.437744140625,302.519439697266,300.260040283203,307.399261474609,302.208892822266,|,158.492294311523,291.982238769531,292.542419433594,299.0791015625,296.433410644531,299.67626953125,|,322.295867919922,292.643829345703,324.343597412109,320.636840820313,325.707305908203,315.773620605469
09:12:30,|,233.499176025391,40.9283218383789,33.7832832336426,29.7359504699707,29.6527061462402,25.5255699157715,|,129.547058105469,317.303344726563,282.824859619141,310.74658203125,308.248474121094,309.358673095703,|,157.610565185547,336.755340576172,333.053192138672,335.026397705078,336.605010986328,331.238525390625,|,121.331146240234,301.105194091797,304.658386230469,307.459381103516,307.263488769531,321.495788574219,|,310.570465087891,311.578033447266,308.263458251953,333.428527832031,308.637908935547,341.444915771484
09:17:30,|,143.406448364258,310.375549316406,312.651702880859,314.609649658203,310.738494873047,308.243194580078,|,153.638580322266,342.270660400391,347.887084960938,348.440521240234,344.307312011719,348.924346923828,|,120.430633544922,304.358001708984,295.922607421875,297.864501953125,308.449157714844,303.826385498047,|,177.516372680664,333.631988525391,339.027557373047,342.213714599609,339.540466308594,343.827789306641,|,344.147186279297,339.676208496094,345.547515869141,346.058227539063,341.295776367188,339.184234619141
09:22:30,|,110.279983520508,287.207305908203,287.229461669922,286.52783203125,284.476684570313,286.265075683594,|,124.166900634766,307.074340820313,305.726806640625,301.151702880859,300.278900146484,306.229705810547,|,112.338104248047,298.836273193359,295.931274414063,297.095703125,306.419860839844,307.427520751953,|,144.645843505859,325.217193603516,329.928375244141,331.330322265625,325.203857421875,329.623291015625,|,303.616180419922,323.245849609375,303.922760009766,335.784851074219,301.390228271484,338.16357421875
09:27:30,|,108.344055175781,284.084014892578,283.766235351563,283.330810546875,281.49267578125,281.445220947266,|,111.091354370117,293.075561523438,290.306610107422,284.708770751953,284.740631103516,285.574615478516,|,108.36498260498,289.213958740234,285.842041015625,283.873077392578,288.122467041016,284.805572509766,|,111.897621154785,290.724700927734,292.53173828125,292.896179199219,290.785400390625,290.410858154297,|,286.628875732422,287.984924316406,283.240295410156,292.488830566406,283.209197998047,291.545562744141
09:32:30,|,141.897491455078,317.784301757813,318.516265869141,319.628204345703,318.667510986328,318.407104492188,|,126.20329284668,312.103179931641,310.586120605469,305.814270019531,304.569061279297,307.239562988281,|,137.284317016602,316.307739257813,312.38623046875,311.766784667969,315.356292724609,310.46533203125,|,116.276016235352,292.220672607422,295.758544921875,297.450317382813,297.154754638672,298.114593505859,|,306.670593261719,295.08251953125,307.310363769531,301.652130126953,309.678039550781,300.681945800781
09:37:30,|,110.050102233887,288.771392822266,289.02294921875,290.695251464844,290.584259033203,295.385406494141,|,137.97119140625,321.398529052734,319.238616943359,313.557830810547,310.787261962891,312.104766845703,|,137.660583496094,317.954925537109,311.363952636719,311.643585205078,316.243041992188,311.199615478516,|,144.461212158203,323.143341064453,326.203521728516,326.811187744141,323.896362304688,323.383239746094,|,312.028350830078,321.637237548828,309.701599121094,323.752899169922,308.638427734375,321.906585693359
09:42:30,|,108.533073425293,287.906280517578,286.40185546875,285.389129638672,285.109283447266,286.182312011719,|,110.133453369141,291.78125,287.747283935547,283.289581298828,283.230377197266,285.423980712891,|,105.405647277832,286.414947509766,280.194885253906,276.545379638672,281.519561767578,276.837097167969,|,118.729789733887,294.339477539063,293.324584960938,292.255737304688,289.746185302734,289.011444091797,|,286.470001220703,287.243835449219,280.846618652344,290.600128173828,279.329650878906,287.852813720703
09:47:30,|,109.327407836914,289.523193359375,289.930206298828,290.232757568359,289.808441162109,291.681335449219,|,134.338333129883,319.880523681641,319.140686035156,313.210205078125,309.754516601563,310.249145507813,|,115.586471557617,300.065979003906,298.212341308594,301.306640625,307.592468261719,305.138153076172,|,101.288055419922,278.204986572266,277.712646484375,276.933227539063,274.824951171875,273.410980224609,|,309.364685058594,270.658020019531,304.540710449219,276.520263671875,302.361846923828,278.046539306641
09:52:30,|,115.645683288574,292.020812988281,292.180725097656,292.417694091797,291.532897949219,292.122375488281,|,118.540016174316,299.899841308594,296.341705322266,290.735504150391,290.763793945313,294.952850341797,|,142.004959106445,321.061767578125,315.375701904297,315.071960449219,318.566040039063,309.895782470703,|,126.172378540039,308.811645507813,311.867767333984,309.639739990234,306.556030273438,305.171417236328,|,294.002380371094,301.196044921875,294.276916503906,307.871704101563,292.881195068359,304.149871826172
09:57:30,|,127.570442199707,302.689819335938,304.245910644531,304.084625244141,302.278137207031,301.561462402344,|,115.755226135254,302.021148681641,302.185516357422,298.718383789063,298.383850097656,301.462585449219,|,126.625587463379,305.878601074219,301.814819335938,300.790069580078,303.538696289063,299.196655273438,|,125.81770324707,301.076263427734,303.564788818359,303.376586914063,301.038299560547,300.106506347656,|,300.688629150391,298.280426025391,300.639434814453,301.074127197266,299.326141357422,297.868560791016
10:02:30,|,103.155487060547,276.210876464844,274.628845214844,273.109680175781,271.542938232422,271.360626220703,|,110.317878723145,292.030426025391,287.674133300781,281.685913085938,281.254608154297,283.080932617188,|,118.893951416016,300.140228271484,295.996551513672,293.492401123047,297.255523681641,292.782653808594,|,122.027526855469,297.250640869141,301.098266601563,299.628356933594,298.390655517578,297.032745361328,|,283.642608642578,295.707000732422,280.662292480469,298.045349121094,278.087890625,295.459320068359
10:07:30,|,113.585494995117,291.055114746094,288.990905761719,288.391937255859,285.633850097656,284.190246582031,|,109.185371398926,289.027374267578,286.079559326172,281.314758300781,281.75537109375,285.8759765625,|,119.75707244873,301.390899658203,295.779571533203,292.372711181641,295.794799804688,289.543212890625,|,123.370018005371,294.751495361328,287.018920898438,293.877868652344,291.716339111328,289.505096435547,|,285.32177734375,288.123138427734,284.595489501953,289.112976074219,283.766967773438,285.833099365234
10:12:30,|,63.0777168273926,241.555618286133,240.9482421875,239.773284912109,240.215774536133,242.131286621094,|,101.189041137695,285.423065185547,285.0107421875,282.305908203125,281.787292480469,284.479614257813,|,102.089805603027,285.488372802734,278.447692871094,273.905548095703,280.504333496094,276.134124755859,|,98.8655548095703,268.00537109375,266.257659912109,265.322845458984,263.917449951172,263.106689453125,|,285.231781005859,260.846435546875,283.886535644531,263.924896240234,282.306060791016,263.274688720703
10:17:30,|,85.8954391479492,263.718231201172,262.766296386719,261.826232910156,260.974243164063,261.523223876953,|,50.989673614502,232.918807983398,233.501678466797,230.68359375,228.465850830078,233.846481323242,|,73.7900085449219,251.360870361328,246.309768676758,243.151641845703,248.746627807617,248.89372253418,|,105.279090881348,268.617309570313,269.068603515625,268.234588623047,266.528839111328,264.406036376953,|,234.638473510742,262.33837890625,235.155609130859,264.319580078125,237.815948486328,264.784057617188
10:22:30,|,109.220062255859,289.295257568359,290.192443847656,289.520202636719,288.173522949219,289.681640625,|,83.7247619628906,271.006622314453,269.158935546875,263.706787109375,262.486846923828,265.414428710938,|,71.7903366088867,256.138244628906,251.093200683594,245.445373535156,250.85693359375,252.193984985352,|,108.041000366211,280.469635009766,280.969879150391,281.449584960938,279.786071777344,278.650512695313,|,266.419708251953,276.131591796875,266.341613769531,279.238372802734,267.021087646484,277.579254150391
10:27:30,|,126.360328674316,298.614349365234,296.808410644531,296.578857421875,293.896850585938,291.896759033203,|,100.089775085449,282.272613525391,279.508605957031,274.767791748047,274.293670654297,276.368896484375,|,100.67374420166,283.090606689453,280.081481933594,278.133392333984,282.648590087891,280.693939208984,|,113.393829345703,290.503448486328,294.592254638672,295.557800292969,293.576690673828,292.754791259766,|,276.440307617188,290.113311767578,276.717926025391,294.142395019531,276.037750244141,291.443359375
10:32:30,|,86.9714508056641,262.949310302734,260.250091552734,256.920257568359,255.605270385742,253.859786987305,|,91.4162979125977,278.937377929688,292.628173828125,275.969818115234,278.471954345703,283.372802734375,|,100.098663330078,282.621063232422,277.672027587891,275.410034179688,281.309875488281,277.759246826172,|,124.390075683594,296.442077636719,297.035614013672,295.754364013672,292.460357666016,289.200988769531,|,283.182189941406,288.717163085938,280.860809326172,288.708892822266,275.967681884766,286.398803710938
10:37:30,|,48.8078346252441,222.318771362305,222.017974853516,219.769088745117,221.403518676758,225.66552734375,|,92.3483734130859,276.034973144531,272.718872070313,269.44189453125,267.7470703125,266.875610351563,|,81.0179138183594,267.754974365234,263.411346435547,260.925476074219,266.864135742188,260.092376708984,|,81.9273300170898,251.4189453125,250.44758605957,252.763153076172,252.716171264648,255.854873657227,|,269.689788818359,250.043182373047,267.02392578125,260.587829589844,267.566314697266,263.553741455078
10:42:30,|,118.727691650391,293.273071289063,294.348175048828,295.453002929688,293.762298583984,293.60498046875,|,76.96728515625,261.141571044922,261.094024658203,259.387084960938,260.384552001953,269.875823974609,|,89.7788467407227,277.586517333984,273.777709960938,270.007354736328,278.248687744141,277.496795654297,|,88.7177581787109,249.279815673828,246.301559448242,247.869110107422,249.600997924805,252.891418457031,|,268.507202148438,247.361267089844,269.47705078125,259.764739990234,272.543151855469,261.65576171875
10:47:30,|,117.178237915039,293.537750244141,293.600341796875,292.888916015625,292.668243408203,294.263366699219,|,120.460098266602,305.746887207031,296.536102294922,300.182220458984,298.467468261719,301.381103515625,|,128.266510009766,307.773773193359,304.052856445313,303.366149902344,307.672760009766,303.615051269531,|,140.194458007813,315.260070800781,317.277984619141,316.975341796875,312.834228515625,309.074859619141,|,301.449310302734,308.546112060547,301.41845703125,306.094390869141,301.312347412109,297.764801025391
10:52:30,|,117.609603881836,291.948822021484,293.599822998047,292.547515869141,291.562133789063,290.801147460938,|,102.855209350586,285.925598144531,277.483917236328,281.104522705078,281.705291748047,285.064331054688,|,110.220306396484,292.699005126953,290.308349609375,288.703125,292.441802978516,289.256500244141,|,128.356857299805,301.015686035156,302.955017089844,303.318023681641,300.906982421875,298.7421875,|,285.527160644531,298.115173339844,285.253814697266,297.742401123047,284.875183105469,293.376342773438
10:57:30,|,95.0462875366211,273.654296875,274.132843017578,272.611877441406,271.808746337891,270.994323730469,|,94.7615356445313,276.556518554688,272.888275146484,268.195953369141,268.491485595703,271.594543457031,|,94.9521102905273,277.913208007813,273.76025390625,271.375793457031,275.247802734375,273.087615966797,|,111.421501159668,283.653869628906,284.968170166016,284.842956542969,283.392944335938,281.661651611328,|,272.151885986328,279.910858154297,270.634918212891,280.706756591797,269.606842041016,279.415710449219
11:02:30,|,103.309379577637,280.485931396484,281.446380615234,280.974670410156,281.189514160156,281.810089111328,|,94.5009994506836,275.177368164063,273.253936767578,268.482116699219,268.015533447266,271.029144287109,|,93.0608367919922,276.548645019531,273.160308837891,271.450988769531,275.274658203125,273.508239746094,|,112.058586120605,283.015411376953,284.538635253906,284.608581542969,283.506561279297,282.924957275391,|,271.864562988281,280.51611328125,270.3525390625,281.308685302734,270.55419921875,279.572113037109
11:07:30,|,98.267448425293,275.369476318359,275.862182617188,275.551727294922,275.543579101563,276.248138427734,|,97.4832153320313,282.122650146484,280.552368164063,275.857849121094,276.978088378906,281.442504882813,|,100.651786804199,282.608062744141,278.415954589844,275.717590332031,279.633728027344,278.346923828125,|,114.896896362305,290.479309082031,291.329315185547,290.768707275391,288.53564453125,287.310638427734,|,281.164031982422,285.428649902344,281.714019775391,287.359680175781,281.883056640625,285.212890625
11:12:30,|,115.117492675781,291.800689697266,293.00390625,293.007385253906,293.393920898438,294.398284912109,|,101.54899597168,285.971343994141,284.101287841797,279.292175292969,279.689758300781,283.38525390625,|,86.7481460571289,270.724853515625,268.330413818359,265.931457519531,271.203308105469,271.574737548828,|,97.5231094360352,271.808776855469,273.742523193359,275.070068359375,274.214904785156,274.357208251953,|,283.265167236328,270.946441650391,283.202209472656,276.643005371094,284.294006347656,278.180450439453
11:17:30,|,113.72876739502,288.870361328125,288.916137695313,288.576416015625,289.400329589844,290.606109619141,|,118.519371032715,300.907379150391,297.192077636719,292.213470458984,291.782806396484,295.740478515625,|,121.895881652832,300.957885742188,298.306121826172,296.862915039063,300.009674072266,296.469818115234,|,119.351501464844,296.989501953125,300.229888916016,300.777191162109,299.664825439453,298.326446533203,|,295.6337890625,297.156555175781,295.415283203125,300.23486328125,295.123748779297,298.891510009766
11:22:30,|,112.615097045898,288.947875976563,289.454132080078,287.937286376953,287.376281738281,285.712829589844,|,118.33650970459,301.726776123047,299.626251220703,295.314025878906,294.610168457031,296.927062988281,|,125.515365600586,305.92919921875,302.623321533203,300.551605224609,303.787780761719,301.551483154297,|,130.276245117188,306.555633544922,310.249481201172,310.977142333984,309.145538330078,308.568023681641,|,297.858459472656,306.771575927734,295.809936523438,309.313751220703,295.46044921875,307.201507568359
11:27:30,|,86.7700042724609,262.815734863281,262.459167480469,261.551879882813,260.591369628906,260.481048583984,|,87.6625289916992,271.598449707031,269.836791992188,265.509826660156,265.645935058594,270.004150390625,|,107.835899353027,287.403381347656,282.744110107422,279.244445800781,282.478179931641,278.78759765625,|,105.718078613281,276.991577148438,278.420928955078,278.654113769531,277.331573486328,276.543609619141,|,270.299133300781,273.917510986328,269.050506591797,277.507690429688,268.478240966797,277.205535888672
11:32:30,|,69.4305877685547,245.160003662109,245.403259277344,244.917922973633,244.428619384766,246.678192138672,|,63.4301338195801,242.09162902832,242.841156005859,239.520721435547,237.834564208984,243.557235717773,|,74.3670501708984,257.341552734375,254.439025878906,251.169555664063,254.591934204102,251.988891601563,|,85.7260665893555,258.325286865234,258.946746826172,259.980560302734,260.187774658203,261.169250488281,|,244.057434082031,257.465423583984,243.175628662109,262.935516357422,244.369567871094,263.451751708984
11:37:30,|,104.770263671875,279.977783203125,281.358734130859,280.446197509766,280.386383056641,280.413482666016,|,94.2492752075195,281.057891845703,280.379058837891,277.810394287109,278.602722167969,281.988616943359,|,107.836532592773,289.639862060547,284.154144287109,280.428741455078,283.914978027344,276.765838623047,|,107.433723449707,277.393768310547,277.623016357422,278.004547119141,275.070983886719,273.194152832031,|,282.695556640625,269.595550537109,281.955963134766,275.802001953125,281.769073486328,277.033905029297
11:42:30,|,108.320785522461,287.255645751953,289.707946777344,288.978240966797,289.871765136719,291.467681884766,|,100.716506958008,283.746185302734,281.531097412109,277.114501953125,277.704772949219,280.271453857422,|,105.173080444336,284.671142578125,281.757965087891,279.693969726563,283.443176269531,282.164855957031,|,118.468254089355,293.160278320313,295.756530761719,295.893493652344,294.418060302734,292.103607177734,|,281.209899902344,291.392883300781,279.948883056641,291.721923828125,280.815093994141,289.554443359375
11:47:30,|,127.463226318359,301.234344482422,301.768615722656,302.021301269531,301.659088134766,301.298248291016,|,115.405128479004,299.030303955078,297.745361328125,294.622680664063,294.773712158203,298.209045410156,|,120.824592590332,300.329345703125,297.982849121094,296.679992675781,299.583953857422,295.823516845703,|,121.92822265625,298.196197509766,300.356872558594,300.710723876953,299.087341308594,297.817413330078,|,298.425140380859,296.150939941406,297.432861328125,298.974487304688,297.218139648438,297.061767578125
11:52:30,|,117.150444030762,293.880920410156,295.256805419922,295.125366210938,296.341644287109,297.087768554688,|,113.090469360352,296.675598144531,294.461303710938,291.472686767578,291.7783203125,294.567443847656,|,122.087196350098,301.796417236328,298.878295898438,297.109619140625,300.590026855469,297.975128173828,|,128.087615966797,302.432220458984,305.342041015625,306.153900146484,304.529479980469,302.782409667969,|,294.935363769531,302.353088378906,295.350341796875,303.308135986328,295.115234375,300.636199951172
11:57:30,|,110.649147033691,288.305328369141,289.22998046875,288.968933105469,288.960723876953,289.246276855469,|,112.338973999023,295.032989501953,293.128936767578,288.7099609375,289.199096679688,292.622467041016,|,111.026908874512,291.961700439453,289.908447265625,288.871856689453,293.381561279297,291.337982177734,|,119.37939453125,294.361663818359,296.493194580078,296.262176513672,294.362426757813,292.042266845703,|,292.255401611328,290.989837646484,291.876770019531,293.009185791016,290.969421386719,292.264312744141
12:02:30,|,111.650054931641,288.702392578125,289.651641845703,289.515899658203,289.777252197266,290.179168701172,|,108.669929504395,291.076263427734,285.048828125,284.552886962891,285.030303955078,287.630432128906,|,105.643882751465,286.433685302734,283.866485595703,282.036071777344,285.486633300781,282.562194824219,|,115.224250793457,288.874481201172,289.855987548828,289.237854003906,287.594055175781,285.911895751953,|,288.178009033203,284.259429931641,285.891448974609,285.444000244141,284.435882568359,283.549865722656
12:07:30,|,103.527755737305,279.249420166016,280.483551025391,279.823394775391,280.531188964844,281.693664550781,|,87.4081802368164,271.343200683594,270.766387939453,265.563079833984,265.863342285156,270.72412109375,|,100.061973571777,281.933746337891,278.364624023438,275.872619628906,279.106201171875,276.2841796875,|,114.821662902832,286.845764160156,289.563690185547,289.648071289063,288.07861328125,286.393920898438,|,270.727722167969,284.746154785156,271.232513427734,285.232543945313,273.336853027344,283.445098876953
12:12:30,|,101.860282897949,278.982299804688,279.278350830078,278.495178222656,278.322723388672,278.396667480469,|,92.0033111572266,275.490692138672,260.751403808594,267.565795898438,267.045776367188,270.617584228516,|,98.6970748901367,277.614929199219,275.129821777344,272.409881591797,275.651062011719,273.4287109375,|,111.671363830566,285.147979736328,288.336517333984,288.371734619141,286.810119628906,285.127258300781,|,270.925720214844,283.478729248047,270.425689697266,284.076354980469,271.418273925781,281.998626708984
12:17:30,|,114.912727355957,291.357177734375,291.971069335938,291.075775146484,291.053283691406,290.315063476563,|,112.696853637695,300.03759765625,303.217376708984,294.388580322266,294.277923583984,298.294677734375,|,114.927276611328,295.019195556641,292.160675048828,290.231719970703,293.567779541016,290.484802246094,|,113.878356933594,286.733917236328,290.182556152344,290.550170898438,289.402648925781,289.807708740234,|,298.183441162109,287.271606445313,298.463592529297,290.422637939453,298.758117675781,289.636627197266
12:22:30,|,122.278625488281,298.938842773438,300.309967041016,300.735198974609,301.30859375,302.916198730469,|,130.117095947266,315.732727050781,314.266571044922,311.103332519531,309.891296386719,312.031768798828,|,128.92431640625,308.820098876953,307.324066162109,307.022491455078,310.723388671875,308.655639648438,|,134.326538085938,310.404510498047,313.779357910156,314.062957763672,312.54931640625,310.788787841797,|,313.033264160156,310.450317382813,310.164184570313,311.567749023438,309.297973632813,308.988983154297
12:27:30,|,113.746673583984,291.134399414063,292.124908447266,291.344299316406,291.353607177734,291.807037353516,|,108.906723022461,290.541595458984,287.735717773438,283.907745361328,284.813323974609,287.361877441406,|,112.05345916748,291.848022460938,289.377502441406,287.262908935547,289.495483398438,286.344696044922,|,111.942779541016,289.74755859375,292.206237792969,292.780578613281,291.220672607422,290.049285888672,|,288.143310546875,288.288360595703,286.444793701172,290.317169189453,285.944213867188,287.943908691406
12:32:30,|,106.676223754883,283.392486572266,283.538970947266,282.101043701172,282.240478515625,282.466735839844,|,99.2948532104492,281.730743408203,279.509094238281,275.001525878906,275.109924316406,277.835662841797,|,105.385116577148,286.585327148438,283.521148681641,281.9833984375,284.307312011719,281.357635498047,|,115.06957244873,287.875457763672,290.785552978516,291.073669433594,289.608917236328,288.623596191406,|,278.578063964844,286.883270263672,277.338256835938,288.504058837891,277.443115234375,286.12158203125
12:37:30,|,109.281311035156,286.641967773438,287.416198730469,286.369903564453,286.844635009766,286.4853515625,|,92.0634613037109,276.428070068359,274.419677734375,270.331085205078,271.271575927734,274.925628662109,|,98.2713623046875,279.231994628906,276.966796875,275.404327392578,278.906005859375,277.819458007813,|,108.979553222656,280.666381835938,282.674255371094,282.906707763672,281.231903076172,280.202911376953,|,275.285552978516,277.894439697266,275.172119140625,281.050415039063,275.463043212891,280.044921875
12:42:30,|,106.367584228516,283.337799072266,284.737274169922,284.053741455078,284.640167236328,285.583404541016,|,104.777854919434,288.288757324219,285.587982177734,281.444213867188,282.049041748047,285.057250976563,|,107.151008605957,286.875579833984,284.888671875,283.008453369141,286.394348144531,284.637969970703,|,113.652229309082,286.987365722656,288.36474609375,288.161926269531,287.073364257813,286.051788330078,|,285.519104003906,284.560791015625,284.429382324219,286.628021240234,284.842620849609,285.627319335938
12:47:30,|,102.145767211914,277.764892578125,278.199798583984,276.749328613281,276.938140869141,277.572967529297,|,102.770439147949,285.197418212891,283.438690185547,279.431121826172,280.534271240234,284.721466064453,|,107.605377197266,287.762084960938,285.161102294922,282.709411621094,286.268463134766,282.90478515625,|,110.010726928711,281.295318603516,283.247589111328,283.350311279297,282.020538330078,281.8427734375,|,284.751403808594,279.284118652344,283.714874267578,281.478546142578,282.485321044922,280.5966796875
12:52:30,|,101.966407775879,278.803253173828,280.430511474609,279.402008056641,280.321136474609,281.612762451172,|,94.8483963012695,277.798980712891,276.332946777344,272.040466308594,272.734252929688,276.075561523438,|,92.9544448852539,275.132446289063,271.827819824219,269.525360107422,272.626647949219,272.087219238281,|,104.065048217773,275.710845947266,277.879730224609,278.503143310547,277.194915771484,275.88232421875,|,276.442443847656,273.852569580078,275.667694091797,274.581756591797,275.769256591797,272.915313720703
12:57:30,|,112.720779418945,286.904663085938,286.391418457031,285.484771728516,285.494140625,286.220703125,|,104.676574707031,287.664031982422,285.861785888672,282.315002441406,282.817779541016,286.293609619141,|,108.097869873047,287.372985839844,284.384979248047,281.889739990234,284.640899658203,283.771514892578,|,112.761764526367,288.262176513672,290.598297119141,290.324493408203,288.722930908203,288.340576171875,|,286.372528076172,286.438201904297,286.671264648438,289.827178955078,286.985412597656,289.686920166016
13:02:30,|,113.947326660156,290.754974365234,292.078918457031,291.276824951172,291.844818115234,291.635864257813,|,114.617485046387,296.734924316406,294.027038574219,290.087310791016,290.528076171875,293.155181884766,|,120.188514709473,298.541534423828,296.068664550781,294.155548095703,297.088226318359,295.046997070313,|,117.354019165039,292.648315429688,294.989685058594,295.760101318359,294.818542480469,293.210021972656,|,293.951324462891,292.153381347656,292.425476074219,293.800811767578,292.036529541016,291.488159179688
13:07:30,|,102.595581054688,280.897766113281,281.24072265625,280.033050537109,279.979400634766,280.331970214844,|,100.388603210449,283.423522949219,280.950500488281,277.104461669922,278.020233154297,281.386291503906,|,102.290771484375,283.387756347656,280.542449951172,278.854919433594,281.725555419922,279.671112060547,|,116.463668823242,287.877014160156,288.950225830078,288.848175048828,286.879730224609,284.513244628906,|,281.387725830078,283.394195556641,281.678436279297,284.109588623047,281.841583251953,283.268218994141
13:12:30,|,109.886497497559,288.343231201172,289.455352783203,289.157409667969,289.752624511719,290.881103515625,|,103.613807678223,285.764221191406,283.448272705078,279.429107666016,280.242889404297,283.71044921875,|,107.731048583984,287.580047607422,285.095306396484,282.837646484375,285.730987548828,284.100402832031,|,117.246948242188,291.555114746094,293.240661621094,293.438262939453,292.141387939453,290.902709960938,|,283.646911621094,289.466156005859,283.803039550781,291.302581787109,284.779724121094,289.740875244141
13:17:30,|,105.077857971191,281.979858398438,282.742218017578,282.744110107422,283.642333984375,285.147430419922,|,113.14900970459,295.192413330078,292.646423339844,288.500823974609,288.351928710938,290.457397460938,|,120.756454467773,299.398742675781,296.312591552734,294.135681152344,297.439239501953,294.958831787109,|,123.457954406738,299.1748046875,301.557067871094,301.687652587891,300.268310546875,298.55224609375,|,291.448272705078,297.842468261719,289.201080322266,298.929107666016,287.914306640625,296.708923339844
13:22:30,|,108.704711914063,286.222412109375,286.654571533203,285.822357177734,285.477264404297,285.404876708984,|,99.6665649414063,282.592224121094,280.777679443359,276.44384765625,276.900939941406,280.212188720703,|,100.151977539063,281.352081298828,278.161987304688,276.172393798828,279.131500244141,278.535461425781,|,111.189239501953,282.701934814453,284.3466796875,285.054718017578,283.857330322266,282.695983886719,|,280.33837890625,280.661499023438,278.897369384766,283.489349365234,278.442749023438,282.076995849609
13:27:30,|,98.431755065918,276.814208984375,277.332763671875,276.337677001953,276.641754150391,277.532196044922,|,100.200782775879,281.646484375,281.194854736328,274.585083007813,274.96337890625,278.6875,|,103.214775085449,283.624877929688,280.662658691406,278.289581298828,280.477569580078,278.113708496094,|,110.794403076172,284.128997802734,285.938201904297,285.812591552734,284.094085693359,282.238067626953,|,278.89208984375,280.732025146484,277.442779541016,281.553863525391,277.329772949219,280.365905761719
13:32:30,|,96.4638214111328,274.389923095703,275.243988037109,274.322570800781,274.845642089844,275.583740234375,|,104.472602844238,286.935943603516,263.629852294922,281.089141845703,280.683380126953,282.16552734375,|,105.158752441406,286.306640625,282.899688720703,280.645233154297,284.330322265625,282.443511962891,|,113.118324279785,285.559265136719,286.778076171875,286.917388916016,285.571411132813,284.134948730469,|,283.173095703125,282.607391357422,279.86181640625,284.067840576172,279.416107177734,282.718048095703
13:37:30,|,100.097610473633,278.338623046875,278.072204589844,277.041564941406,277.549743652344,277.715179443359,|,93.1897125244141,275.109375,275.759429931641,269.122680664063,269.331451416016,272.571380615234,|,96.0193862915039,276.367767333984,273.254791259766,270.879211425781,273.125213623047,271.410125732422,|,101.125480651855,270.938781738281,270.862152099609,270.156555175781,269.272674560547,267.548156738281,|,273.097869873047,265.919891357422,272.326324462891,266.103210449219,271.813629150391,264.441650390625
13:42:30,|,91.1978378295898,269.98095703125,269.740478515625,268.140777587891,268.543609619141,268.066558837891,|,92.9081878662109,275.608337402344,272.882720947266,267.2314453125,266.468353271484,268.379852294922,|,99.619010925293,280.628021240234,277.689819335938,275.395782470703,277.750152587891,275.360443115234,|,112.630828857422,284.130218505859,285.402282714844,285.146331787109,283.800872802734,281.507415771484,|,269.52294921875,280.339569091797,267.503173828125,281.033050537109,266.780914306641,279.804168701172
13:47:30,|,87.9313812255859,266.810180664063,266.490539550781,265.184509277344,265.286407470703,265.032012939453,|,88.093635559082,270.127502441406,267.897186279297,263.378723144531,263.028930664063,265.640045166016,|,84.7804641723633,267.466003417969,265.277252197266,262.715270996094,265.271209716797,263.060699462891,|,100.03995513916,267.524017333984,268.307891845703,268.792175292969,267.509857177734,266.094116210938,|,266.530883789063,263.486419677734,264.976989746094,266.023468017578,265.18212890625,265.687805175781
13:52:30,|,86.2048034667969,264.802276611328,265.541473388672,264.833953857422,265.407592773438,266.383422851563,|,83.6196060180664,266.038024902344,264.338806152344,260.132385253906,259.703338623047,263.179962158203,|,83.3325271606445,266.570404052734,267.492431640625,261.532684326172,264.153900146484,263.187194824219,|,96.9697723388672,265.99462890625,267.173736572266,267.882659912109,267.173095703125,266.457885742188,|,263.609222412109,263.586639404297,261.451904296875,266.984924316406,261.013031005859,267.386016845703
13:57:30,|,113.207801818848,288.012969970703,288.179870605469,286.978088378906,287.111267089844,287.624298095703,|,106.518577575684,288.686584472656,284.620086669922,282.319854736328,282.181610107422,284.736755371094,|,107.690086364746,287.986938476563,297.224792480469,282.592681884766,284.754608154297,282.03369140625,|,109.780616760254,282.778137207031,284.507293701172,284.840515136719,284.080291748047,283.383850097656,|,285.518798828125,281.514251708984,285.081024169922,284.2236328125,285.591003417969,283.928894042969
14:02:30,|,101.781715393066,278.672668457031,279.782684326172,278.956451416016,279.309295654297,279.702850341797,|,101.59105682373,284.372894287109,289.699188232422,278.990966796875,280.017303466797,283.396179199219,|,106.20223236084,286.770874023438,284.839660644531,283.170196533203,285.734313964844,283.182220458984,|,115.006065368652,287.263885498047,289.133575439453,288.902374267578,287.432922363281,285.280792236328,|,283.684753417969,284.234436035156,282.725952148438,284.937164306641,282.432037353516,283.845642089844
14:07:30,|,105.502494812012,283.110412597656,283.898040771484,282.901153564453,283.730895996094,284.873901367188,|,113.391563415527,294.995788574219,292.672424316406,287.794067382813,287.698364257813,289.798645019531,|,115.54906463623,295.434204101563,292.348480224609,290.220642089844,292.945617675781,290.272064208984,|,120.17741394043,293.583374023438,295.795623779297,296.570526123047,295.145355224609,293.677520751953,|,290.389221191406,292.243774414063,289.103393554688,294.176940917969,288.109191894531,291.542846679688
14:12:30,|,117.227157592773,294.288513183594,294.893249511719,294.305511474609,295.364685058594,295.956695556641,|,109.361961364746,292.613037109375,290.809783935547,287.013092041016,287.892730712891,291.794921875,|,110.896003723145,292.271789550781,289.600524902344,287.647186279297,290.474670410156,288.942962646484,|,115.837516784668,289.033538818359,291.205169677734,292.13720703125,291.019134521484,290.118713378906,|,291.786254882813,288.553894042969,292.034820556641,291.405426025391,292.740325927734,290.009613037109
14:17:30,|,119.855499267578,297.496154785156,298.483032226563,297.738098144531,298.187103271484,298.439819335938,|,117.356101989746,300.227294921875,298.411437988281,294.445190429688,294.563171386719,298.649566650391,|,121.271194458008,301.290863037109,298.548492431641,297.143737792969,300.361877441406,298.091644287109,|,123.567276000977,299.046051025391,302.260192871094,303.034515380859,301.420074462891,299.381011962891,|,298.231719970703,298.856994628906,297.992797851563,300.470947265625,297.700561523438,299.231201171875
14:22:30,|,107.622329711914,285.386840820313,286.092102050781,284.797546386719,284.661895751953,285.087249755859,|,108.083145141602,290.625946044922,287.384124755859,282.760864257813,283.148834228516,284.890655517578,|,113.377731323242,293.044647216797,290.525817871094,288.452514648438,290.326324462891,286.974975585938,|,119.522674560547,293.651184082031,295.932647705078,296.245880126953,294.379058837891,292.139617919922,|,286.071746826172,291.023254394531,283.190460205078,292.333618164063,282.416107177734,290.180511474609
14:27:30,|,107.35082244873,285.130249023438,285.800750732422,285.085266113281,286.027557373047,287.381896972656,|,106.221145629883,289.792510986328,287.028167724609,281.864776611328,282.377960205078,285.231292724609,|,106.308822631836,286.704711914063,284.64013671875,282.848327636719,285.249206542969,283.06396484375,|,113.607162475586,287.966644287109,290.132232666016,290.822082519531,289.489471435547,288.189025878906,|,285.762664794922,286.751312255859,284.500946044922,287.916290283203,284.152679443359,286.359527587891
14:32:30,|,111.129531860352,287.779632568359,288.605773925781,288.292083740234,288.989044189453,289.647430419922,|,109.645690917969,292.470916748047,290.463745117188,286.308166503906,286.701965332031,289.32470703125,|,109.627548217773,289.936676025391,286.803802490234,284.772094726563,287.553741455078,285.746337890625,|,115.188957214355,288.541381835938,290.469146728516,291.085235595703,289.956237792969,289.066162109375,|,289.582489013672,287.340240478516,289.401550292969,289.920013427734,289.646759033203,289.079223632813
14:37:30,|,116.019706726074,293.057708740234,293.820281982422,293.444946289063,293.864654541016,294.329467773438,|,109.926223754883,292.175109863281,290.274505615234,286.528106689453,286.694702148438,289.387603759766,|,109.196098327637,292.613830566406,290.293518066406,288.572326660156,291.637115478516,289.353485107422,|,116.706451416016,289.216094970703,291.137481689453,291.345001220703,290.169677734375,290.078063964844,|,289.927032470703,287.931182861328,288.934204101563,291.4287109375,288.883392333984,291.177642822266
14:42:30,|,109.295715332031,286.539825439453,287.039520263672,286.205047607422,286.624267578125,286.798156738281,|,111.934692382813,293.579620361328,291.116149902344,286.787994384766,287.311157226563,289.59814453125,|,111.099464416504,292.072692871094,289.616729736328,287.293640136719,289.729248046875,287.670104980469,|,115.574012756348,291.217834472656,293.451751708984,294.197418212891,293.078216552734,292.654724121094,|,290.402526855469,290.551544189453,288.436309814453,292.844909667969,287.463165283203,290.394592285156
14:47:30,|,97.4556732177734,275.077117919922,275.01416015625,273.194488525391,272.559539794922,271.174896240234,|,97.3854217529297,279.242919921875,276.375732421875,271.366973876953,271.533477783203,273.964813232422,|,97.6078720092773,278.130950927734,274.21435546875,271.719177246094,273.798492431641,271.265411376953,|,108.713653564453,279.022338867188,281.204925537109,280.920227050781,279.435943603516,277.969116210938,|,274.673614501953,276.449249267578,273.276885986328,278.080078125,272.641540527344,276.745574951172
14:52:30,|,91.359748840332,271.471374511719,271.717559814453,270.240478515625,270.679046630859,272.830261230469,|,94.1527404785156,275.857757568359,273.692535400391,269.116729736328,269.0615234375,272.508605957031,|,81.3376846313477,264.316619873047,261.611053466797,259.757720947266,263.077117919922,263.026245117188,|,89.2582778930664,257.034606933594,258.334014892578,259.425140380859,258.844635009766,257.522521972656,|,272.982635498047,255.784713745117,272.143920898438,259.054351806641,271.776824951172,259.134399414063
14:57:30,|,102.358283996582,280.557464599609,281.125640869141,280.116912841797,280.735168457031,280.921173095703,|,103.014343261719,287.563720703125,285.129089355469,280.020965576172,280.496551513672,283.037841796875,|,99.9641189575195,281.694488525391,277.714691162109,275.131195068359,278.190582275391,276.560638427734,|,103.985687255859,272.8017578125,273.565307617188,273.951507568359,272.754089355469,271.573486328125,|,283.776153564453,269.287414550781,281.656646728516,272.563507080078,281.145050048828,272.657653808594
15:02:30,|,112.362983703613,289.142059326172,289.583129882813,288.146545410156,288.491302490234,288.574615478516,|,109.417022705078,292.573120117188,291.029327392578,286.914337158203,287.585357666016,290.052032470703,|,112.225158691406,292.639831542969,289.285888671875,287.052581787109,290.063995361328,288.090179443359,|,114.473136901855,287.800415039063,289.759674072266,289.919128417969,288.975280761719,287.967895507813,|,290.773284912109,286.206726074219,289.102600097656,288.854827880859,288.399047851563,287.598876953125
15:07:30,|,94.9828491210938,274.291046142578,274.747283935547,273.543212890625,273.413513183594,272.220520019531,|,104.893531799316,285.091125488281,281.473724365234,276.186676025391,275.845886230469,277.079650878906,|,109.970855712891,288.280456542969,284.331939697266,281.770263671875,284.016265869141,280.938690185547,|,115.495414733887,288.00341796875,289.591979980469,289.505187988281,288.052856445313,285.305725097656,|,278.455993652344,284.537689208984,274.274963378906,284.237609863281,272.829345703125,281.600189208984
15:12:30,|,84.3271408081055,260.937133789063,260.349578857422,259.425079345703,259.844940185547,261.536437988281,|,85.8508453369141,266.595886230469,264.281188964844,259.527404785156,259.034362792969,261.427124023438,|,84.3587646484375,265.301177978516,262.21142578125,258.940155029297,261.297119140625,259.517150878906,|,102.138969421387,267.506530761719,268.004333496094,268.021118164063,266.322357177734,264.225433349609,|,262.821350097656,262.079650878906,260.035614013672,262.968170166016,259.486999511719,260.748596191406
15:17:30,|,92.0496368408203,270.2265625,270.858917236328,269.479949951172,270.042358398438,270.985931396484,|,90.2607421875,272.406799316406,270.004730224609,265.120635986328,265.315795898438,267.829681396484,|,87.4320678710938,269.224578857422,266.719177246094,264.988464355469,267.383087158203,265.872589111328,|,104.596832275391,273.33984375,273.477386474609,273.160186767578,271.960479736328,269.988311767578,|,268.797393798828,268.026184082031,266.586151123047,269.675018310547,266.429656982422,269.057403564453
15:22:30,|,93.3818206787109,272.990753173828,273.563171386719,272.174407958984,272.207122802734,273.780303955078,|,97.2469100952148,278.561065673828,275.213623046875,270.139923095703,269.898132324219,272.699310302734,|,94.3622894287109,277.693237304688,274.409210205078,272.188781738281,274.905853271484,273.096588134766,|,105.960205078125,277.138061523438,278.408874511719,278.862091064453,277.579864501953,276.176940917969,|,273.140869140625,274.047607421875,271.305908203125,276.164367675781,270.989318847656,275.331481933594
15:27:30,|,80.3112182617188,258.793212890625,258.778656005859,258.386047363281,258.390167236328,259.412200927734,|,78.4412536621094,261.319549560547,260.074584960938,255.760177612305,255.10514831543,258.636962890625,|,85.0856018066406,265.303131103516,261.971405029297,258.760406494141,261.225463867188,259.215270996094,|,98.4664611816406,263.805969238281,264.4541015625,264.625061035156,262.804840087891,260.560119628906,|,259.682983398438,258.640350341797,258.088348388672,259.785247802734,258.187622070313,257.633483886719
15:32:30,|,74.8340682983398,250.340179443359,250.019165039063,248.978881835938,248.929580688477,250.435073852539,|,67.4851531982422,250.605209350586,250.286392211914,247.367858886719,246.269561767578,252.09049987793,|,72.9239501953125,255.489364624023,254.122299194336,251.3642578125,253.466857910156,251.734222412109,|,95.658935546875,263.29736328125,262.779693603516,263.212341308594,262.290985107422,260.595367431641,|,252.009796142578,258.255157470703,251.723281860352,260.188323974609,252.149749755859,258.948638916016
15:37:30,|,90.0079345703125,268.602966308594,268.475341796875,267.054748535156,267.222106933594,267.944122314453,|,83.0512313842773,265.908752441406,264.250823974609,260.334686279297,260.435760498047,264.119354248047,|,82.5490112304688,265.064788818359,263.099273681641,261.231781005859,264.042602539063,262.578704833984,|,99.2882995605469,264.594940185547,264.732330322266,264.583892822266,262.86279296875,262.470245361328,|,264.607086181641,259.432830810547,263.502258300781,263.492767333984,264.1982421875,263.648590087891
15:42:30,|,90.2662048339844,267.4833984375,266.491577148438,264.616027832031,264.531433105469,264.236785888672,|,89.9513854980469,271.810882568359,268.824890136719,262.943817138672,262.01513671875,264.095520019531,|,88.1361389160156,269.362945556641,265.632781982422,263.350708007813,265.340209960938,263.212463378906,|,105.698272705078,272.812530517578,273.063354492188,272.394409179688,271.029571533203,269.528472900391,|,265.557403564453,267.192260742188,261.769073486328,269.642272949219,260.907470703125,268.196655273438
15:47:30,|,89.9193954467773,266.781280517578,266.364471435547,264.635925292969,264.506927490234,264.116882324219,|,86.1882476806641,268.240112304688,265.818786621094,261.491729736328,261.6943359375,265.395416259766,|,77.6561813354492,258.720642089844,255.552154541016,252.785202026367,255.934417724609,254.741119384766,|,94.6126022338867,259.873352050781,259.718902587891,260.338958740234,259.177307128906,259.394317626953,|,266.213562011719,256.262634277344,263.099914550781,259.863006591797,263.117889404297,259.726684570313
15:52:30,|,80.9264373779297,257.53564453125,257.315185546875,256.068481445313,256.490081787109,255.916091918945,|,77.7867813110352,258.459503173828,257.062652587891,252.431518554688,251.300262451172,255.324005126953,|,81.9432907104492,262.432342529297,259.501892089844,256.467163085938,257.952026367188,256.35595703125,|,98.3789901733398,264.572723388672,265.367370605469,265.497772216797,264.224670410156,262.265686035156,|,256.009033203125,260.252624511719,254.404571533203,261.134918212891,254.69807434082,260.102935791016
15:57:30,|,81.8605422973633,259.2265625,259.278533935547,258.36328125,258.373901367188,258.494903564453,|,77.4612350463867,260.4775390625,258.64794921875,254.381149291992,253.438461303711,256.114562988281,|,78.8561096191406,260.693695068359,258.2802734375,256.040893554688,258.180419921875,257.329833984375,|,100.658401489258,267.899871826172,267.653930664063,267.069244384766,265.354064941406,262.562744140625,|,257.378326416016,260.700714111328,255.240814208984,262.690093994141,256.194091796875,262.103424072266
16:02:30,|,79.856086730957,257.591430664063,256.971130371094,255.861312866211,255.978210449219,255.512771606445,|,79.6312484741211,261.646820068359,259.206237792969,255.090225219727,253.502990722656,256.498718261719,|,76.0893020629883,258.146881103516,256.293701171875,254.246429443359,256.708343505859,255.492431640625,|,95.0945587158203,261.679321289063,261.836486816406,261.852600097656,260.448760986328,258.166290283203,|,257.725280761719,256.017486572266,254.978042602539,258.100555419922,254.877517700195,257.335174560547
16:07:30,|,75.4145736694336,252.012588500977,251.866821289063,250.263580322266,249.969207763672,251.129150390625,|,77.8964462280273,258.578155517578,257.034027099609,251.951202392578,249.888671875,253.003753662109,|,75.5655212402344,255.202377319336,252.701721191406,250.926681518555,254.108688354492,252.311920166016,|,92.0870742797852,260.263244628906,259.869903564453,260.049865722656,258.282073974609,255.745391845703,|,254.189346313477,253.936828613281,251.636611938477,254.75032043457,251.57698059082,253.081893920898
16:12:30,|,80.5015106201172,258.244567871094,258.520935058594,257.113555908203,256.862579345703,255.666015625,|,77.9394454956055,259.834991455078,258.017120361328,253.573715209961,252.461578369141,255.332229614258,|,76.1124267578125,256.562316894531,255.307083129883,252.473205566406,254.873458862305,253.558135986328,|,102.900367736816,268.797973632813,267.906585693359,267.729309082031,264.854888916016,260.959777832031,|,256.9267578125,259.91455078125,253.630523681641,259.044281005859,253.447265625,257.739196777344
16:17:30,|,78.7206192016602,255.691589355469,255.464828491211,254.433013916016,254.138885498047,254.655487060547,|,75.9150314331055,259.183624267578,257.900573730469,252.757919311523,251.768051147461,255.318923950195,|,73.298698425293,254.308319091797,252.561706542969,250.183471679688,252.828674316406,253.231842041016,|,100.17456817627,266.52099609375,265.232666015625,263.090179443359,260.421722412109,259.375549316406,|,256.474182128906,256.380126953125,253.859420776367,259.791412353516,253.82096862793,258.54736328125
16:22:30,|,77.9743118286133,255.256698608398,254.871368408203,253.661834716797,253.550079345703,253.275680541992,|,74.8180923461914,255.54508972168,254.535446166992,251.236267089844,250.546524047852,253.964126586914,|,76.0988388061523,258.614837646484,257.000732421875,253.877944946289,255.64128112793,253.541305541992,|,95.9732055664063,260.725128173828,260.602783203125,260.770172119141,259.951904296875,257.573425292969,|,255.627670288086,255.837432861328,252.540328979492,256.143005371094,251.98323059082,255.92170715332
16:27:30,|,73.2819442749023,250.776657104492,250.290908813477,249.452743530273,249.465026855469,250.291152954102,|,70.2690734863281,250.772384643555,249.986190795898,246.15592956543,244.445907592773,247.896148681641,|,65.3889846801758,246.937255859375,244.897491455078,241.505096435547,244.582595825195,244.916275024414,|,94.2472305297852,258.840026855469,258.662017822266,259.007049560547,256.494903564453,254.335372924805,|,249.361373901367,252.32421875,246.58415222168,252.917007446289,246.188705444336,250.678298950195
16:32:30,|,73.4750823974609,249.475540161133,249.087844848633,247.734436035156,246.794448852539,245.956253051758,|,60.0774688720703,239.915435791016,242.597045898438,237.676681518555,235.576705932617,242.610916137695,|,62.4841270446777,243.641220092773,240.892608642578,237.600006103516,240.086196899414,239.589279174805,|,83.7517013549805,253.001754760742,251.689834594727,250.923110961914,249.278274536133,247.231170654297,|,242.73681640625,244.916519165039,241.865005493164,246.945648193359,241.991241455078,244.482345581055
16:37:30,|,70.4119415283203,247.078186035156,246.161346435547,244.496307373047,243.482376098633,243.349090576172,|,67.4251403808594,244.884170532227,239.852127075195,239.067779541016,236.103286743164,240.9013671875,|,59.7947883605957,242.440170288086,239.612335205078,234.071044921875,236.381256103516,233.981643676758,|,78.8528442382813,240.787490844727,238.191070556641,237.042358398438,235.593811035156,233.958709716797,|,241.994750976563,232.15022277832,237.917297363281,234.096908569336,238.119506835938,233.139343261719
16:42:30,|,61.8097610473633,241.407135009766,242.17822265625,240.88508605957,238.778045654297,238.55078125,|,52.9935684204102,234.354919433594,232.319107055664,229.627151489258,227.365676879883,232.943237304688,|,48.044075012207,233.126113891602,232.979904174805,228.383743286133,232.129547119141,231.78337097168,|,75.2107009887695,241.17805480957,239.268081665039,239.892639160156,239.879241943359,239.724258422852,|,234.266830444336,237.207366943359,233.213653564453,241.841018676758,234.475891113281,240.227081298828
16:47:30,|,52.90966796875,229.216156005859,228.898239135742,227.147674560547,226.130126953125,226.769958496094,|,47.1956825256348,228.640747070313,228.567291259766,227.087631225586,224.097198486328,227.525833129883,|,33.4719009399414,219.83561706543,221.214401245117,217.305297851563,221.098342895508,221.720108032227,|,62.309268951416,233.050308227539,232.099243164063,231.603057861328,231.9150390625,230.286026000977,|,229.45556640625,228.808883666992,228.295455932617,233.668304443359,228.992370605469,231.387191772461
16:52:30,|,51.1981964111328,225.591491699219,223.762573242188,223.037658691406,223.960021972656,225.357879638672,|,43.3291549682617,224.245483398438,212.207046508789,223.962493896484,221.113388061523,225.520629882813,|,38.7779922485352,223.427658081055,223.08528137207,218.525375366211,221.445510864258,221.865356445313,|,65.8537139892578,232.798950195313,228.810180664063,228.743011474609,228.289138793945,224.35807800293,|,228.072250366211,224.16520690918,224.121429443359,226.368957519531,228.764556884766,224.591842651367
16:57:30,|,53.3723907470703,232.041412353516,230.234970092773,228.418472290039,227.833190917969,228.322021484375,|,42.0602912902832,226.227310180664,226.942428588867,224.275283813477,220.757797241211,225.325561523438,|,54.7120475769043,236.072723388672,231.280853271484,225.511032104492,228.770095825195,225.971374511719,|,69.6895446777344,233.893951416016,229.957641601563,230.137588500977,228.804016113281,229.255950927734,|,227.461456298828,225.884582519531,227.533813476563,231.882873535156,229.258102416992,232.646209716797
17:02:30,|,51.369327545166,227.117950439453,224.510162353516,222.360198974609,221.637603759766,220.99365234375,|,42.4882850646973,223.77311706543,224.83821105957,221.684112548828,218.561706542969,221.943939208984,|,39.9861259460449,221.317016601563,218.967849731445,213.854782104492,217.24560546875,217.741546630859,|,48.0625648498535,228.803634643555,222.61784362793,222.746322631836,222.979598999023,220.882888793945,|,224.763473510742,220.083251953125,221.596496582031,221.477783203125,222.999038696289,219.689041137695
17:07:30,|,52.1017684936523,229.789367675781,228.066055297852,225.999084472656,225.295608520508,224.38655090332,|,45.4191093444824,225.029983520508,223.226455688477,219.927200317383,216.255142211914,220.125122070313,|,30.9837818145752,218.411987304688,218.331848144531,214.428375244141,219.450607299805,218.418197631836,|,54.3543090820313,229.00749206543,226.481109619141,226.769668579102,226.138107299805,225.226928710938,|,222.616256713867,223.161422729492,222.358215332031,226.956954956055,223.511413574219,224.683868408203
17:12:30,|,56.9067535400391,233.751739501953,231.466827392578,230.047958374023,229.574111938477,229.190200805664,|,53.0081748962402,231.791198730469,231.22021484375,228.968032836914,225.923675537109,230.15104675293,|,49.2609634399414,230.826812744141,230.257659912109,225.101959228516,227.823989868164,226.651184082031,|,77.8611907958984,237.407409667969,235.176696777344,233.63932800293,231.922744750977,229.557022094727,|,232.136032104492,228.353805541992,228.835311889648,231.479049682617,228.842208862305,230.265640258789
17:17:30,|,59.5886611938477,237.165328979492,235.873977661133,235.224609375,234.664321899414,235.152160644531,|,56.9676208496094,235.5078125,234.819412231445,231.391799926758,228.330856323242,232.558013916016,|,52.1303176879883,234.661422729492,232.835647583008,227.96842956543,230.015151977539,228.05989074707,|,78.2018127441406,242.552856445313,240.360153198242,240.614624023438,238.16081237793,235.89501953125,|,234.237182617188,234.45295715332,231.929901123047,235.55842590332,232.177474975586,231.575531005859
17:22:30,|,58.3524475097656,234.005554199219,232.313262939453,231.086471557617,231.025451660156,232.063720703125,|,55.7163429260254,236.743743896484,236.705261230469,233.831726074219,230.828552246094,234.655151367188,|,50.358757019043,233.518249511719,231.681091308594,227.89176940918,230.92610168457,230.972442626953,|,79.3287734985352,243.270645141602,241.915115356445,241.994995117188,240.020782470703,237.08821105957,|,236.463455200195,235.048706054688,232.063552856445,236.380569458008,232.074310302734,232.668762207031
17:27:30,|,52.9835968017578,229.358993530273,228.283126831055,226.926971435547,226.541366577148,226.610549926758,|,51.920093536377,231.685791015625,231.350082397461,227.203796386719,223.853408813477,227.840927124023,|,41.4103927612305,225.793106079102,227.175704956055,223.22297668457,225.844436645508,224.865509033203,|,71.3744277954102,232.629165649414,231.078018188477,230.497085571289,228.138763427734,226.469421386719,|,229.869003295898,224.673522949219,225.908676147461,228.034912109375,225.852783203125,228.253707885742
17:32:30,|,50.9446449279785,229.169296264648,227.019088745117,225.212020874023,225.150634765625,226.509582519531,|,51.9774169921875,231.317916870117,230.804656982422,227.449935913086,224.466659545898,227.946487426758,|,40.5541114807129,222.012283325195,221.032363891602,217.543975830078,222.932556152344,223.950241088867,|,59.8990020751953,231.519897460938,230.644775390625,229.685195922852,228.488876342773,225.681427001953,|,230.384201049805,225.187713623047,226.588790893555,225.851699829102,227.925903320313,223.959426879883
17:37:30,|,58.5042304992676,235.195770263672,234.203994750977,232.323226928711,230.81884765625,229.828338623047,|,54.5840644836426,233.521499633789,232.530212402344,229.474792480469,226.330444335938,230.212615966797,|,47.1520690917969,229.059997558594,227.564498901367,222.682006835938,225.415985107422,225.224899291992,|,71.708251953125,236.857864379883,235.821029663086,235.875152587891,234.062103271484,232.112258911133,|,232.063705444336,230.616119384766,228.989288330078,232.729446411133,229.311111450195,231.47021484375
17:42:30,|,49.2434692382813,224.042266845703,223.257446289063,221.486373901367,221.433868408203,221.765762329102,|,38.237361907959,220.286376953125,219.931396484375,217.404220581055,213.724533081055,218.280059814453,|,32.1823539733887,216.775283813477,217.201568603516,212.544937133789,215.23747253418,214.628707885742,|,45.9336395263672,221.469802856445,220.984710693359,222.270690917969,220.724517822266,219.965408325195,|,220.417877197266,218.486022949219,219.358306884766,221.926605224609,221.610580444336,220.361846923828
17:47:30,|,56.9363021850586,232.108169555664,230.698028564453,228.204071044922,227.272323608398,226.573104858398,|,41.0870666503906,223.483139038086,223.165542602539,220.942642211914,217.734100341797,222.825302124023,|,40.671070098877,223.33674621582,221.757766723633,217.402496337891,219.808486938477,219.372100830078,|,40.750904083252,219.662292480469,218.892379760742,218.884170532227,219.403060913086,219.567962646484,|,224.01774597168,217.256912231445,222.074676513672,221.106338500977,223.443801879883,220.971725463867
17:52:30,|,55.7903861999512,230.898635864258,229.573806762695,228.038711547852,227.314102172852,226.303665161133,|,49.4934883117676,230.620056152344,231.148742675781,228.160934448242,224.793807983398,228.643615722656,|,43.0176277160645,226.213577270508,226.710144042969,224.151107788086,227.674896240234,226.829574584961,|,68.5608749389648,232.825271606445,231.42887878418,231.556762695313,229.773818969727,228.817413330078,|,230.287048339844,226.620910644531,228.198226928711,230.792541503906,227.83708190918,227.637802124023
17:57:30,|,58.8522300720215,233.272827148438,231.585342407227,230.221435546875,229.572448730469,230.24739074707,|,51.8797492980957,231.908798217773,232.023178100586,228.891220092773,226.110458374023,231.750732421875,|,40.2411308288574,222.91032409668,224.229873657227,221.657791137695,224.579574584961,224.932266235352,|,72.2470397949219,234.665481567383,235.000503540039,235.543502807617,234.087539672852,232.41911315918,|,232.444641113281,230.985229492188,230.689819335938,232.976165771484,230.960067749023,230.927947998047
