CDT_time,bar_fence,spd_0_2m_init,spd_1_5m_init,spd_3m_init,spd_4_5m_init,spd_6m_init,spd_10m_init,bar_fence_1,spd_0_2m_rel,spd_1_5m_rel,spd_3m_rel,spd_4_5m_rel,spd_6m_rel,spd_10m_rel,bar_fence_2,spd_0_2m_uconv,spd_1_5m_uconv,spd_3m_uconv,spd_4_5m_uconv,spd_6m_uconv,spd_10m_uconv,bar_fence_3,spd_0_2m_lconv,spd_1_5m_lconv,spd_3m_lconv,spd_4_5m_lconv,spd_6m_lconv,spd_10m_lconv,bar_fence_4,spd_8_5m_rel,spd_8_5m_lconv,spd_15m_rel,spd_15m_lconv,spd_20m_rel,spd_20m_lconv
18:02:30,|,NaN,NaN,NaN,NaN,NaN,NaN,|,NaN,NaN,NaN,NaN,NaN,NaN,|,1.05750668048859,NaN,NaN,NaN,NaN,NaN,|,NaN,1.93235528469086,2.01665949821472,2.20854353904724,2.34538507461548,2.56531095504761,|,NaN,2.49087882041931,NaN,NaN,NaN,NaN
18:07:30,|,NaN,NaN,NaN,NaN,NaN,NaN,|,NaN,NaN,NaN,NaN,NaN,NaN,|,1.09439814090729,NaN,NaN,NaN,NaN,NaN,|,NaN,2.19889211654663,2.27905321121216,2.49883580207825,2.6564474105835,2.90392088890076,|,NaN,2.82054996490479,NaN,NaN,NaN,NaN
18:12:30,|,NaN,NaN,NaN,NaN,NaN,NaN,|,NaN,NaN,NaN,NaN,NaN,NaN,|,1.07429671287537,NaN,NaN,NaN,NaN,NaN,|,NaN,1.88842225074768,1.96276247501373,2.10298824310303,2.14975595474243,2.33585619926453,|,NaN,2.25783610343933,NaN,NaN,NaN,NaN
18:17:30,|,NaN,NaN,NaN,NaN,NaN,NaN,|,NaN,NaN,NaN,NaN,NaN,NaN,|,0.996826648712158,NaN,NaN,NaN,NaN,NaN,|,NaN,1.95758521556854,2.0452024936676,2.24183297157288,2.41076922416687,2.58012533187866,|,NaN,2.53608131408691,NaN,NaN,NaN,NaN
18:22:30,|,NaN,NaN,NaN,NaN,NaN,NaN,|,NaN,NaN,NaN,NaN,NaN,NaN,|,0.901950001716614,NaN,NaN,NaN,NaN,NaN,|,NaN,1.39490735530853,1.48039674758911,1.60600221157074,1.67663645744324,1.7589408159256,|,NaN,1.72719836235046,NaN,NaN,NaN,NaN
18:27:30,|,NaN,NaN,NaN,NaN,NaN,NaN,|,NaN,NaN,NaN,NaN,NaN,NaN,|,0.728546679019928,NaN,NaN,NaN,NaN,NaN,|,NaN,1.52239334583282,1.59486842155457,1.72311496734619,1.82656407356262,1.90848612785339,|,NaN,1.89532792568207,NaN,NaN,NaN,NaN
18:32:30,|,NaN,NaN,NaN,NaN,NaN,NaN,|,NaN,NaN,NaN,NaN,NaN,NaN,|,0.717112362384796,NaN,NaN,NaN,NaN,NaN,|,NaN,1.48111367225647,1.5497829914093,1.68349874019623,1.79169631004333,1.94073569774628,|,NaN,1.87357783317566,NaN,NaN,NaN,NaN
18:37:30,|,NaN,NaN,NaN,NaN,NaN,NaN,|,NaN,NaN,NaN,NaN,NaN,NaN,|,0.751749992370605,NaN,NaN,NaN,NaN,NaN,|,NaN,1.53899550437927,1.57530665397644,1.69623494148254,1.7907931804657,1.89561307430267,|,NaN,1.85334050655365,NaN,NaN,NaN,NaN
18:42:30,|,NaN,NaN,NaN,NaN,NaN,NaN,|,NaN,NaN,NaN,NaN,NaN,NaN,|,0.944419980049133,NaN,NaN,NaN,NaN,NaN,|,NaN,1.91785800457001,2.01434183120728,2.16501808166504,2.2970027923584,2.45833992958069,|,NaN,2.39508819580078,NaN,NaN,NaN,NaN
18:47:30,|,NaN,NaN,NaN,NaN,NaN,NaN,|,NaN,NaN,NaN,NaN,NaN,NaN,|,0.960080027580261,NaN,NaN,NaN,NaN,NaN,|,NaN,1.87274825572968,1.98062694072723,2.13724994659424,2.20369982719421,2.31785535812378,|,NaN,2.24147987365723,NaN,NaN,NaN,NaN
18:52:30,|,NaN,NaN,NaN,NaN,NaN,NaN,|,NaN,NaN,NaN,NaN,NaN,NaN,|,1.0137699842453,NaN,NaN,NaN,NaN,NaN,|,NaN,2.09519958496094,2.18335843086243,2.36292624473572,2.47360229492188,2.67030930519104,|,NaN,2.59125852584839,NaN,NaN,NaN,NaN
18:57:30,|,NaN,NaN,NaN,NaN,NaN,NaN,|,NaN,NaN,NaN,NaN,NaN,NaN,|,1.05522835254669,NaN,NaN,NaN,NaN,NaN,|,NaN,2.22663569450378,2.32961273193359,2.53350949287415,2.72697162628174,2.90592551231384,|,NaN,2.84532284736633,NaN,NaN,NaN,NaN
19:02:30,|,NaN,NaN,NaN,NaN,NaN,NaN,|,NaN,NaN,NaN,NaN,NaN,NaN,|,0.903726637363434,NaN,NaN,NaN,NaN,NaN,|,NaN,1.87228548526764,1.97071838378906,2.205974817276,2.38026237487793,2.60410785675049,|,NaN,2.52045822143555,NaN,NaN,NaN,NaN
19:07:30,|,NaN,NaN,NaN,NaN,NaN,NaN,|,NaN,NaN,NaN,NaN,NaN,NaN,|,0.834793329238892,NaN,NaN,NaN,NaN,NaN,|,NaN,1.6449248790741,1.71437728404999,1.8452136516571,1.977863073349,2.11643147468567,|,NaN,2.05809330940247,NaN,NaN,NaN,NaN
19:12:30,|,NaN,NaN,NaN,NaN,NaN,NaN,|,NaN,NaN,NaN,NaN,NaN,NaN,|,0.832473337650299,NaN,NaN,NaN,NaN,NaN,|,NaN,1.92358064651489,2.00929498672485,2.18166184425354,2.33368349075317,2.41053557395935,|,NaN,2.39066171646118,NaN,NaN,NaN,NaN
19:17:30,|,NaN,NaN,NaN,NaN,NaN,NaN,|,NaN,NaN,NaN,NaN,NaN,NaN,|,0.91621333360672,NaN,NaN,NaN,NaN,NaN,|,NaN,1.63929629325867,1.71541655063629,1.86405324935913,2.01061844825745,2.22923278808594,|,NaN,2.12075686454773,NaN,NaN,NaN,NaN
19:22:30,|,NaN,NaN,NaN,NaN,NaN,NaN,|,NaN,NaN,NaN,NaN,NaN,NaN,|,0.903184413909912,NaN,NaN,NaN,NaN,NaN,|,NaN,1.99687588214874,2.06690621376038,2.20118474960327,2.31771278381348,2.41746163368225,|,NaN,2.38517999649048,NaN,NaN,NaN,NaN
19:27:30,|,NaN,NaN,NaN,NaN,NaN,NaN,|,NaN,NaN,NaN,NaN,NaN,NaN,|,0.863706648349762,NaN,NaN,NaN,NaN,NaN,|,NaN,1.53748106956482,1.59368288516998,1.75126051902771,1.87205445766449,2.0033712387085,|,NaN,1.93785607814789,NaN,NaN,NaN,NaN
19:32:30,|,NaN,NaN,NaN,NaN,NaN,NaN,|,NaN,NaN,NaN,NaN,NaN,NaN,|,0.970003306865692,NaN,NaN,NaN,NaN,NaN,|,NaN,1.86625301837921,1.93585062026978,2.09400367736816,2.25265383720398,2.4148862361908,|,NaN,2.35484766960144,NaN,NaN,NaN,NaN
19:37:30,|,NaN,NaN,NaN,NaN,NaN,NaN,|,NaN,NaN,NaN,NaN,NaN,NaN,|,1.02961671352386,NaN,NaN,NaN,NaN,NaN,|,NaN,1.93573725223541,2.03018450737,2.21011304855347,2.32485699653625,2.48846220970154,|,NaN,2.41809844970703,NaN,NaN,NaN,NaN
19:42:30,|,NaN,NaN,NaN,NaN,NaN,NaN,|,NaN,NaN,NaN,NaN,NaN,NaN,|,1.02508997917175,NaN,NaN,NaN,NaN,NaN,|,NaN,1.89860212802887,2.01187682151794,2.20503854751587,2.27340269088745,2.37472701072693,|,NaN,2.32929301261902,NaN,NaN,NaN,NaN
19:47:30,|,NaN,NaN,NaN,NaN,NaN,NaN,|,NaN,NaN,NaN,NaN,NaN,NaN,|,0.690316796302795,NaN,NaN,NaN,NaN,NaN,|,NaN,1.72045850753784,1.79891800880432,1.92195904254913,2.06687569618225,2.20428419113159,|,NaN,2.12396550178528,NaN,NaN,NaN,NaN
19:52:30,|,NaN,NaN,NaN,NaN,NaN,NaN,|,NaN,NaN,NaN,NaN,NaN,NaN,|,1.0671933889389,NaN,NaN,NaN,NaN,NaN,|,NaN,2.09753847122192,2.21369624137878,2.42489075660706,2.58589863777161,2.82849383354187,|,NaN,2.75394797325134,NaN,NaN,NaN,NaN
19:57:30,|,NaN,NaN,NaN,NaN,NaN,NaN,|,NaN,NaN,NaN,NaN,NaN,NaN,|,0.869553327560425,NaN,NaN,NaN,NaN,NaN,|,NaN,1.92527508735657,2.03991103172302,2.2100145816803,2.35182213783264,2.39359760284424,|,NaN,2.38609743118286,NaN,NaN,NaN,NaN
20:02:30,|,NaN,NaN,NaN,NaN,NaN,NaN,|,NaN,NaN,NaN,NaN,NaN,NaN,|,0.968729972839355,NaN,NaN,NaN,NaN,NaN,|,NaN,1.87842953205109,1.93633675575256,2.13654327392578,2.3313615322113,2.49210858345032,|,NaN,2.45379662513733,NaN,NaN,NaN,NaN
20:07:30,|,NaN,NaN,NaN,NaN,NaN,NaN,|,NaN,NaN,NaN,NaN,NaN,NaN,|,0.97556334733963,NaN,NaN,NaN,NaN,NaN,|,NaN,1.77030754089355,1.87468004226685,2.0127387046814,2.16069293022156,2.37841415405273,|,NaN,2.29297947883606,NaN,NaN,NaN,NaN
20:12:30,|,NaN,NaN,NaN,NaN,NaN,NaN,|,NaN,NaN,NaN,NaN,NaN,NaN,|,0.589179754257202,NaN,NaN,NaN,NaN,NaN,|,NaN,1.27340877056122,1.38345921039581,1.50474739074707,1.57202684879303,1.70291650295258,|,NaN,1.66369378566742,NaN,NaN,NaN,NaN
20:17:30,|,NaN,NaN,NaN,NaN,NaN,NaN,|,NaN,NaN,NaN,NaN,NaN,NaN,|,0.415666669607162,NaN,NaN,NaN,NaN,NaN,|,NaN,1.05493247509003,1.10213053226471,1.23631513118744,1.31937181949615,1.4615865945816,|,NaN,1.41114664077759,NaN,NaN,NaN,NaN
20:22:30,|,NaN,NaN,NaN,NaN,NaN,NaN,|,NaN,NaN,NaN,NaN,NaN,NaN,|,0.783829987049103,NaN,NaN,NaN,NaN,NaN,|,NaN,1.42751407623291,1.47697055339813,1.58201909065247,1.68090009689331,1.82515740394592,|,NaN,1.77699244022369,NaN,NaN,NaN,NaN
20:27:30,|,NaN,NaN,NaN,NaN,NaN,NaN,|,NaN,NaN,NaN,NaN,NaN,NaN,|,0.662209987640381,NaN,NaN,NaN,NaN,NaN,|,NaN,1.35332334041595,1.44477117061615,1.58139336109161,1.68583226203918,1.8538213968277,|,NaN,1.80887794494629,NaN,NaN,NaN,NaN
20:32:30,|,NaN,NaN,NaN,NaN,NaN,NaN,|,NaN,NaN,NaN,NaN,NaN,NaN,|,0.356673330068588,NaN,NaN,NaN,NaN,NaN,|,NaN,0.937539994716644,0.922931432723999,0.984422504901886,1.05214262008667,1.09896743297577,|,NaN,1.08720231056213,NaN,NaN,NaN,NaN
20:37:30,|,NaN,NaN,NaN,NaN,NaN,NaN,|,NaN,NaN,NaN,NaN,NaN,NaN,|,0.65379124879837,NaN,NaN,NaN,NaN,NaN,|,NaN,0.760541796684265,0.796369075775146,0.86597728729248,0.930125713348389,1.10555136203766,|,NaN,0.997796058654785,NaN,NaN,NaN,NaN
20:42:30,|,NaN,NaN,NaN,NaN,NaN,NaN,|,NaN,NaN,NaN,NaN,NaN,NaN,|,0.484983325004578,NaN,NaN,NaN,NaN,NaN,|,NaN,1.26022982597351,1.25333738327026,1.40202820301056,1.51198029518127,1.60466265678406,|,NaN,1.54586434364319,NaN,NaN,NaN,NaN
20:47:30,|,NaN,NaN,NaN,NaN,NaN,NaN,|,NaN,NaN,NaN,NaN,NaN,NaN,|,0.235793337225914,NaN,NaN,NaN,NaN,NaN,|,NaN,1.12902998924255,0.808524429798126,1.22559487819672,1.23140406608582,1.1927125453949,|,NaN,1.24036931991577,NaN,NaN,NaN,NaN
20:52:30,|,NaN,NaN,NaN,NaN,NaN,NaN,|,NaN,NaN,NaN,NaN,NaN,NaN,|,0.208480000495911,NaN,NaN,NaN,NaN,NaN,|,NaN,0.741170108318329,0.755283892154694,0.809691607952118,0.862867534160614,0.922857284545898,|,NaN,0.89453250169754,NaN,NaN,NaN,NaN
20:57:30,|,NaN,NaN,NaN,NaN,NaN,NaN,|,NaN,NaN,NaN,NaN,NaN,NaN,|,0.264403343200684,NaN,NaN,NaN,NaN,NaN,|,NaN,0.464212596416473,0.496321141719818,0.523457705974579,0.523596584796906,0.457090944051743,|,NaN,0.46004518866539,NaN,NaN,NaN,NaN
21:02:30,|,NaN,NaN,NaN,NaN,NaN,NaN,|,NaN,NaN,NaN,NaN,NaN,NaN,|,0.218349456787109,NaN,NaN,NaN,NaN,NaN,|,NaN,0.564363420009613,0.628513813018799,0.659779071807861,0.659647822380066,0.769501090049744,|,NaN,0.719756901264191,NaN,NaN,NaN,NaN
21:07:30,|,NaN,NaN,NaN,NaN,NaN,NaN,|,NaN,NaN,NaN,NaN,NaN,NaN,|,0.324103325605392,NaN,NaN,NaN,NaN,NaN,|,NaN,0.59930694103241,0.710882008075714,0.791308164596558,0.825690388679504,0.947788655757904,|,NaN,0.917842924594879,NaN,NaN,NaN,NaN
21:12:30,|,NaN,NaN,NaN,NaN,NaN,NaN,|,NaN,NaN,NaN,NaN,NaN,NaN,|,0.348263323307037,NaN,NaN,NaN,NaN,NaN,|,NaN,0.725890278816223,0.717203557491302,0.774115264415741,0.824611186981201,0.910937488079071,|,NaN,0.847714841365814,NaN,NaN,NaN,NaN
21:17:30,|,NaN,NaN,NaN,NaN,NaN,NaN,|,NaN,NaN,NaN,NaN,NaN,NaN,|,0.159526661038399,NaN,NaN,NaN,NaN,NaN,|,NaN,0.545632839202881,0.521194994449615,0.545082330703735,0.579208731651306,0.481752932071686,|,NaN,0.550380885601044,NaN,NaN,NaN,NaN
21:22:30,|,NaN,NaN,NaN,NaN,NaN,NaN,|,NaN,NaN,NaN,NaN,NaN,NaN,|,0.422993332147598,NaN,NaN,NaN,NaN,NaN,|,NaN,0.589677512645721,0.563250005245209,0.576314210891724,0.599963247776031,0.546157538890839,|,NaN,0.590632796287537,NaN,NaN,NaN,NaN
21:27:30,|,NaN,NaN,NaN,NaN,NaN,NaN,|,NaN,NaN,NaN,NaN,NaN,NaN,|,0.366095364093781,NaN,NaN,NaN,NaN,NaN,|,NaN,0.636084616184235,0.698193907737732,0.781629502773285,0.840704083442688,0.933226823806763,|,NaN,0.903021216392517,NaN,NaN,NaN,NaN
21:32:30,|,NaN,NaN,NaN,NaN,NaN,NaN,|,NaN,NaN,NaN,NaN,NaN,NaN,|,0.391683340072632,NaN,NaN,NaN,NaN,NaN,|,NaN,0.591679334640503,0.687534987926483,0.77038449048996,0.814600467681885,0.991369545459747,|,NaN,0.920331120491028,NaN,NaN,NaN,NaN
21:37:30,|,NaN,NaN,NaN,NaN,NaN,NaN,|,NaN,NaN,NaN,NaN,NaN,NaN,|,0.429006665945053,NaN,NaN,NaN,NaN,NaN,|,NaN,0.470397174358368,0.606120228767395,0.615273594856262,0.636480212211609,0.793497681617737,|,NaN,0.742825150489807,NaN,NaN,NaN,NaN
21:42:30,|,NaN,NaN,NaN,NaN,NaN,NaN,|,NaN,NaN,NaN,NaN,NaN,NaN,|,0.706473350524902,NaN,NaN,NaN,NaN,NaN,|,NaN,0.63406777381897,0.852975308895111,0.909134805202484,0.916529476642609,1.16620492935181,|,NaN,1.08607542514801,NaN,NaN,NaN,NaN
21:47:30,|,NaN,NaN,NaN,NaN,NaN,NaN,|,NaN,NaN,NaN,NaN,NaN,NaN,|,0.466383337974548,NaN,NaN,NaN,NaN,NaN,|,NaN,0.382642060518265,0.42842373251915,0.510897576808929,0.528986394405365,0.817650854587555,|,NaN,0.676443159580231,NaN,NaN,NaN,NaN
21:52:30,|,NaN,NaN,NaN,NaN,NaN,NaN,|,NaN,NaN,NaN,NaN,NaN,NaN,|,0.352297425270081,NaN,NaN,NaN,NaN,NaN,|,NaN,0.556354999542236,0.715603888034821,0.722531855106354,0.725546658039093,0.895016670227051,|,NaN,0.831442475318909,NaN,NaN,NaN,NaN
21:57:30,|,NaN,NaN,NaN,NaN,NaN,NaN,|,NaN,NaN,NaN,NaN,NaN,NaN,|,0.184003338217735,NaN,NaN,NaN,NaN,NaN,|,NaN,0.514382719993591,0.536822199821472,0.561396598815918,0.538177013397217,0.576728880405426,|,NaN,0.564080119132996,NaN,NaN,NaN,NaN
22:02:30,|,NaN,NaN,NaN,NaN,NaN,NaN,|,NaN,NaN,NaN,NaN,NaN,NaN,|,0.241919994354248,NaN,NaN,NaN,NaN,NaN,|,NaN,0.504992067813873,0.57971179485321,0.589807331562042,0.575360119342804,0.604707896709442,|,NaN,0.580630660057068,NaN,NaN,NaN,NaN
22:07:30,|,NaN,NaN,NaN,NaN,NaN,NaN,|,NaN,NaN,NaN,NaN,NaN,NaN,|,0.629736661911011,NaN,NaN,NaN,NaN,NaN,|,NaN,0.58198094367981,0.663664400577545,0.6940598487854,0.634327173233032,0.649735510349274,|,NaN,0.62876969575882,NaN,NaN,NaN,NaN
22:12:30,|,NaN,NaN,NaN,NaN,NaN,NaN,|,NaN,NaN,NaN,NaN,NaN,NaN,|,0.295363336801529,NaN,NaN,NaN,NaN,NaN,|,NaN,0.478227436542511,0.60789281129837,0.727716624736786,0.786189079284668,0.847158133983612,|,NaN,0.851886034011841,NaN,NaN,NaN,NaN
22:17:30,|,NaN,NaN,NaN,NaN,NaN,NaN,|,NaN,NaN,NaN,NaN,NaN,NaN,|,0.310083359479904,NaN,NaN,NaN,NaN,NaN,|,NaN,0.658435940742493,0.677923262119293,0.729189515113831,0.796553552150726,0.705089569091797,|,NaN,0.766461074352264,NaN,NaN,NaN,NaN
22:22:30,|,NaN,NaN,NaN,NaN,NaN,NaN,|,NaN,NaN,NaN,NaN,NaN,NaN,|,0.213159993290901,NaN,NaN,NaN,NaN,NaN,|,NaN,0.60409289598465,0.56074583530426,0.572608649730682,0.624581396579742,0.464232891798019,|,NaN,0.55818909406662,NaN,NaN,NaN,NaN
22:27:30,|,NaN,NaN,NaN,NaN,NaN,NaN,|,NaN,NaN,NaN,NaN,NaN,NaN,|,0.21710667014122,NaN,NaN,NaN,NaN,NaN,|,NaN,0.341332793235779,0.383650988340378,0.266644239425659,0.25162747502327,0.213789567351341,|,NaN,0.220888212323189,NaN,NaN,NaN,NaN
22:32:30,|,NaN,NaN,NaN,NaN,NaN,NaN,|,NaN,NaN,NaN,NaN,NaN,NaN,|,0.365193337202072,NaN,NaN,NaN,NaN,NaN,|,NaN,0.765979409217834,0.871208667755127,0.782446026802063,0.81127804517746,0.858099162578583,|,NaN,0.824836671352386,NaN,NaN,NaN,NaN
22:37:30,|,NaN,NaN,NaN,NaN,NaN,NaN,|,NaN,NaN,NaN,NaN,NaN,NaN,|,0.409733325242996,NaN,NaN,NaN,NaN,NaN,|,NaN,0.77044689655304,0.761730968952179,0.817210376262665,0.875217616558075,0.883065223693848,|,NaN,0.877946376800537,NaN,NaN,NaN,NaN
22:42:30,|,NaN,NaN,NaN,NaN,NaN,NaN,|,NaN,NaN,NaN,NaN,NaN,NaN,|,0.518989682197571,NaN,NaN,NaN,NaN,NaN,|,NaN,1.27253377437592,1.32649672031403,1.44167196750641,1.53861927986145,1.66804587841034,|,NaN,1.62060070037842,NaN,NaN,NaN,NaN
22:47:30,|,NaN,NaN,NaN,NaN,NaN,NaN,|,NaN,NaN,NaN,NaN,NaN,NaN,|,0.749346673488617,NaN,NaN,NaN,NaN,NaN,|,NaN,1.22631418704987,1.29695177078247,1.37686336040497,1.44847106933594,1.67615926265717,|,NaN,1.5786554813385,NaN,NaN,NaN,NaN
22:52:30,|,NaN,NaN,NaN,NaN,NaN,NaN,|,NaN,NaN,NaN,NaN,NaN,NaN,|,0.91456663608551,NaN,NaN,NaN,NaN,NaN,|,NaN,1.55100679397583,1.723552942276,1.86935782432556,1.99692022800446,2.1952075958252,|,NaN,2.1280632019043,NaN,NaN,NaN,NaN
22:57:30,|,NaN,NaN,NaN,NaN,NaN,NaN,|,NaN,NaN,NaN,NaN,NaN,NaN,|,0.586703360080719,NaN,NaN,NaN,NaN,NaN,|,NaN,1.0735787153244,1.14271080493927,1.23472011089325,1.31423854827881,1.51883244514465,|,NaN,1.43983113765717,NaN,NaN,NaN,NaN
23:02:30,|,NaN,NaN,NaN,NaN,NaN,NaN,|,NaN,NaN,NaN,NaN,NaN,NaN,|,0.824216663837433,NaN,NaN,NaN,NaN,NaN,|,NaN,1.05711090564728,1.06567287445068,1.12377607822418,1.15125489234924,1.29015004634857,|,NaN,1.22763252258301,NaN,NaN,NaN,NaN
23:07:30,|,NaN,NaN,NaN,NaN,NaN,NaN,|,NaN,NaN,NaN,NaN,NaN,NaN,|,0.814701557159424,NaN,NaN,NaN,NaN,NaN,|,NaN,0.726926803588867,0.769320845603943,0.879395008087158,0.955450534820557,1.20425665378571,|,NaN,1.08327078819275,NaN,NaN,NaN,NaN
23:12:30,|,NaN,NaN,NaN,NaN,NaN,NaN,|,NaN,NaN,NaN,NaN,NaN,NaN,|,0.57547664642334,NaN,NaN,NaN,NaN,NaN,|,NaN,0.573614180088043,0.597177922725677,0.6959308385849,0.71705561876297,0.888519942760468,|,NaN,0.804443836212158,NaN,NaN,NaN,NaN
23:17:30,|,NaN,NaN,NaN,NaN,NaN,NaN,|,NaN,NaN,NaN,NaN,NaN,NaN,|,0.301223337650299,NaN,NaN,NaN,NaN,NaN,|,NaN,0.79961895942688,0.797663986682892,0.854683220386505,0.944322407245636,0.990515828132629,|,NaN,0.952114403247833,NaN,NaN,NaN,NaN
23:22:30,|,NaN,NaN,NaN,NaN,NaN,NaN,|,NaN,NaN,NaN,NaN,NaN,NaN,|,0.367156654596329,NaN,NaN,NaN,NaN,NaN,|,NaN,0.945111393928528,1.00562036037445,1.05586266517639,1.10079407691956,1.12678074836731,|,NaN,1.12751293182373,NaN,NaN,NaN,NaN
23:27:30,|,NaN,NaN,NaN,NaN,NaN,NaN,|,NaN,NaN,NaN,NaN,NaN,NaN,|,0.72299998998642,NaN,NaN,NaN,NaN,NaN,|,NaN,1.02172100543976,1.15065050125122,1.23618841171265,1.28534209728241,1.50401031970978,|,NaN,1.4041975736618,NaN,NaN,NaN,NaN
23:32:30,|,NaN,NaN,NaN,NaN,NaN,NaN,|,NaN,NaN,NaN,NaN,NaN,NaN,|,0.725271761417389,NaN,NaN,NaN,NaN,NaN,|,NaN,0.616680979728699,0.780367195606232,0.825770437717438,0.740647315979004,0.991554021835327,|,NaN,0.857203960418701,NaN,NaN,NaN,NaN
23:37:30,|,NaN,NaN,NaN,NaN,NaN,NaN,|,NaN,NaN,NaN,NaN,NaN,NaN,|,0.49547666311264,NaN,NaN,NaN,NaN,NaN,|,NaN,0.648543059825897,0.808895587921143,0.77784526348114,0.713490962982178,0.921414434909821,|,NaN,0.838305175304413,NaN,NaN,NaN,NaN
23:42:30,|,NaN,NaN,NaN,NaN,NaN,NaN,|,NaN,NaN,NaN,NaN,NaN,NaN,|,0.491016656160355,NaN,NaN,NaN,NaN,NaN,|,NaN,NaN,NaN,NaN,NaN,NaN,|,NaN,NaN,NaN,NaN,NaN,NaN
23:47:30,|,NaN,NaN,NaN,NaN,NaN,NaN,|,NaN,NaN,NaN,NaN,NaN,NaN,|,0.520416676998138,NaN,NaN,NaN,NaN,NaN,|,NaN,NaN,NaN,NaN,NaN,NaN,|,NaN,NaN,NaN,NaN,NaN,NaN
23:52:30,|,NaN,NaN,NaN,NaN,NaN,NaN,|,NaN,NaN,NaN,NaN,NaN,NaN,|,0.581606686115265,NaN,NaN,NaN,NaN,NaN,|,NaN,NaN,NaN,NaN,NaN,NaN,|,NaN,NaN,NaN,NaN,NaN,NaN
23:57:30,|,NaN,NaN,NaN,NaN,NaN,NaN,|,NaN,NaN,NaN,NaN,NaN,NaN,|,0.633391141891479,NaN,NaN,NaN,NaN,NaN,|,NaN,NaN,NaN,NaN,NaN,NaN,|,NaN,NaN,NaN,NaN,NaN,NaN
00:02:30,|,NaN,NaN,NaN,NaN,NaN,NaN,|,NaN,NaN,NaN,NaN,NaN,NaN,|,0.692759990692139,NaN,NaN,NaN,NaN,NaN,|,NaN,NaN,NaN,NaN,NaN,NaN,|,NaN,NaN,NaN,NaN,NaN,NaN
00:07:30,|,NaN,NaN,NaN,NaN,NaN,NaN,|,NaN,NaN,NaN,NaN,NaN,NaN,|,0.508916676044464,NaN,NaN,NaN,NaN,NaN,|,NaN,NaN,NaN,NaN,NaN,NaN,|,NaN,NaN,NaN,NaN,NaN,NaN
00:12:30,|,NaN,NaN,NaN,NaN,NaN,NaN,|,NaN,NaN,NaN,NaN,NaN,NaN,|,0.383540004491806,NaN,NaN,NaN,NaN,NaN,|,NaN,NaN,NaN,NaN,NaN,NaN,|,NaN,NaN,NaN,NaN,NaN,NaN
00:17:30,|,NaN,NaN,NaN,NaN,NaN,NaN,|,NaN,NaN,NaN,NaN,NaN,NaN,|,0.448920011520386,NaN,NaN,NaN,NaN,NaN,|,NaN,NaN,NaN,NaN,NaN,NaN,|,NaN,NaN,NaN,NaN,NaN,NaN
00:22:30,|,NaN,NaN,NaN,NaN,NaN,NaN,|,NaN,NaN,NaN,NaN,NaN,NaN,|,0.422527521848679,NaN,NaN,NaN,NaN,NaN,|,NaN,NaN,NaN,NaN,NaN,NaN,|,NaN,NaN,NaN,NaN,NaN,NaN
00:27:30,|,NaN,NaN,NaN,NaN,NaN,NaN,|,NaN,NaN,NaN,NaN,NaN,NaN,|,0.665170013904572,NaN,NaN,NaN,NaN,NaN,|,NaN,NaN,NaN,NaN,NaN,NaN,|,NaN,NaN,NaN,NaN,NaN,NaN
00:32:30,|,NaN,NaN,NaN,NaN,NaN,NaN,|,NaN,NaN,NaN,NaN,NaN,NaN,|,0.550773322582245,NaN,NaN,NaN,NaN,NaN,|,NaN,NaN,NaN,NaN,NaN,NaN,|,NaN,NaN,NaN,NaN,NaN,NaN
00:37:30,|,NaN,NaN,NaN,NaN,NaN,NaN,|,NaN,NaN,NaN,NaN,NaN,NaN,|,0.481423318386078,NaN,NaN,NaN,NaN,NaN,|,NaN,NaN,NaN,NaN,NaN,NaN,|,NaN,NaN,NaN,NaN,NaN,NaN
00:42:30,|,NaN,NaN,NaN,NaN,NaN,NaN,|,NaN,NaN,NaN,NaN,NaN,NaN,|,0.458656668663025,NaN,NaN,NaN,NaN,NaN,|,NaN,NaN,NaN,NaN,NaN,NaN,|,NaN,NaN,NaN,NaN,NaN,NaN
00:47:30,|,NaN,NaN,NaN,NaN,NaN,NaN,|,NaN,NaN,NaN,NaN,NaN,NaN,|,0.610746920108795,NaN,NaN,NaN,NaN,NaN,|,NaN,NaN,NaN,NaN,NaN,NaN,|,NaN,NaN,NaN,NaN,NaN,NaN
00:52:30,|,NaN,NaN,NaN,NaN,NaN,NaN,|,NaN,NaN,NaN,NaN,NaN,NaN,|,0.603476643562317,NaN,NaN,NaN,NaN,NaN,|,NaN,NaN,NaN,NaN,NaN,NaN,|,NaN,NaN,NaN,NaN,NaN,NaN
00:57:30,|,NaN,NaN,NaN,NaN,NaN,NaN,|,NaN,NaN,NaN,NaN,NaN,NaN,|,0.783479988574982,NaN,NaN,NaN,NaN,NaN,|,NaN,NaN,NaN,NaN,NaN,NaN,|,NaN,NaN,NaN,NaN,NaN,NaN
01:02:30,|,NaN,NaN,NaN,NaN,NaN,NaN,|,NaN,NaN,NaN,NaN,NaN,NaN,|,0.602326691150665,NaN,NaN,NaN,NaN,NaN,|,NaN,NaN,NaN,NaN,NaN,NaN,|,NaN,NaN,NaN,NaN,NaN,NaN
01:07:30,|,NaN,NaN,NaN,NaN,NaN,NaN,|,NaN,NaN,NaN,NaN,NaN,NaN,|,0.56740665435791,NaN,NaN,NaN,NaN,NaN,|,NaN,NaN,NaN,NaN,NaN,NaN,|,NaN,NaN,NaN,NaN,NaN,NaN
01:12:30,|,NaN,NaN,NaN,NaN,NaN,NaN,|,NaN,NaN,NaN,NaN,NaN,NaN,|,0.458482831716537,NaN,NaN,NaN,NaN,NaN,|,NaN,NaN,NaN,NaN,NaN,NaN,|,NaN,NaN,NaN,NaN,NaN,NaN
01:17:30,|,NaN,NaN,NaN,NaN,NaN,NaN,|,NaN,NaN,NaN,NaN,NaN,NaN,|,0.398236662149429,NaN,NaN,NaN,NaN,NaN,|,NaN,NaN,NaN,NaN,NaN,NaN,|,NaN,NaN,NaN,NaN,NaN,NaN
01:22:30,|,NaN,NaN,NaN,NaN,NaN,NaN,|,NaN,NaN,NaN,NaN,NaN,NaN,|,0.264323323965073,NaN,NaN,NaN,NaN,NaN,|,NaN,NaN,NaN,NaN,NaN,NaN,|,NaN,NaN,NaN,NaN,NaN,NaN
01:27:30,|,NaN,NaN,NaN,NaN,NaN,NaN,|,NaN,NaN,NaN,NaN,NaN,NaN,|,0.197980001568794,NaN,NaN,NaN,NaN,NaN,|,NaN,NaN,NaN,NaN,NaN,NaN,|,NaN,NaN,NaN,NaN,NaN,NaN
01:32:30,|,NaN,NaN,NaN,NaN,NaN,NaN,|,NaN,NaN,NaN,NaN,NaN,NaN,|,0.343743324279785,NaN,NaN,NaN,NaN,NaN,|,NaN,NaN,NaN,NaN,NaN,NaN,|,NaN,NaN,NaN,NaN,NaN,NaN
01:37:30,|,NaN,NaN,NaN,NaN,NaN,NaN,|,NaN,NaN,NaN,NaN,NaN,NaN,|,0.503987967967987,NaN,NaN,NaN,NaN,NaN,|,NaN,NaN,NaN,NaN,NaN,NaN,|,NaN,NaN,NaN,NaN,NaN,NaN
01:42:30,|,NaN,NaN,NaN,NaN,NaN,NaN,|,NaN,NaN,NaN,NaN,NaN,NaN,|,0.387586653232574,NaN,NaN,NaN,NaN,NaN,|,NaN,NaN,NaN,NaN,NaN,NaN,|,NaN,NaN,NaN,NaN,NaN,NaN
01:47:30,|,NaN,NaN,NaN,NaN,NaN,NaN,|,NaN,NaN,NaN,NaN,NaN,NaN,|,0.353406667709351,NaN,NaN,NaN,NaN,NaN,|,NaN,NaN,NaN,NaN,NaN,NaN,|,NaN,NaN,NaN,NaN,NaN,NaN
01:52:30,|,NaN,NaN,NaN,NaN,NaN,NaN,|,NaN,NaN,NaN,NaN,NaN,NaN,|,0.217283338308334,NaN,NaN,NaN,NaN,NaN,|,NaN,NaN,NaN,NaN,NaN,NaN,|,NaN,NaN,NaN,NaN,NaN,NaN
01:57:30,|,NaN,NaN,NaN,NaN,NaN,NaN,|,NaN,NaN,NaN,NaN,NaN,NaN,|,0.350486665964127,NaN,NaN,NaN,NaN,NaN,|,NaN,NaN,NaN,NaN,NaN,NaN,|,NaN,NaN,NaN,NaN,NaN,NaN
02:02:30,|,NaN,NaN,NaN,NaN,NaN,NaN,|,NaN,NaN,NaN,NaN,NaN,NaN,|,0.26213738322258,NaN,NaN,NaN,NaN,NaN,|,NaN,NaN,NaN,NaN,NaN,NaN,|,NaN,NaN,NaN,NaN,NaN,NaN
02:07:30,|,NaN,NaN,NaN,NaN,NaN,NaN,|,NaN,NaN,NaN,NaN,NaN,NaN,|,0.157036662101746,NaN,NaN,NaN,NaN,NaN,|,NaN,NaN,NaN,NaN,NaN,NaN,|,NaN,NaN,NaN,NaN,NaN,NaN
02:12:30,|,NaN,NaN,NaN,NaN,NaN,NaN,|,NaN,NaN,NaN,NaN,NaN,NaN,|,0.144533336162567,NaN,NaN,NaN,NaN,NaN,|,NaN,NaN,NaN,NaN,NaN,NaN,|,NaN,NaN,NaN,NaN,NaN,NaN
02:17:30,|,NaN,NaN,NaN,NaN,NaN,NaN,|,NaN,NaN,NaN,NaN,NaN,NaN,|,0.379716664552689,NaN,NaN,NaN,NaN,NaN,|,NaN,NaN,NaN,NaN,NaN,NaN,|,NaN,NaN,NaN,NaN,NaN,NaN
02:22:30,|,NaN,NaN,NaN,NaN,NaN,NaN,|,NaN,NaN,NaN,NaN,NaN,NaN,|,0.311040341854095,NaN,NaN,NaN,NaN,NaN,|,NaN,NaN,NaN,NaN,NaN,NaN,|,NaN,NaN,NaN,NaN,NaN,NaN
02:27:30,|,NaN,NaN,NaN,NaN,NaN,NaN,|,NaN,NaN,NaN,NaN,NaN,NaN,|,0.317750006914139,NaN,NaN,NaN,NaN,NaN,|,NaN,NaN,NaN,NaN,NaN,NaN,|,NaN,NaN,NaN,NaN,NaN,NaN
02:32:30,|,NaN,NaN,NaN,NaN,NaN,NaN,|,NaN,NaN,NaN,NaN,NaN,NaN,|,0.383086681365967,NaN,NaN,NaN,NaN,NaN,|,NaN,NaN,NaN,NaN,NaN,NaN,|,NaN,NaN,NaN,NaN,NaN,NaN
02:37:30,|,NaN,NaN,NaN,NaN,NaN,NaN,|,NaN,NaN,NaN,NaN,NaN,NaN,|,0.452710002660751,NaN,NaN,NaN,NaN,NaN,|,NaN,NaN,NaN,NaN,NaN,NaN,|,NaN,NaN,NaN,NaN,NaN,NaN
02:42:30,|,NaN,NaN,NaN,NaN,NaN,NaN,|,NaN,NaN,NaN,NaN,NaN,NaN,|,0.421163320541382,NaN,NaN,NaN,NaN,NaN,|,NaN,NaN,NaN,NaN,NaN,NaN,|,NaN,NaN,NaN,NaN,NaN,NaN
02:47:30,|,NaN,NaN,NaN,NaN,NaN,NaN,|,NaN,NaN,NaN,NaN,NaN,NaN,|,0.342790007591248,NaN,NaN,NaN,NaN,NaN,|,NaN,NaN,NaN,NaN,NaN,NaN,|,NaN,NaN,NaN,NaN,NaN,NaN
02:52:30,|,NaN,NaN,NaN,NaN,NaN,NaN,|,NaN,NaN,NaN,NaN,NaN,NaN,|,0.40306767821312,NaN,NaN,NaN,NaN,NaN,|,NaN,NaN,NaN,NaN,NaN,NaN,|,NaN,NaN,NaN,NaN,NaN,NaN
02:57:30,|,NaN,NaN,NaN,NaN,NaN,NaN,|,NaN,NaN,NaN,NaN,NaN,NaN,|,0.474743336439133,NaN,NaN,NaN,NaN,NaN,|,NaN,NaN,NaN,NaN,NaN,NaN,|,NaN,NaN,NaN,NaN,NaN,NaN
03:02:30,|,NaN,NaN,NaN,NaN,NaN,NaN,|,NaN,NaN,NaN,NaN,NaN,NaN,|,0.36093333363533,NaN,NaN,NaN,NaN,NaN,|,NaN,NaN,NaN,NaN,NaN,NaN,|,NaN,NaN,NaN,NaN,NaN,NaN
03:07:30,|,NaN,NaN,NaN,NaN,NaN,NaN,|,NaN,NaN,NaN,NaN,NaN,NaN,|,0.369953334331512,NaN,NaN,NaN,NaN,NaN,|,NaN,NaN,NaN,NaN,NaN,NaN,|,NaN,NaN,NaN,NaN,NaN,NaN
03:12:30,|,NaN,NaN,NaN,NaN,NaN,NaN,|,NaN,NaN,NaN,NaN,NaN,NaN,|,0.46577525138855,NaN,NaN,NaN,NaN,NaN,|,NaN,NaN,NaN,NaN,NaN,NaN,|,NaN,NaN,NaN,NaN,NaN,NaN
03:17:30,|,NaN,NaN,NaN,NaN,NaN,NaN,|,NaN,NaN,NaN,NaN,NaN,NaN,|,0.366903334856033,NaN,NaN,NaN,NaN,NaN,|,NaN,NaN,NaN,NaN,NaN,NaN,|,NaN,NaN,NaN,NaN,NaN,NaN
03:22:30,|,NaN,NaN,NaN,NaN,NaN,NaN,|,NaN,NaN,NaN,NaN,NaN,NaN,|,0.397570013999939,NaN,NaN,NaN,NaN,NaN,|,NaN,NaN,NaN,NaN,NaN,NaN,|,NaN,NaN,NaN,NaN,NaN,NaN
03:27:30,|,NaN,NaN,NaN,NaN,NaN,NaN,|,NaN,NaN,NaN,NaN,NaN,NaN,|,0.44825667142868,NaN,NaN,NaN,NaN,NaN,|,NaN,NaN,NaN,NaN,NaN,NaN,|,NaN,NaN,NaN,NaN,NaN,NaN
03:32:30,|,NaN,NaN,NaN,NaN,NaN,NaN,|,NaN,NaN,NaN,NaN,NaN,NaN,|,0.644623339176178,NaN,NaN,NaN,NaN,NaN,|,NaN,NaN,NaN,NaN,NaN,NaN,|,NaN,NaN,NaN,NaN,NaN,NaN
03:37:30,|,NaN,NaN,NaN,NaN,NaN,NaN,|,NaN,NaN,NaN,NaN,NaN,NaN,|,0.812184035778046,NaN,NaN,NaN,NaN,NaN,|,NaN,NaN,NaN,NaN,NaN,NaN,|,NaN,NaN,NaN,NaN,NaN,NaN
03:42:30,|,NaN,NaN,NaN,NaN,NaN,NaN,|,NaN,NaN,NaN,NaN,NaN,NaN,|,0.762496650218964,NaN,NaN,NaN,NaN,NaN,|,NaN,NaN,NaN,NaN,NaN,NaN,|,NaN,NaN,NaN,NaN,NaN,NaN
03:47:30,|,NaN,NaN,NaN,NaN,NaN,NaN,|,NaN,NaN,NaN,NaN,NaN,NaN,|,0.659986674785614,NaN,NaN,NaN,NaN,NaN,|,NaN,NaN,NaN,NaN,NaN,NaN,|,NaN,NaN,NaN,NaN,NaN,NaN
03:52:30,|,NaN,NaN,NaN,NaN,NaN,NaN,|,NaN,NaN,NaN,NaN,NaN,NaN,|,0.687210023403168,NaN,NaN,NaN,NaN,NaN,|,NaN,NaN,NaN,NaN,NaN,NaN,|,NaN,NaN,NaN,NaN,NaN,NaN
03:57:30,|,NaN,NaN,NaN,NaN,NaN,NaN,|,NaN,NaN,NaN,NaN,NaN,NaN,|,0.533183336257935,NaN,NaN,NaN,NaN,NaN,|,NaN,NaN,NaN,NaN,NaN,NaN,|,NaN,NaN,NaN,NaN,NaN,NaN
04:02:30,|,NaN,NaN,NaN,NaN,NaN,NaN,|,NaN,NaN,NaN,NaN,NaN,NaN,|,0.196395471692085,NaN,NaN,NaN,NaN,NaN,|,NaN,NaN,NaN,NaN,NaN,NaN,|,NaN,NaN,NaN,NaN,NaN,NaN
04:07:30,|,NaN,NaN,NaN,NaN,NaN,NaN,|,NaN,NaN,NaN,NaN,NaN,NaN,|,0.231803327798843,NaN,NaN,NaN,NaN,NaN,|,NaN,NaN,NaN,NaN,NaN,NaN,|,NaN,NaN,NaN,NaN,NaN,NaN
04:12:30,|,NaN,NaN,NaN,NaN,NaN,NaN,|,NaN,NaN,NaN,NaN,NaN,NaN,|,0.349826663732529,NaN,NaN,NaN,NaN,NaN,|,NaN,NaN,NaN,NaN,NaN,NaN,|,NaN,NaN,NaN,NaN,NaN,NaN
04:17:30,|,NaN,NaN,NaN,NaN,NaN,NaN,|,NaN,NaN,NaN,NaN,NaN,NaN,|,0.372839987277985,NaN,NaN,NaN,NaN,NaN,|,NaN,NaN,NaN,NaN,NaN,NaN,|,NaN,NaN,NaN,NaN,NaN,NaN
04:22:30,|,NaN,NaN,NaN,NaN,NaN,NaN,|,NaN,NaN,NaN,NaN,NaN,NaN,|,0.308016657829285,NaN,NaN,NaN,NaN,NaN,|,NaN,NaN,NaN,NaN,NaN,NaN,|,NaN,NaN,NaN,NaN,NaN,NaN
04:27:30,|,NaN,NaN,NaN,NaN,NaN,NaN,|,NaN,NaN,NaN,NaN,NaN,NaN,|,0.628606200218201,NaN,NaN,NaN,NaN,NaN,|,NaN,NaN,NaN,NaN,NaN,NaN,|,NaN,NaN,NaN,NaN,NaN,NaN
04:32:30,|,NaN,NaN,NaN,NaN,NaN,NaN,|,NaN,NaN,NaN,NaN,NaN,NaN,|,0.67848664522171,NaN,NaN,NaN,NaN,NaN,|,NaN,NaN,NaN,NaN,NaN,NaN,|,NaN,NaN,NaN,NaN,NaN,NaN
04:37:30,|,NaN,NaN,NaN,NaN,NaN,NaN,|,NaN,NaN,NaN,NaN,NaN,NaN,|,0.538393318653107,NaN,NaN,NaN,NaN,NaN,|,NaN,NaN,NaN,NaN,NaN,NaN,|,NaN,NaN,NaN,NaN,NaN,NaN
04:42:30,|,NaN,NaN,NaN,NaN,NaN,NaN,|,NaN,NaN,NaN,NaN,NaN,NaN,|,0.617723345756531,NaN,NaN,NaN,NaN,NaN,|,NaN,NaN,NaN,NaN,NaN,NaN,|,NaN,NaN,NaN,NaN,NaN,NaN
04:47:30,|,NaN,NaN,NaN,NaN,NaN,NaN,|,NaN,NaN,NaN,NaN,NaN,NaN,|,0.658550024032593,NaN,NaN,NaN,NaN,NaN,|,NaN,NaN,NaN,NaN,NaN,NaN,|,NaN,NaN,NaN,NaN,NaN,NaN
04:52:30,|,NaN,NaN,NaN,NaN,NaN,NaN,|,NaN,NaN,NaN,NaN,NaN,NaN,|,0.637235760688782,NaN,NaN,NaN,NaN,NaN,|,NaN,NaN,NaN,NaN,NaN,NaN,|,NaN,NaN,NaN,NaN,NaN,NaN
04:57:30,|,NaN,NaN,NaN,NaN,NaN,NaN,|,NaN,NaN,NaN,NaN,NaN,NaN,|,0.52486664056778,NaN,NaN,NaN,NaN,NaN,|,NaN,NaN,NaN,NaN,NaN,NaN,|,NaN,NaN,NaN,NaN,NaN,NaN
05:02:30,|,NaN,NaN,NaN,NaN,NaN,NaN,|,NaN,NaN,NaN,NaN,NaN,NaN,|,0.601976692676544,NaN,NaN,NaN,NaN,NaN,|,NaN,NaN,NaN,NaN,NaN,NaN,|,NaN,NaN,NaN,NaN,NaN,NaN
05:07:30,|,NaN,NaN,NaN,NaN,NaN,NaN,|,NaN,NaN,NaN,NaN,NaN,NaN,|,0.682633340358734,NaN,NaN,NaN,NaN,NaN,|,NaN,NaN,NaN,NaN,NaN,NaN,|,NaN,NaN,NaN,NaN,NaN,NaN
05:12:30,|,NaN,NaN,NaN,NaN,NaN,NaN,|,NaN,NaN,NaN,NaN,NaN,NaN,|,0.674366652965546,NaN,NaN,NaN,NaN,NaN,|,NaN,NaN,NaN,NaN,NaN,NaN,|,NaN,NaN,NaN,NaN,NaN,NaN
05:17:30,|,NaN,NaN,NaN,NaN,NaN,NaN,|,NaN,NaN,NaN,NaN,NaN,NaN,|,0.7197265625,NaN,NaN,NaN,NaN,NaN,|,NaN,NaN,NaN,NaN,NaN,NaN,|,NaN,NaN,NaN,NaN,NaN,NaN
05:22:30,|,NaN,NaN,NaN,NaN,NaN,NaN,|,NaN,NaN,NaN,NaN,NaN,NaN,|,0.84359335899353,NaN,NaN,NaN,NaN,NaN,|,NaN,NaN,NaN,NaN,NaN,NaN,|,NaN,NaN,NaN,NaN,NaN,NaN
05:27:30,|,NaN,NaN,NaN,NaN,NaN,NaN,|,NaN,NaN,NaN,NaN,NaN,NaN,|,0.725093305110931,NaN,NaN,NaN,NaN,NaN,|,NaN,NaN,NaN,NaN,NaN,NaN,|,NaN,NaN,NaN,NaN,NaN,NaN
05:32:30,|,NaN,NaN,NaN,NaN,NaN,NaN,|,NaN,NaN,NaN,NaN,NaN,NaN,|,0.821940004825592,NaN,NaN,NaN,NaN,NaN,|,NaN,NaN,NaN,NaN,NaN,NaN,|,NaN,NaN,NaN,NaN,NaN,NaN
05:37:30,|,NaN,NaN,NaN,NaN,NaN,NaN,|,NaN,NaN,NaN,NaN,NaN,NaN,|,0.88701331615448,NaN,NaN,NaN,NaN,NaN,|,NaN,NaN,NaN,NaN,NaN,NaN,|,NaN,NaN,NaN,NaN,NaN,NaN
05:42:30,|,NaN,NaN,NaN,NaN,NaN,NaN,|,NaN,NaN,NaN,NaN,NaN,NaN,|,1.00982666015625,NaN,NaN,NaN,NaN,NaN,|,NaN,NaN,NaN,NaN,NaN,NaN,|,NaN,NaN,NaN,NaN,NaN,NaN
05:47:30,|,NaN,NaN,NaN,NaN,NaN,NaN,|,NaN,NaN,NaN,NaN,NaN,NaN,|,1.01541328430176,NaN,NaN,NaN,NaN,NaN,|,NaN,NaN,NaN,NaN,NaN,NaN,|,NaN,NaN,NaN,NaN,NaN,NaN
05:52:30,|,NaN,NaN,NaN,NaN,NaN,NaN,|,NaN,NaN,NaN,NaN,NaN,NaN,|,1.01629996299744,NaN,NaN,NaN,NaN,NaN,|,NaN,NaN,NaN,NaN,NaN,NaN,|,NaN,NaN,NaN,NaN,NaN,NaN
05:57:30,|,NaN,NaN,NaN,NaN,NaN,NaN,|,NaN,NaN,NaN,NaN,NaN,NaN,|,0.982233345508575,NaN,NaN,NaN,NaN,NaN,|,NaN,NaN,NaN,NaN,NaN,NaN,|,NaN,NaN,NaN,NaN,NaN,NaN
06:02:30,|,NaN,NaN,NaN,NaN,NaN,NaN,|,NaN,NaN,NaN,NaN,NaN,NaN,|,1.08527338504791,NaN,NaN,NaN,NaN,NaN,|,NaN,NaN,NaN,NaN,NaN,NaN,|,NaN,NaN,NaN,NaN,NaN,NaN
06:07:30,|,NaN,NaN,NaN,NaN,NaN,NaN,|,NaN,NaN,NaN,NaN,NaN,NaN,|,1.33234083652496,NaN,NaN,NaN,NaN,NaN,|,NaN,NaN,NaN,NaN,NaN,NaN,|,NaN,NaN,NaN,NaN,NaN,NaN
06:12:30,|,NaN,NaN,NaN,NaN,NaN,NaN,|,NaN,NaN,NaN,NaN,NaN,NaN,|,1.28427994251251,NaN,NaN,NaN,NaN,NaN,|,NaN,NaN,NaN,NaN,NaN,NaN,|,NaN,NaN,NaN,NaN,NaN,NaN
06:17:30,|,NaN,NaN,NaN,NaN,NaN,NaN,|,NaN,NaN,NaN,NaN,NaN,NaN,|,1.25461661815643,NaN,NaN,NaN,NaN,NaN,|,NaN,NaN,NaN,NaN,NaN,NaN,|,NaN,NaN,NaN,NaN,NaN,NaN
06:22:30,|,NaN,NaN,NaN,NaN,NaN,NaN,|,NaN,NaN,NaN,NaN,NaN,NaN,|,1.26709997653961,NaN,NaN,NaN,NaN,NaN,|,NaN,NaN,NaN,NaN,NaN,NaN,|,NaN,NaN,NaN,NaN,NaN,NaN
06:27:30,|,NaN,NaN,NaN,NaN,NaN,NaN,|,NaN,NaN,NaN,NaN,NaN,NaN,|,1.37498331069946,NaN,NaN,NaN,NaN,NaN,|,NaN,NaN,NaN,NaN,NaN,NaN,|,NaN,NaN,NaN,NaN,NaN,NaN
06:32:30,|,NaN,NaN,NaN,NaN,NaN,NaN,|,NaN,NaN,NaN,NaN,NaN,NaN,|,1.23647212982178,NaN,NaN,NaN,NaN,NaN,|,NaN,NaN,NaN,NaN,NaN,NaN,|,NaN,NaN,NaN,NaN,NaN,NaN
06:37:30,|,NaN,NaN,NaN,NaN,NaN,NaN,|,NaN,NaN,NaN,NaN,NaN,NaN,|,1.12079000473022,NaN,NaN,NaN,NaN,NaN,|,NaN,NaN,NaN,NaN,NaN,NaN,|,NaN,NaN,NaN,NaN,NaN,NaN
06:42:30,|,NaN,NaN,NaN,NaN,NaN,NaN,|,NaN,NaN,NaN,NaN,NaN,NaN,|,1.21686661243439,NaN,NaN,NaN,NaN,NaN,|,NaN,NaN,NaN,NaN,NaN,NaN,|,NaN,NaN,NaN,NaN,NaN,NaN
06:47:30,|,NaN,NaN,NaN,NaN,NaN,NaN,|,NaN,NaN,NaN,NaN,NaN,NaN,|,1.36220669746399,NaN,NaN,NaN,NaN,NaN,|,NaN,NaN,NaN,NaN,NaN,NaN,|,NaN,NaN,NaN,NaN,NaN,NaN
06:52:30,|,NaN,NaN,NaN,NaN,NaN,NaN,|,NaN,NaN,NaN,NaN,NaN,NaN,|,1.33300995826721,NaN,NaN,NaN,NaN,NaN,|,NaN,NaN,NaN,NaN,NaN,NaN,|,NaN,NaN,NaN,NaN,NaN,NaN
06:57:30,|,NaN,NaN,NaN,NaN,NaN,NaN,|,NaN,NaN,NaN,NaN,NaN,NaN,|,1.37140381336212,NaN,NaN,NaN,NaN,NaN,|,NaN,NaN,NaN,NaN,NaN,NaN,|,NaN,NaN,NaN,NaN,NaN,NaN
07:02:30,|,NaN,NaN,NaN,NaN,NaN,NaN,|,NaN,NaN,NaN,NaN,NaN,NaN,|,1.16355669498444,NaN,NaN,NaN,NaN,NaN,|,NaN,NaN,NaN,NaN,NaN,NaN,|,NaN,NaN,NaN,NaN,NaN,NaN
07:07:30,|,NaN,NaN,NaN,NaN,NaN,NaN,|,NaN,NaN,NaN,NaN,NaN,NaN,|,1.10220336914063,NaN,NaN,NaN,NaN,NaN,|,NaN,NaN,NaN,NaN,NaN,NaN,|,NaN,NaN,NaN,NaN,NaN,NaN
07:12:30,|,NaN,NaN,NaN,NaN,NaN,NaN,|,NaN,NaN,NaN,NaN,NaN,NaN,|,1.29657661914825,NaN,NaN,NaN,NaN,NaN,|,NaN,NaN,NaN,NaN,NaN,NaN,|,NaN,NaN,NaN,NaN,NaN,NaN
07:17:30,|,NaN,NaN,NaN,NaN,NaN,NaN,|,NaN,NaN,NaN,NaN,NaN,NaN,|,1.43840336799622,NaN,NaN,NaN,NaN,NaN,|,NaN,NaN,NaN,NaN,NaN,NaN,|,NaN,NaN,NaN,NaN,NaN,NaN
07:22:30,|,NaN,NaN,NaN,NaN,NaN,NaN,|,NaN,NaN,NaN,NaN,NaN,NaN,|,1.14046013355255,NaN,NaN,NaN,NaN,NaN,|,NaN,NaN,NaN,NaN,NaN,NaN,|,NaN,NaN,NaN,NaN,NaN,NaN
07:27:30,|,NaN,NaN,NaN,NaN,NaN,NaN,|,NaN,NaN,NaN,NaN,NaN,NaN,|,1.21572327613831,NaN,NaN,NaN,NaN,NaN,|,NaN,NaN,NaN,NaN,NaN,NaN,|,NaN,NaN,NaN,NaN,NaN,NaN
07:32:30,|,NaN,NaN,NaN,NaN,NaN,NaN,|,NaN,NaN,NaN,NaN,NaN,NaN,|,1.18496000766754,NaN,NaN,NaN,NaN,NaN,|,NaN,NaN,NaN,NaN,NaN,NaN,|,NaN,NaN,NaN,NaN,NaN,NaN
07:37:30,|,NaN,NaN,NaN,NaN,NaN,NaN,|,NaN,NaN,NaN,NaN,NaN,NaN,|,1.1992199420929,NaN,NaN,NaN,NaN,NaN,|,NaN,NaN,NaN,NaN,NaN,NaN,|,NaN,NaN,NaN,NaN,NaN,NaN
07:42:30,|,NaN,NaN,NaN,NaN,NaN,NaN,|,NaN,NaN,NaN,NaN,NaN,NaN,|,1.21741998195648,NaN,NaN,NaN,NaN,NaN,|,NaN,NaN,NaN,NaN,NaN,NaN,|,NaN,NaN,NaN,NaN,NaN,NaN
07:47:30,|,NaN,NaN,NaN,NaN,NaN,NaN,|,NaN,NaN,NaN,NaN,NaN,NaN,|,0.824178040027618,NaN,NaN,NaN,NaN,NaN,|,NaN,NaN,NaN,NaN,NaN,NaN,|,NaN,NaN,NaN,NaN,NaN,NaN
07:52:30,|,NaN,NaN,NaN,NaN,NaN,NaN,|,NaN,NaN,NaN,NaN,NaN,NaN,|,1.07044005393982,NaN,NaN,NaN,NaN,NaN,|,NaN,NaN,NaN,NaN,NaN,NaN,|,NaN,NaN,NaN,NaN,NaN,NaN
07:57:30,|,NaN,NaN,NaN,NaN,NaN,NaN,|,NaN,NaN,NaN,NaN,NaN,NaN,|,0.919566690921783,NaN,NaN,NaN,NaN,NaN,|,NaN,NaN,NaN,NaN,NaN,NaN,|,NaN,NaN,NaN,NaN,NaN,NaN
08:02:30,|,NaN,NaN,NaN,NaN,NaN,NaN,|,NaN,NaN,NaN,NaN,NaN,NaN,|,0.938226640224457,NaN,NaN,NaN,NaN,NaN,|,NaN,NaN,NaN,NaN,NaN,NaN,|,NaN,NaN,NaN,NaN,NaN,NaN
08:07:30,|,NaN,NaN,NaN,NaN,NaN,NaN,|,NaN,NaN,NaN,NaN,NaN,NaN,|,0.976206660270691,NaN,NaN,NaN,NaN,NaN,|,NaN,NaN,NaN,NaN,NaN,NaN,|,NaN,NaN,NaN,NaN,NaN,NaN
08:12:30,|,NaN,NaN,NaN,NaN,NaN,NaN,|,NaN,NaN,NaN,NaN,NaN,NaN,|,1.06904304027557,NaN,NaN,NaN,NaN,NaN,|,NaN,NaN,NaN,NaN,NaN,NaN,|,NaN,NaN,NaN,NaN,NaN,NaN
08:17:30,|,NaN,NaN,NaN,NaN,NaN,NaN,|,NaN,NaN,NaN,NaN,NaN,NaN,|,1.02628004550934,NaN,NaN,NaN,NaN,NaN,|,NaN,NaN,NaN,NaN,NaN,NaN,|,NaN,NaN,NaN,NaN,NaN,NaN
08:22:30,|,NaN,NaN,NaN,NaN,NaN,NaN,|,NaN,NaN,NaN,NaN,NaN,NaN,|,1.08874666690826,NaN,NaN,NaN,NaN,NaN,|,NaN,NaN,NaN,NaN,NaN,NaN,|,NaN,NaN,NaN,NaN,NaN,NaN
08:27:30,|,NaN,NaN,NaN,NaN,NaN,NaN,|,NaN,NaN,NaN,NaN,NaN,NaN,|,1.19843661785126,NaN,NaN,NaN,NaN,NaN,|,NaN,NaN,NaN,NaN,NaN,NaN,|,NaN,NaN,NaN,NaN,NaN,NaN
08:32:30,|,NaN,NaN,NaN,NaN,NaN,NaN,|,NaN,NaN,NaN,NaN,NaN,NaN,|,0.937393307685852,NaN,NaN,NaN,NaN,NaN,|,NaN,NaN,NaN,NaN,NaN,NaN,|,NaN,NaN,NaN,NaN,NaN,NaN
08:37:30,|,0.992064833641052,1.71863198280334,2.00754165649414,NaN,NaN,NaN,|,NaN,NaN,NaN,NaN,NaN,NaN,|,0.96448814868927,NaN,NaN,NaN,NaN,NaN,|,NaN,NaN,NaN,NaN,NaN,NaN,|,NaN,NaN,NaN,NaN,NaN,NaN
08:42:30,|,1.00855946540833,1.87971615791321,2.06691360473633,NaN,NaN,NaN,|,NaN,NaN,NaN,NaN,NaN,NaN,|,1.02507996559143,NaN,NaN,NaN,NaN,NaN,|,NaN,NaN,NaN,NaN,NaN,NaN,|,NaN,NaN,NaN,NaN,NaN,NaN
08:47:30,|,1.07155120372772,2.03901600837708,2.27668070793152,NaN,NaN,NaN,|,1.24972975254059,NaN,NaN,NaN,NaN,NaN,|,1.19595003128052,NaN,NaN,NaN,NaN,NaN,|,0.895549774169922,NaN,NaN,NaN,NaN,NaN,|,NaN,NaN,NaN,2.79615378379822,NaN,2.95625758171082
08:52:30,|,0.814660012722015,1.62640428543091,1.75939452648163,NaN,NaN,NaN,|,1.0011932849884,NaN,NaN,1.75311374664307,1.92361533641815,2.01745653152466,|,0.942103326320648,1.43437647819519,1.48995840549469,1.47974240779877,1.71628355979919,1.78034067153931,|,0.874889492988586,NaN,NaN,NaN,NaN,NaN,|,1.95986676216125,NaN,NaN,2.66170024871826,NaN,2.65769195556641
08:57:30,|,0.936630010604858,1.75300872325897,1.91399776935577,NaN,NaN,NaN,|,0.995785474777222,1.69288980960846,1.78923141956329,1.92578136920929,2.15384101867676,2.19134020805359,|,0.944796681404114,1.72213470935822,1.86509966850281,1.91522240638733,2.08351016044617,2.1766836643219,|,0.744241416454315,NaN,NaN,NaN,NaN,NaN,|,2.17126870155334,NaN,2.23811602592468,2.05299687385559,2.29428291320801,2.07760953903198
09:02:30,|,0.766730010509491,1.37798690795898,1.47685825824738,1.43218779563904,1.47702670097351,1.53829920291901,|,0.871283769607544,1.5139411687851,1.61259889602661,1.64025473594666,1.7791895866394,1.77671408653259,|,0.985081672668457,1.78689682483673,1.87656056880951,1.92000305652618,2.08590078353882,2.21750926971436,|,0.783886671066284,NaN,NaN,NaN,NaN,NaN,|,1.77328598499298,NaN,1.8602842092514,2.32933855056763,1.87208211421967,2.34110474586487
09:07:30,|,0.522347450256348,0.950923204421997,1.03559327125549,1.10255658626556,1.13158762454987,1.17779767513275,|,0.44268998503685,0.663763344287872,0.761907935142517,0.769412577152252,0.849656879901886,0.808565974235535,|,0.538580000400543,0.883170127868652,0.960703730583191,0.9297975897789,0.975587904453278,0.973231673240662,|,0.431163728237152,0.82612407207489,0.826730847358704,0.765867233276367,0.906543493270874,1.12832760810852,|,0.849463045597076,0.989239275455475,0.92657458782196,1.03035724163055,0.987362802028656,1.02553343772888
09:12:30,|,0.579756677150726,0.789360284805298,0.845349550247192,0.942540645599365,0.860087156295776,1.00863218307495,|,0.528213322162628,0.790446519851685,0.707942187786102,0.761927902698517,0.827397644519806,0.842818260192871,|,0.716149985790253,1.10915338993073,1.12059712409973,1.10307765007019,1.18891704082489,1.17418897151947,|,0.483209997415543,0.996700644493103,0.929880499839783,0.92085736989975,0.964717209339142,0.908647060394287,|,0.828446686267853,0.912228405475616,0.891985833644867,0.985808789730072,0.978191196918488,0.927065968513489
09:17:30,|,0.543483316898346,0.951151967048645,1.03711354732513,1.12345027923584,1.13709270954132,1.21013844013214,|,0.478260010480881,0.713477909564972,0.783985495567322,0.819152116775513,0.858558297157288,0.7493696808815,|,0.448643326759338,0.694462954998016,0.696809530258179,0.676568686962128,0.708199739456177,0.70704448223114,|,0.302729994058609,0.602416515350342,0.579427778720856,0.604774057865143,0.600354611873627,0.61896675825119,|,0.793326854705811,0.578332185745239,0.802201211452484,0.71107280254364,0.929884612560272,0.658093631267548
09:22:30,|,0.701603353023529,1.3145979642868,1.39959514141083,1.45941042900085,1.49937391281128,1.47416341304779,|,0.730563342571259,1.18426489830017,1.30864441394806,1.36737895011902,1.45164597034454,1.44786930084229,|,0.584863305091858,1.00386106967926,1.05604350566864,1.04195070266724,1.15338635444641,1.1783207654953,|,0.394309997558594,0.784116327762604,0.749812424182892,0.771557092666626,0.838045418262482,0.883040249347687,|,1.4565441608429,0.868184983730316,1.49159955978394,0.988453507423401,1.49221336841583,0.929523766040802
09:27:30,|,0.588266670703888,1.17193078994751,1.2412166595459,1.28769183158875,1.31948888301849,1.39772200584412,|,0.918016672134399,1.53193843364716,1.62300419807434,1.66106402873993,1.76600027084351,1.81774115562439,|,0.903671205043793,1.62559497356415,1.80316734313965,1.84428632259369,1.92954111099243,1.99099850654602,|,0.725319981575012,1.76464951038361,1.78987896442413,1.91165196895599,2.02763748168945,2.05428624153137,|,1.82205986976624,2.02371096611023,1.86071288585663,2.12966203689575,1.93893206119537,2.15296912193298
09:32:30,|,0.909126400947571,1.61946642398834,1.75324869155884,1.87105739116669,1.90549898147583,2.02080678939819,|,0.893597841262817,1.5466320514679,1.68079841136932,1.71985852718353,1.90136909484863,1.87496387958527,|,0.908776640892029,1.62929654121399,1.763751745224,1.78259420394897,1.93230450153351,1.9657438993454,|,0.710626661777496,1.70090126991272,1.73514235019684,1.83398485183716,1.94286453723907,2.03834390640259,|,1.91553449630737,1.99160420894623,1.88676679134369,2.10856056213379,1.95847284793854,2.13467216491699
09:37:30,|,0.643469989299774,1.195157289505,1.28879272937775,1.34095287322998,1.39423072338104,1.41507911682129,|,0.794223308563232,1.26517474651337,1.30088472366333,1.34551131725311,1.49632728099823,1.48631918430328,|,0.727066695690155,1.24201428890228,1.31926703453064,1.33946251869202,1.46844255924225,1.50180423259735,|,0.588449478149414,1.33440625667572,1.32190358638763,1.40780818462372,1.51091194152832,1.57407069206238,|,1.51970779895782,1.52336978912354,1.53961193561554,1.70602023601532,1.54887437820435,1.75044918060303
09:42:30,|,0.767106652259827,1.44986414909363,1.57034754753113,1.62856245040894,1.66048634052277,1.71629321575165,|,0.85245668888092,1.34349060058594,1.42624223232269,1.52325761318207,1.62108838558197,1.62136840820313,|,0.769806683063507,1.27473473548889,1.38670289516449,1.43208885192871,1.53424954414368,1.57964384555817,|,0.475966662168503,1.02588856220245,1.00899517536163,1.09146225452423,1.1961315870285,1.29722023010254,|,1.64525854587555,1.25371539592743,1.63933062553406,1.49543476104736,1.71328592300415,1.62365472316742
09:47:30,|,0.574146687984467,1.04669797420502,1.13905596733093,1.22521471977234,1.32052707672119,1.37415862083435,|,0.623920023441315,0.967353105545044,1.04467761516571,1.06533551216125,1.16291999816895,1.04804956912994,|,0.70253998041153,1.15000581741333,1.2326203584671,1.23538684844971,1.32608497142792,1.37195670604706,|,0.556223332881927,1.26993322372437,1.2821900844574,1.34161174297333,1.43291294574738,1.43198609352112,|,1.08393228054047,1.42452347278595,1.13657855987549,1.57633650302887,1.16717064380646,1.62927711009979
09:52:30,|,0.974843323230743,1.88309848308563,2.0435209274292,2.12201952934265,2.2076997756958,2.22838187217712,|,0.79081666469574,1.26171636581421,1.39240980148315,1.48443186283112,1.62975990772247,1.64861106872559,|,0.712350785732269,1.1458865404129,1.16646981239319,1.13742303848267,1.24155497550964,1.19073987007141,|,0.502640008926392,1.051140666008,1.03497529029846,1.07881903648376,1.18314123153687,1.18875253200531,|,1.64970481395721,1.18692004680634,1.72754490375519,1.21445536613464,1.79950106143951,1.10780704021454
09:57:30,|,0.872734248638153,1.64243805408478,1.77216124534607,1.85565888881683,1.95954942703247,2.05168008804321,|,1.12844610214233,1.92318904399872,1.99753355979919,2.05515098571777,2.22795295715332,2.2118878364563,|,1.10187995433807,1.93490850925446,2.15357828140259,2.22466468811035,2.3458366394043,2.44481110572815,|,0.908786654472351,2.0485737323761,2.08611488342285,2.21703886985779,2.39097213745117,2.38209891319275,|,2.22896909713745,2.35677909851074,2.24925637245178,2.42233395576477,2.35759806632996,2.41892457008362
10:02:30,|,0.745343327522278,1.43755400180817,1.50932705402374,1.55089735984802,1.63413226604462,1.7050586938858,|,0.989399969577789,1.63291800022125,1.72999823093414,1.77872312068939,1.87858700752258,1.94282507896423,|,0.963339984416962,1.68379104137421,1.80039036273956,1.78696489334106,1.89977478981018,1.9837052822113,|,0.823180019855499,1.74603629112244,1.84480333328247,1.91284155845642,2.05510425567627,2.09787440299988,|,1.94147551059723,2.06100368499756,2.03214120864868,2.14506912231445,2.10758876800537,2.12085437774658
10:07:30,|,0.848262190818787,1.53246903419495,1.63327777385712,1.67465460300446,1.73744761943817,1.85654020309448,|,0.915049970149994,1.48712253570557,1.59355688095093,1.66893410682678,1.80859553813934,1.83228397369385,|,0.87047666311264,1.42770099639893,1.51521909236908,1.49599611759186,1.56953120231628,1.65983879566193,|,0.823354423046112,1.78901445865631,1.69384598731995,1.90216314792633,2.0555305480957,2.08883881568909,|,1.85781025886536,2.08565998077393,1.85196304321289,2.15573358535767,1.98216068744659,2.22321391105652
10:12:30,|,0.856733322143555,1.56958401203156,1.65836369991302,1.76714015007019,1.85293543338776,1.9062203168869,|,0.872973322868347,1.30802094936371,1.34981691837311,1.40262627601624,1.52335143089294,1.5193018913269,|,0.736573338508606,1.21739506721497,1.33201837539673,1.35603296756744,1.44104969501495,1.56153178215027,|,0.613579988479614,1.3368171453476,1.37950193881989,1.46024024486542,1.55853354930878,1.57375907897949,|,1.54181146621704,1.57511961460114,1.51731860637665,1.64542829990387,1.56458294391632,1.67173647880554
10:17:30,|,0.871963322162628,1.61054849624634,1.7470611333847,1.84384453296661,1.9542031288147,1.9908766746521,|,1.00548994541168,1.64414072036743,1.85321581363678,2.05289936065674,2.11807489395142,2.20486664772034,|,0.872650861740112,1.36606335639954,1.5366063117981,1.56614458560944,1.58623671531677,1.71820497512817,|,0.685370028018951,1.44777679443359,1.48611652851105,1.63533842563629,1.76537442207336,1.88927042484283,|,2.19297647476196,1.84106886386871,2.26032447814941,1.96858775615692,2.31668615341187,1.95589065551758
10:22:30,|,0.697375774383545,1.34897637367249,1.4425482749939,1.48710751533508,1.55882167816162,1.66025161743164,|,0.792963325977325,1.30453038215637,1.40379726886749,1.47455394268036,1.5244345664978,1.57685649394989,|,0.89520001411438,1.34859478473663,1.51768660545349,1.57634806632996,1.62312150001526,1.69551730155945,|,0.684943318367004,1.51662302017212,1.48622262477875,1.54396951198578,1.66337728500366,1.74984693527222,|,1.57767987251282,1.71346950531006,1.65578496456146,1.93558061122894,1.72552788257599,2.05536198616028
10:27:30,|,0.82232666015625,1.48258852958679,1.56726920604706,1.62742745876312,1.68180215358734,1.69482588768005,|,0.965708553791046,1.55370783805847,1.52300870418549,1.76787519454956,1.85721182823181,1.85874593257904,|,1.02389335632324,1.71135151386261,1.86949074268341,1.88378643989563,1.9898509979248,2.09987735748291,|,0.769159972667694,1.68237566947937,1.65306639671326,1.76442766189575,1.96067762374878,2.03559303283691,|,1.89407658576965,1.98852908611298,1.97040343284607,2.08491110801697,2.05976605415344,2.17710471153259
10:32:30,|,0.62255334854126,1.05565571784973,1.13910663127899,1.19549155235291,1.24354767799377,1.26073563098907,|,0.827456653118134,1.29293119907379,1.21898686885834,1.47862696647644,1.62415027618408,1.71306121349335,|,0.717303335666656,1.15374433994293,1.28808069229126,1.31587755680084,1.39365863800049,1.45889472961426,|,0.843913316726685,1.79342412948608,1.81132578849792,1.93580365180969,2.08082866668701,2.20276165008545,|,1.69081664085388,2.1402280330658,1.81378245353699,2.24493312835693,1.83515310287476,2.30745315551758
10:37:30,|,0.61851567029953,1.03615844249725,1.07350289821625,1.10690939426422,1.20454657077789,1.30578827857971,|,0.721653342247009,1.05851757526398,1.14154982566833,1.21160686016083,1.30845355987549,1.21404898166656,|,0.649839997291565,0.990435719490051,1.09204971790314,1.11436855792999,1.14293229579926,1.21275246143341,|,0.550373435020447,1.21073889732361,1.24490022659302,1.33043897151947,1.44297194480896,1.44897019863129,|,1.26385164260864,1.4588702917099,1.22198343276978,1.53070318698883,1.31603789329529,1.57997786998749
10:42:30,|,0.801917314529419,1.38630318641663,1.47597360610962,1.56404232978821,1.65087306499481,1.81153047084808,|,0.824964940547943,1.23160231113434,1.31231725215912,1.36529493331909,1.44085443019867,1.56386888027191,|,0.785383820533752,1.26870977878571,1.34877645969391,1.31734919548035,1.36394011974335,1.4217232465744,|,0.675716638565063,1.40375757217407,1.42769694328308,1.48853397369385,1.59798192977905,1.62350344657898,|,1.53727650642395,1.65110230445862,1.66905331611633,1.7219443321228,1.76446521282196,1.65952897071838
10:47:30,|,1.05334329605103,2.09507703781128,2.24860787391663,2.30834794044495,2.38504219055176,2.38423037528992,|,1.28672337532043,2.08779430389404,2.30578947067261,2.29887986183167,2.4940927028656,2.59764194488525,|,1.10537338256836,1.9387640953064,2.08056616783142,2.0456235408783,2.14205527305603,2.22670316696167,|,0.710640013217926,1.45953619480133,1.48154783248901,1.5358225107193,1.61482381820679,1.55621361732483,|,2.55935263633728,1.57644045352936,2.69018816947937,1.68048644065857,2.74516868591309,1.81848764419556
10:52:30,|,1.1479799747467,2.36774611473083,2.54286122322083,2.63887143135071,2.7428457736969,2.74251747131348,|,1.30576193332672,2.20625424385071,2.45213031768799,2.52344751358032,2.70532035827637,2.72999000549316,|,1.19084668159485,2.1098198890686,2.35218048095703,2.4073121547699,2.56037926673889,2.6970648765564,|,1.03451335430145,2.37483620643616,2.45158576965332,2.61737442016602,2.84372305870056,2.92036175727844,|,2.74676108360291,2.90446400642395,2.76029706001282,2.92557263374329,2.84290838241577,2.96628499031067
10:57:30,|,1.06379663944244,2.06868934631348,2.2068657875061,2.26228880882263,2.34748768806458,2.36968302726746,|,1.24158000946045,1.99235486984253,2.17375421524048,2.2734432220459,2.37514138221741,2.49764919281006,|,1.07644999027252,1.93612217903137,2.25323629379272,2.37365579605103,2.49960136413574,2.61585974693298,|,1.03507995605469,2.34460830688477,2.43258428573608,2.60645079612732,2.78129267692566,2.82470393180847,|,2.46441388130188,2.79752683639526,2.54425930976868,2.86166024208069,2.57520961761475,2.93863344192505
11:02:30,|,1.3804966211319,2.79762625694275,2.97448873519897,3.08108758926392,3.23583126068115,3.31785583496094,|,1.408846616745,2.2550413608551,2.48689079284668,2.59415864944458,2.7211582660675,2.83348846435547,|,1.28175055980682,2.22199368476868,2.50585007667542,2.61106276512146,2.77025890350342,2.9489643573761,|,1.05558669567108,2.45195174217224,2.5279438495636,2.70762968063354,2.90996074676514,2.98403024673462,|,2.81953048706055,2.94059419631958,3.01250052452087,3.01560163497925,3.12201380729675,3.05927515029907
11:07:30,|,1.06329441070557,2.00254559516907,2.15885758399963,2.24512147903442,2.35353875160217,2.41777729988098,|,1.43951666355133,2.41224098205566,2.62950205802917,2.69792056083679,2.81539535522461,2.86811304092407,|,1.30617868900299,2.29457592964172,2.58528470993042,2.6496479511261,2.73905611038208,2.88907694816589,|,1.05148720741272,2.40193247795105,2.47035121917725,2.55523300170898,2.70818710327148,2.7917742729187,|,2.86700534820557,2.75780344009399,2.93223452568054,2.89166736602783,2.98032975196838,2.91534113883972
11:12:30,|,1.33710670471191,2.67348289489746,2.88429737091064,2.97756385803223,3.11717319488525,3.1662073135376,|,1.35999000072479,2.23169946670532,2.47622966766357,2.52475094795227,2.67365598678589,2.73430848121643,|,1.19465005397797,1.97296726703644,2.29913544654846,2.36608934402466,2.4938383102417,2.63873410224915,|,0.914926648139954,2.09225463867188,2.21286511421204,2.39740443229675,2.52953886985779,2.59894561767578,|,2.74292898178101,2.54882836341858,2.87175035476685,2.64086413383484,2.993971824646,2.69924283027649
11:17:30,|,1.19808328151703,2.2467954158783,2.37735652923584,2.48633193969727,2.62757277488708,2.75904083251953,|,1.56366121768951,2.63984060287476,2.90165328979492,2.99129748344421,3.19983959197998,3.21917176246643,|,1.5164966583252,2.69876956939697,2.9502546787262,3.00823426246643,3.142418384552,3.25374269485474,|,1.2561366558075,2.79417014122009,2.93579697608948,3.16869568824768,3.3567636013031,3.47015285491943,|,3.23447823524475,3.38606023788452,3.31460380554199,3.56082773208618,3.35627698898315,3.63483119010925
11:22:30,|,1.38445997238159,2.57814145088196,2.78567743301392,2.92305111885071,3.08630108833313,3.22124886512756,|,1.40003669261932,2.26990962028503,2.47923183441162,2.53227639198303,2.73340082168579,2.75792384147644,|,1.2740466594696,2.31312441825867,2.53824782371521,2.59592509269714,2.79162001609802,2.92774486541748,|,1.10441291332245,2.42443919181824,2.50760197639465,2.68277072906494,2.88684844970703,2.95740127563477,|,2.77437877655029,2.91236472129822,2.84857749938965,3.00968813896179,2.95989775657654,3.10363173484802
11:27:30,|,1.16450822353363,2.2271683216095,2.42246603965759,2.51449346542358,2.6282594203949,2.62475419044495,|,1.38567662239075,2.24648523330688,2.54017949104309,2.67322897911072,2.75904107093811,2.87000560760498,|,1.27521669864655,2.25994086265564,2.55040764808655,2.66644859313965,2.79707145690918,2.93579173088074,|,1.20226335525513,2.70650887489319,2.85916566848755,3.01899170875549,3.25361466407776,3.35015392303467,|,2.8505334854126,3.29050326347351,2.93208384513855,3.41613292694092,2.96379518508911,3.47149324417114
11:32:30,|,0.919186413288116,1.61101317405701,1.65334987640381,1.70289373397827,1.79459476470947,1.85041415691376,|,1.16880667209625,1.88393688201904,2.09212064743042,2.23777961730957,2.33601021766663,2.46955990791321,|,1.20114374160767,1.9577271938324,2.20077061653137,2.26686382293701,2.29985761642456,2.41497254371643,|,0.82791668176651,1.82917714118958,1.87993681430817,2.00000429153442,2.10857009887695,2.16831970214844,|,2.40162301063538,2.15079760551453,2.58478093147278,2.297043800354,2.63146805763245,2.43312549591064
11:37:30,|,1.25989663600922,2.35646677017212,2.55663824081421,2.68172001838684,2.84140634536743,2.9149272441864,|,1.20034337043762,1.94567310810089,2.1801164150238,2.18928027153015,2.29428386688232,2.30961561203003,|,0.792029976844788,1.29260981082916,1.37507426738739,1.40889644622803,1.50360333919525,1.61499178409576,|,0.642557501792908,1.27301955223083,1.29855108261108,1.40642368793488,1.56631994247437,1.65008294582367,|,2.30457925796509,1.62747383117676,2.47176933288574,1.74579668045044,2.60940194129944,1.84848606586456
11:42:30,|,1.34553003311157,2.61283683776855,2.82472109794617,2.95189094543457,3.06812357902527,3.09092307090759,|,1.57137668132782,2.65387606620789,2.98003363609314,3.13307118415833,3.35435700416565,3.43914580345154,|,1.50214672088623,2.68603181838989,3.00210452079773,3.11777210235596,3.28267097473145,3.45900845527649,|,1.38374328613281,3.17476034164429,3.2868504524231,3.46060824394226,3.65593576431274,3.78238010406494,|,3.435302734375,3.67968916893005,3.54801774024963,3.80039596557617,3.57367539405823,3.83288383483887
11:47:30,|,1.27004671096802,2.46934008598328,2.73853158950806,2.88546180725098,3.08977150917053,3.25698494911194,|,1.61649215221405,2.6960916519165,2.91360425949097,2.96098971366882,3.22353959083557,3.34475469589233,|,1.50953662395477,2.7691707611084,3.07034397125244,3.1419460773468,3.306804895401,3.45174717903137,|,1.20925331115723,2.83492064476013,2.99565958976746,3.17123818397522,3.39402413368225,3.41290855407715,|,3.3034987449646,3.39233803749084,3.4479353427887,3.4736533164978,3.51449632644653,3.62545013427734
11:52:30,|,1.39753997325897,2.7838819026947,3.00323009490967,3.10746288299561,3.24330496788025,3.37410569190979,|,1.73655998706818,2.95838260650635,3.22326111793518,3.29149460792542,3.5530149936676,3.66031217575073,|,1.56201732158661,2.81682658195496,3.17861342430115,3.26743650436401,3.42610740661621,3.57636976242065,|,1.31351327896118,3.09671068191528,3.25377750396729,3.41310977935791,3.59892010688782,3.61788988113403,|,3.59916615486145,3.5860550403595,3.73590421676636,3.68103003501892,3.80466628074646,3.7294487953186
11:57:30,|,1.41986989974976,2.845046043396,3.12630367279053,3.26192927360535,3.47648692131042,3.59480690956116,|,1.56640338897705,2.51672792434692,2.76081895828247,2.85516667366028,3.09144258499146,3.17231845855713,|,1.40848338603973,2.52616739273071,2.85234713554382,2.895672082901,3.0102903842926,3.14907217025757,|,1.24630999565125,2.98000741004944,3.09747958183289,3.2763192653656,3.46115589141846,3.56627726554871,|,3.17684388160706,3.51474952697754,3.27038526535034,3.60262775421143,3.3670129776001,3.70699596405029
12:02:30,|,1.52398669719696,2.8828718662262,3.08122634887695,3.22691226005554,3.3647449016571,3.40433287620544,|,1.83523333072662,3.14278674125671,2.96139144897461,3.62550735473633,3.85449457168579,3.94030451774597,|,1.63835000991821,3.00253510475159,3.41053628921509,3.52566838264465,3.68199181556702,3.93535089492798,|,1.37294769287109,3.11494851112366,3.24812793731689,3.5009241104126,3.74643659591675,3.8713858127594,|,3.91797661781311,3.78232407569885,3.94421076774597,4.0342059135437,3.95670080184937,4.12696933746338
12:07:30,|,1.42131125926971,2.67389178276062,2.88242483139038,2.96574068069458,3.10821199417114,3.09868192672729,|,1.27073788642883,2.01558756828308,3.15914678573608,2.36378860473633,2.45252823829651,2.52799344062805,|,1.3305276632309,2.30396270751953,2.54362273216248,2.5861701965332,2.64128661155701,2.75096678733826,|,1.15590524673462,2.40476751327515,2.44469451904297,2.55931329727173,2.70996713638306,2.72341680526733,|,2.49493265151978,2.69290351867676,2.57177710533142,2.81008052825928,2.59773421287537,2.88978695869446
12:12:30,|,1.67466402053833,3.17779397964478,3.38930797576904,3.48323512077332,3.62657427787781,3.71370387077332,|,1.91136586666107,3.07705688476563,3.10951805114746,3.60656213760376,3.70680236816406,3.84188342094421,|,1.59753501415253,2.87691497802734,3.26374888420105,3.35232782363892,3.44570541381836,3.63966298103333,|,1.42899870872498,3.20140933990479,3.3506190776825,3.51589369773865,3.76338148117065,3.87154865264893,|,3.79072904586792,3.80079197883606,3.93887758255005,3.9510395526886,4.01997470855713,4.11852264404297
12:17:30,|,1.75174844264984,3.28569650650024,3.49574708938599,3.6289975643158,3.79517030715942,3.87008786201477,|,1.87240552902222,3.13263583183289,3.56823015213013,3.59695076942444,3.86188340187073,4.08031129837036,|,1.74720048904419,3.22328281402588,3.62418723106384,3.69807362556458,3.82619833946228,3.99144697189331,|,1.60427808761597,3.62871837615967,3.76509141921997,4.00152540206909,4.23028230667114,4.26774072647095,|,3.97903203964233,4.25229644775391,4.2150444984436,4.28881931304932,4.22165441513062,4.28283977508545
12:22:30,|,1.97949314117432,3.69785928726196,4.04012870788574,4.23972320556641,4.48185968399048,4.6598596572876,|,2.1212100982666,3.67764043807983,3.99270987510681,4.07186412811279,4.44496393203735,4.53400182723999,|,1.78881669044495,3.37411522865295,3.84411287307739,4.01370429992676,4.22075700759888,4.42498207092285,|,1.73711669445038,3.85502338409424,4.0865364074707,4.35816383361816,4.64893913269043,4.75252914428711,|,4.47388505935669,4.7020092010498,4.64586400985718,4.93923091888428,4.73890209197998,4.97091150283813
12:27:30,|,1.73996996879578,3.34155583381653,3.65797400474548,3.81641674041748,4.00400972366333,4.15487718582153,|,1.94345331192017,3.30425715446472,3.73552179336548,3.89319968223572,4.1394248008728,4.31612873077393,|,1.814120054245,3.22146105766296,3.68458342552185,3.86854267120361,3.98839235305786,4.15500211715698,|,1.52193665504456,3.52605390548706,3.69161415100098,3.93378257751465,4.20021390914917,4.32389116287231,|,4.2541446685791,4.24640417098999,4.38844776153564,4.36280345916748,4.39568042755127,4.46006202697754
12:32:30,|,1.86398994922638,3.61100578308105,3.93911480903625,4.12113380432129,4.38124656677246,4.53438711166382,|,1.90208995342255,3.15425872802734,3.6341404914856,3.88716697692871,4.15626621246338,4.43032169342041,|,1.80216002464294,3.33090305328369,3.83536863327026,3.9738233089447,4.16862392425537,4.38545846939087,|,1.53661215305328,3.55782580375671,3.77410435676575,4.02555847167969,4.32267904281616,4.49853992462158,|,4.32888078689575,4.40834379196167,4.59682512283325,4.62864875793457,4.66840934753418,4.73313093185425
12:37:30,|,1.9244966506958,3.75669598579407,4.06966018676758,4.25026941299438,4.4560923576355,4.53492021560669,|,2.05820608139038,3.49639987945557,3.98035454750061,4.14282321929932,4.29591083526611,4.45260143280029,|,1.79631662368774,3.24984622001648,3.72363948822021,3.87883234024048,4.02436399459839,4.32302474975586,|,1.45292997360229,3.34617018699646,3.56214928627014,3.8038592338562,4.04452657699585,4.18661165237427,|,4.39117765426636,4.08738422393799,4.52736568450928,4.40256690979004,4.58408403396606,4.56187200546265
12:42:30,|,2.01797795295715,3.87595868110657,4.22041511535645,4.39446258544922,4.60910654067993,4.69509792327881,|,2.15062713623047,3.70616388320923,4.09984016418457,4.1825737953186,4.415123462677,4.56664943695068,|,1.96346783638,3.62756991386414,4.09502267837524,4.28014612197876,4.44392013549805,4.6661434173584,|,1.6318519115448,3.64561939239502,3.81375002861023,4.07106590270996,4.34440326690674,4.53085279464722,|,4.52078294754028,4.40787696838379,4.65017414093018,4.75128316879272,4.77363634109497,4.90294551849365
12:47:30,|,1.87102401256561,3.50665163993835,3.69945955276489,3.81982016563416,4.01507091522217,4.1300573348999,|,1.89218103885651,3.1890664100647,3.52705645561218,3.69255566596985,3.92862272262573,4.12984609603882,|,1.7256623506546,3.11945247650146,3.45684719085693,3.57296228408813,3.71696448326111,3.95258855819702,|,1.52904331684113,3.65821766853333,3.86087870597839,4.10946273803711,4.36616516113281,4.48449468612671,|,4.06370067596436,4.4030933380127,4.2301230430603,4.58253908157349,4.32392168045044,4.65410947799683
12:52:30,|,1.88371002674103,3.59157204627991,3.8469512462616,4.01694202423096,4.19720792770386,4.27845668792725,|,2.03828287124634,3.52266621589661,4.04378414154053,4.27908182144165,4.48374223709106,4.64845657348633,|,1.80101335048676,3.27291560173035,3.69732546806335,3.89066028594971,4.05417537689209,4.30157613754272,|,1.44749248027802,3.35825133323669,3.52837085723877,3.74245381355286,4.00249624252319,4.10680246353149,|,4.58104467391968,4.04028606414795,4.78058815002441,4.2598729133606,4.7976222038269,4.33920335769653
12:57:30,|,1.65445327758789,3.1675112247467,3.4160521030426,3.56389284133911,3.7130491733551,3.73806190490723,|,1.86137664318085,3.16402792930603,3.51161599159241,3.67719459533691,3.94761633872986,4.12575531005859,|,1.68861329555511,3.00525236129761,3.37989711761475,3.54449129104614,3.73051762580872,3.96889352798462,|,1.47552001476288,3.36064648628235,3.56387567520142,3.81931614875793,4.04926490783691,4.2374153137207,|,4.06164026260376,4.07834243774414,4.23302602767944,4.38657379150391,4.40337371826172,4.50964832305908
13:02:30,|,1.93924999237061,3.8984215259552,4.25871467590332,4.46108436584473,4.71941614151001,4.86422348022461,|,2.14706993103027,3.61196756362915,3.98043894767761,4.09250164031982,4.41103935241699,4.72818565368652,|,1.99010670185089,3.62127351760864,4.15489959716797,4.36693382263184,4.58857679367065,4.84832429885864,|,1.66905963420868,3.82293701171875,4.05185174942017,4.38106918334961,4.66125679016113,4.92476034164429,|,4.57812833786011,4.76902484893799,4.95732831954956,5.10936594009399,5.06070518493652,5.17821741104126
13:07:30,|,1.82679224014282,3.68258047103882,4.03274536132813,4.17963695526123,4.42133903503418,4.62889766693115,|,2.04015326499939,3.5917911529541,4.07385540008545,4.26669454574585,4.52858972549438,4.67860174179077,|,1.76438140869141,3.13435649871826,3.62403464317322,3.88252472877502,4.13926887512207,4.50472354888916,|,1.46066331863403,3.43441462516785,3.65870714187622,3.91682720184326,4.20620489120483,4.37237930297852,|,4.61622762680054,4.25542640686035,4.77187013626099,4.49181222915649,4.78424215316772,4.63309478759766
13:12:30,|,1.93940329551697,3.79374837875366,4.17067909240723,4.38145542144775,4.59532117843628,4.75449275970459,|,2.12300324440002,3.6127564907074,4.01554393768311,4.17601346969604,4.4412055015564,4.52104759216309,|,1.81668329238892,3.31449794769287,3.78355407714844,3.97581386566162,4.18925762176514,4.47277021408081,|,1.59268665313721,3.70328259468079,3.92866277694702,4.16065835952759,4.44395875930786,4.56680965423584,|,4.50569009780884,4.46614742279053,4.68906116485596,4.6448860168457,4.82249784469604,4.75320816040039
13:17:30,|,1.78149998188019,3.49439930915833,3.8069531917572,4.00333118438721,4.21143388748169,4.37543964385986,|,2.0526065826416,3.45249271392822,3.85049915313721,4.04981851577759,4.39153242111206,4.56252479553223,|,1.90998661518097,3.46892929077148,3.92563128471375,4.08870124816895,4.29758310317993,4.49731540679932,|,1.66078996658325,3.86825346946716,4.13129997253418,4.41475200653076,4.69421005249023,4.78987312316895,|,4.48794746398926,4.71677923202515,4.7162389755249,4.94615650177002,4.81294441223145,5.09282732009888
13:22:30,|,1.7946799993515,3.60170221328735,3.97556281089783,4.12027215957642,4.37034511566162,4.52477502822876,|,1.90234327316284,3.3318452835083,3.73180270195007,3.93816351890564,4.19884872436523,4.41564035415649,|,1.73470664024353,3.07400918006897,3.59723305702209,3.7786717414856,4.00536012649536,4.26313591003418,|,1.40381002426147,3.23114919662476,3.42176198959351,3.62426662445068,3.94342970848083,4.21691703796387,|,4.33582162857056,4.08414554595947,4.60115003585815,4.41057300567627,4.72866821289063,4.50403499603271
13:27:30,|,1.53286337852478,3.07916808128357,3.30755305290222,3.49026417732239,3.63400077819824,3.77248477935791,|,1.84589993953705,3.17834162712097,3.29888319969177,3.79865336418152,4.00972652435303,4.18834590911865,|,1.67665004730225,3.02793860435486,3.57228398323059,3.86782455444336,4.06632423400879,4.32022380828857,|,1.51484000682831,3.59165978431702,3.88747715950012,4.19625377655029,4.42815256118774,4.56852006912231,|,4.12932205200195,4.48201894760132,4.30489492416382,4.70395946502686,4.35260105133057,4.85433387756348
13:32:30,|,1.46368455886841,2.95699310302734,3.25032162666321,3.43946313858032,3.64545273780823,3.77495574951172,|,1.57042348384857,2.695068359375,4.09702205657959,3.18104004859924,3.40163159370422,3.57433223724365,|,1.33895635604858,2.39415144920349,2.73406887054443,2.88519763946533,3.06246399879456,3.28142857551575,|,1.11951649188995,2.57434415817261,2.70369029045105,2.88740205764771,3.09609794616699,3.18816614151001,|,3.48435831069946,3.11462450027466,3.75440669059753,3.20108246803284,3.9665048122406,3.2940526008606
13:37:30,|,1.62057995796204,3.34222483634949,3.69058752059937,3.86719632148743,4.05997562408447,4.27662897109985,|,1.80750334262848,3.03808856010437,3.47149229049683,3.68238115310669,3.8951427936554,4.12073087692261,|,1.72485327720642,3.07128214836121,3.59951186180115,3.80331444740295,3.96187734603882,4.25025272369385,|,1.23599338531494,2.99300026893616,3.13129711151123,3.28156399726868,3.51268625259399,3.71455979347229,|,4.03608417510986,3.61967515945435,4.32610416412354,3.92411351203918,4.49045658111572,4.03362989425659
13:42:30,|,1.61062335968018,3.21403789520264,3.43888354301453,3.60980105400085,3.78675246238708,3.96459102630615,|,1.8360333442688,3.11852478981018,3.61529421806335,3.83809876441956,3.98912000656128,4.23583030700684,|,1.61564338207245,2.8760507106781,3.38630080223083,3.63601803779602,3.77367305755615,4.05234241485596,|,1.46617329120636,3.36897993087769,3.65623164176941,3.93200707435608,4.23029088973999,4.46310186386108,|,4.11879014968872,4.32748460769653,4.47322750091553,4.5940728187561,4.6537618637085,4.6631236076355
13:47:30,|,1.70193004608154,3.42496705055237,3.77732467651367,4.0095648765564,4.22599411010742,4.36859321594238,|,1.76406669616699,3.0143826007843,3.54770731925964,3.84470438957214,4.03751373291016,4.26931762695313,|,1.62711668014526,2.82360219955444,3.33272194862366,3.57682132720947,3.7347252368927,4.02766895294189,|,1.42154335975647,3.47326183319092,3.69074821472168,3.96845579147339,4.24686527252197,4.48676156997681,|,4.1761794090271,4.38329458236694,4.4584321975708,4.73703241348267,4.60636711120605,4.82334756851196
13:52:30,|,1.48728334903717,2.94506001472473,3.24136590957642,3.44890284538269,3.60436153411865,3.84758043289185,|,1.65548670291901,2.8495466709137,3.28124260902405,3.53702735900879,3.68532276153564,3.87443423271179,|,1.51953995227814,2.75603032112122,3.22810816764832,3.41031193733215,3.57285046577454,3.79434037208557,|,1.2511899471283,2.99540972709656,3.191321849823,3.46062111854553,3.68603420257568,3.96170735359192,|,3.80277299880981,3.867351770401,4.02912616729736,4.20444297790527,4.10526084899902,4.32143592834473
13:57:30,|,1.70478165149689,3.42226552963257,3.8126049041748,4.07672214508057,4.32773542404175,4.50133752822876,|,1.78566527366638,3.05132508277893,3.67078948020935,3.63905572891235,3.94616651535034,4.1063756942749,|,1.68325102329254,2.97774314880371,3.58020234107971,3.55859613418579,3.76989436149597,4.01657056808472,|,1.29802668094635,3.09275150299072,3.33195662498474,3.53848958015442,3.76180601119995,3.9704761505127,|,4.02110528945923,3.84997415542603,4.34327077865601,4.17034530639648,4.54577302932739,4.31573963165283
14:02:30,|,1.65817666053772,3.42215394973755,3.76476144790649,3.97302961349487,4.19638633728027,4.39516592025757,|,1.99552667140961,3.42750287055969,3.37937474250793,4.11241960525513,4.36948442459106,4.61127185821533,|,1.82225334644318,3.30190348625183,3.78621816635132,3.97202730178833,4.17977285385132,4.53292560577393,|,1.59075355529785,3.8044753074646,4.14649534225464,4.45644330978394,4.74244356155396,4.93281936645508,|,4.5108380317688,4.82032918930054,4.79984092712402,5.07964992523193,4.93206214904785,5.17230319976807
14:07:30,|,1.64669668674469,3.3397376537323,3.66991686820984,3.85159397125244,3.98324084281921,4.19967842102051,|,1.91823995113373,3.28976440429688,3.7367250919342,3.81827616691589,4.13402605056763,4.35577583312988,|,1.66070997714996,3.13357758522034,3.60787272453308,3.78208684921265,3.97627735137939,4.19644546508789,|,1.4675999879837,3.48209404945374,3.69406127929688,3.96007776260376,4.25678730010986,4.48494958877563,|,4.22903156280518,4.35396385192871,4.54657745361328,4.63737440109253,4.66018772125244,4.80635499954224
14:12:30,|,1.99552667140961,4.01336717605591,4.46699953079224,4.70607709884644,4.9502649307251,5.12658643722534,|,2.1956033706665,3.80601763725281,4.25488519668579,4.44844484329224,4.82125997543335,5.01145458221436,|,1.95081663131714,3.58509373664856,4.1884765625,4.47474813461304,4.72607040405273,4.97815036773682,|,1.59181666374207,3.85654234886169,4.14660358428955,4.50125122070313,4.82892084121704,5.07508420944214,|,4.95884609222412,4.9229736328125,5.1441535949707,5.22038078308105,5.24093008041382,5.33471584320068
14:17:30,|,1.83351004123688,3.80992960929871,4.16168165206909,4.38168525695801,4.59876108169556,4.84932708740234,|,1.78867328166962,3.03388381004333,3.37000870704651,3.47025012969971,3.82569241523743,4.06019067764282,|,1.66876995563507,3.10140562057495,3.51724433898926,3.70750093460083,3.93625998497009,4.18782997131348,|,1.41644668579102,3.42698407173157,3.6182234287262,3.87701869010925,4.16616106033325,4.39357995986938,|,3.97727274894714,4.24558591842651,4.29026174545288,4.5649733543396,4.46374368667603,4.75409126281738
14:22:30,|,1.93337440490723,3.90005683898926,4.28583145141602,4.50197601318359,4.76598167419434,4.97062492370605,|,1.9961199760437,3.51380825042725,3.98022937774658,4.26136112213135,4.57417297363281,4.86269426345825,|,1.86580860614777,3.39143753051758,3.94650030136108,4.23182487487793,4.49969720840454,4.83004713058472,|,1.51252663135529,3.63972783088684,3.8564236164093,4.18686723709106,4.48575973510742,4.78108882904053,|,4.72341632843018,4.59290313720703,5.09794569015503,4.96742248535156,5.26791477203369,5.09758329391479
14:27:30,|,1.84949338436127,3.83254599571228,4.28218412399292,4.54218912124634,4.83795118331909,5.09291362762451,|,1.94218075275421,3.34761667251587,3.76624131202698,4.00144195556641,4.35318040847778,4.68486213684082,|,1.73766994476318,3.31226110458374,3.90508508682251,4.19094848632813,4.42124891281128,4.79599571228027,|,1.5112099647522,3.59624433517456,3.84475541114807,4.20274686813354,4.51975059509277,4.75833511352539,|,4.5986499786377,4.61333656311035,4.99940347671509,4.88676786422729,5.15713548660278,5.00625991821289
14:32:30,|,1.7949333190918,3.69646811485291,4.0494532585144,4.23470449447632,4.43976783752441,4.70224666595459,|,1.74742996692657,3.08751392364502,3.53572368621826,3.72632741928101,4.06501579284668,4.25957775115967,|,1.73901665210724,3.20508646965027,3.71833300590515,3.95030117034912,4.19417476654053,4.58714246749878,|,1.50748586654663,3.62225961685181,3.92704176902771,4.31582307815552,4.65886974334717,4.93104553222656,|,4.16875505447388,4.76799297332764,4.46508979797363,5.11538696289063,4.64572811126709,5.229088306427
14:37:30,|,1.8721866607666,3.88960123062134,4.28409624099731,4.54650068283081,4.81066226959229,5.00765514373779,|,1.95072662830353,3.41184139251709,3.82049417495728,3.9543776512146,4.24734878540039,4.57944488525391,|,1.75998997688293,3.16817831993103,3.66698527336121,3.86207675933838,4.09994268417358,4.374351978302,|,1.48301005363464,3.53253102302551,3.8191134929657,4.11271381378174,4.4509916305542,4.72072696685791,|,4.4427924156189,4.58083963394165,4.86516523361206,4.85804128646851,5.09194040298462,4.96060752868652
14:42:30,|,1.53314101696014,3.25303173065186,3.57454943656921,3.72824287414551,3.9508798122406,4.12685060501099,|,1.84720003604889,3.24351930618286,3.59963989257813,3.79852247238159,4.11645078659058,4.31632137298584,|,1.64004671573639,3.04486393928528,3.49221205711365,3.75311851501465,4.02984523773193,4.22207593917847,|,1.44289004802704,3.41393876075745,3.64225459098816,3.94912433624268,4.25559663772583,4.52647495269775,|,4.24532604217529,4.39695930480957,4.48265933990479,4.68905401229858,4.59120082855225,4.83413076400757
14:47:30,|,1.43586671352386,3.0745632648468,3.37292885780334,3.55780982971191,3.7947952747345,3.99672317504883,|,1.77203333377838,3.01639676094055,3.47894883155823,3.66698813438416,3.88221192359924,4.11010551452637,|,1.67930972576141,2.94428706169128,3.50234651565552,3.719810962677,3.87309217453003,4.14392948150635,|,1.24656331539154,3.07196879386902,3.28879618644714,3.55413150787354,3.83179926872253,4.05209064483643,|,4.01331996917725,3.97944331169128,4.2592191696167,4.24734210968018,4.33563423156738,4.37261915206909
14:52:30,|,1.36256670951843,2.85244011878967,3.17488098144531,3.36727571487427,3.55974793434143,3.72512149810791,|,1.43164718151093,2.42570495605469,2.87146759033203,3.09104704856873,3.29886412620544,3.49206638336182,|,1.25461995601654,2.16734480857849,2.51162719726563,2.6979672908783,2.84316444396973,3.01602673530579,|,0.933203339576721,2.48817729949951,2.63893032073975,2.82542490959167,3.07823944091797,3.21937322616577,|,3.40738296508789,3.20359349250793,3.66105723381042,3.35540795326233,3.87308621406555,3.35614919662476
14:57:30,|,1.5943067073822,3.24608683586121,3.51458835601807,3.66857314109802,3.87067794799805,4.00222730636597,|,1.84604668617249,3.17096400260925,3.61681652069092,3.83735775947571,4.11955690383911,4.32404279708862,|,1.45060002803802,2.67795252799988,3.08023881912231,3.27518844604492,3.48808574676514,3.79150009155273,|,1.21193671226501,2.91006207466125,3.1377546787262,3.39402747154236,3.6470832824707,3.9045147895813,|,4.22570848464966,3.78162622451782,4.47257089614868,4.12731456756592,4.56561470031738,4.23694133758545
15:02:30,|,1.72353005409241,3.70089054107666,4.08508825302124,4.25540685653687,4.46963787078857,4.61251354217529,|,2.04662322998047,3.54624462127686,3.99889254570007,4.20325469970703,4.53861713409424,4.78317546844482,|,1.68659329414368,3.11486053466797,3.60539984703064,3.8387987613678,4.06385135650635,4.36073637008667,|,1.50775003433228,3.6151077747345,3.85859298706055,4.11839008331299,4.4296293258667,4.60889005661011,|,4.68451833724976,4.49422121047974,5.05334520339966,4.7980055809021,5.16323137283325,4.89716148376465
15:07:30,|,1.48786592483521,3.20061469078064,3.57557058334351,3.76883792877197,3.97887277603149,4.1993579864502,|,1.90938329696655,3.31424188613892,3.85213017463684,4.12420749664307,4.43409967422485,4.70320224761963,|,1.78963005542755,3.36212778091431,3.97202062606812,4.24211692810059,4.53730726242065,4.90840148925781,|,1.49207735061646,3.58534717559814,3.86209106445313,4.19617319107056,4.50327730178833,4.87808132171631,|,4.61490058898926,4.72685098648071,4.89306402206421,5.0773983001709,5.04892587661743,5.22562122344971
15:12:30,|,1.61999666690826,3.30768084526062,3.64778327941895,3.86067366600037,4.03132629394531,4.1846809387207,|,1.51018333435059,2.63988876342773,3.06427121162415,3.38091325759888,3.54367971420288,3.79090929031372,|,1.45620203018188,2.58121943473816,3.08981513977051,3.29476261138916,3.50632119178772,3.87743711471558,|,1.04708671569824,2.66431760787964,2.87929534912109,3.11661505699158,3.30291128158569,3.45354890823364,|,3.67605471611023,3.37500834465027,4.14601230621338,3.68195033073425,4.4400782585144,3.84276556968689
15:17:30,|,1.78749001026154,3.63406705856323,3.98827958106995,4.17936134338379,4.40175580978394,4.57003974914551,|,2.13120675086975,3.64001679420471,4.25084209442139,4.60275650024414,4.82610988616943,5.11378955841064,|,1.8993833065033,3.47242498397827,4.04542541503906,4.28104877471924,4.46624040603638,4.80550050735474,|,1.46694672107697,3.60972595214844,3.9037914276123,4.2207989692688,4.51531553268433,4.79790639877319,|,4.9967303276062,4.68521118164063,5.29229736328125,5.1187310218811,5.45645952224731,5.30178070068359
15:22:30,|,1.31881666183472,2.73747086524963,3.04752850532532,3.23116850852966,3.39595246315002,3.49305081367493,|,1.55002331733704,2.72505831718445,3.13624715805054,3.37193131446838,3.59412455558777,3.91535472869873,|,1.26464664936066,2.27024054527283,2.69061279296875,2.89492154121399,3.06661057472229,3.38251638412476,|,1.15389001369476,2.74092197418213,2.94819021224976,3.23121690750122,3.51595425605774,3.74513626098633,|,3.76832056045532,3.62634754180908,4.11183071136475,4.00937366485596,4.22562170028687,4.19683837890625
15:27:30,|,1.15904331207275,2.32505488395691,2.59389877319336,2.83052754402161,3.01081705093384,3.16818690299988,|,1.31502330303192,2.31898927688599,2.74442195892334,2.9882607460022,3.13557314872742,3.36622452735901,|,1.27368998527527,2.24705767631531,2.6700747013092,2.84269452095032,2.99814438819885,3.27044749259949,|,0.978913307189941,2.49515461921692,2.6998929977417,2.94744443893433,3.16357207298279,3.32152652740479,|,3.27453088760376,3.28011250495911,3.51266765594482,3.50991940498352,3.61989784240723,3.61122298240662
15:32:30,|,1.43557524681091,2.96552729606628,3.28126978874207,3.49489045143127,3.72362852096558,3.920405626297,|,1.528480052948,2.69896912574768,3.15592265129089,3.4621319770813,3.59096908569336,3.90125608444214,|,1.54109001159668,2.60153651237488,3.11272287368774,3.30223870277405,3.47233009338379,3.70508360862732,|,0.878056645393372,2.31830883026123,2.51330065727234,2.73715257644653,2.97195553779602,3.22715377807617,|,3.73477673530579,3.12265872955322,4.18519401550293,3.49828624725342,4.42113018035889,3.67379093170166
15:37:30,|,1.54010331630707,3.17419266700745,3.46780371665955,3.70513796806335,3.92691135406494,4.13924741744995,|,1.5961366891861,2.86617946624756,3.39054441452026,3.76576924324036,3.9082977771759,4.27505540847778,|,1.51025342941284,2.60349416732788,3.15879201889038,3.34898138046265,3.50195741653442,3.81915950775146,|,1.07044017314911,2.76086950302124,2.99641966819763,3.27248215675354,3.49587893486023,3.67939114570618,|,4.1035041809082,3.61959171295166,4.44733333587646,3.89201402664185,4.54969072341919,4.07644748687744
15:42:30,|,1.51341331005096,3.1361095905304,3.45596194267273,3.69072842597961,3.94463896751404,4.08527135848999,|,1.60084998607635,2.72974753379822,3.17430925369263,3.47175431251526,3.6736159324646,3.96074938774109,|,1.35934329032898,2.47947597503662,2.95192551612854,3.12288427352905,3.33150315284729,3.68612003326416,|,1.1020599603653,2.82111048698425,3.03376483917236,3.25858330726624,3.48778080940247,3.75186395645142,|,3.82968688011169,3.61474204063416,4.18479156494141,3.9135570526123,4.40838432312012,4.01649570465088
15:47:30,|,1.46895670890808,3.05757904052734,3.45527839660645,3.65970921516418,3.91448378562927,4.22497129440308,|,1.46890294551849,2.59163188934326,3.10000562667847,3.43789100646973,3.61563992500305,3.90375399589539,|,1.29016995429993,2.1915283203125,2.61401772499084,2.80815029144287,3.0037956237793,3.36827349662781,|,1.17001330852509,3.07385492324829,3.33695554733276,3.6133975982666,3.88843202590942,4.15328979492188,|,3.79114651679993,4.0956654548645,4.11985874176025,4.34183740615845,4.26635646820068,4.47866916656494
15:52:30,|,1.5265166759491,3.1319739818573,3.53683400154114,3.78659129142761,4.00179624557495,4.23587512969971,|,1.72836005687714,2.98491454124451,3.57515668869019,3.99477863311768,4.1851921081543,4.52418327331543,|,1.55172669887543,2.78250241279602,3.32692694664001,3.55756449699402,3.76926112174988,4.04979944229126,|,1.12882661819458,2.75327253341675,2.95483779907227,3.21592354774475,3.47226119041443,3.82245779037476,|,4.35180759429932,3.70398306846619,4.790367603302,4.08612442016602,4.97037553787231,4.25665903091431
15:57:30,|,1.47159385681152,3.00254130363464,3.37334418296814,3.71008992195129,4.02048444747925,4.25723457336426,|,1.57707333564758,2.71824240684509,3.21203517913818,3.58727693557739,3.84238743782043,4.29300880432129,|,1.48833334445953,2.60852265357971,3.09629821777344,3.31179690361023,3.50984573364258,3.86323881149292,|,1.08371329307556,2.75025963783264,2.97345447540283,3.25418257713318,3.472740650177,3.7177197933197,|,4.117919921875,3.63435864448547,4.51926708221436,3.98210191726685,4.66488409042358,4.18250560760498
16:02:30,|,1.27019000053406,2.58991050720215,2.78794288635254,2.9381422996521,3.13068222999573,3.32350277900696,|,1.31702995300293,2.29593372344971,2.71904969215393,3.01920008659363,3.18677020072937,3.46370315551758,|,1.36769592761993,2.45154404640198,2.95780563354492,3.17554187774658,3.29507088661194,3.58582162857056,|,0.930350005626678,2.46039390563965,2.70792675018311,3.06375336647034,3.36594796180725,3.59363198280334,|,3.31823086738586,3.51012516021729,3.72508645057678,3.7834951877594,3.88970255851746,3.95556545257568
16:07:30,|,1.27328670024872,2.66255855560303,3.01974558830261,3.22367763519287,3.43590235710144,3.60745644569397,|,1.39544665813446,2.47981667518616,2.91715455055237,3.20673942565918,3.31087613105774,3.51297283172607,|,1.25144994258881,2.19475054740906,2.61715269088745,2.77401208877563,2.91789507865906,3.20332908630371,|,0.962387442588806,2.57039856910706,2.80249190330505,3.04729223251343,3.26450657844543,3.51717948913574,|,3.38600182533264,3.46575474739075,3.76633238792419,3.68697071075439,3.89799904823303,3.77315998077393
16:12:30,|,1.1663099527359,2.46438956260681,2.78089690208435,3.00740432739258,3.26854228973389,3.48610711097717,|,1.22303330898285,2.17762422561646,2.52230978012085,2.78794193267822,2.91883635520935,3.14969086647034,|,1.3599100112915,2.38595104217529,2.78967928886414,2.97367072105408,3.14159440994263,3.49339914321899,|,0.809430003166199,2.19124460220337,2.36930894851685,2.59444761276245,2.81358957290649,2.99326348304749,|,3.03831887245178,2.90784072875977,3.36882615089417,3.17172288894653,3.49301362037659,3.33387494087219
16:17:30,|,1.23914003372192,2.49171900749207,2.74234867095947,2.93569779396057,3.104567527771,3.26489233970642,|,1.30555522441864,2.22945761680603,2.63484644889832,2.92107939720154,3.08318686485291,3.40605926513672,|,1.22661662101746,2.14243102073669,2.55426716804504,2.69141817092896,2.84175229072571,3.040931224823,|,0.766040027141571,1.98358714580536,2.12258100509644,2.30579948425293,2.53320407867432,2.73815870285034,|,3.26486110687256,2.69412398338318,3.66546106338501,3.00294518470764,3.81480360031128,3.13884449005127
16:22:30,|,1.09732913970947,2.22541761398315,2.46428942680359,2.64534330368042,2.88158369064331,3.1691415309906,|,1.19044327735901,2.09055185317993,2.47729206085205,2.71094512939453,2.8372654914856,3.05192542076111,|,1.15427660942078,1.95935499668121,2.30339598655701,2.43419003486633,2.52881526947021,2.75342392921448,|,0.709286689758301,1.94226515293121,2.08535766601563,2.28720307350159,2.52559328079224,2.69904255867004,|,2.95962429046631,2.65275001525879,3.23134922981262,2.86969828605652,3.39148902893066,2.96893000602722
16:27:30,|,1.10426664352417,2.31597805023193,2.61295127868652,2.80457305908203,2.99538159370422,3.16327977180481,|,1.01763999462128,1.83330047130585,2.23258209228516,2.48984169960022,2.61966967582703,2.90572237968445,|,1.13031005859375,1.87032175064087,2.23755121231079,2.36899328231812,2.45944762229919,2.69041705131531,|,0.647346675395966,1.79846346378326,1.9826455116272,2.19997382164001,2.38154721260071,2.60635733604431,|,2.77485489845276,2.50273704528809,3.17219948768616,2.80534029006958,3.31255626678467,2.90779232978821
16:32:30,|,0.960053324699402,2.09476017951965,2.34691905975342,2.52238130569458,2.69305276870728,2.84131169319153,|,0.904586672782898,1.58070337772369,1.8339159488678,2.18007016181946,2.27773189544678,2.3917601108551,|,1.15666663646698,1.98207151889801,2.29731106758118,2.46574640274048,2.59331178665161,2.80632138252258,|,0.508939981460571,1.63015270233154,1.83385944366455,1.98060321807861,2.16712260246277,2.30788707733154,|,2.32951092720032,2.27665328979492,2.62233471870422,2.48131370544434,2.77493476867676,2.5926878452301
16:37:30,|,0.834306657314301,1.74483823776245,1.96441876888275,2.12667632102966,2.28078603744507,2.43270444869995,|,0.813503324985504,1.36195659637451,1.62303328514099,1.90023136138916,2.01954960823059,2.27833342552185,|,0.70212334394455,1.16127026081085,1.38444077968597,1.52768671512604,1.63645541667938,1.84574341773987,|,0.380623549222946,1.28754615783691,1.41447138786316,1.53405857086182,1.70704650878906,1.87009084224701,|,2.15400123596191,1.83378052711487,2.50882959365845,2.02087211608887,2.56243062019348,2.18081474304199
16:42:30,|,0.594486653804779,1.24867498874664,1.39348137378693,1.48076617717743,1.60062527656555,1.72472715377808,|,0.591920614242554,1.0395792722702,1.08909058570862,1.42564690113068,1.5283362865448,1.69750845432281,|,0.715423345565796,1.11047959327698,1.44855988025665,1.61554002761841,1.67761421203613,1.78211796283722,|,0.324973344802856,1.13409435749054,1.25644934177399,1.41293740272522,1.54247879981995,1.63535451889038,|,1.61519539356232,1.63053691387177,1.90539515018463,1.73109900951385,2.03779482841492,1.79762470722198
16:47:30,|,0.734621524810791,1.56427419185638,1.77887737751007,1.91201782226563,2.06433725357056,2.19116687774658,|,0.718673348426819,1.33709001541138,1.34680926799774,1.77995443344116,1.87561702728271,2.02950406074524,|,0.74058336019516,1.15925192832947,1.43984186649323,1.63517916202545,1.71560752391815,1.92094826698303,|,0.332363337278366,1.05467295646667,1.12940502166748,1.24944305419922,1.36844372749329,1.52614915370941,|,1.93400621414185,1.4951171875,2.17388391494751,1.7297910451889,2.28455758094788,1.90346252918243
16:52:30,|,0.731673359870911,1.57696390151978,1.76875257492065,1.90526223182678,2.06062841415405,2.1014678478241,|,0.528869986534119,0.928612649440765,1.25097334384918,1.24908757209778,1.34073448181152,1.36549127101898,|,0.843254387378693,1.33331274986267,1.57900512218475,1.762526512146,1.82446801662445,1.97122263908386,|,0.183613330125809,0.754883050918579,0.913333892822266,1.0495673418045,1.17889070510864,1.22912216186523,|,1.35171139240265,1.25601649284363,1.59681141376495,1.33787930011749,1.77984666824341,1.57538378238678
16:57:30,|,0.507979989051819,1.14874494075775,1.29780542850494,1.40874361991882,1.57574951648712,1.69545531272888,|,0.560996651649475,1.09812390804291,1.28203570842743,1.49077546596527,1.60424613952637,1.731116771698,|,0.695420026779175,1.08986806869507,1.31542003154755,1.4875602722168,1.52557241916656,1.66782069206238,|,0.218393340706825,0.782751739025116,0.892586529254913,1.00503826141357,1.15231096744537,1.31082272529602,|,1.66968882083893,1.26247906684875,1.87683546543121,1.51600253582001,2.02907800674438,1.75400030612946
17:02:30,|,0.502896666526794,1.16636657714844,1.32167685031891,1.4276374578476,1.5545015335083,1.61096453666687,|,0.538483321666718,1.04723870754242,1.21903932094574,1.3986828327179,1.50147604942322,1.58862495422363,|,0.622343361377716,0.965219378471375,1.19365739822388,1.34440135955811,1.3958500623703,1.60140407085419,|,0.168923333287239,0.620341241359711,0.753227353096008,0.873107731342316,0.980736374855042,1.12444984912872,|,1.54972243309021,1.09485328197479,1.7652336359024,1.29913663864136,1.89309561252594,1.48568773269653
17:07:30,|,0.634944975376129,1.43134701251984,1.61019611358643,1.75511837005615,1.90672445297241,2.01067209243774,|,0.51288765668869,0.990184485912323,1.1800491809845,1.33130168914795,1.43967592716217,1.58064365386963,|,0.662833333015442,0.924942910671234,1.19156467914581,1.33780539035797,1.38122630119324,1.61565494537354,|,0.239923313260078,0.926377475261688,1.12454378604889,1.24901735782623,1.39139640331268,1.511350274086,|,1.52103114128113,1.49145984649658,1.71648156642914,1.6264363527298,1.83186995983124,1.78872585296631
17:12:30,|,0.730143308639526,1.60626375675201,1.86193609237671,2.02723073959351,2.22521257400513,2.39905667304993,|,0.775510013103485,1.37484216690063,1.63213229179382,1.88961708545685,2.01124715805054,2.12520670890808,|,0.84361332654953,1.43306279182434,1.77197360992432,1.92914283275604,2.02069640159607,2.22999405860901,|,0.373646676540375,1.24023461341858,1.40480828285217,1.50810217857361,1.65931332111359,1.78521466255188,|,2.06739568710327,1.75767397880554,2.35484671592712,1.96064364910126,2.50136780738831,2.06919884681702
17:17:30,|,0.850063323974609,1.80704092979431,2.07309365272522,2.25157737731934,2.45048236846924,2.61044859886169,|,1.00222671031952,1.760378241539,2.06684231758118,2.35369873046875,2.45125961303711,2.65409755706787,|,0.957185745239258,1.64135837554932,1.92956876754761,2.1111307144165,2.16360306739807,2.43214344978333,|,0.41895666718483,1.2964118719101,1.45074784755707,1.60452795028687,1.76458966732025,1.84699606895447,|,2.55933856964111,1.86385178565979,2.83394503593445,1.97706949710846,2.97229337692261,2.06790113449097
17:22:30,|,0.83051335811615,1.82646822929382,2.12375402450562,2.31073403358459,2.50558423995972,2.66635346412659,|,1.02257001399994,1.77736008167267,2.12860655784607,2.37884330749512,2.50844097137451,2.71792125701904,|,0.920090019702911,1.56769692897797,1.88991153240204,2.10275149345398,2.18471384048462,2.43061637878418,|,0.427816659212112,1.36620795726776,1.51293456554413,1.67378306388855,1.82601165771484,1.98284995555878,|,2.58214855194092,1.98387253284454,2.98643922805786,2.07575154304504,3.19300150871277,2.20362782478333
17:27:30,|,0.910390019416809,1.98871827125549,2.28276443481445,2.43177580833435,2.61818242073059,2.78278350830078,|,1.05456328392029,1.88774800300598,2.28702163696289,2.56194829940796,2.63206696510315,2.74566030502319,|,0.862643361091614,1.39638733863831,1.71389889717102,1.92622947692871,1.99059069156647,2.2000687122345,|,0.404996663331985,1.39179790019989,1.61401772499084,1.79100728034973,1.99899315834045,2.09108996391296,|,2.68442010879517,2.09734439849854,2.93109011650085,2.21448445320129,3.0146598815918,2.37683629989624
17:32:30,|,0.867905974388123,1.86830103397369,2.13493967056274,2.25412130355835,2.45463871955872,2.60792684555054,|,0.893523335456848,1.58777594566345,1.79810464382172,1.98951864242554,2.09170961380005,2.23341703414917,|,0.87458997964859,1.39207339286804,1.71343731880188,1.88734138011932,1.9413868188858,2.19612002372742,|,0.39642333984375,1.42704880237579,1.56062269210815,1.64904379844666,1.80562949180603,1.92404866218567,|,2.13689565658569,1.92401301860809,2.44811582565308,2.10910296440125,2.58149981498718,2.24951720237732
17:37:30,|,0.837026655673981,1.81174099445343,2.08941316604614,2.25296068191528,2.47615122795105,2.65488934516907,|,0.85042679309845,1.45699870586395,1.71514976024628,1.95255279541016,2.08305168151855,2.25451707839966,|,0.812263309955597,1.30404126644135,1.64435863494873,1.81478881835938,1.88829636573792,2.13627338409424,|,0.356842279434204,1.27149736881256,1.44189739227295,1.60057377815247,1.76267635822296,1.88097655773163,|,2.17197370529175,1.8545777797699,2.59763050079346,2.03557825088501,2.82234311103821,2.20900583267212
17:42:30,|,0.912519991397858,2.01399326324463,2.34385108947754,2.5275456905365,2.73977160453796,2.93894839286804,|,0.911396682262421,1.62278878688812,1.88505566120148,2.14380073547363,2.26123285293579,2.48132228851318,|,0.922280788421631,1.48823881149292,1.83116281032562,2.05612063407898,2.18276381492615,2.403160572052,|,0.34974667429924,1.19177198410034,1.38450467586517,1.52640724182129,1.73365199565887,1.96463894844055,|,2.36168050765991,1.92875444889069,2.66807460784912,2.13980269432068,2.80455827713013,2.24458122253418
17:47:30,|,1.02983331680298,2.19598627090454,2.46177244186401,2.69062232971191,2.92054581642151,3.0522313117981,|,1.00102996826172,1.76006829738617,2.06674289703369,2.3177797794342,2.45602178573608,2.59299564361572,|,1.00456666946411,1.65984261035919,1.9860554933548,2.22941851615906,2.31011414527893,2.57359147071838,|,0.467839986085892,1.58238172531128,1.86905372142792,2.04421043395996,2.22893786430359,2.39847111701965,|,2.49953293800354,2.38224172592163,2.75880670547485,2.62217593193054,2.90800070762634,2.82245302200317
17:52:30,|,1.01449000835419,2.07292151451111,2.32961392402649,2.5072169303894,2.70881843566895,2.89999198913574,|,1.05908000469208,1.84162938594818,2.12569236755371,2.40122723579407,2.5140495300293,2.70045733451843,|,1.08185994625092,1.84123396873474,2.18360614776611,2.37586450576782,2.46850085258484,2.68473100662231,|,0.443013340234756,1.52894222736359,1.73294806480408,1.90097045898438,2.05791735649109,2.22310829162598,|,2.6017439365387,2.18090271949768,2.90986490249634,2.34728407859802,2.99549150466919,2.48293018341064
17:57:30,|,1.22550177574158,2.45183682441711,2.75449442863464,2.94848084449768,3.18752694129944,3.36068654060364,|,1.06551003456116,1.94720315933228,2.23058557510376,2.47522878646851,2.57371306419373,2.70803642272949,|,1.10554671287537,1.78184568881989,2.16308164596558,2.34418630599976,2.51470565795898,2.70586729049683,|,0.533819973468781,1.69048655033112,1.95976638793945,2.18239307403564,2.36226963996887,2.52067399024963,|,2.6237313747406,2.51841902732849,3.05365014076233,2.71598291397095,3.28103280067444,2.85825157165527
