CDT_Time,bar_fence,R_Bulk_Rel_10_15,L_Rel_10,L_Rel_15,Term_3_Rel_10,Term_3_Rel_15
19:02:30,|,0.0915846635750625,2.68669842212709,6.12342143536079,3.72204037403011,2.44961091741617
19:07:30,|,0.157984732109594,0.616758750445313,3.32270356129216,16.2137950905111,4.51439610043536
19:12:30,|,0.151738875483901,4.04160292480835,5.92094146510443,2.47426582621899,2.53338089700832
19:17:30,|,0.145230235379512,1.52163680704879,5.10050295604749,6.57187047111128,2.94088644379963
19:22:30,|,0.10498603543363,4.50039296459754,3.88737499336555,2.22202818257545,3.85864497909257
19:27:30,|,0.114842768622596,3.88474937644336,6.59601821989943,2.57416863508332,2.27409923683151
19:32:30,|,0.127488673008051,1.88468997361317,2.06390138346604,5.30591245244904,7.26778911054829
19:37:30,|,0.120153115179231,2.28770773924374,1.57562243516298,4.37118773017123,9.52004723038131
19:42:30,|,0.122156467440842,4.09400030178724,2.55291082731164,2.44259874520148,5.87564588607111
19:47:30,|,0.105671805697519,3.49306725115693,7.02414517301937,2.86281347623294,2.13549117088538
19:52:30,|,0.140428883063014,2.42096107161169,7.62473540696756,4.13059099432059,1.96728138084541
19:57:30,|,0.109542649000504,1.38502775659554,4.95807268618007,7.22007191002474,3.02536912010395
20:02:30,|,0.139363908030751,2.85681785942231,10.8270361962359,3.50039816749891,1.38542069391204
20:07:30,|,0.0908456716549717,6.03567523286231,6.78808446397471,1.65681545381256,2.20975447191428
20:12:30,|,0.0244587136151447,7.16664214384286,11.963833234893,1.39535361181546,1.25377876015957
20:17:30,|,0.0421636666882369,7.01937589507897,7.88392277897039,1.424628079401,1.90260615438942
20:22:30,|,0.0240033976299526,3.39152773943863,18.6207021227895,2.94852372390008,0.805555016190382
20:27:30,|,-0.0864047627574566,6.16630522811353,12.6480312769082,1.62171667312345,1.18595532155157
20:32:30,|,-0.0761072178778893,9.83752325933524,12.2685199520928,1.01651602099244,1.22264136656853
20:37:30,|,-0.0916251391332446,8.8019820292403,15.8157782294708,1.13610775013853,0.948419975442583
20:42:30,|,-0.00331163023788409,7.41443178641262,6.49138377145966,1.34872101977195,2.31075538407539
20:47:30,|,0.000181407302373233,8.80673295346751,7.80998558784876,1.13549485976666,1.92061814087569
20:52:30,|,-0.000548420320369278,8.3793582039665,4.71640716384936,1.19340882160478,3.18038699350917
20:57:30,|,0.013616687971187,4.67737815151258,6.28644171657046,2.13794986765527,2.38608750009746
21:02:30,|,-0.158720516499556,5.87002517122767,7.3628924575479,1.70357020767401,2.03724284803632
21:07:30,|,-0.201930911540321,6.57793673302543,7.09977753284845,1.52023353307636,2.11274225573966
21:12:30,|,-0.148863799836045,10.0120213391244,12.4736453217819,0.998799309478354,1.20253539466979
21:17:30,|,-0.139212933782763,5.22720028068238,11.90514771826,1.9130699921631,1.2599591668227
21:22:30,|,-0.073060752000741,3.11762946430812,12.336744653116,3.2075652717823,1.21587991174084
21:27:30,|,-0.0388117161970234,6.10987161108874,10.6990431669822,1.63669560287504,1.40199453034181
21:32:30,|,-0.0936194463575757,13.8193683354724,8.47778836867837,0.723622075716109,1.76932937550296
21:37:30,|,-0.148336948300472,8.43511343200093,10.4025624899624,1.18552051263024,1.44195240494578
21:42:30,|,-0.106850167195324,7.49648529479394,7.64993604566828,1.33395846276717,1.96080070610442
21:47:30,|,-0.140864263961873,7.22813865440699,10.901583538797,1.38348203847792,1.37594689309286
21:52:30,|,-0.101970591212318,6.61332111782948,9.20769127400725,1.51209956719628,1.6290728645892
21:57:30,|,-0.0519251514311527,6.02561469985818,7.88516283686229,1.65958171873076,1.90230694157343
22:02:30,|,-0.13871792017978,5.57793415734461,7.41186388266762,1.79277842260521,2.02378244358709
22:07:30,|,-0.134279446748966,8.67074206603113,7.64403923832502,1.15330382611385,1.96231331791107
22:12:30,|,-0.0960492390885401,5.57029292437073,6.45118225663223,1.79523772551507,2.3251552046261
22:17:30,|,-0.159230301710837,5.67708050775573,7.58907819509484,1.76146876662019,1.9765246337421
22:22:30,|,-0.0855138502389267,7.17410726789355,15.1706218425227,1.39390165585525,0.988753141150451
22:27:30,|,-0.153384937958164,5.41850544775987,13.50520435909,1.84552735000649,1.11068293386497
22:32:30,|,-0.103357557359675,6.82311366701044,7.91066325911207,1.46560653801647,1.89617475914196
22:37:30,|,0.0258758165470261,5.49916127658059,10.4772365968869,1.81845912440998,1.43167521906082
22:42:30,|,-0.0524682145656903,5.27236563961895,8.46659573632058,1.89668180917792,1.77166838563603
22:47:30,|,-0.0357702622972268,2.41597770818995,1.79153316814227,4.13911103819413,8.37271688112494
22:52:30,|,0.110299507881674,2.75129007668308,2.77374001658403,3.63465854972874,5.40786083422234
22:57:30,|,0.151524427432188,0.760242928551302,1.61068135841977,13.1536902540557,9.31282895998521
23:02:30,|,0.00589692360602398,3.1307921456345,5.20525329783557,3.19407981585228,2.88170414420318
23:07:30,|,-0.052054611018821,5.31310212848739,8.75161871274881,1.88213961602258,1.71396863738464
23:12:30,|,0.0201785540723263,9.17096629945185,11.9477180622343,1.09039763897047,1.25546986645204
23:17:30,|,0.0505926165582023,8.5401226362447,5.62387710128714,1.17094337235387,2.66719911012404
23:22:30,|,-0.0577606610885065,4.61005397090948,11.4594575496722,2.16917200169507,1.30896248229734
23:27:30,|,-0.200184668287585,13.7457972041489,21.7812825829646,0.727495091880281,0.688664680000603
23:32:30,|,0.00435718372050363,7.48874159326668,13.8350827361083,1.33533783686584,1.08420023834418
23:37:30,|,0.0215660489941244,7.88312703067893,3.53379663709991,1.2685321397312,4.2447264346004
23:42:30,|,-0.030910244849582,21.8958980668429,15.6088713588649,0.456706547019557,0.960991967653119
23:47:30,|,0.00365646295620585,8.56606645080274,10.7561544195619,1.16739696772524,1.39455045129512
23:52:30,|,0.0191385410394254,13.1748072493967,9.83310477381872,0.759024387279588,1.52545918558078
23:57:30,|,0.0146050042260799,7.96291846186548,10.5067556983829,1.25582097165633,1.42765287693029
00:02:30,|,-0.00143109303563631,9.05579457222079,10.4957113197787,1.10426533202019,1.42915516090207
00:07:30,|,0.0146732740980367,14.990552017558,10.3528327545176,0.667086841651149,1.44887880985565
00:12:30,|,0.0409260843691967,7.29143838194133,5.35323720587941,1.37147150893669,2.80204284307178
00:17:30,|,0.022141059160189,11.5505315433079,10.7214845629716,0.865761022556036,1.39905998202944
00:22:30,|,-0.0187520461971686,7.79482397757109,1.55576490433051,1.28290260675214,9.64155956870288
00:27:30,|,-0.0406960635638138,1.8386203287372,1.52358366489427,5.43886078256745,9.84520925606076
00:32:30,|,-0.00243086612936043,8.22527393302915,18.6757600362756,1.21576498016003,0.803180163530916
00:37:30,|,-0.00865944903052394,6.70296148549495,6.80100411696508,1.49187788437092,2.2055566710484
00:42:30,|,-0.019331474236712,7.76405292805895,12.7739842056581,1.28798709806066,1.17426166797324
00:47:30,|,-0.0328951334725305,6.64079065079356,13.5235136225596,1.50584478955153,1.10917919844273
00:52:30,|,-0.0807685314936484,12.7435212674693,11.2995763900598,0.784712466053414,1.32748339249208
00:57:30,|,-0.122834799102729,7.44318023585422,15.1357361041821,1.34351173599551,0.991032077776211
01:02:30,|,-0.0754952307434153,13.3174558842869,12.5223919397917,0.750894171295799,1.19785421763835
01:07:30,|,-0.037176542692782,11.234758105644,10.9257995977572,0.890094820553039,1.37289722969834
01:12:30,|,-0.049414970230355,14.9856920612378,23.293269422359,0.667303182204452,0.643962843000546
01:17:30,|,-0.126973542977912,15.1623062711414,14.0729872708203,0.659530273374909,1.06587178054952
01:22:30,|,-0.0532761075252937,18.5185437778174,24.3985952330155,0.53999926343985,0.614789493277973
01:27:30,|,-0.119789391394607,37.4675147861911,25.689487356274,0.266897872919118,0.583896431718271
01:32:30,|,-0.168983587356203,17.791966620753,21.1417881845788,0.562051414166648,0.709495330718586
01:37:30,|,-0.0476930085148038,16.6055972658388,11.2451134275637,0.602206583714524,1.33391273432888
01:42:30,|,-0.0483015457935222,11.6663524118839,8.11632530164307,0.857165945871265,1.84812700853222
01:47:30,|,-0.0491845018913743,19.367267153143,15.7524230148971,0.516335109178124,0.952234458521997
01:52:30,|,-0.198064778051003,19.0844379100014,22.4227682594936,0.523987137958064,0.668962896392113
01:57:30,|,-0.15403990852029,28.3937069975605,22.680413294134,0.3521907160928,0.661363609448845
02:02:30,|,-0.0579521350610921,22.1046164139405,7.67869354729992,0.4523941882879,1.95345730463153
02:07:30,|,-0.0656778843924998,12.1170734020608,6.9132113417271,0.825281787787077,2.16975863437911
02:12:30,|,-0.0162398141081549,10.7326223476787,7.11226513363654,0.931738737845635,2.10903273685052
02:17:30,|,0.0305504095911293,3.71477899707873,4.3533528081321,2.69195018273332,3.4456201142209
02:22:30,|,0.188212760387179,3.31969939458083,3.09109352098422,3.01232093975867,4.85265162576639
02:27:30,|,0.0451965002530042,6.32883550769759,11.759474462734,1.58006950691597,1.27556720732166
02:32:30,|,-0.0649395025504552,9.73959024282972,4.57876093488241,1.02673723952217,3.27599545233414
02:37:30,|,-0.0989523213643982,10.6793892053535,15.1796127343971,0.936383140244298,0.988167502192592
02:42:30,|,-0.249383848213484,11.1375786477953,27.9932326270076,0.897861224259864,0.535843794815186
02:47:30,|,-0.333550392822966,20.651770237896,17.8958677673247,0.48421999106159,0.838182322032346
02:52:30,|,-0.324109911386064,28.6048138173202,31.9822440457608,0.34959150805397,0.469010241386994
02:57:30,|,-0.128078953842626,15.0705429049847,17.5462038092708,0.663546102024791,0.854885772617924
03:02:30,|,-0.0992763524522637,7.87465471771316,13.9105776221906,1.26989694894255,1.07831611363654
03:07:30,|,-0.0400738682840286,12.4030562379907,34.8899112705841,0.806252895102573,0.429923707276567
03:12:30,|,-0.00377488440740168,11.4856073031753,17.2702078593441,0.870654875797067,0.868547739677854
03:17:30,|,-0.0161268145933555,20.1337474743825,18.1590270586855,0.496678525084497,0.826035445154838
03:22:30,|,-0.00258403776819015,8.80697369991163,20.1198012560073,1.13546382000668,0.745534203302398
03:27:30,|,-0.0431475234731686,12.3852672516756,22.9578975327622,0.807410917890938,0.653369934184703
03:32:30,|,-0.0610788120169062,12.226743326254,16.3355901556123,0.817879277675473,0.918240471088618
03:37:30,|,-0.0765853877851096,22.7408593140478,27.2448348849303,0.439737120831783,0.550563072353094
03:42:30,|,-0.0467984899675168,33.3683079211139,37.4140708277534,0.29968555863369,0.400918682948372
03:47:30,|,-0.0589264283230317,43.9601996930664,38.8154325537709,0.227478493496863,0.386444231407715
03:52:30,|,-0.05571716033749,17.4981971290191,38.2874805186634,0.571487446750496,0.391772971133167
03:57:30,|,-0.060643340599435,18.7002030192028,17.5203135359285,0.534753552660965,0.856149062015347
04:02:30,|,-0.0361156869751879,13.5420038963693,24.8860370251964,0.738443148925773,0.602747636548678
04:07:30,|,-0.017828540184279,29.4726936224629,19.2423105419566,0.339297117803254,0.77953216518845
04:12:30,|,-0.00624732202876162,19.487111913226,11.5076676332473,0.513159674174855,1.30347873070846
04:17:30,|,-0.0547016437056607,29.6437813043128,19.3780818218119,0.337338880534283,0.774070423374724
04:22:30,|,-0.070504180698113,36.1743792979223,19.4113102153339,0.276438744605477,0.772745365130004
04:27:30,|,-0.0994659913469108,44.9965863681058,45.2371042907231,0.222239080942552,0.331586210814915
04:32:30,|,-0.0947267123546607,28.9933407712696,34.4995312621785,0.344906786661484,0.434788515994834
04:37:30,|,-0.105111492606535,27.0888270866615,38.4576339257827,0.36915588733349,0.390039596012269
04:42:30,|,-0.144930411663735,28.4498894949659,27.4733579191935,0.351495214129723,0.545983495869672
04:47:30,|,-0.11895435792872,22.0386355367411,27.0664824545791,0.453748599060445,0.55419096386728
04:52:30,|,-0.104720509901354,23.4503893042295,26.1989475206825,0.426432153013187,0.572542083538219
04:57:30,|,-0.0774327203226934,29.8194781046642,32.6550903169617,0.335351274925092,0.459346455771665
05:02:30,|,-0.0736768778213666,11.951939535606,21.8199723984589,0.836684286279144,0.687443582699464
05:07:30,|,-0.084760266898347,29.3213815617665,29.4842463546582,0.341048049831303,0.508746257902237
05:12:30,|,-0.0938574400044984,35.1958836208739,34.1538290739658,0.284124135302835,0.439189408821921
05:17:30,|,-0.20212267319971,17.5118136381189,36.2535694518876,0.571043080211433,0.413752362230335
05:22:30,|,-0.102921781979567,30.8000666309298,27.114927296865,0.324674622293118,0.553200819451738
05:27:30,|,-0.110241216816999,21.5026745187535,22.3632988674765,0.465058427558791,0.670741829677682
05:32:30,|,-0.115898481163353,19.1941537453833,19.5095080009943,0.520991971443661,0.768855882948743
05:37:30,|,-0.13316481214846,17.8664634219365,30.8856711252341,0.559707859571244,0.485662103283382
05:42:30,|,-0.196818271376432,13.2145272306744,18.3764899370199,0.756742925829943,0.816260344135802
05:47:30,|,-0.199018969947224,22.7629090727204,23.9543294360712,0.439311160451994,0.626191605155622
05:52:30,|,-0.0891688935666156,25.6619496822104,29.1185878470319,0.389682004829597,0.515134871196336
05:57:30,|,-0.157043583439367,20.3964682944438,25.8016385996569,0.490280957253962,0.581358425824918
06:02:30,|,-0.130984396179915,25.7909181607223,14.1870607460875,0.387733384972283,1.05730145718427
06:07:30,|,-0.168003020312776,12.7327144662384,16.8536578227025,0.785378485201692,0.890014509479032
06:12:30,|,-0.125806831160792,15.9357707434591,21.7923060766637,0.62751906769897,0.68831632353323
06:17:30,|,-0.113697438341045,26.9113704041514,28.0509695582961,0.371590143861918,0.534740874778915
06:22:30,|,-0.0925327843049868,28.4195031294041,33.5100263751127,0.35187103569216,0.447627221539289
06:27:30,|,-0.154712255618888,15.3842249825645,14.7407710781452,0.650016494905225,1.01758584544055
06:32:30,|,-0.0961106314263532,21.3583338829215,17.1355999267051,0.468201314522768,0.875370577287061
06:37:30,|,-0.176909381802551,17.6958150292582,26.8696421603244,0.565105364373782,0.558250828593055
06:42:30,|,-0.131974128265411,24.538181177196,34.3407542577772,0.407528167136253,0.436798792694046
06:47:30,|,-0.149525746464713,24.187444823733,29.0899840953324,0.413437635635984,0.515641395706599
06:52:30,|,-0.369014722644712,9.38767901577674,21.0802995212584,1.06522602479209,0.711564842087433
06:57:30,|,-0.184474477266861,42.9061731898488,55.8823435327866,0.233066695455513,0.268421097823132
07:02:30,|,-0.155451711799924,24.3322142138628,21.1521912189509,0.410977805476606,0.709146387943062
07:07:30,|,-0.130568865761076,32.8940458663237,32.5171042580127,0.304006385855922,0.461295688600678
07:12:30,|,-0.155297278758937,19.6591336666046,60.5764254569273,0.508669413901347,0.247621081746821
07:17:30,|,-0.334102887813188,32.533287481154,49.9950209221596,0.307377482395311,0.300029877442285
07:22:30,|,-0.181877214222842,46.0449309507109,27.7376712478606,0.217179172463188,0.540780798285542
07:27:30,|,-0.18484303341027,37.8227038661274,60.7518601223812,0.264391462741394,0.246906020157792
07:32:30,|,-0.238012221240668,40.8488385465136,31.51903535536,0.244805001949156,0.475902889504173
07:37:30,|,-0.11956388418476,41.2318767760359,36.0181082167751,0.242530798544975,0.416457186194301
07:42:30,|,-0.173325364904565,85.4254890664374,70.7565514719405,0.11706107988709,0.21199450351885
07:47:30,|,-0.401813286297492,108.749385789889,72.9019788047408,0.0919545423393989,0.205755731818689
07:52:30,|,-0.566269291484306,329.96132755443,258.680389497281,0.0303065819079977,0.0579866144053323
07:57:30,|,-0.449821954110434,-256.744998966857,66.35894390006,-0.0389491520389494,0.226043380415921
08:02:30,|,-0.314303320072107,161.046399703621,113.435524557855,0.0620939059699772,0.132233707724863
08:07:30,|,-0.525381040549186,-92.8180970468715,92.8371368289553,-0.107737610640199,0.161573272424765
08:12:30,|,-0.954834789185062,461.159789121943,68.6350928378533,0.0216844578297691,0.218547092745058
08:17:30,|,-0.68049143636107,-362.22855567565,-539.544242741722,-0.0276068792570685,-0.0278012418847743
08:22:30,|,-0.674652524310528,-273.126865842696,-792.996214445489,-0.0366130221907916,-0.0189156010164423
08:27:30,|,-0.630811474954795,-120.383206905892,-122.693309529342,-0.083068064533431,-0.122256055016698
08:32:30,|,-0.68433814274154,-101.095322504344,-128.105830286657,-0.0989165448240227,-0.117090689521586
08:37:30,|,-1.47925053625887,-195.123879779148,-726.08587080465,-0.0512494934567649,-0.0206587135256839
08:42:30,|,-0.996338386209345,-115.505568729133,-128.970017533583,-0.0865759123999519,-0.116306101889876
08:47:30,|,-1.16074967955297,-112.766378153788,-109.283383162201,-0.088678914439925,-0.137257829744679
08:52:30,|,-1.42839588119304,-174.695722427468,-253.212857296645,-0.0572423861388588,-0.0592386980666908
08:57:30,|,-2.15311187970929,-49.6970980657805,-132.509801277686,-0.201218992440237,-0.113199173611061
09:02:30,|,-1.00095975068107,-34.8442915334,-82.1100181897144,-0.286991055347316,-0.182681727890288
09:07:30,|,-0.856455277139102,-32.3609638178503,-87.9872034127104,-0.309014282030871,-0.170479335837524
09:12:30,|,-1.07893198430264,-112.735749327086,-173.798169168242,-0.088703007339637,-0.0863070081335527
09:17:30,|,-1.48044819143709,-38.8683323782384,-22.3607849325812,-0.257278853712767,-0.670817238537275
09:22:30,|,-0.77469694848575,-57.4202037191863,-74.0187086529579,-0.174154728689314,-0.202651468432509
09:27:30,|,-1.24150085145758,-60.7659739397745,-111.627545223764,-0.16456578166444,-0.134375435470982
09:32:30,|,-0.582599931054127,-67.3252353489967,-116.667198162513,-0.148532715083172,-0.128570842843981
09:37:30,|,-0.313998553987453,-72.4820883136863,-118.500506485856,-0.137965119833775,-0.126581737452661
09:42:30,|,-0.688563992257484,-117.775328976378,-117.141272342035,-0.084907425747931,-0.128050512855984
09:47:30,|,-0.50524831199973,-91.6143305597645,-107.505489710919,-0.109153228964289,-0.139527758445962
09:52:30,|,-0.357126766638662,-80.0097478020031,-108.410475183038,-0.124984770914997,-0.138363013119113
09:57:30,|,-0.289688906740208,-138.305167886521,-145.920372507101,-0.0723038781038534,-0.102795790212707
10:02:30,|,-0.408542980427587,-54.4716113380718,-112.866989672554,-0.183581865018388,-0.132899796862816
10:07:30,|,-0.462425205134347,-75.589058076006,-135.227599941831,-0.132294279814214,-0.110924101340646
10:12:30,|,-0.386806344695219,-65.3022198482295,-103.974566798721,-0.153134151078497,-0.144266049494948
10:17:30,|,-0.351987410482552,-59.1725933677355,-63.5690539147316,-0.168997156130267,-0.235963870409653
10:22:30,|,-0.32140290416155,-108.893442982808,-136.873592135596,-0.0918328939381486,-0.109590168314864
10:27:30,|,-0.347228264523619,-93.8093874580908,-95.1552079570087,-0.106599139712617,-0.157637194243504
10:32:30,|,-0.216375332560043,-166.715205438198,-166.019730179563,-0.0599825311297539,-0.0903507070140177
10:37:30,|,-0.509498274049412,-89.7953997965691,-159.331543859599,-0.111364279491543,-0.0941433167384472
10:42:30,|,-0.296494457679558,-81.2380155774614,-215.867058838962,-0.123095079673197,-0.0694872116231041
10:47:30,|,-0.363432835719634,-37.0734529740976,-54.6184502375393,-0.26973478858273,-0.274632471898489
10:52:30,|,-0.286277209089165,-93.0407592687963,-121.030217974137,-0.107479776375318,-0.123935990953973
10:57:30,|,-0.251630283268676,-61.7238433402082,-74.100018235957,-0.162011946418861,-0.202429099979914
11:02:30,|,-0.368170168331103,-86.6023485981497,-89.6970205233095,-0.11547030954555,-0.167229634969893
11:07:30,|,-0.519475598026058,-40.7665467626159,-61.5637435705289,-0.245299167923889,-0.243649900575257
11:12:30,|,-0.810428812479742,-41.4314703896056,-56.8915757156387,-0.241362421028359,-0.263659422529876
11:17:30,|,-0.388847040479187,-31.9565880942439,-23.729265541072,-0.312924520305759,-0.632130816440024
11:22:30,|,-0.505459363999296,-85.2362195424683,-121.866211665247,-0.117321017446317,-0.123085798721662
11:27:30,|,-0.628491185035687,-53.7253868917096,-79.2966589494968,-0.186131744758884,-0.18916307696587
11:32:30,|,-0.885717574215035,-70.9934485987392,-102.215387702262,-0.140858067855258,-0.146748941986041
11:37:30,|,-0.537327106046257,-64.0146230309814,-70.2891501966425,-0.156214307395988,-0.213404201900801
11:42:30,|,-0.568182040959921,-37.5538546183012,-68.5218725317691,-0.266284249689955,-0.218908203260871
11:47:30,|,-0.228188507372759,-51.2755210014294,-73.4987788976442,-0.195024834554509,-0.204085023247656
11:52:30,|,-0.440934734186013,-80.0028271280776,-90.8691923539569,-0.12499558276848,-0.165072447673701
11:57:30,|,-0.238322788831657,-152.999633647535,-224.392388057997,-0.0653596336252478,-0.0668471873302718
12:02:30,|,-0.526720768028306,-27.53472930426,-62.5403571548478,-0.363177712390035,-0.239845128528136
12:07:30,|,-0.52748157583946,-50.2018870922977,-94.2871072948085,-0.199195699189847,-0.159088558662632
12:12:30,|,-0.296202007124089,-110.858414542863,-136.589845542339,-0.0902051507883831,-0.109817826797018
12:17:30,|,-0.362756588869263,-73.6964059368888,-108.296315345953,-0.135691827476141,-0.138508867564722
12:22:30,|,-0.409284627227023,-60.2641797975889,-69.1194766565344,-0.165936050794806,-0.21701553202634
12:27:30,|,-0.493054704952267,-51.6651113852031,-86.7509586214775,-0.193554213508654,-0.172908752114773
12:32:30,|,-0.422530558148918,-44.4920691067654,-41.7469197028425,-0.224759158222188,-0.359307946712501
12:37:30,|,-0.485212232557531,-124.48550126378,-144.278849052193,-0.0803306401025001,-0.10396534279653
12:42:30,|,-0.480215207594237,-65.4276782079232,-90.2056530110065,-0.152840514502454,-0.166286696003074
12:47:30,|,-0.744725009720778,-46.0245662333348,-64.2146352836496,-0.217275268805406,-0.233591609354189
12:52:30,|,-0.38995108883691,-73.3403211402451,-60.2174921176197,-0.136350643745853,-0.249097055897002
12:57:30,|,-0.432962405291211,-51.6385193011561,-74.5222380693761,-0.193653887356451,-0.20128219963061
13:02:30,|,-0.348910151758582,-75.346146049485,-88.2174218892781,-0.132720789639756,-0.170034440802708
13:07:30,|,-0.35542475423477,-78.0689351704928,-112.406082736403,-0.128091922583051,-0.133444735683706
13:12:30,|,-0.295966324701528,-49.315240713334,-58.8043240234668,-0.202777069631056,-0.255083282549324
13:17:30,|,-0.296631450609892,-87.7435391780157,-107.702204817335,-0.113968505187736,-0.139272914843669
13:22:30,|,-0.317987314590207,-90.5730137867141,-109.02384838802,-0.110408162231948,-0.137584576418679
13:27:30,|,-0.470097395873802,-67.776608573821,-93.1250995396593,-0.147543528813605,-0.161073653334587
13:32:30,|,-0.43351590226865,-99.7593866259635,-132.720748214751,-0.10024119371838,-0.11301925434996
13:37:30,|,-0.583423331200018,-64.7175840529514,-110.158020915995,-0.154517510910452,-0.13616802367427
13:42:30,|,-0.270025974708282,-38.6414263175218,-65.1627105559936,-0.258789619146784,-0.230193002593265
13:47:30,|,-0.324902871999252,-55.3574670047851,-48.2403910011025,-0.180644103516073,-0.310942753338321
13:52:30,|,-0.733875215642434,-50.3983947774206,-60.3399431383694,-0.198419017989838,-0.2485915501379
13:57:30,|,-0.313414820954427,-71.6878815625084,-105.820039204421,-0.139493590576818,-0.141750089234265
14:02:30,|,-0.967198399916165,-35.5089354357574,-62.150862197827,-0.281619256597877,-0.24134822059676
14:07:30,|,-0.674083111690363,-27.082070930848,-38.9476991153371,-0.369247980537908,-0.385131865057805
14:12:30,|,-0.630646632796402,-90.1814693557985,-120.16673111201,-0.110887525690521,-0.124826562736555
14:17:30,|,-0.640380958797078,-149.515753951863,-171.862130230061,-0.0668825841805239,-0.0872792626270862
14:22:30,|,-0.362860336567058,-76.6362959965276,-100.100816395865,-0.130486473412717,-0.149848927711839
14:27:30,|,-0.46271537833864,-88.8787056300274,-70.9597714765929,-0.112512889663658,-0.211387377493852
14:32:30,|,-0.43102999773784,-109.367839411075,-152.490400184929,-0.091434557488272,-0.0983668478921236
14:37:30,|,-0.34982555160865,-168.903009551593,-181.813465304556,-0.0592055761856948,-0.0825021401735756
14:42:30,|,-0.312904844780045,-64.0668096459432,-97.92118165727,-0.156087060605385,-0.153184425944745
14:47:30,|,-0.359029850835398,-55.5705425338448,-41.4875783294761,-0.179951455286037,-0.361554002522794
14:52:30,|,-0.480289665065991,-66.2821118042331,-79.0779537162872,-0.15087026842982,-0.189686243700949
14:57:30,|,-0.461509431482696,-161.454081083687,-159.238208581373,-0.0619371150786625,-0.0941984975442298
15:02:30,|,-0.470996868067911,-90.2825648319064,-122.240772338309,-0.11076335745023,-0.122708648784438
15:07:30,|,-0.814683922122066,-89.6971904551416,-112.800760462611,-0.111486212101605,-0.132977826908995
15:12:30,|,-0.347701018825006,-157.846453075012,-200.244385692597,-0.0633527064130341,-0.0749084672117954
15:17:30,|,-0.334701788902098,-138.922570785561,-172.706512943867,-0.0719825435381259,-0.0868525439157891
15:22:30,|,-0.573510100355181,-175.213013992478,-340.791518887773,-0.0570733861151963,-0.0440151798640849
15:27:30,|,-0.459008496625676,-120.654563028456,-197.677865084693,-0.0828812416952812,-0.0758810299452263
15:32:30,|,-0.267162775263779,-155.682515371795,-96.5220214677667,-0.0642332889863605,-0.155404950827819
15:37:30,|,-0.388180691564503,-167.515908959298,-215.408681705103,-0.0596958226960385,-0.069635076363984
15:42:30,|,-0.389409012706948,-100.235257345891,-101.260429122107,-0.0997652948152977,-0.14813288991608
15:47:30,|,-0.375150017000201,-162.203897204501,-141.271298260722,-0.0616507998410934,-0.106178680203794
15:52:30,|,-0.487577666908476,-36.9554028553595,-54.8009751784107,-0.27059642778457,-0.273717756867753
15:57:30,|,-0.327130237689403,-136.778185969275,-179.258261281592,-0.0731110734444626,-0.0836781518059962
16:02:30,|,-0.531740601248392,-272.389620407479,-339.869870918482,-0.036712118417143,-0.0441345387852805
16:07:30,|,-0.357336527037068,-181.360304764466,-238.936009053641,-0.0551388574968875,-0.0627783148275173
16:12:30,|,-0.203969263840397,-211.90133129668,-243.927479390184,-0.047191775241842,-0.0614936867199213
16:17:30,|,-0.265193083551863,-222.101717972268,-300.423798195073,-0.0450244153503063,-0.0499294666072364
16:22:30,|,-0.228154902241042,-242.223552162602,-182.798228270552,-0.0412841769956668,-0.0820576880964027
16:27:30,|,-0.240279679884581,-483.879208365751,-621.983252446789,-0.0206663147064614,-0.0241164049690924
16:32:30,|,-0.349753521687437,-284.525469107799,-536.637563197644,-0.0351462385119951,-0.0279518263884101
16:37:30,|,-1.02730183711343,-349.03445330451,-428.585744764196,-0.0286504667528499,-0.034998830883311
16:42:30,|,-0.459760688569228,-160.705968528466,-202.97842320652,-0.0622254424746441,-0.0738994803636752
16:47:30,|,-0.673974066391187,-656.834004717661,-652.605871271979,-0.0152245467320141,-0.0229847763563081
16:52:30,|,-0.286779490910898,-858.958358642312,-1226.04376473083,-0.0116420079033938,-0.0122344735412387
16:57:30,|,-0.600158973828892,-3742.71854504595,-844.629890662045,-0.00267185466383426,-0.0177592578309567
17:02:30,|,-0.271885546546137,1209.99485893574,6356.62556453205,0.00826449792422722,0.0023597425784673
17:07:30,|,-0.554079135055084,856.628823019096,3611.40312125603,0.0116736674406496,0.00415351028294594
17:12:30,|,-0.485002034402271,368.057755132145,438.837844381867,0.0271696489492788,0.0341811905970155
17:17:30,|,-0.508778754538765,458.977552416735,908.363523235966,0.0217875579041834,0.0165132126250114
17:22:30,|,-0.511437477571352,171.639915782045,253.540979411665,0.0582615060980244,0.0591620338250925
17:27:30,|,-0.231280542254533,240.646991533055,301.480281687978,0.0415546437389241,0.0497544977602366
17:32:30,|,-0.385210431612334,100.956173444628,98.8844850169669,0.0990528826400568,0.151692148646234
17:37:30,|,-0.225370925208914,120.285899208593,192.990217653461,0.0831352641148614,0.0777241467592646
17:42:30,|,-0.365490313969962,86.6338760269851,108.257156276007,0.115428288085427,0.138558969365099
17:47:30,|,-0.308058938671884,79.1586745562915,118.045314271982,0.126328542715666,0.127069846800012
17:52:30,|,-0.34474162468704,55.5553453671462,83.8561439712674,0.180000681013023,0.178877769590021
17:57:30,|,-0.424676903249026,54.1343588383251,80.5669481965458,0.184725564587649,0.186180565799849
18:02:30,|,-0.230633186693237,22.6095771627925,51.3088118599412,0.442290447450583,0.292347443962371
18:07:30,|,-0.196675812156239,36.1696415287732,72.6864012778893,0.276474954612004,0.206365974051365
18:12:30,|,-0.348558005814266,57.3259134663011,99.8929380302276,0.174441180180731,0.150160765072912
18:17:30,|,-0.281205903680545,40.7507495027714,49.1391616671087,0.245394259541653,0.305255512937256
18:22:30,|,-0.170986334105233,31.9367202646841,43.3410110810236,0.313119190609504,0.346092525897892
18:27:30,|,-0.293228593434666,23.4521403151007,43.0019658534007,0.426400314241726,0.348821262058971
18:32:30,|,-0.258063050495172,29.8203471328644,53.106171930741,0.335341502077258,0.282453045562433
18:37:30,|,-0.41254843490187,27.7292937599223,51.7805928370107,0.360629451531622,0.289683821257423
18:42:30,|,-0.310897461712362,16.7852978309424,37.3062213803025,0.595759461685915,0.402077708355635
18:47:30,|,-0.22610406119952,28.9647134927019,33.9087407125388,0.34524767533156,0.442363817847512
18:52:30,|,-0.256171160805285,25.1716218326925,26.4146559888243,0.397272772746496,0.567866566437447
18:57:30,|,-0.237068069896373,25.068896291918,57.3424318843831,0.398900688867739,0.261586394351809
