CDT_Time,bar_fence,R_Bulk_A,L_low_A,L_high_A,Term_3_low_A,Term_3_high_A
19:02:30,|,-0.122201507132211,-3.65183210775127,3.4476665374901,-0.410752727874906,1.30523063964185
19:07:30,|,-0.340996700976987,2.35948625690825,3.75501419915154,0.635731611323527,1.19839759887374
19:12:30,|,-0.53423949191307,3.32215921693069,4.64755001195049,0.451513579588709,0.968252087321044
19:17:30,|,-1.00806717879524,3.93115243924066,-4.36617690841098,0.381567497873407,-1.0306499471726
19:22:30,|,-0.720858033330641,1.82189546483627,3.71329307440678,0.82331836757429,1.21186233077466
19:27:30,|,-0.0974646118660544,5.0146558702816,1.58086511369016,0.299123217784387,2.84654266896674
19:32:30,|,-2.02286692032894,1.77664976498203,2.62244222319198,0.844285705356887,1.71595772833565
19:37:30,|,-0.256024255606112,1.77437159521637,-65.4622770707954,0.845369709503879,-0.0687418800774894
19:42:30,|,-0.707053147133474,0.239062418273065,5.85905343187173,6.27451194895322,0.76804215089099
19:47:30,|,-0.705791558744651,0.988063848054218,3.14230191466142,1.51812051716489,1.43207117654857
19:52:30,|,-0.718225298530414,2.32800091267744,4.3022185974334,0.644329644301921,1.04597195565204
19:57:30,|,-1.84387796901158,-1.36553705902461,-129.058456946416,-1.09846890649122,-0.0348679203709089
20:02:30,|,-0.860688344088471,0.935597657755465,2.38129256681553,1.60325326551005,1.88972999903905
20:07:30,|,-2.06291318688269,2.17489342964558,3.028691235435,0.689688965700007,1.48579028041915
20:12:30,|,-0.485918216507977,2.86283824369239,1.16139918700602,0.523955554703415,3.87463677463094
20:17:30,|,-0.244985040603014,1.0389734958135,0.630183095389982,1.44373269004858,7.14078183454798
20:22:30,|,-0.0688432970321808,21.1043772399605,19.285727354114,0.0710753026703767,0.233333175221938
20:27:30,|,-0.501011146027501,3.751182749783,6.17819925111544,0.39987387980145,0.728367573963813
20:32:30,|,-0.53359102715611,0.241281726402215,5.00390336951821,6.21679901900033,0.89929794156542
20:37:30,|,-8.8090604820042,0.413197275359513,4.40491231402503,3.63022722909992,1.02158673753214
20:42:30,|,3.01055467149967,-1.3400731495408,2.07733011742602,-1.11934188108612,2.16624212119731
20:47:30,|,2.48897986494479,0.802557012443081,-0.813270610781173,1.86902609626925,-5.53321359501434
20:52:30,|,-1.50850498030131,0.062448736113606,21.243389312165,24.019701491976,0.211830604517664
20:57:30,|,-0.518385185305946,-0.611024122139924,0.00584346845250952,-2.45489489800617,770.090578322099
21:02:30,|,-0.770032527771638,-0.0524267210123356,-9.76045012863786,-28.6113640341356,-0.461044310527921
21:07:30,|,-1.03843871599165,-2.19427448834587,-3.43414584883172,-0.683597247275458,-1.31036950615562
21:12:30,|,1.06351877907068,-1.17775730551295,5.85962869322962,-1.2736070436402,0.76796674936066
21:17:30,|,15.8897988919352,7.71172473557428,-13.5447933710988,0.194509017299396,-0.332230981803079
21:22:30,|,0.0511336660117538,5.06092766905046,0.457811145920497,0.296388349743286,9.82938060835562
21:27:30,|,-4.76153072114016,92.608511755289,-15.0494533291266,0.0161972152620662,-0.299014183544511
21:32:30,|,-1.15465819585736,0.157726067063923,13.4902207212971,9.5101591507514,0.333574972045922
21:37:30,|,-0.0151922399866794,3.02564540471017,-9.30171975688772,0.495761994338424,-0.483781506819516
21:42:30,|,-0.991930306850916,3.54905918264285,1846.92430460572,0.422647220800361,0.0024364831784271
21:47:30,|,-1.75453410821428,0.934494554236559,12.2624098064121,1.60514579052356,0.366975176253441
21:52:30,|,-0.175168448821302,1.21238610851915,1.16502123823967,1.23722961642323,3.86259052822026
21:57:30,|,-1.10513490608958,1.45480541376716,0.755265438012714,1.0310657259075,5.95817016576396
22:02:30,|,-0.167029857165693,-1.24150005258579,2.46959640698212,-1.20821581672575,1.82216008546071
22:07:30,|,-5.44268180056569,-0.961489935439714,-1.69752790110544,-1.56007873271602,-2.65091371816014
22:12:30,|,-1.54627918091296,1.65989215183129,-9.07737881509833,0.903673168371279,-0.495737821640228
22:17:30,|,-1.05541053020945,4.92334172529204,1.48412863758343,0.304671112365458,3.03208218347383
22:22:30,|,-2.06849050357413,8.08488987891445,6.24365278466342,0.185531283971106,0.720731942534274
22:27:30,|,-0.196740996326803,-0.746300638892572,63.3750660297566,-2.00991386289825,0.0710058431795102
22:32:30,|,-1.19184681256132,4.37354679248427,-0.843016209711645,0.342971064715182,-5.33797565000468
22:37:30,|,-8.1980580635773,-0.31844426513373,-1.08306446849726,-4.71040041926984,-4.15487732345583
22:42:30,|,-1.16808132416612,2.25388068473694,21.2274718710395,0.665518813909652,0.211989445909446
22:47:30,|,-22.8449115492275,-6.36213451159331,0.116169513820026,-0.235769928671996,38.7364967970129
22:52:30,|,-7.60293672502008,1.55828783831614,44.9318878493737,0.962594947555309,0.100151589781526
22:57:30,|,-8.47304004774086,-3.92561947482224,-7.81987169733072,-0.382105298188109,-0.57545701185047
23:02:30,|,-1.63948854201495,0.563984934508427,1.84402544802376,2.65964551217562,2.44031339416853
23:07:30,|,-975.765565337328,3.53902670411791,9.14676928290701,0.42384534659053,0.49197698781026
23:12:30,|,-1.62767261689292,0.1943975130683,3.06296741136108,7.71614809430709,1.46916352531493
23:17:30,|,-1.74146497933904,-0.18607985197452,2.83638522549732,-8.06105542369733,1.58652638560793
23:22:30,|,-1.08746945391221,1.70586125979604,0.910635430100493,0.87932121758797,4.94160434709135
23:27:30,|,-6.34781452363669,-0.412027374499503,-14.5750084884015,-3.64053481112044,-0.308747676104684
23:32:30,|,-0.499741570354535,-0.454019808811313,0.0431873204928925,-3.30382060625771,104.197249300071
23:37:30,|,-7.90884242758272,-3.33953529587696,-1.40754578613308,-0.449164289969303,-3.19705408117682
23:42:30,|,-7.40925487342067,-1.95977598064668,3.13380229272903,-0.765393603561277,1.43595529636339
23:47:30,|,-3.15655989483415,-4.3641862950318,1.48752095577143,-0.343706684040414,3.02516746573583
23:52:30,|,-4.60969555357074,39.819515268191,-0.269258056324851,0.0376699713669856,-16.7125918586105
23:57:30,|,-0.69052168946442,0.698028500112996,0.930462863103684,2.1489093923202,4.83630263865626
00:02:30,|,-1.26133252532668,6.78323855507421,7.56229943791305,0.22113331085458,0.595057103589362
00:07:30,|,-5.68831476789956,-19.6098336211593,-4.71662936533635,-0.076492234915317,-0.95407114942539
00:12:30,|,-0.676218197083752,2.05424641380715,-1.07539141159488,0.73019477601036,-4.1845229108964
00:17:30,|,-1.6998095807224,3.63999306609333,0.840763618786798,0.412088697083671,5.35227726253593
00:22:30,|,-43.8117513495296,2.26263796225192,0.41855131438085,0.662943000614692,10.7513698927375
00:27:30,|,-2.30032019360992,18.5620512055609,-2.3243366720541,0.0808100345909303,-1.93603622663802
00:32:30,|,-2.77574576493783,1.2203099174226,-0.847813639357106,1.22919594324705,-5.30777023522803
00:37:30,|,-0.0864819234520589,1.37752551388964,0.615853781344694,1.088909050958,7.30692923598588
00:42:30,|,-0.743135963038819,-1.86381487293297,-3.58772703631009,-0.804800960537216,-1.25427602335884
00:47:30,|,-0.158559333004781,8.60768354290873,96.324325231466,0.174262912027678,0.0467171712772092
00:52:30,|,-0.67785017040348,0.140633894498454,0.463752709975071,10.6659920451573,9.70344733994524
00:57:30,|,-2.63754961318454,1.26010663634846,8.94961341961956,1.1903754465945,0.502815014348552
01:02:30,|,-2.19870257046554,-18.3039412685446,0.300460646824355,-0.0819495636482266,14.9770029704776
01:07:30,|,-7.18421039110818,1.82268850281551,73.1272377341319,0.822960147980824,0.0615365784273244
01:12:30,|,-0.366295392036234,1.18266173494967,-5.39290439159739,1.2683254692973,-0.834429775356557
01:17:30,|,-0.783847200159782,0.887699693009094,2.7343112234175,1.6897606384377,1.64575267126163
01:22:30,|,-1.82996871802188,868.94903132164,-15.2640131263989,0.00172622322591068,-0.294811067229582
01:27:30,|,-1.94205199600089,0.316741974886847,-1.25710969674586,4.73571587894487,-3.57963987681318
01:32:30,|,-0.772423461662603,10.2495802776423,1.17809923785821,0.146347456126764,3.81971217312813
01:37:30,|,-0.620554501941159,2.84338968475803,0.624199511712765,0.527539368958374,7.20923345110008
01:42:30,|,-1.32795145028906,23.2516036089841,-7.96357471619926,0.0645116795049965,-0.5650728674456
01:47:30,|,-7.40604250616649,0.0930254887749344,0.761775824409093,16.1246129394611,5.90724968659991
01:52:30,|,-22.8999672017613,-0.394324596658357,0.278480836747542,-3.80397269841019,16.1591011164603
01:57:30,|,-0.0882475671335149,11.7831633758481,-0.862490271775535,0.127300280251952,-5.21745015249417
02:02:30,|,-21.1907828676805,4.02597945747202,-0.0666868065500161,0.372580142508197,-67.4796145265246
02:07:30,|,-1.11993389385302,-12.525669375075,1.4940391623967,-0.11975407901033,3.01196923966921
02:12:30,|,-14.5543119367345,3.89097687104172,-1.11639281850349,0.385507303105199,-4.03083925784491
02:17:30,|,-22.8217687104611,-17.2473520148452,4.23440788044389,-0.0869698721698794,1.06272237513602
02:22:30,|,-1.69399022297029,1.30498500542536,-1.24118345035852,1.1494384945144,-3.62557202861525
02:27:30,|,-1.08022394236472,0.497909806422734,437.105157397146,3.0125938084587,0.0102950055011851
02:32:30,|,-18.1082659246405,-7.19083168871563,0.116103883471353,-0.208598958358865,38.7583934788048
02:37:30,|,-3.84507908355183,-0.0677367469974248,-1.22725670859201,-22.1445532372115,-3.66671452557198
02:42:30,|,-0.960549720306229,0.374270358720765,4.9610265794108,4.00779801298429,0.907070326669052
02:47:30,|,-33.1403226028272,-10.5341806920738,-1.48472542856448,-0.14239360837323,-3.03086342661408
02:52:30,|,-0.966923103604934,-2.32549922301878,-0.890571358451966,-0.645022791301051,-5.05293591276292
02:57:30,|,-21.4758239782931,0.9343281775733,-4.64372225222919,1.60543162028561,-0.969050204895395
03:02:30,|,-1.76530935044992,1.38531953067461,-0.366455844782858,1.08278268427324,-12.2797877672451
03:07:30,|,-0.834257234065866,0.760819407508191,1.32698862788832,1.97155853964444,3.3911368232002
03:12:30,|,-0.538130152857182,0.970945462794474,7.41725894788218,1.54488594620223,0.606693123648443
03:17:30,|,-1.62521355070264,1.41202320950573,-3.20381170571314,1.06230548471301,-1.40457692690724
03:22:30,|,-0.827869728931663,-1.40238591080259,2.39296550663066,-1.06960572581733,1.88051185340155
03:27:30,|,-0.876627178780255,6.97156313582975,-0.186293390878729,0.215159781353894,-24.1554463031345
03:32:30,|,-1.19329011808969,2.46849410597173,0.515742909728318,0.607657922443984,8.72527748829451
03:37:30,|,-0.696091373681237,-2.29410992077029,0.328153648238738,-0.653848355921999,13.7130884393708
03:42:30,|,-0.70805441959444,9.0508749830331,0.196886239575928,0.165729833061657,22.8558380194193
03:47:30,|,-7.47503514764182,7.82507555222632,1.2061801142648,0.19169143990862,3.73078609635584
03:52:30,|,-1.29623397905623,-1.06469692032078,170.125282378034,-1.40885163784268,0.0264510949642428
03:57:30,|,-0.317109308823441,0.428597921334309,-1.11082254935088,3.49978365581011,-4.05105208084731
04:02:30,|,-0.301241886067341,-0.374120311057468,1.90838776978837,-4.00940541228617,2.35801133880617
04:07:30,|,-0.61778591564953,1.44377998410975,-6.10387369501974,1.03893946204339,-0.737236749127302
04:12:30,|,-0.668847279514683,2.87530359908213,-0.50487114837385,0.52168404076663,-8.91316529869877
04:17:30,|,-0.579142844484778,1.67798713141866,-2.05615842886604,0.893928190457469,-2.18854731076424
04:22:30,|,-2.69679276810768,0.767460155983211,-1.75220465324428,1.95449886004612,-2.56819315692836
04:27:30,|,-1.29922399505517,1.1441002436382,-13.8816032523005,1.31107392760449,-0.324170048531983
04:32:30,|,-3.52490646021396,0.338384141719188,-4.99510071024931,4.43283184719925,-0.900882737112101
04:37:30,|,-4.67115534722033,1.8401565344849,-0.248445226674622,0.815148044141735,-18.1126442243685
04:42:30,|,-1.31174096434813,5.58363994037924,-6.64513703174202,0.268641964026448,-0.677186938133062
04:47:30,|,-0.777240229423316,0.406587439966389,-1.60514504250864,3.68924332764435,-2.80348496916332
04:52:30,|,-0.256277945576216,5.12341785828657,-0.691389629087352,0.292773309046794,-6.50863103911478
04:57:30,|,-0.458976667492985,5.41373047279249,0.492786724633489,0.277073269077298,9.13173950322401
05:02:30,|,-21.7780371915532,-6.63166508720826,5.85024623647368,-0.226187538163429,0.769198392359026
05:07:30,|,-1.04189659129845,2.41631009877298,2.02583015991274,0.62078124854989,2.22131158329375
05:12:30,|,-0.622069060030588,-0.67642503766434,2.4246566843601,-2.2175406238353,1.85593285392798
05:17:30,|,-2.55930149911869,-0.350322323609983,1.40799086895168,-4.28177109737935,3.19604345399659
05:22:30,|,-1.00303980920977,-1.5592656739948,-12.1701156466307,-0.961991291809202,-0.369758195456905
05:27:30,|,-1.07766802734754,-1.01895830161,1.49941017730475,-1.47209164264125,3.00118010942738
05:32:30,|,-1.70649647373299,-1.14956842007171,0.600177366748788,-1.30483751450516,7.49778357084154
05:37:30,|,-1.31870574938064,0.743157024823447,-3.50676293912606,2.01841596041746,-1.2832347318925
05:42:30,|,-1.60831083828204,2.04876710712038,-0.593091674548414,0.732147638834513,-7.58735991940259
05:47:30,|,-10.3963747291224,1.53421321572602,-0.805554579644389,0.977699829870237,-5.58621366411512
05:52:30,|,-4.40463388313848,-36.5352756023543,-1.68605519039751,-0.0410562114359236,-2.66895177905716
05:57:30,|,-1.11477257190945,1.86149102523114,-0.909644863641911,0.805805657759614,-4.94698555432229
06:02:30,|,-18.3570650414232,3.24330334563573,6.94079902266851,0.462491429307233,0.64834034025522
06:07:30,|,-1.64199142445155,-10.6705763715257,2.10285663552248,-0.140573474925191,2.13994616845666
06:12:30,|,-7.21591516882904,-25.2013319922902,-5.86938375468319,-0.0595206634498085,-0.766690369565534
06:17:30,|,-2.45550283727774,6.34055881109418,-0.693040730693554,0.236572208332083,-6.49312486366662
06:22:30,|,-1.12376811452663,2.24534839485633,-0.568863550158777,0.668047775319063,-7.91050858987887
06:27:30,|,-25.8240131338137,-17.3061238500161,5.40406909548371,-0.0866745212850538,0.832705859323809
06:32:30,|,-2.55741267280101,1.24716529826499,-5.11910323950455,1.20272749898249,-0.879060216108384
06:37:30,|,-0.675762749173658,1.86155784872469,6.83499428689009,0.805776732121226,0.658376556163516
06:42:30,|,-55.2265440268271,2.25776806194898,0.503113263537949,0.664372937716707,8.94430802391392
06:47:30,|,-29.5980148805099,0.0308143645291983,0.623810752792056,48.6785959378999,7.21372624607523
06:52:30,|,-3.43509257879926,0.584580299179851,-1.90199867536041,2.56594346765441,-2.36593224711226
06:57:30,|,-0.508441357774776,-0.755982062931139,0.568109987713135,-1.98417406119943,7.92100138586589
07:02:30,|,-0.569926817928089,2.8992488057819,4.73945761476521,0.517375396347008,0.949475734518818
07:07:30,|,-1.75709599039321,0.401103997421239,-0.0793204202068215,3.73967851141783,-56.731923359289
07:12:30,|,-0.726792336957014,-1.61574040530935,-0.456311214723674,-0.928366954908706,-9.86169056293092
07:17:30,|,-0.213717922004701,1.78850678304474,-15.4504072671023,0.838688460239671,-0.291254458358622
07:22:30,|,-1.96755460693974,0.620757338152408,1.49144829522365,2.41640317046356,3.01720147752437
07:27:30,|,-0.814251452396197,-2.29582131510121,11.9589281461537,-0.653360951975426,0.376287903481327
07:32:30,|,-9.09140539934812,3.22441709771263,-3.90968344381305,0.465200361660434,-1.15098832544131
07:37:30,|,-3.31375733655837,-33.5790274570048,1.8557135810103,-0.0446707398515526,2.42494318414703
07:42:30,|,-8.42476637549362,-3.72913081348327,-3.34785241112611,-0.40223850409766,-1.344145275056
07:47:30,|,-5.21889600019086,0.256823781610514,-10.4160335975369,5.84058061365527,-0.432026256238663
07:52:30,|,-34.830160499829,-0.712145954665242,-1.82873019380066,-2.10630979530749,-2.46072384830461
07:57:30,|,-7.78411125249152,-9.31948660970584,1.08654658013211,-0.160953072075646,4.14156197468576
08:02:30,|,-79.8375607553777,-0.846103476061751,-0.559401590475689,-1.77283280643386,-8.04431034272428
08:07:30,|,-11.2145840435685,-0.583971184933015,-2.39410551029599,-2.56861988862012,-1.87961640815223
08:12:30,|,-5.6386848612927,-1.42217218440765,2.7053095494387,-1.05472460820542,1.66339559956592
08:17:30,|,-122.695932426644,-16.1240580872924,2.88775276792145,-0.093028689916602,1.5583051464752
08:22:30,|,-9.54825476087746,-0.846273061107263,-0.636680593240827,-1.77247754765749,-7.06790822238531
08:27:30,|,-11.7360667577044,-2.21400707924277,2.04720955285445,-0.677504608753565,2.19811401022704
08:32:30,|,-38.3137064646156,0.458387572048958,2.08292887957366,3.27234002722873,2.16041941908313
08:37:30,|,-16.0257378274908,-1.39026218788259,4.15121742939708,-1.07893317755016,1.08401934529687
08:42:30,|,-13.9910165234038,-0.434955311500204,-6.07640830403238,-3.44863014737388,-0.740569062321527
08:47:30,|,-7.94796615165954,-1.99446613840682,-0.698259880546688,-0.752080955958571,-6.44459194258278
08:52:30,|,-9.42236157811958,-2.22979672351325,-1.19327176674,-0.672707060774854,-3.77114428198861
08:57:30,|,-20.4536130373014,-0.379464632793767,-0.22360422539293,-3.9529375608905,-20.1248433122958
09:02:30,|,-46.4260742744869,-0.493299223978275,-1.66179332991094,-3.04075077982701,-2.70791795766877
09:07:30,|,-5.66041509226031,-1.09142476142902,-0.306422961029346,-1.37435034737165,-14.6855835635928
09:12:30,|,-4.27169675506515,-1.41790139306133,-0.655387287567909,-1.05790149254414,-6.86616918783877
09:17:30,|,-8.92885577589286,-0.231540800059522,-0.78421746130505,-6.47833988486866,-5.73820428903911
09:22:30,|,-3.43116915908238,-3.83146818891744,-5.96061630440624,-0.391494833322319,-0.754955489531088
09:27:30,|,-2.07395131554712,-8.16273251051397,-22.046678273025,-0.183761993678947,-0.204112381206467
09:32:30,|,-3.6822817002177,-0.987538620968098,-7.46733978022109,-1.51892793674188,-0.602624245373064
09:37:30,|,-7.48286097792508,-1.41141758424844,-2.87269901484314,-1.06276130943822,-1.5664711049604
09:42:30,|,-3.50059911450031,-1.06886918076383,-3.45174301097078,-1.40335227827232,-1.30368917549699
09:47:30,|,-1.6125935932838,-1.58581028695878,-17.5578479044852,-0.94588868059158,-0.256295647648848
09:52:30,|,-2.91943397725846,-0.969090252481325,-8.48848339546823,-1.54784345024552,-0.530130035054604
09:57:30,|,-2.00668844310413,-5.20892292164727,-0.465561579960552,-0.287967401814738,-9.66574604455397
10:02:30,|,-3.36307973395681,-15.8090277033218,-4.27979264119998,-0.0948824955050724,-1.05145281027874
10:07:30,|,-1.36524115472263,-10.8262816226245,-9.85943422411304,-0.138551725540312,-0.45641564188282
10:12:30,|,-1.1658901775715,-20.5010280952534,-14.8221426081938,-0.0731670623068556,-0.303599831613574
10:17:30,|,-1.61632001406268,-20.1382832154093,-34.2617591780641,-0.0744849987436982,-0.131341767263401
10:22:30,|,-1.87410584670961,-22.8566544583293,-16.1697439909531,-0.0656264022687439,-0.27829754153917
10:27:30,|,-0.655250134654641,-14.2089496958668,-9.12884430243704,-0.105567267961849,-0.492943011285522
10:32:30,|,-0.886587632060957,-12.6835152978362,-8.1695561231985,-0.11826374351091,-0.55082552003305
10:37:30,|,-1.21328133603166,-4.22186899855348,-10.9798660797875,-0.355292881070904,-0.409841064298947
10:42:30,|,-0.998231481808867,-7.20857628723845,-10.7990182512987,-0.208085472114028,-0.416704546217321
10:47:30,|,-0.80229581698617,-1.43634367159974,-3.32102208587633,-1.04431831299076,-1.35500453885496
10:52:30,|,-0.563540293060123,-7.30212725341831,-14.7275276909649,-0.205419591845351,-0.305550265762574
10:57:30,|,-1.0887494058294,-9.59428607006649,-18.6960846638605,-0.156343055548437,-0.240692106444002
11:02:30,|,-2.37215452419241,-22.3684099382401,-10.8553546973377,-0.067058856849528,-0.414541958827347
11:07:30,|,-0.932324384183681,-2.8910645776224,-7.22825822809169,-0.518840018867235,-0.622556618482629
11:12:30,|,-2.85919087749342,-27.0508644667426,-55.7699173121533,-0.0554510929528392,-0.0806886618607083
11:17:30,|,-0.862508682579123,-7.30582007253047,-4.79680938169387,-0.205315759915841,-0.938123582140539
11:22:30,|,-1.08844482913545,-16.6628714924503,-36.3781633355242,-0.0900204986085158,-0.12370058264062
11:27:30,|,-1.46430759384471,-12.4919069011395,-11.3685160383282,-0.120077744084305,-0.395830026085071
11:32:30,|,-0.819815761536272,-10.8210542900132,-10.3469509723465,-0.138618655798109,-0.43491072993646
11:37:30,|,-1.46496716885972,-8.09886478887722,-1.34532387720163,-0.185211142438143,-3.34491944747189
11:42:30,|,-1.40672279850314,-14.2815251899653,-7.03640308861644,-0.105030798885119,-0.63953129792694
11:47:30,|,-1.70897055911618,-11.9879503175989,-2.89877172971288,-0.125125643688891,-1.55238163594404
11:52:30,|,-1.62169394878521,-7.5965940078675,-1.31645278476817,-0.197456912722532,-3.41827679052877
11:57:30,|,-0.645165818157232,-15.6372578251621,-14.7713889832603,-0.0959247469582765,-0.304642982802744
12:02:30,|,-0.976759230416557,-9.95595631239675,-4.39319977106947,-0.150663577956069,-1.02431035110988
12:07:30,|,-1.30175810377232,-12.7804026941836,-13.9244500874298,-0.117367193811714,-0.323172546976369
12:12:30,|,-0.873354576240588,-16.0834437884831,-9.57579440134995,-0.0932636082002605,-0.469934901627129
12:17:30,|,-2.08860810744261,-14.2582225379477,-19.7101690104561,-0.105202453952995,-0.228308544569698
12:22:30,|,-2.74968419036072,-2.81581994602776,-9.51670319576093,-0.532704515470185,-0.472852825966503
12:27:30,|,-1.7827321488501,-9.14726103132832,-21.4415120675515,-0.163983513191837,-0.209873258276876
12:32:30,|,-2.05910356349191,-5.90914547731748,-15.0409789134261,-0.253843809694281,-0.299182654659741
12:37:30,|,-2.28719194347258,-11.4609034005535,-8.95467418089556,-0.13087973500654,-0.502530846917978
12:42:30,|,-0.829380168905508,-22.2150011049272,-15.3956470112303,-0.0675219412736066,-0.292290411485628
12:47:30,|,-2.22040291186462,-4.34468618818072,-14.1874275079775,-0.345249331028924,-0.317182237404891
12:52:30,|,-1.94845981138828,-8.03961171449568,-8.86102217890597,-0.186576174729365,-0.507842087418813
12:57:30,|,-3.24353527775453,-8.04182254573612,-5.9518443495254,-0.186524881824869,-0.756068158999963
13:02:30,|,-5.36875850736927,-13.824011034419,-84.8924351106944,-0.108506857833468,-0.0530082567914595
13:07:30,|,-5.71771229601624,-2.85831236801235,-18.3050893938885,-0.524785190305526,-0.245833270910024
13:12:30,|,-2.76051508015908,-2.93584145227217,-7.84171865446694,-0.510926773255786,-0.573853793828299
13:17:30,|,-1.29435646952957,-3.83161177390559,-0.421876509935361,-0.39148016252989,-10.6666284896722
13:22:30,|,-4.01235020672049,-13.9115900753019,-13.3316365264506,-0.107823763630229,-0.337542955890808
13:27:30,|,-4.78139356701555,-7.00107286237733,-8.8380064560268,-0.214252876592781,-0.50916459751298
13:32:30,|,-2.07132187816894,-33.5669462383935,-34.2749688134795,-0.0446868174825006,-0.131291147907048
13:37:30,|,-2.36390654131584,-4.78831487901921,-7.29188287583687,-0.313262606553403,-0.617124558447265
13:42:30,|,-1.40670336040723,-1.91906716210097,-2.7721104648142,-0.781629757219033,-1.62331193403637
13:47:30,|,-1.75889190547228,-16.342322530657,-4.79510474714826,-0.09178621932018,-0.938457080145379
13:52:30,|,-3.95684358748498,-0.309868485417108,-15.0814683739388,-4.84076332570857,-0.298379434178712
13:57:30,|,-13.4813600777715,-7.35548425165207,-4.98692257426732,-0.203929469315782,-0.902360109463127
14:02:30,|,-13.5581538712585,-13.1731729091945,-26.0907900922538,-0.113867783436824,-0.172474654239621
14:07:30,|,-1.37633290191316,-1.42181105175359,-5.44088453938102,-1.05499250280125,-0.827071401245346
14:12:30,|,-2.15187113937706,-9.75933000663087,-22.9484463384721,-0.15369907554933,-0.196091706324186
14:17:30,|,-1.53964539221737,-22.8708341326444,-29.6042882602955,-0.0655857145961717,-0.152005005505749
14:22:30,|,-19.5039813565781,-4.53177533837147,-7.73971607201351,-0.330996108147549,-0.581416677062846
14:27:30,|,-8.53414155697374,-4.17077364260605,-0.536445134133904,-0.359645506693753,-8.38855590938538
14:32:30,|,-3.50852815464978,-17.287962192595,-47.3455997048662,-0.0867655761442201,-0.095045791542429
14:37:30,|,-1.86067177307785,-9.84337390825655,-20.9729283858312,-0.152386774492211,-0.214562311815268
14:42:30,|,-2.65577237867436,-12.8496678801659,-4.51640670823434,-0.116734534619009,-0.99636730939124
14:47:30,|,-1.72237229723939,-20.259245642785,-20.2195631089963,-0.0740402691417189,-0.222556737538894
14:52:30,|,-3.18274549818481,-6.46277275006029,-1.73039241586977,-0.232098521487701,-2.60056618298231
14:57:30,|,-1.09396574498682,-9.42887258867425,-5.63491668756362,-0.159085827695006,-0.798592108723025
15:02:30,|,-1.24411922256626,-8.88835434409735,-1.68876530026196,-0.168760148609077,-2.66466867794001
15:07:30,|,-2.79939259880654,-6.32700228354028,-5.11749362082165,-0.237079098881038,-0.879336709222413
15:12:30,|,-1.0545086611279,-10.6072664209331,-7.23814773817266,-0.141412494084225,-0.621706016895431
15:17:30,|,-6.13353768690151,-16.2729286081396,-7.87410487661488,-0.09217763047579,-0.571493531076078
15:22:30,|,-6.59188396594298,-4.46908065969261,-2.71581228318566,-0.335639500429865,-1.65696282760805
15:27:30,|,-4.209734985481,-14.4561218030511,-3.29753767221753,-0.103762269053614,-1.36465461423337
15:32:30,|,-32.3854893651199,-5.29869824243609,-4.71685749044323,-0.283088398578133,-0.954025006928319
15:37:30,|,-1.45398716363263,-7.94709406110288,-0.0975033321658069,-0.188748237842278,-46.1522688511572
15:42:30,|,-2.40725450885644,-19.1000752876809,-17.0479516321109,-0.0785337218522622,-0.263961330786741
15:47:30,|,-1.74594854380473,-4.62697567160302,-9.12563022310595,-0.324185841132881,-0.493116627562453
15:52:30,|,-1.36781178992793,-22.2192213679353,-10.479363847952,-0.0675091163259511,-0.429415379148178
15:57:30,|,-0.92543341325115,-9.39715053650007,-6.64627605458036,-0.15962285526594,-0.677070883460938
16:02:30,|,-1.17434411226472,-12.6440539610579,-11.7252600635448,-0.118632837586728,-0.383786796677631
16:07:30,|,-1.1605032608544,-7.94930721263383,-16.0926113976297,-0.18869568880368,-0.279631433880447
16:12:30,|,-0.878435446291013,-10.303721318746,-3.2016778693813,-0.145578471466516,-1.4055130414696
16:17:30,|,-1.29445656791269,-22.3374067173621,-14.4130461186757,-0.0671519312416019,-0.312217137373142
16:22:30,|,-1.6908238331667,-11.9739241945815,-1.35068393810575,-0.125272214490783,-3.33164545238538
16:27:30,|,-4.5908248936159,-7.01432835519231,-16.0053279175594,-0.213847987154698,-0.281156376375337
16:32:30,|,-7.28669724259114,-8.07076116201355,-89.6956309955307,-0.185856076011766,-0.0501696676867597
16:37:30,|,-2.33125070072843,-9.38866117387095,-0.903166968061966,-0.159767188550223,-4.98246742754132
16:42:30,|,-0.743437689458671,-55.115947546307,-8.12670327739891,-0.0272153535732963,-0.553730073117706
16:47:30,|,-0.682797461629237,1950.55775532982,-20.8730858855491,0.000769010810318901,-0.215588630482063
16:52:30,|,-4.82956805174331,-44.706679823086,-22.807347810303,-0.0335520330728165,-0.197304835153484
16:57:30,|,-1.45722757620418,-77177.3024785601,-86.4046001802382,-1.94357661103367e-05,-0.0520805604170738
17:02:30,|,-3.41966604589328,86.8254474160941,31.5463359032766,0.0172760411220404,0.142647311364379
17:07:30,|,-0.959402227983543,39.7160205715835,34.3382230935204,0.0377681343299846,0.131049297097995
17:12:30,|,-2.93981252848967,17.8148424201906,42.5886246813138,0.0841994537262908,0.105662017350244
17:17:30,|,-2.6361916006311,19.2329690438674,42.9371478374426,0.0779910785785977,0.104804353028681
17:22:30,|,-1.17185568357374,4.82425093274522,14.8978236230629,0.310929099856427,0.302057543024853
17:27:30,|,-1.86716918131792,3.55932255331072,2.43155773149455,0.421428509929444,1.85066549797034
17:32:30,|,-1.00685682659463,3.00930808938102,0.72582443277134,0.498453450244283,6.19984640475399
17:37:30,|,-0.787779973558634,4.78306285499157,1.54766141966175,0.313606583370447,2.907612700576
17:42:30,|,-0.328930727104997,0.151202470408263,-1.13540219120579,9.9204728332139,-3.96335328120252
17:47:30,|,0.384634914572096,1.32434956660975,1.38657644749522,1.1326314727009,3.24540345981574
17:52:30,|,0.804683097806416,0.327508651267366,0.902987409891371,4.58003168525602,4.98345818635649
17:57:30,|,2.15540824848991,0.837653083024312,0.633409121237037,1.79071745857403,7.10441300752281
18:02:30,|,1.80811326066014,-3.21868794046033,0.807122092410889,-0.466028402798649,5.57536467197722
18:07:30,|,-0.222701408096359,-19.1924383303568,-28.0600253261669,-0.0781557806350975,-0.160370489609059
18:12:30,|,-0.601566194599848,0.781396151262588,8.3597192920038,1.91964088583785,0.538295586587976
18:17:30,|,-2.04598616141391,-3.41932405671724,7.24817747603304,-0.438683194432321,0.620845724994977
18:22:30,|,-1.85408745779354,0.236699217713265,0.969919282842717,6.33715655882346,4.63956133216678
18:27:30,|,2.01082565121008,-0.576169725457775,-25.8066436176969,-2.60339954309163,-0.174373702627261
18:32:30,|,2.1928945719593,-1.33600796810857,0.655036219407587,-1.1227477947782,6.86984912692276
18:37:30,|,1.52274286030439,1.60025579452622,-2.06713359957265,0.937350144352451,-2.17692751011851
18:42:30,|,4.12496630241188,-0.0928764520459182,1.50615010791969,-16.1504877388985,2.98775001000095
18:47:30,|,4.02450925164782,-3.02488506172773,0.291273544799816,-0.495886610363715,15.4493948397982
18:52:30,|,-0.177093593256196,4.49160693295036,12.403114846339,0.333956203735466,0.362812088394735
18:57:30,|,0.852830051819922,3.00936186017679,-0.385016297614056,0.49844454395786,-11.6878169258976
