CDT_time,bar_fence,RH_0_2m_init,RH_1_5m_init,RH_4_5m_init,RH_10m_init,bar_fence_1,RH_0_2m_rel,RH_1_5m_rel,RH_4_5m_rel,RH_8_5m_rel,RH_15m_rel,RH_20m_rel,bar_fence_2,RH_0_2m_uconv,RH_1_5m_uconv,RH_4_5m_uconv,RH_10m_uconv,bar_fence_3,RH_0_2m_lconv,RH_1_5m_lconv,RH_4_5m_lconv,RH_8_5m_lconv,RH_15m_lconv,RH_20m_lconv,bar_fence_4,P_1_5m_rel,P_20m_rel,P_1_5m_lconv,P_20m_lconv
19:02:30,|,NaN,NaN,NaN,NaN,|,NaN,NaN,NaN,NaN,NaN,NaN,|,NaN,NaN,NaN,NaN,|,NaN,NaN,NaN,NaN,NaN,NaN,|,NaN,NaN,NaN,NaN
19:07:30,|,NaN,NaN,NaN,NaN,|,NaN,NaN,NaN,NaN,NaN,NaN,|,NaN,NaN,NaN,NaN,|,NaN,NaN,NaN,NaN,NaN,NaN,|,NaN,NaN,NaN,NaN
19:12:30,|,NaN,NaN,NaN,NaN,|,NaN,NaN,NaN,NaN,NaN,NaN,|,NaN,NaN,NaN,NaN,|,NaN,NaN,NaN,NaN,NaN,NaN,|,NaN,NaN,NaN,NaN
19:17:30,|,NaN,NaN,NaN,NaN,|,NaN,NaN,NaN,NaN,NaN,NaN,|,NaN,NaN,NaN,NaN,|,NaN,NaN,NaN,NaN,NaN,NaN,|,NaN,NaN,NaN,NaN
19:22:30,|,NaN,NaN,NaN,NaN,|,NaN,NaN,NaN,NaN,NaN,NaN,|,NaN,NaN,NaN,NaN,|,NaN,NaN,NaN,NaN,NaN,NaN,|,NaN,NaN,NaN,NaN
19:27:30,|,NaN,NaN,NaN,NaN,|,NaN,NaN,NaN,NaN,NaN,NaN,|,NaN,NaN,NaN,NaN,|,NaN,NaN,NaN,NaN,NaN,NaN,|,NaN,NaN,NaN,NaN
19:32:30,|,NaN,NaN,NaN,NaN,|,NaN,NaN,NaN,NaN,NaN,NaN,|,NaN,NaN,NaN,NaN,|,NaN,NaN,NaN,NaN,NaN,NaN,|,NaN,NaN,NaN,NaN
19:37:30,|,NaN,NaN,NaN,NaN,|,NaN,NaN,NaN,NaN,NaN,NaN,|,NaN,NaN,NaN,NaN,|,NaN,NaN,NaN,NaN,NaN,NaN,|,NaN,NaN,NaN,NaN
19:42:30,|,NaN,NaN,NaN,NaN,|,NaN,NaN,NaN,NaN,NaN,NaN,|,NaN,NaN,NaN,NaN,|,NaN,NaN,NaN,NaN,NaN,NaN,|,NaN,NaN,NaN,NaN
19:47:30,|,NaN,NaN,NaN,NaN,|,NaN,NaN,NaN,NaN,NaN,NaN,|,NaN,NaN,NaN,NaN,|,NaN,NaN,NaN,NaN,NaN,NaN,|,NaN,NaN,NaN,NaN
19:52:30,|,NaN,NaN,NaN,NaN,|,NaN,NaN,NaN,NaN,NaN,NaN,|,NaN,NaN,NaN,NaN,|,NaN,NaN,NaN,NaN,NaN,NaN,|,NaN,NaN,NaN,NaN
19:57:30,|,NaN,NaN,NaN,NaN,|,NaN,NaN,NaN,NaN,NaN,NaN,|,NaN,NaN,NaN,NaN,|,NaN,NaN,NaN,NaN,NaN,NaN,|,NaN,NaN,NaN,NaN
20:02:30,|,NaN,NaN,NaN,NaN,|,NaN,NaN,NaN,NaN,NaN,NaN,|,NaN,NaN,NaN,NaN,|,NaN,NaN,NaN,NaN,NaN,NaN,|,NaN,NaN,NaN,NaN
20:07:30,|,NaN,NaN,NaN,NaN,|,NaN,NaN,NaN,NaN,NaN,NaN,|,NaN,NaN,NaN,NaN,|,NaN,NaN,NaN,NaN,NaN,NaN,|,NaN,NaN,NaN,NaN
20:12:30,|,NaN,NaN,NaN,NaN,|,NaN,NaN,NaN,NaN,NaN,NaN,|,NaN,NaN,NaN,NaN,|,NaN,NaN,NaN,NaN,NaN,NaN,|,NaN,NaN,NaN,NaN
20:17:30,|,NaN,NaN,NaN,NaN,|,NaN,NaN,NaN,NaN,NaN,NaN,|,NaN,NaN,NaN,NaN,|,NaN,NaN,NaN,NaN,NaN,NaN,|,NaN,NaN,NaN,NaN
20:22:30,|,NaN,NaN,NaN,NaN,|,NaN,NaN,NaN,NaN,NaN,NaN,|,NaN,NaN,NaN,NaN,|,NaN,NaN,NaN,NaN,NaN,NaN,|,NaN,NaN,NaN,NaN
20:27:30,|,NaN,NaN,NaN,NaN,|,NaN,NaN,NaN,NaN,NaN,NaN,|,NaN,NaN,NaN,NaN,|,NaN,NaN,NaN,NaN,NaN,NaN,|,NaN,NaN,NaN,NaN
20:32:30,|,NaN,NaN,NaN,NaN,|,NaN,NaN,NaN,NaN,NaN,NaN,|,NaN,NaN,NaN,NaN,|,NaN,NaN,NaN,NaN,NaN,NaN,|,NaN,NaN,NaN,NaN
20:37:30,|,NaN,NaN,NaN,NaN,|,NaN,NaN,NaN,NaN,NaN,NaN,|,NaN,NaN,NaN,NaN,|,NaN,NaN,NaN,NaN,NaN,NaN,|,NaN,NaN,NaN,NaN
20:42:30,|,NaN,NaN,NaN,NaN,|,NaN,NaN,NaN,NaN,NaN,NaN,|,NaN,NaN,NaN,NaN,|,NaN,NaN,NaN,NaN,NaN,NaN,|,NaN,NaN,NaN,NaN
20:47:30,|,NaN,NaN,NaN,NaN,|,NaN,NaN,NaN,NaN,NaN,NaN,|,NaN,NaN,NaN,NaN,|,NaN,NaN,NaN,NaN,NaN,NaN,|,NaN,NaN,NaN,NaN
20:52:30,|,NaN,NaN,NaN,NaN,|,NaN,NaN,NaN,NaN,NaN,NaN,|,NaN,NaN,NaN,NaN,|,NaN,NaN,NaN,NaN,NaN,NaN,|,NaN,NaN,NaN,NaN
20:57:30,|,NaN,NaN,NaN,NaN,|,NaN,NaN,NaN,NaN,NaN,NaN,|,NaN,NaN,NaN,NaN,|,NaN,NaN,NaN,NaN,NaN,NaN,|,NaN,NaN,NaN,NaN
21:02:30,|,NaN,NaN,NaN,NaN,|,NaN,NaN,NaN,NaN,NaN,NaN,|,NaN,NaN,NaN,NaN,|,NaN,NaN,NaN,NaN,NaN,NaN,|,NaN,NaN,NaN,NaN
21:07:30,|,NaN,NaN,NaN,NaN,|,NaN,NaN,NaN,NaN,NaN,NaN,|,NaN,NaN,NaN,NaN,|,NaN,NaN,NaN,NaN,NaN,NaN,|,NaN,NaN,NaN,NaN
21:12:30,|,NaN,NaN,NaN,NaN,|,NaN,NaN,NaN,NaN,NaN,NaN,|,NaN,NaN,NaN,NaN,|,NaN,NaN,NaN,NaN,NaN,NaN,|,NaN,NaN,NaN,NaN
21:17:30,|,NaN,NaN,NaN,NaN,|,NaN,NaN,NaN,NaN,NaN,NaN,|,NaN,NaN,NaN,NaN,|,NaN,NaN,NaN,NaN,NaN,NaN,|,NaN,NaN,NaN,NaN
21:22:30,|,NaN,NaN,NaN,NaN,|,NaN,NaN,NaN,NaN,NaN,NaN,|,NaN,NaN,NaN,NaN,|,NaN,NaN,NaN,NaN,NaN,NaN,|,NaN,NaN,NaN,NaN
21:27:30,|,NaN,NaN,NaN,NaN,|,NaN,NaN,NaN,NaN,NaN,NaN,|,NaN,NaN,NaN,NaN,|,NaN,NaN,NaN,NaN,NaN,NaN,|,NaN,NaN,NaN,NaN
21:32:30,|,NaN,NaN,NaN,NaN,|,NaN,NaN,NaN,NaN,NaN,NaN,|,NaN,NaN,NaN,NaN,|,NaN,NaN,NaN,NaN,NaN,NaN,|,NaN,NaN,NaN,NaN
21:37:30,|,NaN,NaN,NaN,NaN,|,NaN,NaN,NaN,NaN,NaN,NaN,|,NaN,NaN,NaN,NaN,|,NaN,NaN,NaN,NaN,NaN,NaN,|,NaN,NaN,NaN,NaN
21:42:30,|,NaN,NaN,NaN,NaN,|,NaN,NaN,NaN,NaN,NaN,NaN,|,NaN,NaN,NaN,NaN,|,NaN,NaN,NaN,NaN,NaN,NaN,|,NaN,NaN,NaN,NaN
21:47:30,|,NaN,NaN,NaN,NaN,|,NaN,NaN,NaN,NaN,NaN,NaN,|,NaN,NaN,NaN,NaN,|,NaN,NaN,NaN,NaN,NaN,NaN,|,NaN,NaN,NaN,NaN
21:52:30,|,NaN,NaN,NaN,NaN,|,NaN,NaN,NaN,NaN,NaN,NaN,|,NaN,NaN,NaN,NaN,|,NaN,NaN,NaN,NaN,NaN,NaN,|,NaN,NaN,NaN,NaN
21:57:30,|,NaN,NaN,NaN,NaN,|,NaN,NaN,NaN,NaN,NaN,NaN,|,NaN,NaN,NaN,NaN,|,NaN,NaN,NaN,NaN,NaN,NaN,|,NaN,NaN,NaN,NaN
22:02:30,|,NaN,NaN,NaN,NaN,|,NaN,NaN,NaN,NaN,NaN,NaN,|,NaN,NaN,NaN,NaN,|,NaN,NaN,NaN,NaN,NaN,NaN,|,NaN,NaN,NaN,NaN
22:07:30,|,NaN,NaN,NaN,NaN,|,NaN,NaN,NaN,NaN,NaN,NaN,|,NaN,NaN,NaN,NaN,|,NaN,NaN,NaN,NaN,NaN,NaN,|,NaN,NaN,NaN,NaN
22:12:30,|,NaN,NaN,NaN,NaN,|,NaN,NaN,NaN,NaN,NaN,NaN,|,NaN,NaN,NaN,NaN,|,NaN,NaN,NaN,NaN,NaN,NaN,|,NaN,NaN,NaN,NaN
22:17:30,|,NaN,NaN,NaN,NaN,|,NaN,NaN,NaN,NaN,NaN,NaN,|,NaN,NaN,NaN,NaN,|,NaN,NaN,NaN,NaN,NaN,NaN,|,NaN,NaN,NaN,NaN
22:22:30,|,NaN,NaN,NaN,NaN,|,NaN,NaN,NaN,NaN,NaN,NaN,|,NaN,NaN,NaN,NaN,|,NaN,NaN,NaN,NaN,NaN,NaN,|,NaN,NaN,NaN,NaN
22:27:30,|,NaN,NaN,NaN,NaN,|,NaN,NaN,NaN,NaN,NaN,NaN,|,NaN,NaN,NaN,NaN,|,NaN,NaN,NaN,NaN,NaN,NaN,|,NaN,NaN,NaN,NaN
22:32:30,|,NaN,NaN,NaN,NaN,|,NaN,NaN,NaN,NaN,NaN,NaN,|,NaN,NaN,NaN,NaN,|,NaN,NaN,NaN,NaN,NaN,NaN,|,NaN,NaN,NaN,NaN
22:37:30,|,NaN,NaN,NaN,NaN,|,NaN,NaN,NaN,NaN,NaN,NaN,|,NaN,NaN,NaN,NaN,|,NaN,NaN,NaN,NaN,NaN,NaN,|,NaN,NaN,NaN,NaN
22:42:30,|,NaN,NaN,NaN,NaN,|,NaN,NaN,NaN,NaN,NaN,NaN,|,NaN,NaN,NaN,NaN,|,NaN,NaN,NaN,NaN,NaN,NaN,|,NaN,NaN,NaN,NaN
22:47:30,|,NaN,NaN,NaN,NaN,|,NaN,NaN,NaN,NaN,NaN,NaN,|,NaN,NaN,NaN,NaN,|,NaN,NaN,NaN,NaN,NaN,NaN,|,NaN,NaN,NaN,NaN
22:52:30,|,NaN,NaN,NaN,NaN,|,NaN,NaN,NaN,NaN,NaN,NaN,|,NaN,NaN,NaN,NaN,|,NaN,NaN,NaN,NaN,NaN,NaN,|,NaN,NaN,NaN,NaN
22:57:30,|,NaN,NaN,NaN,NaN,|,NaN,NaN,NaN,NaN,NaN,NaN,|,NaN,NaN,NaN,NaN,|,NaN,NaN,NaN,NaN,NaN,NaN,|,NaN,NaN,NaN,NaN
23:02:30,|,NaN,NaN,NaN,NaN,|,NaN,NaN,NaN,NaN,NaN,NaN,|,NaN,NaN,NaN,NaN,|,NaN,NaN,NaN,NaN,NaN,NaN,|,NaN,NaN,NaN,NaN
23:07:30,|,NaN,NaN,NaN,NaN,|,NaN,NaN,NaN,NaN,NaN,NaN,|,NaN,NaN,NaN,NaN,|,NaN,NaN,NaN,NaN,NaN,NaN,|,NaN,NaN,NaN,NaN
23:12:30,|,NaN,NaN,NaN,NaN,|,NaN,NaN,NaN,NaN,NaN,NaN,|,NaN,NaN,NaN,NaN,|,NaN,NaN,NaN,NaN,NaN,NaN,|,NaN,NaN,NaN,NaN
23:17:30,|,NaN,NaN,NaN,NaN,|,NaN,NaN,NaN,NaN,NaN,NaN,|,NaN,NaN,NaN,NaN,|,NaN,NaN,NaN,NaN,NaN,NaN,|,NaN,NaN,NaN,NaN
23:22:30,|,NaN,NaN,NaN,NaN,|,NaN,NaN,NaN,NaN,NaN,NaN,|,NaN,NaN,NaN,NaN,|,NaN,NaN,NaN,NaN,NaN,NaN,|,NaN,NaN,NaN,NaN
23:27:30,|,NaN,NaN,NaN,NaN,|,NaN,NaN,NaN,NaN,NaN,NaN,|,NaN,NaN,NaN,NaN,|,NaN,NaN,NaN,NaN,NaN,NaN,|,NaN,NaN,NaN,NaN
23:32:30,|,NaN,NaN,NaN,NaN,|,NaN,NaN,NaN,NaN,NaN,NaN,|,NaN,NaN,NaN,NaN,|,NaN,NaN,NaN,NaN,NaN,NaN,|,NaN,NaN,NaN,NaN
23:37:30,|,NaN,NaN,NaN,NaN,|,NaN,NaN,NaN,NaN,NaN,NaN,|,NaN,NaN,NaN,NaN,|,NaN,NaN,NaN,NaN,NaN,NaN,|,NaN,NaN,NaN,NaN
23:42:30,|,NaN,NaN,NaN,NaN,|,NaN,NaN,NaN,NaN,NaN,NaN,|,NaN,NaN,NaN,NaN,|,NaN,NaN,NaN,NaN,NaN,NaN,|,NaN,NaN,NaN,NaN
23:47:30,|,NaN,NaN,NaN,NaN,|,NaN,NaN,NaN,NaN,NaN,NaN,|,NaN,NaN,NaN,NaN,|,NaN,NaN,NaN,NaN,NaN,NaN,|,NaN,NaN,NaN,NaN
23:52:30,|,NaN,NaN,NaN,NaN,|,NaN,NaN,NaN,NaN,NaN,NaN,|,NaN,NaN,NaN,NaN,|,NaN,NaN,NaN,NaN,NaN,NaN,|,NaN,NaN,NaN,NaN
23:57:30,|,NaN,NaN,NaN,NaN,|,NaN,NaN,NaN,NaN,NaN,NaN,|,NaN,NaN,NaN,NaN,|,NaN,NaN,NaN,NaN,NaN,NaN,|,NaN,NaN,NaN,NaN
00:02:30,|,NaN,NaN,NaN,NaN,|,NaN,NaN,NaN,NaN,NaN,NaN,|,NaN,NaN,NaN,NaN,|,NaN,NaN,NaN,NaN,NaN,NaN,|,NaN,NaN,NaN,NaN
00:07:30,|,NaN,NaN,NaN,NaN,|,NaN,NaN,NaN,NaN,NaN,NaN,|,NaN,NaN,NaN,NaN,|,NaN,NaN,NaN,NaN,NaN,NaN,|,NaN,NaN,NaN,NaN
00:12:30,|,NaN,NaN,NaN,NaN,|,NaN,NaN,NaN,NaN,NaN,NaN,|,NaN,NaN,NaN,NaN,|,NaN,NaN,NaN,NaN,NaN,NaN,|,NaN,NaN,NaN,NaN
00:17:30,|,NaN,NaN,NaN,NaN,|,NaN,NaN,NaN,NaN,NaN,NaN,|,NaN,NaN,NaN,NaN,|,NaN,NaN,NaN,NaN,NaN,NaN,|,NaN,NaN,NaN,NaN
00:22:30,|,NaN,NaN,NaN,NaN,|,NaN,NaN,NaN,NaN,NaN,NaN,|,NaN,NaN,NaN,NaN,|,NaN,NaN,NaN,NaN,NaN,NaN,|,NaN,NaN,NaN,NaN
00:27:30,|,NaN,NaN,NaN,NaN,|,NaN,NaN,NaN,NaN,NaN,NaN,|,NaN,NaN,NaN,NaN,|,NaN,NaN,NaN,NaN,NaN,NaN,|,NaN,NaN,NaN,NaN
00:32:30,|,NaN,NaN,NaN,NaN,|,NaN,NaN,NaN,NaN,NaN,NaN,|,NaN,NaN,NaN,NaN,|,NaN,NaN,NaN,NaN,NaN,NaN,|,NaN,NaN,NaN,NaN
00:37:30,|,NaN,NaN,NaN,NaN,|,NaN,NaN,NaN,NaN,NaN,NaN,|,NaN,NaN,NaN,NaN,|,NaN,NaN,NaN,NaN,NaN,NaN,|,NaN,NaN,NaN,NaN
00:42:30,|,NaN,NaN,NaN,NaN,|,NaN,NaN,NaN,NaN,NaN,NaN,|,NaN,NaN,NaN,NaN,|,NaN,NaN,NaN,NaN,NaN,NaN,|,NaN,NaN,NaN,NaN
00:47:30,|,NaN,NaN,NaN,NaN,|,NaN,NaN,NaN,NaN,NaN,NaN,|,NaN,NaN,NaN,NaN,|,NaN,NaN,NaN,NaN,NaN,NaN,|,NaN,NaN,NaN,NaN
00:52:30,|,NaN,NaN,NaN,NaN,|,NaN,NaN,NaN,NaN,NaN,NaN,|,NaN,NaN,NaN,NaN,|,NaN,NaN,NaN,NaN,NaN,NaN,|,NaN,NaN,NaN,NaN
00:57:30,|,NaN,NaN,NaN,NaN,|,NaN,NaN,NaN,NaN,NaN,NaN,|,NaN,NaN,NaN,NaN,|,NaN,NaN,NaN,NaN,NaN,NaN,|,NaN,NaN,NaN,NaN
01:02:30,|,NaN,NaN,NaN,NaN,|,NaN,NaN,NaN,NaN,NaN,NaN,|,NaN,NaN,NaN,NaN,|,NaN,NaN,NaN,NaN,NaN,NaN,|,NaN,NaN,NaN,NaN
01:07:30,|,NaN,NaN,NaN,NaN,|,NaN,NaN,NaN,NaN,NaN,NaN,|,NaN,NaN,NaN,NaN,|,NaN,NaN,NaN,NaN,NaN,NaN,|,NaN,NaN,NaN,NaN
01:12:30,|,NaN,NaN,NaN,NaN,|,NaN,NaN,NaN,NaN,NaN,NaN,|,NaN,NaN,NaN,NaN,|,NaN,NaN,NaN,NaN,NaN,NaN,|,NaN,NaN,NaN,NaN
01:17:30,|,NaN,NaN,NaN,NaN,|,NaN,NaN,NaN,NaN,NaN,NaN,|,NaN,NaN,NaN,NaN,|,NaN,NaN,NaN,NaN,NaN,NaN,|,NaN,NaN,NaN,NaN
01:22:30,|,NaN,NaN,NaN,NaN,|,NaN,NaN,NaN,NaN,NaN,NaN,|,NaN,NaN,NaN,NaN,|,NaN,NaN,NaN,NaN,NaN,NaN,|,NaN,NaN,NaN,NaN
01:27:30,|,NaN,NaN,NaN,NaN,|,NaN,NaN,NaN,NaN,NaN,NaN,|,NaN,NaN,NaN,NaN,|,NaN,NaN,NaN,NaN,NaN,NaN,|,NaN,NaN,NaN,NaN
01:32:30,|,NaN,NaN,NaN,NaN,|,NaN,NaN,NaN,NaN,NaN,NaN,|,NaN,NaN,NaN,NaN,|,NaN,NaN,NaN,NaN,NaN,NaN,|,NaN,NaN,NaN,NaN
01:37:30,|,NaN,NaN,NaN,NaN,|,NaN,NaN,NaN,NaN,NaN,NaN,|,NaN,NaN,NaN,NaN,|,NaN,NaN,NaN,NaN,NaN,NaN,|,NaN,NaN,NaN,NaN
01:42:30,|,NaN,NaN,NaN,NaN,|,NaN,NaN,NaN,NaN,NaN,NaN,|,NaN,NaN,NaN,NaN,|,NaN,NaN,NaN,NaN,NaN,NaN,|,NaN,NaN,NaN,NaN
01:47:30,|,NaN,NaN,NaN,NaN,|,NaN,NaN,NaN,NaN,NaN,NaN,|,NaN,NaN,NaN,NaN,|,NaN,NaN,NaN,NaN,NaN,NaN,|,NaN,NaN,NaN,NaN
01:52:30,|,NaN,NaN,NaN,NaN,|,NaN,NaN,NaN,NaN,NaN,NaN,|,NaN,NaN,NaN,NaN,|,NaN,NaN,NaN,NaN,NaN,NaN,|,NaN,NaN,NaN,NaN
01:57:30,|,NaN,NaN,NaN,NaN,|,NaN,NaN,NaN,NaN,NaN,NaN,|,NaN,NaN,NaN,NaN,|,NaN,NaN,NaN,NaN,NaN,NaN,|,NaN,NaN,NaN,NaN
02:02:30,|,NaN,NaN,NaN,NaN,|,NaN,NaN,NaN,NaN,NaN,NaN,|,NaN,NaN,NaN,NaN,|,NaN,NaN,NaN,NaN,NaN,NaN,|,NaN,NaN,NaN,NaN
02:07:30,|,NaN,NaN,NaN,NaN,|,NaN,NaN,NaN,NaN,NaN,NaN,|,NaN,NaN,NaN,NaN,|,NaN,NaN,NaN,NaN,NaN,NaN,|,NaN,NaN,NaN,NaN
02:12:30,|,NaN,NaN,NaN,NaN,|,NaN,NaN,NaN,NaN,NaN,NaN,|,NaN,NaN,NaN,NaN,|,NaN,NaN,NaN,NaN,NaN,NaN,|,NaN,NaN,NaN,NaN
02:17:30,|,NaN,NaN,NaN,NaN,|,NaN,NaN,NaN,NaN,NaN,NaN,|,NaN,NaN,NaN,NaN,|,NaN,NaN,NaN,NaN,NaN,NaN,|,NaN,NaN,NaN,NaN
02:22:30,|,NaN,NaN,NaN,NaN,|,NaN,NaN,NaN,NaN,NaN,NaN,|,NaN,NaN,NaN,NaN,|,NaN,NaN,NaN,NaN,NaN,NaN,|,NaN,NaN,NaN,NaN
02:27:30,|,NaN,NaN,NaN,NaN,|,NaN,NaN,NaN,NaN,NaN,NaN,|,NaN,NaN,NaN,NaN,|,NaN,NaN,NaN,NaN,NaN,NaN,|,NaN,NaN,NaN,NaN
02:32:30,|,NaN,NaN,NaN,NaN,|,NaN,NaN,NaN,NaN,NaN,NaN,|,NaN,NaN,NaN,NaN,|,NaN,NaN,NaN,NaN,NaN,NaN,|,NaN,NaN,NaN,NaN
02:37:30,|,NaN,NaN,NaN,NaN,|,NaN,NaN,NaN,NaN,NaN,NaN,|,NaN,NaN,NaN,NaN,|,NaN,NaN,NaN,NaN,NaN,NaN,|,NaN,NaN,NaN,NaN
02:42:30,|,NaN,NaN,NaN,NaN,|,NaN,NaN,NaN,NaN,NaN,NaN,|,NaN,NaN,NaN,NaN,|,NaN,NaN,NaN,NaN,NaN,NaN,|,NaN,NaN,NaN,NaN
02:47:30,|,NaN,NaN,NaN,NaN,|,NaN,NaN,NaN,NaN,NaN,NaN,|,NaN,NaN,NaN,NaN,|,NaN,NaN,NaN,NaN,NaN,NaN,|,NaN,NaN,NaN,NaN
02:52:30,|,NaN,NaN,NaN,NaN,|,NaN,NaN,NaN,NaN,NaN,NaN,|,NaN,NaN,NaN,NaN,|,NaN,NaN,NaN,NaN,NaN,NaN,|,NaN,NaN,NaN,NaN
02:57:30,|,NaN,NaN,NaN,NaN,|,NaN,NaN,NaN,NaN,NaN,NaN,|,NaN,NaN,NaN,NaN,|,NaN,NaN,NaN,NaN,NaN,NaN,|,NaN,NaN,NaN,NaN
03:02:30,|,NaN,NaN,NaN,NaN,|,NaN,NaN,NaN,NaN,NaN,NaN,|,NaN,NaN,NaN,NaN,|,NaN,NaN,NaN,NaN,NaN,NaN,|,NaN,NaN,NaN,NaN
03:07:30,|,NaN,NaN,NaN,NaN,|,NaN,NaN,NaN,NaN,NaN,NaN,|,NaN,NaN,NaN,NaN,|,NaN,NaN,NaN,NaN,NaN,NaN,|,NaN,NaN,NaN,NaN
03:12:30,|,NaN,NaN,NaN,NaN,|,NaN,NaN,NaN,NaN,NaN,NaN,|,NaN,NaN,NaN,NaN,|,NaN,NaN,NaN,NaN,NaN,NaN,|,NaN,NaN,NaN,NaN
03:17:30,|,NaN,NaN,NaN,NaN,|,NaN,NaN,NaN,NaN,NaN,NaN,|,NaN,NaN,NaN,NaN,|,NaN,NaN,NaN,NaN,NaN,NaN,|,NaN,NaN,NaN,NaN
03:22:30,|,NaN,NaN,NaN,NaN,|,NaN,NaN,NaN,NaN,NaN,NaN,|,NaN,NaN,NaN,NaN,|,NaN,NaN,NaN,NaN,NaN,NaN,|,NaN,NaN,NaN,NaN
03:27:30,|,NaN,NaN,NaN,NaN,|,NaN,NaN,NaN,NaN,NaN,NaN,|,NaN,NaN,NaN,NaN,|,NaN,NaN,NaN,NaN,NaN,NaN,|,NaN,NaN,NaN,NaN
03:32:30,|,NaN,NaN,NaN,NaN,|,NaN,NaN,NaN,NaN,NaN,NaN,|,NaN,NaN,NaN,NaN,|,NaN,NaN,NaN,NaN,NaN,NaN,|,NaN,NaN,NaN,NaN
03:37:30,|,NaN,NaN,NaN,NaN,|,NaN,NaN,NaN,NaN,NaN,NaN,|,NaN,NaN,NaN,NaN,|,NaN,NaN,NaN,NaN,NaN,NaN,|,NaN,NaN,NaN,NaN
03:42:30,|,NaN,NaN,NaN,NaN,|,NaN,NaN,NaN,NaN,NaN,NaN,|,NaN,NaN,NaN,NaN,|,NaN,NaN,NaN,NaN,NaN,NaN,|,NaN,NaN,NaN,NaN
03:47:30,|,NaN,NaN,NaN,NaN,|,NaN,NaN,NaN,NaN,NaN,NaN,|,NaN,NaN,NaN,NaN,|,NaN,NaN,NaN,NaN,NaN,NaN,|,NaN,NaN,NaN,NaN
03:52:30,|,NaN,NaN,NaN,NaN,|,NaN,NaN,NaN,NaN,NaN,NaN,|,NaN,NaN,NaN,NaN,|,NaN,NaN,NaN,NaN,NaN,NaN,|,NaN,NaN,NaN,NaN
03:57:30,|,NaN,NaN,NaN,NaN,|,NaN,NaN,NaN,NaN,NaN,NaN,|,NaN,NaN,NaN,NaN,|,NaN,NaN,NaN,NaN,NaN,NaN,|,NaN,NaN,NaN,NaN
04:02:30,|,NaN,NaN,NaN,NaN,|,NaN,NaN,NaN,NaN,NaN,NaN,|,NaN,NaN,NaN,NaN,|,NaN,NaN,NaN,NaN,NaN,NaN,|,NaN,NaN,NaN,NaN
04:07:30,|,NaN,NaN,NaN,NaN,|,NaN,NaN,NaN,NaN,NaN,NaN,|,NaN,NaN,NaN,NaN,|,NaN,NaN,NaN,NaN,NaN,NaN,|,NaN,NaN,NaN,NaN
04:12:30,|,NaN,NaN,NaN,NaN,|,NaN,NaN,NaN,NaN,NaN,NaN,|,NaN,NaN,NaN,NaN,|,NaN,NaN,NaN,NaN,NaN,NaN,|,NaN,NaN,NaN,NaN
04:17:30,|,NaN,NaN,NaN,NaN,|,NaN,NaN,NaN,NaN,NaN,NaN,|,NaN,NaN,NaN,NaN,|,NaN,NaN,NaN,NaN,NaN,NaN,|,NaN,NaN,NaN,NaN
04:22:30,|,NaN,NaN,NaN,NaN,|,NaN,NaN,NaN,NaN,NaN,NaN,|,NaN,NaN,NaN,NaN,|,NaN,NaN,NaN,NaN,NaN,NaN,|,NaN,NaN,NaN,NaN
04:27:30,|,NaN,NaN,NaN,NaN,|,NaN,NaN,NaN,NaN,NaN,NaN,|,NaN,NaN,NaN,NaN,|,NaN,NaN,NaN,NaN,NaN,NaN,|,NaN,NaN,NaN,NaN
04:32:30,|,NaN,NaN,NaN,NaN,|,NaN,NaN,NaN,NaN,NaN,NaN,|,NaN,NaN,NaN,NaN,|,NaN,NaN,NaN,NaN,NaN,NaN,|,NaN,NaN,NaN,NaN
04:37:30,|,NaN,NaN,NaN,NaN,|,NaN,NaN,NaN,NaN,NaN,NaN,|,NaN,NaN,NaN,NaN,|,NaN,NaN,NaN,NaN,NaN,NaN,|,NaN,NaN,NaN,NaN
04:42:30,|,NaN,NaN,NaN,NaN,|,NaN,NaN,NaN,NaN,NaN,NaN,|,NaN,NaN,NaN,NaN,|,NaN,NaN,NaN,NaN,NaN,NaN,|,NaN,NaN,NaN,NaN
04:47:30,|,NaN,NaN,NaN,NaN,|,NaN,NaN,NaN,NaN,NaN,NaN,|,NaN,NaN,NaN,NaN,|,NaN,NaN,NaN,NaN,NaN,NaN,|,NaN,NaN,NaN,NaN
04:52:30,|,NaN,NaN,NaN,NaN,|,NaN,NaN,NaN,NaN,NaN,NaN,|,NaN,NaN,NaN,NaN,|,NaN,NaN,NaN,NaN,NaN,NaN,|,NaN,NaN,NaN,NaN
04:57:30,|,NaN,NaN,NaN,NaN,|,NaN,NaN,NaN,NaN,NaN,NaN,|,NaN,NaN,NaN,NaN,|,NaN,NaN,NaN,NaN,NaN,NaN,|,NaN,NaN,NaN,NaN
05:02:30,|,NaN,NaN,NaN,NaN,|,NaN,NaN,NaN,NaN,NaN,NaN,|,NaN,NaN,NaN,NaN,|,NaN,NaN,NaN,NaN,NaN,NaN,|,NaN,NaN,NaN,NaN
05:07:30,|,NaN,NaN,NaN,NaN,|,NaN,NaN,NaN,NaN,NaN,NaN,|,NaN,NaN,NaN,NaN,|,NaN,NaN,NaN,NaN,NaN,NaN,|,NaN,NaN,NaN,NaN
05:12:30,|,NaN,NaN,NaN,NaN,|,NaN,NaN,NaN,NaN,NaN,NaN,|,NaN,NaN,NaN,NaN,|,NaN,NaN,NaN,NaN,NaN,NaN,|,NaN,NaN,NaN,NaN
05:17:30,|,NaN,NaN,NaN,NaN,|,NaN,NaN,NaN,NaN,NaN,NaN,|,NaN,NaN,NaN,NaN,|,NaN,NaN,NaN,NaN,NaN,NaN,|,NaN,NaN,NaN,NaN
05:22:30,|,NaN,NaN,NaN,NaN,|,NaN,NaN,NaN,NaN,NaN,NaN,|,NaN,NaN,NaN,NaN,|,NaN,NaN,NaN,NaN,NaN,NaN,|,NaN,NaN,NaN,NaN
05:27:30,|,NaN,NaN,NaN,NaN,|,NaN,NaN,NaN,NaN,NaN,NaN,|,NaN,NaN,NaN,NaN,|,NaN,NaN,NaN,NaN,NaN,NaN,|,NaN,NaN,NaN,NaN
05:32:30,|,NaN,NaN,NaN,NaN,|,NaN,NaN,NaN,NaN,NaN,NaN,|,NaN,NaN,NaN,NaN,|,NaN,NaN,NaN,NaN,NaN,NaN,|,NaN,NaN,NaN,NaN
05:37:30,|,NaN,NaN,NaN,NaN,|,NaN,NaN,NaN,NaN,NaN,NaN,|,NaN,NaN,NaN,NaN,|,NaN,NaN,NaN,NaN,NaN,NaN,|,NaN,NaN,NaN,NaN
05:42:30,|,NaN,NaN,NaN,NaN,|,NaN,NaN,NaN,NaN,NaN,NaN,|,NaN,NaN,NaN,NaN,|,NaN,NaN,NaN,NaN,NaN,NaN,|,NaN,NaN,NaN,NaN
05:47:30,|,NaN,NaN,NaN,NaN,|,NaN,NaN,NaN,NaN,NaN,NaN,|,NaN,NaN,NaN,NaN,|,NaN,NaN,NaN,NaN,NaN,NaN,|,NaN,NaN,NaN,NaN
05:52:30,|,NaN,NaN,NaN,NaN,|,NaN,NaN,NaN,NaN,NaN,NaN,|,NaN,NaN,NaN,NaN,|,NaN,NaN,NaN,NaN,NaN,NaN,|,NaN,NaN,NaN,NaN
05:57:30,|,NaN,NaN,NaN,NaN,|,NaN,NaN,NaN,NaN,NaN,NaN,|,NaN,NaN,NaN,NaN,|,NaN,NaN,NaN,NaN,NaN,NaN,|,NaN,NaN,NaN,NaN
06:02:30,|,NaN,NaN,NaN,NaN,|,NaN,NaN,NaN,NaN,NaN,NaN,|,NaN,NaN,NaN,NaN,|,NaN,NaN,NaN,NaN,NaN,NaN,|,NaN,NaN,NaN,NaN
06:07:30,|,NaN,NaN,NaN,NaN,|,NaN,NaN,NaN,NaN,NaN,NaN,|,NaN,NaN,NaN,NaN,|,NaN,NaN,NaN,NaN,NaN,NaN,|,NaN,NaN,NaN,NaN
06:12:30,|,NaN,NaN,NaN,NaN,|,NaN,NaN,NaN,NaN,NaN,NaN,|,NaN,NaN,NaN,NaN,|,NaN,NaN,NaN,NaN,NaN,NaN,|,NaN,NaN,NaN,NaN
06:17:30,|,NaN,NaN,NaN,NaN,|,NaN,NaN,NaN,NaN,NaN,NaN,|,NaN,NaN,NaN,NaN,|,NaN,NaN,NaN,NaN,NaN,NaN,|,NaN,NaN,NaN,NaN
06:22:30,|,NaN,NaN,NaN,NaN,|,NaN,NaN,NaN,NaN,NaN,NaN,|,NaN,NaN,NaN,NaN,|,NaN,NaN,NaN,NaN,NaN,NaN,|,NaN,NaN,NaN,NaN
06:27:30,|,NaN,NaN,NaN,NaN,|,NaN,NaN,NaN,NaN,NaN,NaN,|,NaN,NaN,NaN,NaN,|,NaN,NaN,NaN,NaN,NaN,NaN,|,NaN,NaN,NaN,NaN
06:32:30,|,NaN,NaN,NaN,NaN,|,NaN,NaN,NaN,NaN,NaN,NaN,|,NaN,NaN,NaN,NaN,|,NaN,NaN,NaN,NaN,NaN,NaN,|,NaN,NaN,NaN,NaN
06:37:30,|,NaN,NaN,NaN,NaN,|,NaN,NaN,NaN,NaN,NaN,NaN,|,NaN,NaN,NaN,NaN,|,NaN,NaN,NaN,NaN,NaN,NaN,|,NaN,NaN,NaN,NaN
06:42:30,|,NaN,NaN,NaN,NaN,|,NaN,NaN,NaN,NaN,NaN,NaN,|,NaN,NaN,NaN,NaN,|,NaN,NaN,NaN,NaN,NaN,NaN,|,NaN,NaN,NaN,NaN
06:47:30,|,NaN,NaN,NaN,NaN,|,NaN,NaN,NaN,NaN,NaN,NaN,|,NaN,NaN,NaN,NaN,|,NaN,NaN,NaN,NaN,NaN,NaN,|,NaN,NaN,NaN,NaN
06:52:30,|,NaN,NaN,NaN,NaN,|,NaN,NaN,NaN,NaN,NaN,NaN,|,NaN,NaN,NaN,NaN,|,NaN,NaN,NaN,NaN,NaN,NaN,|,NaN,NaN,NaN,NaN
06:57:30,|,NaN,NaN,NaN,NaN,|,NaN,NaN,NaN,NaN,NaN,NaN,|,NaN,NaN,NaN,NaN,|,NaN,NaN,NaN,NaN,NaN,NaN,|,NaN,NaN,NaN,NaN
07:02:30,|,NaN,NaN,NaN,NaN,|,NaN,NaN,NaN,NaN,NaN,NaN,|,NaN,NaN,NaN,NaN,|,NaN,NaN,NaN,NaN,NaN,NaN,|,NaN,NaN,NaN,NaN
07:07:30,|,NaN,NaN,NaN,NaN,|,NaN,NaN,NaN,NaN,NaN,NaN,|,NaN,NaN,NaN,NaN,|,NaN,NaN,NaN,NaN,NaN,NaN,|,NaN,NaN,NaN,NaN
07:12:30,|,NaN,NaN,NaN,NaN,|,NaN,NaN,NaN,NaN,NaN,NaN,|,NaN,NaN,NaN,NaN,|,NaN,NaN,NaN,NaN,NaN,NaN,|,NaN,NaN,NaN,NaN
07:17:30,|,NaN,NaN,NaN,NaN,|,NaN,NaN,NaN,NaN,NaN,NaN,|,NaN,NaN,NaN,NaN,|,NaN,NaN,NaN,NaN,NaN,NaN,|,NaN,NaN,NaN,NaN
07:22:30,|,NaN,NaN,NaN,NaN,|,NaN,NaN,NaN,NaN,NaN,NaN,|,NaN,NaN,NaN,NaN,|,NaN,NaN,NaN,NaN,NaN,NaN,|,NaN,NaN,NaN,NaN
07:27:30,|,NaN,NaN,NaN,NaN,|,NaN,NaN,NaN,NaN,NaN,NaN,|,NaN,NaN,NaN,NaN,|,NaN,NaN,NaN,NaN,NaN,NaN,|,NaN,NaN,NaN,NaN
07:32:30,|,NaN,NaN,NaN,NaN,|,NaN,NaN,NaN,NaN,NaN,NaN,|,NaN,NaN,NaN,NaN,|,NaN,NaN,NaN,NaN,NaN,NaN,|,NaN,NaN,NaN,NaN
07:37:30,|,NaN,NaN,NaN,NaN,|,NaN,NaN,NaN,NaN,NaN,NaN,|,NaN,NaN,NaN,NaN,|,NaN,NaN,NaN,NaN,NaN,NaN,|,NaN,NaN,NaN,NaN
07:42:30,|,NaN,NaN,NaN,NaN,|,NaN,NaN,NaN,NaN,NaN,NaN,|,NaN,NaN,NaN,NaN,|,NaN,NaN,NaN,NaN,NaN,NaN,|,NaN,NaN,NaN,NaN
07:47:30,|,NaN,NaN,NaN,NaN,|,NaN,NaN,NaN,NaN,NaN,NaN,|,NaN,NaN,NaN,NaN,|,NaN,NaN,NaN,NaN,NaN,NaN,|,NaN,NaN,NaN,NaN
07:52:30,|,NaN,NaN,NaN,NaN,|,NaN,NaN,NaN,NaN,NaN,NaN,|,NaN,NaN,NaN,NaN,|,NaN,NaN,NaN,NaN,NaN,NaN,|,NaN,NaN,NaN,NaN
07:57:30,|,NaN,NaN,NaN,NaN,|,NaN,NaN,NaN,NaN,NaN,NaN,|,NaN,NaN,NaN,NaN,|,NaN,NaN,NaN,NaN,NaN,NaN,|,NaN,NaN,NaN,NaN
08:02:30,|,NaN,NaN,NaN,NaN,|,NaN,NaN,NaN,NaN,NaN,NaN,|,NaN,NaN,NaN,NaN,|,NaN,NaN,NaN,NaN,NaN,NaN,|,NaN,NaN,NaN,NaN
08:07:30,|,NaN,NaN,NaN,NaN,|,NaN,NaN,NaN,NaN,NaN,NaN,|,NaN,NaN,NaN,NaN,|,NaN,NaN,NaN,NaN,NaN,NaN,|,NaN,NaN,NaN,NaN
08:12:30,|,NaN,NaN,NaN,NaN,|,NaN,NaN,NaN,NaN,NaN,NaN,|,NaN,NaN,NaN,NaN,|,NaN,NaN,NaN,NaN,NaN,NaN,|,NaN,NaN,NaN,NaN
08:17:30,|,NaN,NaN,NaN,NaN,|,NaN,NaN,NaN,NaN,NaN,NaN,|,NaN,NaN,NaN,NaN,|,NaN,NaN,NaN,NaN,NaN,NaN,|,NaN,NaN,NaN,NaN
08:22:30,|,NaN,NaN,NaN,NaN,|,NaN,NaN,NaN,NaN,NaN,NaN,|,NaN,NaN,NaN,NaN,|,NaN,NaN,NaN,NaN,NaN,NaN,|,NaN,NaN,NaN,NaN
08:27:30,|,NaN,NaN,NaN,NaN,|,NaN,NaN,NaN,NaN,NaN,NaN,|,NaN,NaN,NaN,NaN,|,NaN,NaN,NaN,NaN,NaN,NaN,|,NaN,NaN,NaN,NaN
08:32:30,|,NaN,NaN,NaN,NaN,|,NaN,NaN,NaN,NaN,NaN,NaN,|,NaN,NaN,NaN,NaN,|,NaN,NaN,NaN,NaN,NaN,NaN,|,NaN,NaN,NaN,NaN
08:37:30,|,NaN,NaN,NaN,NaN,|,NaN,NaN,NaN,NaN,NaN,NaN,|,NaN,NaN,NaN,NaN,|,NaN,NaN,NaN,NaN,NaN,NaN,|,NaN,NaN,NaN,NaN
08:42:30,|,NaN,NaN,NaN,NaN,|,NaN,NaN,NaN,NaN,NaN,NaN,|,NaN,NaN,NaN,NaN,|,NaN,NaN,NaN,NaN,NaN,NaN,|,NaN,NaN,NaN,NaN
08:47:30,|,NaN,NaN,NaN,NaN,|,NaN,NaN,NaN,NaN,NaN,NaN,|,NaN,NaN,NaN,NaN,|,NaN,NaN,NaN,NaN,NaN,NaN,|,NaN,NaN,NaN,NaN
08:52:30,|,NaN,NaN,NaN,NaN,|,NaN,NaN,NaN,NaN,NaN,NaN,|,NaN,NaN,NaN,NaN,|,NaN,NaN,NaN,NaN,NaN,NaN,|,NaN,NaN,NaN,NaN
08:57:30,|,NaN,NaN,NaN,NaN,|,NaN,NaN,NaN,NaN,NaN,NaN,|,NaN,NaN,NaN,NaN,|,NaN,NaN,NaN,NaN,NaN,NaN,|,NaN,NaN,NaN,NaN
09:02:30,|,NaN,NaN,NaN,NaN,|,NaN,NaN,NaN,NaN,NaN,NaN,|,NaN,NaN,NaN,NaN,|,NaN,NaN,NaN,NaN,NaN,NaN,|,NaN,NaN,NaN,NaN
09:07:30,|,NaN,NaN,NaN,NaN,|,NaN,NaN,NaN,NaN,NaN,NaN,|,NaN,NaN,NaN,NaN,|,NaN,NaN,NaN,NaN,NaN,NaN,|,NaN,NaN,NaN,NaN
09:12:30,|,NaN,NaN,NaN,NaN,|,NaN,NaN,NaN,NaN,NaN,NaN,|,NaN,NaN,NaN,NaN,|,NaN,NaN,NaN,NaN,NaN,NaN,|,NaN,NaN,NaN,NaN
09:17:30,|,NaN,NaN,NaN,NaN,|,NaN,NaN,NaN,NaN,NaN,NaN,|,NaN,NaN,NaN,NaN,|,NaN,NaN,NaN,NaN,NaN,NaN,|,NaN,NaN,NaN,NaN
09:22:30,|,NaN,NaN,NaN,NaN,|,NaN,NaN,NaN,NaN,NaN,NaN,|,NaN,NaN,NaN,NaN,|,NaN,NaN,NaN,NaN,NaN,NaN,|,NaN,NaN,NaN,NaN
09:27:30,|,NaN,NaN,NaN,NaN,|,NaN,NaN,NaN,NaN,NaN,NaN,|,NaN,NaN,NaN,NaN,|,NaN,NaN,NaN,NaN,NaN,NaN,|,NaN,NaN,NaN,NaN
09:32:30,|,NaN,NaN,NaN,NaN,|,NaN,NaN,NaN,NaN,NaN,NaN,|,NaN,NaN,NaN,NaN,|,NaN,NaN,NaN,NaN,NaN,NaN,|,NaN,NaN,NaN,NaN
09:37:30,|,NaN,NaN,NaN,NaN,|,NaN,NaN,NaN,NaN,NaN,NaN,|,NaN,NaN,NaN,NaN,|,NaN,NaN,NaN,NaN,NaN,NaN,|,NaN,NaN,NaN,NaN
09:42:30,|,NaN,NaN,NaN,NaN,|,NaN,NaN,NaN,NaN,NaN,NaN,|,NaN,NaN,NaN,NaN,|,NaN,NaN,NaN,NaN,NaN,NaN,|,NaN,NaN,NaN,NaN
09:47:30,|,NaN,NaN,NaN,NaN,|,NaN,NaN,NaN,NaN,NaN,NaN,|,NaN,NaN,NaN,NaN,|,NaN,NaN,NaN,NaN,NaN,NaN,|,NaN,NaN,NaN,NaN
09:52:30,|,NaN,NaN,NaN,NaN,|,NaN,NaN,NaN,NaN,NaN,NaN,|,NaN,NaN,NaN,NaN,|,NaN,NaN,NaN,NaN,NaN,NaN,|,NaN,NaN,NaN,NaN
09:57:30,|,NaN,NaN,NaN,NaN,|,NaN,NaN,NaN,NaN,NaN,NaN,|,NaN,NaN,NaN,NaN,|,NaN,NaN,NaN,NaN,NaN,NaN,|,NaN,NaN,NaN,NaN
10:02:30,|,NaN,NaN,NaN,NaN,|,NaN,NaN,NaN,NaN,NaN,NaN,|,NaN,NaN,NaN,NaN,|,NaN,NaN,NaN,NaN,NaN,NaN,|,NaN,NaN,NaN,NaN
10:07:30,|,NaN,NaN,NaN,NaN,|,NaN,NaN,NaN,NaN,NaN,NaN,|,NaN,NaN,NaN,NaN,|,NaN,NaN,NaN,NaN,NaN,NaN,|,NaN,NaN,NaN,NaN
10:12:30,|,NaN,NaN,NaN,NaN,|,NaN,NaN,NaN,NaN,NaN,NaN,|,NaN,NaN,NaN,NaN,|,NaN,NaN,NaN,NaN,NaN,NaN,|,NaN,NaN,NaN,NaN
10:17:30,|,NaN,NaN,NaN,NaN,|,NaN,NaN,NaN,NaN,NaN,NaN,|,NaN,NaN,NaN,NaN,|,NaN,NaN,NaN,NaN,NaN,NaN,|,NaN,NaN,NaN,NaN
10:22:30,|,NaN,NaN,NaN,NaN,|,NaN,NaN,NaN,NaN,NaN,NaN,|,NaN,NaN,NaN,NaN,|,NaN,NaN,NaN,NaN,NaN,NaN,|,NaN,NaN,NaN,NaN
10:27:30,|,NaN,NaN,NaN,NaN,|,NaN,NaN,NaN,NaN,NaN,NaN,|,NaN,NaN,NaN,NaN,|,NaN,NaN,NaN,NaN,NaN,NaN,|,NaN,NaN,NaN,NaN
10:32:30,|,NaN,NaN,NaN,NaN,|,NaN,NaN,NaN,NaN,NaN,NaN,|,NaN,NaN,NaN,NaN,|,NaN,NaN,NaN,NaN,NaN,NaN,|,NaN,NaN,NaN,NaN
10:37:30,|,NaN,NaN,NaN,NaN,|,NaN,NaN,NaN,NaN,NaN,NaN,|,NaN,NaN,NaN,NaN,|,NaN,NaN,NaN,NaN,NaN,NaN,|,NaN,NaN,NaN,NaN
10:42:30,|,NaN,NaN,NaN,NaN,|,NaN,NaN,NaN,NaN,NaN,NaN,|,NaN,NaN,NaN,NaN,|,NaN,NaN,NaN,NaN,NaN,NaN,|,NaN,NaN,NaN,NaN
10:47:30,|,NaN,NaN,NaN,NaN,|,NaN,NaN,NaN,NaN,NaN,NaN,|,NaN,NaN,NaN,NaN,|,NaN,NaN,NaN,NaN,NaN,NaN,|,NaN,NaN,NaN,NaN
10:52:30,|,NaN,NaN,NaN,NaN,|,NaN,NaN,NaN,NaN,NaN,NaN,|,NaN,NaN,NaN,NaN,|,NaN,NaN,NaN,NaN,NaN,NaN,|,NaN,NaN,NaN,NaN
10:57:30,|,NaN,NaN,NaN,NaN,|,NaN,NaN,NaN,NaN,NaN,NaN,|,NaN,NaN,NaN,NaN,|,NaN,NaN,NaN,NaN,NaN,NaN,|,NaN,NaN,NaN,NaN
11:02:30,|,NaN,NaN,NaN,NaN,|,NaN,NaN,NaN,NaN,NaN,NaN,|,NaN,NaN,NaN,NaN,|,NaN,NaN,NaN,NaN,NaN,NaN,|,NaN,NaN,NaN,NaN
11:07:30,|,NaN,NaN,NaN,NaN,|,NaN,NaN,NaN,NaN,NaN,NaN,|,NaN,NaN,NaN,NaN,|,NaN,NaN,NaN,NaN,NaN,NaN,|,NaN,NaN,NaN,NaN
11:12:30,|,NaN,NaN,NaN,NaN,|,NaN,NaN,NaN,NaN,NaN,NaN,|,NaN,NaN,NaN,NaN,|,NaN,NaN,NaN,NaN,NaN,NaN,|,NaN,NaN,NaN,NaN
11:17:30,|,NaN,NaN,NaN,NaN,|,NaN,NaN,NaN,NaN,NaN,NaN,|,NaN,NaN,NaN,NaN,|,NaN,NaN,NaN,NaN,NaN,NaN,|,NaN,NaN,NaN,NaN
11:22:30,|,NaN,NaN,NaN,NaN,|,NaN,NaN,NaN,NaN,NaN,NaN,|,NaN,NaN,NaN,NaN,|,NaN,NaN,NaN,NaN,NaN,NaN,|,NaN,NaN,NaN,NaN
11:27:30,|,NaN,NaN,NaN,NaN,|,NaN,NaN,NaN,NaN,NaN,NaN,|,NaN,NaN,NaN,NaN,|,NaN,NaN,NaN,NaN,NaN,NaN,|,NaN,NaN,NaN,NaN
11:32:30,|,NaN,NaN,NaN,NaN,|,NaN,NaN,NaN,NaN,NaN,NaN,|,NaN,NaN,NaN,NaN,|,NaN,NaN,NaN,NaN,NaN,NaN,|,NaN,NaN,NaN,NaN
11:37:30,|,NaN,NaN,NaN,NaN,|,NaN,NaN,NaN,NaN,NaN,NaN,|,NaN,NaN,NaN,NaN,|,NaN,NaN,NaN,NaN,NaN,NaN,|,NaN,NaN,NaN,NaN
11:42:30,|,NaN,NaN,NaN,NaN,|,NaN,NaN,NaN,NaN,NaN,NaN,|,NaN,NaN,NaN,NaN,|,NaN,NaN,NaN,NaN,NaN,NaN,|,NaN,NaN,NaN,NaN
11:47:30,|,NaN,NaN,NaN,NaN,|,NaN,NaN,NaN,NaN,NaN,NaN,|,NaN,NaN,NaN,NaN,|,NaN,NaN,NaN,NaN,NaN,NaN,|,NaN,NaN,NaN,NaN
11:52:30,|,NaN,NaN,NaN,NaN,|,NaN,NaN,NaN,NaN,NaN,NaN,|,NaN,NaN,NaN,NaN,|,NaN,NaN,NaN,NaN,NaN,NaN,|,NaN,NaN,NaN,NaN
11:57:30,|,NaN,NaN,NaN,NaN,|,NaN,NaN,NaN,NaN,NaN,NaN,|,NaN,NaN,NaN,NaN,|,NaN,NaN,NaN,NaN,NaN,NaN,|,NaN,NaN,NaN,NaN
12:02:30,|,NaN,NaN,NaN,NaN,|,NaN,NaN,NaN,NaN,NaN,NaN,|,NaN,NaN,NaN,NaN,|,NaN,NaN,NaN,NaN,NaN,NaN,|,NaN,NaN,NaN,NaN
12:07:30,|,NaN,NaN,NaN,NaN,|,NaN,NaN,NaN,NaN,NaN,NaN,|,NaN,NaN,NaN,NaN,|,NaN,NaN,NaN,NaN,NaN,NaN,|,NaN,NaN,NaN,NaN
12:12:30,|,NaN,NaN,NaN,NaN,|,NaN,NaN,NaN,NaN,NaN,NaN,|,NaN,NaN,NaN,NaN,|,NaN,NaN,NaN,NaN,NaN,NaN,|,NaN,NaN,NaN,NaN
12:17:30,|,NaN,NaN,NaN,NaN,|,NaN,NaN,NaN,NaN,NaN,NaN,|,NaN,NaN,NaN,NaN,|,NaN,NaN,NaN,NaN,NaN,NaN,|,NaN,NaN,NaN,NaN
12:22:30,|,NaN,NaN,NaN,NaN,|,NaN,NaN,NaN,NaN,NaN,NaN,|,NaN,NaN,NaN,NaN,|,NaN,NaN,NaN,NaN,NaN,NaN,|,NaN,NaN,NaN,NaN
12:27:30,|,NaN,NaN,NaN,NaN,|,NaN,NaN,NaN,NaN,NaN,NaN,|,NaN,NaN,NaN,NaN,|,NaN,NaN,NaN,NaN,NaN,NaN,|,NaN,NaN,NaN,NaN
12:32:30,|,NaN,NaN,NaN,NaN,|,NaN,NaN,NaN,NaN,NaN,NaN,|,NaN,NaN,NaN,NaN,|,NaN,NaN,NaN,NaN,NaN,NaN,|,NaN,NaN,NaN,NaN
12:37:30,|,NaN,NaN,NaN,NaN,|,NaN,NaN,NaN,NaN,NaN,NaN,|,NaN,NaN,NaN,NaN,|,NaN,NaN,NaN,NaN,NaN,NaN,|,NaN,NaN,NaN,NaN
12:42:30,|,NaN,NaN,NaN,NaN,|,NaN,NaN,NaN,NaN,NaN,NaN,|,NaN,NaN,NaN,NaN,|,NaN,NaN,NaN,NaN,NaN,NaN,|,NaN,NaN,NaN,NaN
12:47:30,|,NaN,NaN,NaN,NaN,|,NaN,NaN,NaN,NaN,NaN,NaN,|,NaN,NaN,NaN,NaN,|,NaN,NaN,NaN,NaN,NaN,NaN,|,NaN,NaN,NaN,NaN
12:52:30,|,NaN,NaN,NaN,NaN,|,NaN,NaN,NaN,NaN,NaN,NaN,|,NaN,NaN,NaN,NaN,|,NaN,NaN,NaN,NaN,NaN,NaN,|,NaN,NaN,NaN,NaN
12:57:30,|,NaN,NaN,NaN,NaN,|,NaN,NaN,NaN,NaN,NaN,NaN,|,NaN,NaN,NaN,NaN,|,NaN,NaN,NaN,NaN,NaN,NaN,|,NaN,NaN,NaN,NaN
13:02:30,|,NaN,NaN,NaN,NaN,|,NaN,NaN,NaN,NaN,NaN,NaN,|,NaN,NaN,NaN,NaN,|,NaN,NaN,NaN,NaN,NaN,NaN,|,NaN,NaN,NaN,NaN
13:07:30,|,NaN,NaN,NaN,NaN,|,NaN,NaN,NaN,NaN,NaN,NaN,|,NaN,NaN,NaN,NaN,|,NaN,NaN,NaN,NaN,NaN,NaN,|,NaN,NaN,NaN,NaN
13:12:30,|,NaN,NaN,NaN,NaN,|,NaN,NaN,NaN,NaN,NaN,NaN,|,NaN,NaN,NaN,NaN,|,NaN,NaN,NaN,NaN,NaN,NaN,|,NaN,NaN,NaN,NaN
13:17:30,|,NaN,NaN,NaN,NaN,|,NaN,NaN,NaN,NaN,NaN,NaN,|,NaN,NaN,NaN,NaN,|,NaN,NaN,NaN,NaN,NaN,NaN,|,NaN,NaN,NaN,NaN
13:22:30,|,NaN,NaN,NaN,NaN,|,NaN,NaN,NaN,NaN,NaN,NaN,|,NaN,NaN,NaN,NaN,|,NaN,NaN,NaN,NaN,NaN,NaN,|,NaN,NaN,NaN,NaN
13:27:30,|,NaN,NaN,NaN,NaN,|,NaN,NaN,NaN,NaN,NaN,NaN,|,NaN,NaN,NaN,NaN,|,NaN,NaN,NaN,NaN,NaN,NaN,|,NaN,NaN,NaN,NaN
13:32:30,|,NaN,NaN,NaN,NaN,|,NaN,NaN,NaN,NaN,NaN,NaN,|,NaN,NaN,NaN,NaN,|,NaN,NaN,NaN,NaN,NaN,NaN,|,NaN,NaN,NaN,NaN
13:37:30,|,NaN,NaN,NaN,NaN,|,NaN,NaN,NaN,NaN,NaN,NaN,|,NaN,NaN,NaN,NaN,|,NaN,NaN,NaN,NaN,NaN,NaN,|,NaN,NaN,NaN,NaN
13:42:30,|,NaN,NaN,NaN,NaN,|,NaN,NaN,NaN,NaN,NaN,NaN,|,NaN,NaN,NaN,NaN,|,NaN,NaN,NaN,NaN,NaN,NaN,|,NaN,NaN,NaN,NaN
13:47:30,|,NaN,NaN,NaN,NaN,|,NaN,NaN,NaN,NaN,NaN,NaN,|,NaN,NaN,NaN,NaN,|,NaN,NaN,NaN,NaN,NaN,NaN,|,NaN,NaN,NaN,NaN
13:52:30,|,NaN,NaN,NaN,NaN,|,NaN,NaN,NaN,NaN,NaN,NaN,|,NaN,NaN,NaN,NaN,|,NaN,NaN,NaN,NaN,NaN,NaN,|,NaN,NaN,NaN,NaN
13:57:30,|,NaN,NaN,NaN,NaN,|,NaN,NaN,NaN,NaN,NaN,NaN,|,NaN,NaN,NaN,NaN,|,NaN,NaN,NaN,NaN,NaN,NaN,|,NaN,NaN,NaN,NaN
14:02:30,|,NaN,NaN,NaN,NaN,|,NaN,NaN,NaN,NaN,NaN,NaN,|,NaN,NaN,NaN,NaN,|,NaN,NaN,NaN,NaN,NaN,NaN,|,NaN,NaN,NaN,NaN
14:07:30,|,NaN,NaN,NaN,NaN,|,NaN,NaN,NaN,NaN,NaN,NaN,|,NaN,NaN,NaN,NaN,|,NaN,NaN,NaN,NaN,NaN,NaN,|,NaN,NaN,NaN,NaN
14:12:30,|,NaN,NaN,NaN,NaN,|,NaN,NaN,NaN,NaN,NaN,NaN,|,NaN,NaN,NaN,NaN,|,NaN,NaN,NaN,NaN,NaN,NaN,|,NaN,NaN,NaN,NaN
14:17:30,|,NaN,NaN,NaN,NaN,|,NaN,NaN,NaN,NaN,NaN,NaN,|,NaN,NaN,NaN,NaN,|,NaN,NaN,NaN,NaN,NaN,NaN,|,NaN,NaN,NaN,NaN
14:22:30,|,NaN,NaN,NaN,NaN,|,NaN,NaN,NaN,NaN,NaN,NaN,|,NaN,NaN,NaN,NaN,|,NaN,NaN,NaN,NaN,NaN,NaN,|,NaN,NaN,NaN,NaN
14:27:30,|,NaN,NaN,NaN,NaN,|,NaN,NaN,NaN,NaN,NaN,NaN,|,NaN,NaN,NaN,NaN,|,NaN,NaN,NaN,NaN,NaN,NaN,|,NaN,NaN,NaN,NaN
14:32:30,|,NaN,NaN,NaN,NaN,|,NaN,NaN,NaN,NaN,NaN,NaN,|,NaN,NaN,NaN,NaN,|,NaN,NaN,NaN,NaN,NaN,NaN,|,NaN,NaN,NaN,NaN
14:37:30,|,NaN,NaN,NaN,NaN,|,NaN,NaN,NaN,NaN,NaN,NaN,|,NaN,NaN,NaN,NaN,|,NaN,NaN,NaN,NaN,NaN,NaN,|,NaN,NaN,NaN,NaN
14:42:30,|,NaN,NaN,NaN,NaN,|,NaN,NaN,NaN,NaN,NaN,NaN,|,NaN,NaN,NaN,NaN,|,NaN,NaN,NaN,NaN,NaN,NaN,|,NaN,NaN,NaN,NaN
14:47:30,|,NaN,NaN,NaN,NaN,|,NaN,NaN,NaN,NaN,NaN,NaN,|,NaN,NaN,NaN,NaN,|,NaN,NaN,NaN,NaN,NaN,NaN,|,NaN,NaN,NaN,NaN
14:52:30,|,NaN,NaN,NaN,NaN,|,NaN,NaN,NaN,NaN,NaN,NaN,|,NaN,NaN,NaN,NaN,|,NaN,NaN,NaN,NaN,NaN,NaN,|,NaN,NaN,NaN,NaN
14:57:30,|,NaN,NaN,NaN,NaN,|,NaN,NaN,NaN,NaN,NaN,NaN,|,NaN,NaN,NaN,NaN,|,NaN,NaN,NaN,NaN,NaN,NaN,|,NaN,NaN,NaN,NaN
15:02:30,|,NaN,NaN,NaN,NaN,|,NaN,NaN,NaN,NaN,NaN,NaN,|,NaN,NaN,NaN,NaN,|,NaN,NaN,NaN,NaN,NaN,NaN,|,NaN,NaN,NaN,NaN
15:07:30,|,NaN,NaN,NaN,NaN,|,NaN,NaN,NaN,NaN,NaN,NaN,|,NaN,NaN,NaN,NaN,|,NaN,NaN,NaN,NaN,NaN,NaN,|,NaN,NaN,NaN,NaN
15:12:30,|,NaN,NaN,NaN,NaN,|,NaN,NaN,NaN,NaN,NaN,NaN,|,NaN,NaN,NaN,NaN,|,NaN,NaN,NaN,NaN,NaN,NaN,|,NaN,NaN,NaN,NaN
15:17:30,|,NaN,NaN,NaN,NaN,|,NaN,NaN,NaN,NaN,NaN,NaN,|,NaN,NaN,NaN,NaN,|,NaN,NaN,NaN,NaN,NaN,NaN,|,NaN,NaN,NaN,NaN
15:22:30,|,NaN,NaN,NaN,NaN,|,NaN,NaN,NaN,NaN,NaN,NaN,|,NaN,NaN,NaN,NaN,|,NaN,NaN,NaN,NaN,NaN,NaN,|,NaN,NaN,NaN,NaN
15:27:30,|,NaN,NaN,NaN,NaN,|,NaN,NaN,NaN,NaN,NaN,NaN,|,NaN,NaN,NaN,NaN,|,NaN,NaN,NaN,NaN,NaN,NaN,|,NaN,NaN,NaN,NaN
15:32:30,|,NaN,NaN,NaN,NaN,|,NaN,NaN,NaN,NaN,NaN,NaN,|,NaN,NaN,NaN,NaN,|,NaN,NaN,NaN,NaN,NaN,NaN,|,NaN,NaN,NaN,NaN
15:37:30,|,NaN,NaN,NaN,NaN,|,NaN,NaN,NaN,NaN,NaN,NaN,|,NaN,NaN,NaN,NaN,|,NaN,NaN,NaN,NaN,NaN,NaN,|,NaN,NaN,NaN,NaN
15:42:30,|,NaN,NaN,NaN,NaN,|,NaN,NaN,NaN,NaN,NaN,NaN,|,NaN,NaN,NaN,NaN,|,NaN,NaN,NaN,NaN,NaN,NaN,|,NaN,NaN,NaN,NaN
15:47:30,|,NaN,NaN,NaN,NaN,|,NaN,NaN,NaN,NaN,NaN,NaN,|,NaN,NaN,NaN,NaN,|,NaN,NaN,NaN,NaN,NaN,NaN,|,NaN,NaN,NaN,NaN
15:52:30,|,NaN,NaN,NaN,NaN,|,NaN,NaN,NaN,NaN,NaN,NaN,|,NaN,NaN,NaN,NaN,|,NaN,NaN,NaN,NaN,NaN,NaN,|,NaN,NaN,NaN,NaN
15:57:30,|,NaN,NaN,NaN,NaN,|,NaN,NaN,NaN,NaN,NaN,NaN,|,NaN,NaN,NaN,NaN,|,NaN,NaN,NaN,NaN,NaN,NaN,|,NaN,NaN,NaN,NaN
16:02:30,|,NaN,NaN,NaN,NaN,|,NaN,NaN,NaN,NaN,NaN,NaN,|,NaN,NaN,NaN,NaN,|,NaN,NaN,NaN,NaN,NaN,NaN,|,NaN,NaN,NaN,NaN
16:07:30,|,NaN,NaN,NaN,NaN,|,NaN,NaN,NaN,NaN,NaN,NaN,|,NaN,NaN,NaN,NaN,|,NaN,NaN,NaN,NaN,NaN,NaN,|,NaN,NaN,NaN,NaN
16:12:30,|,NaN,NaN,NaN,NaN,|,NaN,NaN,NaN,NaN,NaN,NaN,|,NaN,NaN,NaN,NaN,|,NaN,NaN,NaN,NaN,NaN,NaN,|,NaN,NaN,NaN,NaN
16:17:30,|,NaN,NaN,NaN,NaN,|,NaN,NaN,NaN,NaN,NaN,NaN,|,NaN,NaN,NaN,NaN,|,NaN,NaN,NaN,NaN,NaN,NaN,|,NaN,NaN,NaN,NaN
16:22:30,|,NaN,NaN,NaN,NaN,|,NaN,NaN,NaN,NaN,NaN,NaN,|,NaN,NaN,NaN,NaN,|,NaN,NaN,NaN,NaN,NaN,NaN,|,NaN,NaN,NaN,NaN
16:27:30,|,NaN,NaN,NaN,NaN,|,NaN,NaN,NaN,NaN,NaN,NaN,|,NaN,NaN,NaN,NaN,|,NaN,NaN,NaN,NaN,NaN,NaN,|,NaN,NaN,NaN,NaN
16:32:30,|,NaN,NaN,NaN,NaN,|,NaN,NaN,NaN,NaN,NaN,NaN,|,NaN,NaN,NaN,NaN,|,NaN,NaN,NaN,NaN,NaN,NaN,|,NaN,NaN,NaN,NaN
16:37:30,|,NaN,NaN,37.4017181396484,NaN,|,NaN,NaN,NaN,NaN,NaN,NaN,|,NaN,NaN,NaN,NaN,|,NaN,NaN,NaN,NaN,NaN,NaN,|,NaN,NaN,NaN,NaN
16:42:30,|,NaN,NaN,37.1428489685059,NaN,|,NaN,NaN,NaN,NaN,NaN,NaN,|,NaN,NaN,NaN,NaN,|,NaN,NaN,NaN,NaN,NaN,NaN,|,NaN,NaN,NaN,NaN
16:47:30,|,NaN,NaN,37.5740280151367,NaN,|,NaN,NaN,NaN,NaN,NaN,NaN,|,NaN,NaN,NaN,NaN,|,NaN,NaN,NaN,NaN,NaN,NaN,|,NaN,NaN,NaN,NaN
16:52:30,|,NaN,NaN,37.6586570739746,NaN,|,NaN,NaN,NaN,NaN,NaN,NaN,|,NaN,NaN,NaN,NaN,|,NaN,NaN,NaN,NaN,NaN,NaN,|,NaN,NaN,NaN,NaN
16:57:30,|,46.1321182250977,37.288215637207,36.6579284667969,NaN,|,NaN,NaN,NaN,NaN,NaN,NaN,|,NaN,NaN,NaN,NaN,|,NaN,NaN,NaN,NaN,NaN,NaN,|,NaN,NaN,NaN,NaN
17:02:30,|,45.5564765930176,37.7735214233398,37.1415100097656,NaN,|,NaN,NaN,NaN,NaN,NaN,NaN,|,NaN,NaN,NaN,NaN,|,NaN,NaN,NaN,NaN,NaN,NaN,|,NaN,NaN,NaN,NaN
17:07:30,|,46.2430191040039,38.4392623901367,37.9110717773438,NaN,|,NaN,NaN,NaN,NaN,NaN,NaN,|,NaN,NaN,NaN,NaN,|,NaN,NaN,NaN,NaN,NaN,NaN,|,NaN,NaN,NaN,NaN
17:12:30,|,46.3713607788086,38.3413238525391,37.6271820068359,NaN,|,NaN,NaN,NaN,NaN,NaN,NaN,|,NaN,NaN,NaN,NaN,|,NaN,NaN,NaN,NaN,NaN,NaN,|,NaN,NaN,NaN,NaN
17:17:30,|,43.1097640991211,37.2638931274414,36.8493614196777,NaN,|,NaN,NaN,NaN,NaN,NaN,NaN,|,NaN,NaN,NaN,NaN,|,NaN,NaN,NaN,NaN,NaN,NaN,|,NaN,NaN,NaN,NaN
17:22:30,|,44.4085922241211,38.4538269042969,37.8805999755859,NaN,|,NaN,NaN,NaN,NaN,NaN,NaN,|,NaN,NaN,NaN,NaN,|,NaN,NaN,NaN,NaN,NaN,NaN,|,NaN,NaN,NaN,NaN
17:27:30,|,45.7025489807129,39.0337104797363,38.7210083007813,NaN,|,NaN,NaN,NaN,NaN,NaN,NaN,|,NaN,NaN,NaN,NaN,|,NaN,NaN,NaN,NaN,NaN,NaN,|,NaN,NaN,NaN,NaN
17:32:30,|,44.7046966552734,38.8106384277344,38.5077171325684,NaN,|,NaN,NaN,NaN,NaN,NaN,NaN,|,NaN,NaN,NaN,NaN,|,NaN,NaN,NaN,NaN,NaN,NaN,|,NaN,NaN,NaN,NaN
17:37:30,|,46.6168785095215,39.5843276977539,39.4015045166016,NaN,|,NaN,NaN,NaN,NaN,NaN,NaN,|,NaN,NaN,NaN,NaN,|,NaN,NaN,NaN,NaN,NaN,NaN,|,NaN,NaN,NaN,NaN
17:42:30,|,46.1197662353516,39.6280250549316,39.224967956543,NaN,|,NaN,NaN,NaN,NaN,NaN,NaN,|,NaN,NaN,NaN,NaN,|,NaN,NaN,NaN,NaN,NaN,NaN,|,NaN,NaN,NaN,NaN
17:47:30,|,46.0098991394043,40.0117454528809,39.4047813415527,NaN,|,NaN,NaN,NaN,NaN,NaN,NaN,|,NaN,NaN,NaN,NaN,|,NaN,NaN,NaN,NaN,NaN,NaN,|,NaN,NaN,NaN,NaN
17:52:30,|,45.2757377624512,39.3051681518555,38.740234375,NaN,|,NaN,NaN,NaN,NaN,NaN,NaN,|,NaN,NaN,NaN,NaN,|,NaN,NaN,NaN,NaN,NaN,NaN,|,NaN,NaN,NaN,NaN
17:57:30,|,47.5220184326172,40.3578605651855,39.9803009033203,NaN,|,NaN,NaN,NaN,NaN,NaN,NaN,|,NaN,NaN,NaN,NaN,|,NaN,NaN,NaN,NaN,NaN,NaN,|,NaN,NaN,NaN,NaN
18:02:30,|,47.712516784668,40.0044288635254,39.2943801879883,NaN,|,NaN,NaN,NaN,NaN,NaN,NaN,|,NaN,NaN,NaN,NaN,|,NaN,NaN,NaN,NaN,NaN,NaN,|,NaN,NaN,NaN,NaN
18:07:30,|,46.9961738586426,39.636890411377,38.9679870605469,NaN,|,NaN,41.5271415710449,NaN,NaN,NaN,NaN,|,NaN,NaN,NaN,NaN,|,NaN,NaN,NaN,NaN,NaN,NaN,|,NaN,NaN,NaN,NaN
18:12:30,|,47.6931533813477,40.7209396362305,39.6425094604492,NaN,|,NaN,42.4194984436035,NaN,NaN,NaN,NaN,|,NaN,NaN,NaN,NaN,|,NaN,NaN,NaN,NaN,NaN,NaN,|,NaN,NaN,NaN,NaN
18:17:30,|,49.4985237121582,41.125316619873,40.473991394043,NaN,|,45.5469627380371,43.7445640563965,NaN,NaN,NaN,NaN,|,NaN,NaN,NaN,NaN,|,NaN,NaN,NaN,NaN,NaN,NaN,|,NaN,NaN,NaN,NaN
18:22:30,|,50.7593612670898,41.8827514648438,40.9449157714844,NaN,|,46.8856811523438,44.7211647033691,NaN,NaN,NaN,NaN,|,NaN,NaN,NaN,NaN,|,NaN,NaN,NaN,NaN,NaN,NaN,|,NaN,NaN,NaN,NaN
18:27:30,|,54.0196990966797,42.8095321655273,41.6761054992676,NaN,|,49.2798309326172,46.652515411377,NaN,NaN,NaN,NaN,|,NaN,NaN,NaN,NaN,|,NaN,NaN,NaN,NaN,NaN,NaN,|,NaN,NaN,NaN,NaN
18:32:30,|,60.477180480957,44.3999328613281,42.9718742370605,NaN,|,51.8611755371094,48.4297637939453,NaN,NaN,NaN,NaN,|,NaN,NaN,NaN,NaN,|,NaN,NaN,NaN,NaN,NaN,NaN,|,NaN,NaN,NaN,NaN
18:37:30,|,63.7521820068359,45.6747169494629,43.8643951416016,NaN,|,53.7156028747559,50.7441291809082,NaN,NaN,NaN,NaN,|,NaN,NaN,NaN,NaN,|,NaN,NaN,NaN,NaN,NaN,NaN,|,NaN,NaN,NaN,NaN
18:42:30,|,66.4259414672852,47.4878845214844,45.2044486999512,NaN,|,56.8662414550781,54.0079879760742,NaN,NaN,NaN,NaN,|,NaN,NaN,NaN,NaN,|,NaN,NaN,NaN,NaN,NaN,NaN,|,NaN,NaN,NaN,NaN
18:47:30,|,65.2637252807617,48.6671905517578,45.9145965576172,NaN,|,60.8274841308594,57.6705703735352,NaN,NaN,NaN,NaN,|,NaN,NaN,NaN,NaN,|,NaN,NaN,NaN,NaN,NaN,NaN,|,NaN,NaN,NaN,NaN
18:52:30,|,74.5779190063477,51.3263740539551,47.4467544555664,NaN,|,64.3563766479492,60.1789932250977,NaN,NaN,NaN,NaN,|,NaN,NaN,NaN,NaN,|,NaN,NaN,NaN,NaN,NaN,NaN,|,NaN,NaN,NaN,NaN
18:57:30,|,77.9670333862305,57.3869247436523,49.6971130371094,NaN,|,68.3871231079102,62.2858047485352,NaN,NaN,NaN,NaN,|,NaN,NaN,NaN,NaN,|,NaN,NaN,NaN,NaN,NaN,NaN,|,NaN,NaN,NaN,NaN
