CDT_time,bar_fence,RH_0_2m_init,RH_1_5m_init,RH_4_5m_init,RH_10m_init,bar_fence_1,RH_0_2m_rel,RH_1_5m_rel,RH_4_5m_rel,RH_8_5m_rel,RH_15m_rel,RH_20m_rel,bar_fence_2,RH_0_2m_uconv,RH_1_5m_uconv,RH_4_5m_uconv,RH_10m_uconv,bar_fence_3,RH_0_2m_lconv,RH_1_5m_lconv,RH_4_5m_lconv,RH_8_5m_lconv,RH_15m_lconv,RH_20m_lconv,bar_fence_4,P_1_5m_rel,P_20m_rel,P_1_5m_lconv,P_20m_lconv
18:02:30,|,NaN,NaN,NaN,NaN,|,NaN,NaN,NaN,NaN,NaN,NaN,|,97.328857421875,NaN,NaN,NaN,|,NaN,101.316543579102,97.7659530639648,95.9550323486328,NaN,NaN,|,NaN,NaN,996.427368164063,NaN
18:07:30,|,NaN,NaN,NaN,NaN,|,NaN,NaN,NaN,NaN,NaN,NaN,|,97.6566467285156,NaN,NaN,NaN,|,NaN,101.310401916504,97.7596969604492,95.9289245605469,NaN,NaN,|,NaN,NaN,996.44677734375,NaN
18:12:30,|,NaN,NaN,NaN,NaN,|,NaN,NaN,NaN,NaN,NaN,NaN,|,97.6884231567383,NaN,NaN,NaN,|,NaN,101.566284179688,97.7698287963867,96.3886260986328,NaN,NaN,|,NaN,NaN,996.43408203125,NaN
18:17:30,|,NaN,NaN,NaN,NaN,|,NaN,NaN,NaN,NaN,NaN,NaN,|,97.4285888671875,NaN,NaN,NaN,|,NaN,101.401405334473,97.7646636962891,96.0095291137695,NaN,NaN,|,NaN,NaN,996.449584960938,NaN
18:22:30,|,NaN,NaN,NaN,NaN,|,NaN,NaN,NaN,NaN,NaN,NaN,|,97.2982482910156,NaN,NaN,NaN,|,NaN,101.314346313477,97.7687606811523,95.9432220458984,NaN,NaN,|,NaN,NaN,996.461791992188,NaN
18:27:30,|,NaN,NaN,NaN,NaN,|,NaN,NaN,NaN,NaN,NaN,NaN,|,96.9374542236328,NaN,NaN,NaN,|,NaN,100.928123474121,97.2719802856445,95.6512069702148,NaN,NaN,|,NaN,NaN,996.503234863281,NaN
18:32:30,|,NaN,NaN,NaN,NaN,|,NaN,NaN,NaN,NaN,NaN,NaN,|,96.9047698974609,NaN,NaN,NaN,|,NaN,100.210136413574,96.7117080688477,94.7664260864258,NaN,NaN,|,NaN,NaN,996.519714355469,NaN
18:37:30,|,NaN,NaN,NaN,NaN,|,NaN,NaN,NaN,NaN,NaN,NaN,|,96.8632202148438,NaN,NaN,NaN,|,NaN,99.5931854248047,96.1697311401367,94.1433868408203,NaN,NaN,|,NaN,NaN,996.541625976563,NaN
18:42:30,|,NaN,NaN,NaN,NaN,|,NaN,NaN,NaN,NaN,NaN,NaN,|,96.6821823120117,NaN,NaN,NaN,|,NaN,99.768928527832,96.1698303222656,94.4239273071289,NaN,NaN,|,NaN,NaN,996.546997070313,NaN
18:47:30,|,NaN,NaN,NaN,NaN,|,NaN,NaN,NaN,NaN,NaN,NaN,|,96.9098663330078,NaN,NaN,NaN,|,NaN,100.003318786621,96.3070220947266,94.6598968505859,NaN,NaN,|,NaN,NaN,996.513061523438,NaN
18:52:30,|,NaN,NaN,NaN,NaN,|,NaN,NaN,NaN,NaN,NaN,NaN,|,97.0187911987305,NaN,NaN,NaN,|,NaN,99.8892288208008,96.2098999023438,94.2549133300781,NaN,NaN,|,NaN,NaN,996.556762695313,NaN
18:57:30,|,NaN,NaN,NaN,NaN,|,NaN,NaN,NaN,NaN,NaN,NaN,|,96.6678848266602,NaN,NaN,NaN,|,NaN,99.7666473388672,96.1568222045898,94.1354370117188,NaN,NaN,|,NaN,NaN,996.557006835938,NaN
19:02:30,|,NaN,NaN,NaN,NaN,|,NaN,NaN,NaN,NaN,NaN,NaN,|,96.8626480102539,NaN,NaN,NaN,|,NaN,100.048194885254,96.1554718017578,94.6420135498047,NaN,NaN,|,NaN,NaN,996.582763671875,NaN
19:07:30,|,NaN,NaN,NaN,NaN,|,NaN,NaN,NaN,NaN,NaN,NaN,|,96.9638595581055,NaN,NaN,NaN,|,NaN,100.223320007324,96.3952484130859,94.6954040527344,NaN,NaN,|,NaN,NaN,996.587707519531,NaN
19:12:30,|,NaN,NaN,NaN,NaN,|,NaN,NaN,NaN,NaN,NaN,NaN,|,96.8208084106445,NaN,NaN,NaN,|,NaN,99.2699966430664,95.8403701782227,94.1030578613281,NaN,NaN,|,NaN,NaN,996.5,NaN
19:17:30,|,NaN,NaN,NaN,NaN,|,NaN,NaN,NaN,NaN,NaN,NaN,|,96.317253112793,NaN,NaN,NaN,|,NaN,99.2717056274414,95.5252838134766,93.7514801025391,NaN,NaN,|,NaN,NaN,996.492126464844,NaN
19:22:30,|,NaN,NaN,NaN,NaN,|,NaN,NaN,NaN,NaN,NaN,NaN,|,96.1361083984375,NaN,NaN,NaN,|,NaN,98.7207717895508,95.3187942504883,93.3021774291992,NaN,NaN,|,NaN,NaN,996.490661621094,NaN
19:27:30,|,NaN,NaN,NaN,NaN,|,NaN,NaN,NaN,NaN,NaN,NaN,|,96.3631210327148,NaN,NaN,NaN,|,NaN,99.4445648193359,95.980598449707,94.1904373168945,NaN,NaN,|,NaN,NaN,996.440307617188,NaN
19:32:30,|,NaN,NaN,NaN,NaN,|,NaN,NaN,NaN,NaN,NaN,NaN,|,96.7883529663086,NaN,NaN,NaN,|,NaN,99.6094284057617,96.1189270019531,94.4120788574219,NaN,NaN,|,NaN,NaN,996.308837890625,NaN
19:37:30,|,NaN,NaN,NaN,NaN,|,NaN,NaN,NaN,NaN,NaN,NaN,|,96.7960739135742,NaN,NaN,NaN,|,NaN,100.290000915527,96.5166931152344,94.9640579223633,NaN,NaN,|,NaN,NaN,996.279235839844,NaN
19:42:30,|,NaN,NaN,NaN,NaN,|,NaN,NaN,NaN,NaN,NaN,NaN,|,96.541374206543,NaN,NaN,NaN,|,NaN,100.10578918457,96.1481857299805,94.5303649902344,NaN,NaN,|,NaN,NaN,996.270812988281,NaN
19:47:30,|,NaN,NaN,NaN,NaN,|,NaN,NaN,NaN,NaN,NaN,NaN,|,96.8433837890625,NaN,NaN,NaN,|,NaN,100.075874328613,96.5333480834961,94.7361068725586,NaN,NaN,|,NaN,NaN,996.164489746094,NaN
19:52:30,|,NaN,NaN,NaN,NaN,|,NaN,NaN,NaN,NaN,NaN,NaN,|,96.0013122558594,NaN,NaN,NaN,|,NaN,98.6053161621094,95.1051025390625,92.9556732177734,NaN,NaN,|,NaN,NaN,996.139587402344,NaN
19:57:30,|,NaN,NaN,NaN,NaN,|,NaN,NaN,NaN,NaN,NaN,NaN,|,95.6722259521484,NaN,NaN,NaN,|,NaN,98.1596984863281,94.4662551879883,92.5186920166016,NaN,NaN,|,NaN,NaN,996.122009277344,NaN
20:02:30,|,NaN,NaN,NaN,NaN,|,NaN,NaN,NaN,NaN,NaN,NaN,|,95.7475814819336,NaN,NaN,NaN,|,NaN,98.4484939575195,94.9329528808594,92.8797988891602,NaN,NaN,|,NaN,NaN,996.012817382813,NaN
20:07:30,|,NaN,NaN,NaN,NaN,|,NaN,NaN,NaN,NaN,NaN,NaN,|,95.7537231445313,NaN,NaN,NaN,|,NaN,98.9580230712891,95.0600357055664,93.3157043457031,NaN,NaN,|,NaN,NaN,995.873474121094,NaN
20:12:30,|,NaN,NaN,NaN,NaN,|,NaN,NaN,NaN,NaN,NaN,NaN,|,96.0602035522461,NaN,NaN,NaN,|,NaN,99.4809722900391,95.8091583251953,94.1028213500977,NaN,NaN,|,NaN,NaN,995.872619628906,NaN
20:17:30,|,NaN,NaN,NaN,NaN,|,NaN,NaN,NaN,NaN,NaN,NaN,|,96.7639083862305,NaN,NaN,NaN,|,NaN,99.6935577392578,96.0417098999023,94.3271484375,NaN,NaN,|,NaN,NaN,995.836608886719,NaN
20:22:30,|,NaN,NaN,NaN,NaN,|,NaN,NaN,NaN,NaN,NaN,NaN,|,96.057014465332,NaN,NaN,NaN,|,NaN,99.0873565673828,95.564094543457,93.4665145874023,NaN,NaN,|,NaN,NaN,995.807006835938,NaN
20:27:30,|,NaN,NaN,NaN,NaN,|,NaN,NaN,NaN,NaN,NaN,NaN,|,95.1479568481445,NaN,NaN,NaN,|,NaN,97.9331512451172,94.1443786621094,91.7090606689453,NaN,NaN,|,NaN,NaN,995.841003417969,NaN
20:32:30,|,NaN,NaN,NaN,NaN,|,NaN,NaN,NaN,NaN,NaN,NaN,|,94.9437942504883,NaN,NaN,NaN,|,NaN,97.1263198852539,93.7070159912109,91.7751998901367,NaN,NaN,|,NaN,NaN,995.888305664063,NaN
20:37:30,|,NaN,NaN,NaN,NaN,|,NaN,NaN,NaN,NaN,NaN,NaN,|,95.3131561279297,NaN,NaN,NaN,|,NaN,97.8947982788086,94.439567565918,92.5016098022461,NaN,NaN,|,NaN,NaN,995.897216796875,NaN
20:42:30,|,NaN,NaN,NaN,NaN,|,NaN,NaN,NaN,NaN,NaN,NaN,|,95.3515167236328,NaN,NaN,NaN,|,NaN,97.5513687133789,94.1437606811523,92.107551574707,NaN,NaN,|,NaN,NaN,995.819274902344,NaN
20:47:30,|,NaN,NaN,NaN,NaN,|,NaN,NaN,NaN,NaN,NaN,NaN,|,95.3515472412109,NaN,NaN,NaN,|,NaN,96.2591247558594,92.7186965942383,90.3308715820313,NaN,NaN,|,NaN,NaN,995.840942382813,NaN
20:52:30,|,NaN,NaN,NaN,NaN,|,NaN,NaN,NaN,NaN,NaN,NaN,|,95.1818084716797,NaN,NaN,NaN,|,NaN,96.1215744018555,92.5966415405273,90.4612045288086,NaN,NaN,|,NaN,NaN,995.826904296875,NaN
20:57:30,|,NaN,NaN,NaN,NaN,|,NaN,NaN,NaN,NaN,NaN,NaN,|,94.7737579345703,NaN,NaN,NaN,|,NaN,94.6612396240234,91.6245803833008,89.5442581176758,NaN,NaN,|,NaN,NaN,995.857482910156,NaN
21:02:30,|,NaN,NaN,NaN,NaN,|,NaN,NaN,NaN,NaN,NaN,NaN,|,91.953971862793,NaN,NaN,NaN,|,NaN,94.5221710205078,91.7568817138672,89.7044296264648,NaN,NaN,|,NaN,NaN,995.864501953125,NaN
21:07:30,|,NaN,NaN,NaN,NaN,|,NaN,NaN,NaN,NaN,NaN,NaN,|,94.1734924316406,NaN,NaN,NaN,|,NaN,96.2096633911133,92.4819717407227,90.5852508544922,NaN,NaN,|,NaN,NaN,995.810424804688,NaN
21:12:30,|,NaN,NaN,NaN,NaN,|,NaN,NaN,NaN,NaN,NaN,NaN,|,94.4274139404297,NaN,NaN,NaN,|,NaN,96.1429748535156,92.9110717773438,91.1813125610352,NaN,NaN,|,NaN,NaN,995.828979492188,NaN
21:17:30,|,NaN,NaN,NaN,NaN,|,NaN,NaN,NaN,NaN,NaN,NaN,|,95.321174621582,NaN,NaN,NaN,|,NaN,95.6426391601563,92.8385314941406,91.1409378051758,NaN,NaN,|,NaN,NaN,995.864013671875,NaN
21:22:30,|,NaN,NaN,NaN,NaN,|,NaN,NaN,NaN,NaN,NaN,NaN,|,93.3252029418945,NaN,NaN,NaN,|,NaN,95.6526489257813,92.7147979736328,90.9852676391602,NaN,NaN,|,NaN,NaN,995.8212890625,NaN
21:27:30,|,NaN,NaN,NaN,NaN,|,NaN,NaN,NaN,NaN,NaN,NaN,|,92.7658233642578,NaN,NaN,NaN,|,NaN,95.8752822875977,92.5781936645508,90.7524795532227,NaN,NaN,|,NaN,NaN,995.784301757813,NaN
21:32:30,|,NaN,NaN,NaN,NaN,|,NaN,NaN,NaN,NaN,NaN,NaN,|,94.4288558959961,NaN,NaN,NaN,|,NaN,95.9172134399414,92.65234375,90.4276504516602,NaN,NaN,|,NaN,NaN,995.798461914063,NaN
21:37:30,|,NaN,NaN,NaN,NaN,|,NaN,NaN,NaN,NaN,NaN,NaN,|,94.6962051391602,NaN,NaN,NaN,|,NaN,95.7498321533203,92.4109420776367,90.5432434082031,NaN,NaN,|,NaN,NaN,995.741333007813,NaN
21:42:30,|,NaN,NaN,NaN,NaN,|,NaN,NaN,NaN,NaN,NaN,NaN,|,94.7366409301758,NaN,NaN,NaN,|,NaN,96.7081604003906,92.8915710449219,90.6237945556641,NaN,NaN,|,NaN,NaN,995.650390625,NaN
21:47:30,|,NaN,NaN,NaN,NaN,|,NaN,NaN,NaN,NaN,NaN,NaN,|,94.3023223876953,NaN,NaN,NaN,|,NaN,96.2153854370117,92.9975204467773,90.8906707763672,NaN,NaN,|,NaN,NaN,995.734313964844,NaN
21:52:30,|,NaN,NaN,NaN,NaN,|,NaN,NaN,NaN,NaN,NaN,NaN,|,93.8502349853516,NaN,NaN,NaN,|,NaN,95.2894973754883,92.0795288085938,89.8981628417969,NaN,NaN,|,NaN,NaN,995.80810546875,NaN
21:57:30,|,NaN,NaN,NaN,NaN,|,NaN,NaN,NaN,NaN,NaN,NaN,|,94.2701034545898,NaN,NaN,NaN,|,NaN,94.4908676147461,92.0036468505859,90.1497650146484,NaN,NaN,|,NaN,NaN,995.860473632813,NaN
22:02:30,|,NaN,NaN,NaN,NaN,|,NaN,NaN,NaN,NaN,NaN,NaN,|,94.4061431884766,NaN,NaN,NaN,|,NaN,94.8584899902344,91.8311080932617,89.775032043457,NaN,NaN,|,NaN,NaN,995.848693847656,NaN
22:07:30,|,NaN,NaN,NaN,NaN,|,NaN,NaN,NaN,NaN,NaN,NaN,|,93.3626251220703,NaN,NaN,NaN,|,NaN,94.7320404052734,91.7234420776367,89.6634902954102,NaN,NaN,|,NaN,NaN,995.8349609375,NaN
22:12:30,|,NaN,NaN,NaN,NaN,|,NaN,NaN,NaN,NaN,NaN,NaN,|,93.9753723144531,NaN,NaN,NaN,|,NaN,96.6006393432617,93.0496292114258,91.3741302490234,NaN,NaN,|,NaN,NaN,995.760131835938,NaN
22:17:30,|,NaN,NaN,NaN,NaN,|,NaN,NaN,NaN,NaN,NaN,NaN,|,94.7597351074219,NaN,NaN,NaN,|,NaN,96.6835098266602,93.048225402832,91.0375595092773,NaN,NaN,|,NaN,NaN,995.587768554688,NaN
22:22:30,|,NaN,NaN,NaN,NaN,|,NaN,NaN,NaN,NaN,NaN,NaN,|,94.8818435668945,NaN,NaN,NaN,|,NaN,96.4939575195313,92.9355697631836,91.2887573242188,NaN,NaN,|,NaN,NaN,995.482727050781,NaN
22:27:30,|,NaN,NaN,NaN,NaN,|,NaN,NaN,NaN,NaN,NaN,NaN,|,94.610237121582,NaN,NaN,NaN,|,NaN,95.9739837646484,92.8590927124023,91.2905349731445,NaN,NaN,|,NaN,NaN,995.3798828125,NaN
22:32:30,|,NaN,NaN,NaN,NaN,|,NaN,NaN,NaN,NaN,NaN,NaN,|,94.7085952758789,NaN,NaN,NaN,|,NaN,96.4082641601563,93.2694931030273,91.3836898803711,NaN,NaN,|,NaN,NaN,995.23681640625,NaN
22:37:30,|,NaN,NaN,NaN,NaN,|,NaN,NaN,NaN,NaN,NaN,NaN,|,95.0890274047852,NaN,NaN,NaN,|,NaN,96.5773849487305,93.2999649047852,91.3082580566406,NaN,NaN,|,NaN,NaN,995.14990234375,NaN
22:42:30,|,NaN,NaN,NaN,NaN,|,NaN,NaN,NaN,NaN,NaN,NaN,|,94.965705871582,NaN,NaN,NaN,|,NaN,97.6469879150391,93.8923110961914,91.6742935180664,NaN,NaN,|,NaN,NaN,995.0390625,NaN
22:47:30,|,NaN,NaN,NaN,NaN,|,NaN,NaN,NaN,NaN,NaN,NaN,|,95.0100326538086,NaN,NaN,NaN,|,NaN,97.8164138793945,94.2342987060547,92.1414413452148,NaN,NaN,|,NaN,NaN,994.907958984375,NaN
22:52:30,|,NaN,NaN,NaN,NaN,|,NaN,NaN,NaN,NaN,NaN,NaN,|,95.3387222290039,NaN,NaN,NaN,|,NaN,97.7374954223633,94.3837814331055,92.1806716918945,NaN,NaN,|,NaN,NaN,994.80810546875,NaN
22:57:30,|,NaN,NaN,NaN,NaN,|,NaN,NaN,NaN,NaN,NaN,NaN,|,95.4564743041992,NaN,NaN,NaN,|,NaN,97.3142166137695,94.3783874511719,92.2944259643555,NaN,NaN,|,NaN,NaN,994.880554199219,NaN
23:02:30,|,NaN,NaN,NaN,NaN,|,NaN,NaN,NaN,NaN,NaN,NaN,|,95.7872848510742,NaN,NaN,NaN,|,NaN,97.9947662353516,94.7974624633789,93.0602340698242,NaN,NaN,|,NaN,NaN,994.828125,NaN
23:07:30,|,NaN,NaN,NaN,NaN,|,NaN,NaN,NaN,NaN,NaN,NaN,|,95.8913803100586,NaN,NaN,NaN,|,NaN,98.6615753173828,95.2877197265625,93.8099975585938,NaN,NaN,|,NaN,NaN,994.709045410156,NaN
23:12:30,|,NaN,NaN,NaN,NaN,|,NaN,NaN,NaN,NaN,NaN,NaN,|,95.399528503418,NaN,NaN,NaN,|,NaN,98.2772827148438,95.0899353027344,93.3078842163086,NaN,NaN,|,NaN,NaN,994.680847167969,NaN
23:17:30,|,NaN,NaN,NaN,NaN,|,NaN,NaN,NaN,NaN,NaN,NaN,|,95.3414459228516,NaN,NaN,NaN,|,NaN,98.1665878295898,94.8938827514648,93.0698623657227,NaN,NaN,|,NaN,NaN,994.680541992188,NaN
23:22:30,|,NaN,NaN,NaN,NaN,|,NaN,NaN,NaN,NaN,NaN,NaN,|,94.9738616943359,NaN,NaN,NaN,|,NaN,98.5079879760742,95.0536804199219,93.1347808837891,NaN,NaN,|,NaN,NaN,994.609924316406,NaN
23:27:30,|,NaN,NaN,NaN,NaN,|,NaN,NaN,NaN,NaN,NaN,NaN,|,95.9359741210938,NaN,NaN,NaN,|,NaN,98.5385589599609,95.0682220458984,93.5389251708984,NaN,NaN,|,NaN,NaN,994.566162109375,NaN
23:32:30,|,NaN,NaN,NaN,NaN,|,NaN,NaN,NaN,NaN,NaN,NaN,|,95.9908752441406,NaN,NaN,NaN,|,NaN,98.9349670410156,95.5671234130859,93.9046325683594,NaN,NaN,|,NaN,NaN,994.494506835938,NaN
23:37:30,|,NaN,NaN,NaN,NaN,|,NaN,NaN,NaN,NaN,NaN,NaN,|,95.9939270019531,NaN,NaN,NaN,|,NaN,99.9304122924805,96.0055084228516,94.7605133056641,NaN,NaN,|,NaN,NaN,994.473449707031,NaN
23:42:30,|,NaN,NaN,NaN,NaN,|,NaN,NaN,NaN,NaN,NaN,NaN,|,96.0587615966797,NaN,NaN,NaN,|,NaN,NaN,NaN,NaN,NaN,NaN,|,NaN,NaN,NaN,NaN
23:47:30,|,NaN,NaN,NaN,NaN,|,NaN,NaN,NaN,NaN,NaN,NaN,|,95.9585876464844,NaN,NaN,NaN,|,NaN,NaN,NaN,NaN,NaN,NaN,|,NaN,NaN,NaN,NaN
23:52:30,|,NaN,NaN,NaN,NaN,|,NaN,NaN,NaN,NaN,NaN,NaN,|,96.0038757324219,NaN,NaN,NaN,|,NaN,NaN,NaN,NaN,NaN,NaN,|,NaN,NaN,NaN,NaN
23:57:30,|,NaN,NaN,NaN,NaN,|,NaN,NaN,NaN,NaN,NaN,NaN,|,95.9446640014648,NaN,NaN,NaN,|,NaN,NaN,NaN,NaN,NaN,NaN,|,NaN,NaN,NaN,NaN
00:02:30,|,NaN,NaN,NaN,NaN,|,NaN,NaN,NaN,NaN,NaN,NaN,|,96.1053695678711,NaN,NaN,NaN,|,NaN,NaN,NaN,NaN,NaN,NaN,|,NaN,NaN,NaN,NaN
00:07:30,|,NaN,NaN,NaN,NaN,|,NaN,NaN,NaN,NaN,NaN,NaN,|,96.4698638916016,NaN,NaN,NaN,|,NaN,NaN,NaN,NaN,NaN,NaN,|,NaN,NaN,NaN,NaN
00:12:30,|,NaN,NaN,NaN,NaN,|,NaN,NaN,NaN,NaN,NaN,NaN,|,96.5763626098633,NaN,NaN,NaN,|,NaN,NaN,NaN,NaN,NaN,NaN,|,NaN,NaN,NaN,NaN
00:17:30,|,NaN,NaN,NaN,NaN,|,NaN,NaN,NaN,NaN,NaN,NaN,|,96.067985534668,NaN,NaN,NaN,|,NaN,NaN,NaN,NaN,NaN,NaN,|,NaN,NaN,NaN,NaN
00:22:30,|,NaN,NaN,NaN,NaN,|,NaN,NaN,NaN,NaN,NaN,NaN,|,95.9723129272461,NaN,NaN,NaN,|,NaN,NaN,NaN,NaN,NaN,NaN,|,NaN,NaN,NaN,NaN
00:27:30,|,NaN,NaN,NaN,NaN,|,NaN,NaN,NaN,NaN,NaN,NaN,|,96.3632659912109,NaN,NaN,NaN,|,NaN,NaN,NaN,NaN,NaN,NaN,|,NaN,NaN,NaN,NaN
00:32:30,|,NaN,NaN,NaN,NaN,|,NaN,NaN,NaN,NaN,NaN,NaN,|,96.2596282958984,NaN,NaN,NaN,|,NaN,NaN,NaN,NaN,NaN,NaN,|,NaN,NaN,NaN,NaN
00:37:30,|,NaN,NaN,NaN,NaN,|,NaN,NaN,NaN,NaN,NaN,NaN,|,96.6949310302734,NaN,NaN,NaN,|,NaN,NaN,NaN,NaN,NaN,NaN,|,NaN,NaN,NaN,NaN
00:42:30,|,NaN,NaN,NaN,NaN,|,NaN,NaN,NaN,NaN,NaN,NaN,|,96.4892959594727,NaN,NaN,NaN,|,NaN,NaN,NaN,NaN,NaN,NaN,|,NaN,NaN,NaN,NaN
00:47:30,|,NaN,NaN,NaN,NaN,|,NaN,NaN,NaN,NaN,NaN,NaN,|,96.2321548461914,NaN,NaN,NaN,|,NaN,NaN,NaN,NaN,NaN,NaN,|,NaN,NaN,NaN,NaN
00:52:30,|,NaN,NaN,NaN,NaN,|,NaN,NaN,NaN,NaN,NaN,NaN,|,96.6183929443359,NaN,NaN,NaN,|,NaN,NaN,NaN,NaN,NaN,NaN,|,NaN,NaN,NaN,NaN
00:57:30,|,NaN,NaN,NaN,NaN,|,NaN,NaN,NaN,NaN,NaN,NaN,|,96.7266464233398,NaN,NaN,NaN,|,NaN,NaN,NaN,NaN,NaN,NaN,|,NaN,NaN,NaN,NaN
01:02:30,|,NaN,NaN,NaN,NaN,|,NaN,NaN,NaN,NaN,NaN,NaN,|,96.7789611816406,NaN,NaN,NaN,|,NaN,NaN,NaN,NaN,NaN,NaN,|,NaN,NaN,NaN,NaN
01:07:30,|,NaN,NaN,NaN,NaN,|,NaN,NaN,NaN,NaN,NaN,NaN,|,96.7325897216797,NaN,NaN,NaN,|,NaN,NaN,NaN,NaN,NaN,NaN,|,NaN,NaN,NaN,NaN
01:12:30,|,NaN,NaN,NaN,NaN,|,NaN,NaN,NaN,NaN,NaN,NaN,|,96.7055053710938,NaN,NaN,NaN,|,NaN,NaN,NaN,NaN,NaN,NaN,|,NaN,NaN,NaN,NaN
01:17:30,|,NaN,NaN,NaN,NaN,|,NaN,NaN,NaN,NaN,NaN,NaN,|,96.6022109985352,NaN,NaN,NaN,|,NaN,NaN,NaN,NaN,NaN,NaN,|,NaN,NaN,NaN,NaN
01:22:30,|,NaN,NaN,NaN,NaN,|,NaN,NaN,NaN,NaN,NaN,NaN,|,96.5843963623047,NaN,NaN,NaN,|,NaN,NaN,NaN,NaN,NaN,NaN,|,NaN,NaN,NaN,NaN
01:27:30,|,NaN,NaN,NaN,NaN,|,NaN,NaN,NaN,NaN,NaN,NaN,|,96.4137725830078,NaN,NaN,NaN,|,NaN,NaN,NaN,NaN,NaN,NaN,|,NaN,NaN,NaN,NaN
01:32:30,|,NaN,NaN,NaN,NaN,|,NaN,NaN,NaN,NaN,NaN,NaN,|,96.0415802001953,NaN,NaN,NaN,|,NaN,NaN,NaN,NaN,NaN,NaN,|,NaN,NaN,NaN,NaN
01:37:30,|,NaN,NaN,NaN,NaN,|,NaN,NaN,NaN,NaN,NaN,NaN,|,96.1692276000977,NaN,NaN,NaN,|,NaN,NaN,NaN,NaN,NaN,NaN,|,NaN,NaN,NaN,NaN
01:42:30,|,NaN,NaN,NaN,NaN,|,NaN,NaN,NaN,NaN,NaN,NaN,|,95.9644927978516,NaN,NaN,NaN,|,NaN,NaN,NaN,NaN,NaN,NaN,|,NaN,NaN,NaN,NaN
01:47:30,|,NaN,NaN,NaN,NaN,|,NaN,NaN,NaN,NaN,NaN,NaN,|,95.9570007324219,NaN,NaN,NaN,|,NaN,NaN,NaN,NaN,NaN,NaN,|,NaN,NaN,NaN,NaN
01:52:30,|,NaN,NaN,NaN,NaN,|,NaN,NaN,NaN,NaN,NaN,NaN,|,95.9269790649414,NaN,NaN,NaN,|,NaN,NaN,NaN,NaN,NaN,NaN,|,NaN,NaN,NaN,NaN
01:57:30,|,NaN,NaN,NaN,NaN,|,NaN,NaN,NaN,NaN,NaN,NaN,|,95.9632568359375,NaN,NaN,NaN,|,NaN,NaN,NaN,NaN,NaN,NaN,|,NaN,NaN,NaN,NaN
02:02:30,|,NaN,NaN,NaN,NaN,|,NaN,NaN,NaN,NaN,NaN,NaN,|,95.4941101074219,NaN,NaN,NaN,|,NaN,NaN,NaN,NaN,NaN,NaN,|,NaN,NaN,NaN,NaN
02:07:30,|,NaN,NaN,NaN,NaN,|,NaN,NaN,NaN,NaN,NaN,NaN,|,95.2573852539063,NaN,NaN,NaN,|,NaN,NaN,NaN,NaN,NaN,NaN,|,NaN,NaN,NaN,NaN
02:12:30,|,NaN,NaN,NaN,NaN,|,NaN,NaN,NaN,NaN,NaN,NaN,|,95.9073486328125,NaN,NaN,NaN,|,NaN,NaN,NaN,NaN,NaN,NaN,|,NaN,NaN,NaN,NaN
02:17:30,|,NaN,NaN,NaN,NaN,|,NaN,NaN,NaN,NaN,NaN,NaN,|,96.1474456787109,NaN,NaN,NaN,|,NaN,NaN,NaN,NaN,NaN,NaN,|,NaN,NaN,NaN,NaN
02:22:30,|,NaN,NaN,NaN,NaN,|,NaN,NaN,NaN,NaN,NaN,NaN,|,96.2592620849609,NaN,NaN,NaN,|,NaN,NaN,NaN,NaN,NaN,NaN,|,NaN,NaN,NaN,NaN
02:27:30,|,NaN,NaN,NaN,NaN,|,NaN,NaN,NaN,NaN,NaN,NaN,|,96.3335266113281,NaN,NaN,NaN,|,NaN,NaN,NaN,NaN,NaN,NaN,|,NaN,NaN,NaN,NaN
02:32:30,|,NaN,NaN,NaN,NaN,|,NaN,NaN,NaN,NaN,NaN,NaN,|,96.6134872436523,NaN,NaN,NaN,|,NaN,NaN,NaN,NaN,NaN,NaN,|,NaN,NaN,NaN,NaN
02:37:30,|,NaN,NaN,NaN,NaN,|,NaN,NaN,NaN,NaN,NaN,NaN,|,96.7289199829102,NaN,NaN,NaN,|,NaN,NaN,NaN,NaN,NaN,NaN,|,NaN,NaN,NaN,NaN
02:42:30,|,NaN,NaN,NaN,NaN,|,NaN,NaN,NaN,NaN,NaN,NaN,|,96.7309036254883,NaN,NaN,NaN,|,NaN,NaN,NaN,NaN,NaN,NaN,|,NaN,NaN,NaN,NaN
02:47:30,|,NaN,NaN,NaN,NaN,|,NaN,NaN,NaN,NaN,NaN,NaN,|,96.5349349975586,NaN,NaN,NaN,|,NaN,NaN,NaN,NaN,NaN,NaN,|,NaN,NaN,NaN,NaN
02:52:30,|,NaN,NaN,NaN,NaN,|,NaN,NaN,NaN,NaN,NaN,NaN,|,96.613639831543,NaN,NaN,NaN,|,NaN,NaN,NaN,NaN,NaN,NaN,|,NaN,NaN,NaN,NaN
02:57:30,|,NaN,NaN,NaN,NaN,|,NaN,NaN,NaN,NaN,NaN,NaN,|,96.5534591674805,NaN,NaN,NaN,|,NaN,NaN,NaN,NaN,NaN,NaN,|,NaN,NaN,NaN,NaN
03:02:30,|,NaN,NaN,NaN,NaN,|,NaN,NaN,NaN,NaN,NaN,NaN,|,96.7025833129883,NaN,NaN,NaN,|,NaN,NaN,NaN,NaN,NaN,NaN,|,NaN,NaN,NaN,NaN
03:07:30,|,NaN,NaN,NaN,NaN,|,NaN,NaN,NaN,NaN,NaN,NaN,|,96.5712814331055,NaN,NaN,NaN,|,NaN,NaN,NaN,NaN,NaN,NaN,|,NaN,NaN,NaN,NaN
03:12:30,|,NaN,NaN,NaN,NaN,|,NaN,NaN,NaN,NaN,NaN,NaN,|,96.7248992919922,NaN,NaN,NaN,|,NaN,NaN,NaN,NaN,NaN,NaN,|,NaN,NaN,NaN,NaN
03:17:30,|,NaN,NaN,NaN,NaN,|,NaN,NaN,NaN,NaN,NaN,NaN,|,96.7240295410156,NaN,NaN,NaN,|,NaN,NaN,NaN,NaN,NaN,NaN,|,NaN,NaN,NaN,NaN
03:22:30,|,NaN,NaN,NaN,NaN,|,NaN,NaN,NaN,NaN,NaN,NaN,|,96.7894973754883,NaN,NaN,NaN,|,NaN,NaN,NaN,NaN,NaN,NaN,|,NaN,NaN,NaN,NaN
03:27:30,|,NaN,NaN,NaN,NaN,|,NaN,NaN,NaN,NaN,NaN,NaN,|,96.7432861328125,NaN,NaN,NaN,|,NaN,NaN,NaN,NaN,NaN,NaN,|,NaN,NaN,NaN,NaN
03:32:30,|,NaN,NaN,NaN,NaN,|,NaN,NaN,NaN,NaN,NaN,NaN,|,96.9772186279297,NaN,NaN,NaN,|,NaN,NaN,NaN,NaN,NaN,NaN,|,NaN,NaN,NaN,NaN
03:37:30,|,NaN,NaN,NaN,NaN,|,NaN,NaN,NaN,NaN,NaN,NaN,|,97.1482849121094,NaN,NaN,NaN,|,NaN,NaN,NaN,NaN,NaN,NaN,|,NaN,NaN,NaN,NaN
03:42:30,|,NaN,NaN,NaN,NaN,|,NaN,NaN,NaN,NaN,NaN,NaN,|,97.4163818359375,NaN,NaN,NaN,|,NaN,NaN,NaN,NaN,NaN,NaN,|,NaN,NaN,NaN,NaN
03:47:30,|,NaN,NaN,NaN,NaN,|,NaN,NaN,NaN,NaN,NaN,NaN,|,97.400505065918,NaN,NaN,NaN,|,NaN,NaN,NaN,NaN,NaN,NaN,|,NaN,NaN,NaN,NaN
03:52:30,|,NaN,NaN,NaN,NaN,|,NaN,NaN,NaN,NaN,NaN,NaN,|,97.0846481323242,NaN,NaN,NaN,|,NaN,NaN,NaN,NaN,NaN,NaN,|,NaN,NaN,NaN,NaN
03:57:30,|,NaN,NaN,NaN,NaN,|,NaN,NaN,NaN,NaN,NaN,NaN,|,96.9731521606445,NaN,NaN,NaN,|,NaN,NaN,NaN,NaN,NaN,NaN,|,NaN,NaN,NaN,NaN
04:02:30,|,NaN,NaN,NaN,NaN,|,NaN,NaN,NaN,NaN,NaN,NaN,|,96.9945297241211,NaN,NaN,NaN,|,NaN,NaN,NaN,NaN,NaN,NaN,|,NaN,NaN,NaN,NaN
04:07:30,|,NaN,NaN,NaN,NaN,|,NaN,NaN,NaN,NaN,NaN,NaN,|,96.7494277954102,NaN,NaN,NaN,|,NaN,NaN,NaN,NaN,NaN,NaN,|,NaN,NaN,NaN,NaN
04:12:30,|,NaN,NaN,NaN,NaN,|,NaN,NaN,NaN,NaN,NaN,NaN,|,96.9127578735352,NaN,NaN,NaN,|,NaN,NaN,NaN,NaN,NaN,NaN,|,NaN,NaN,NaN,NaN
04:17:30,|,NaN,NaN,NaN,NaN,|,NaN,NaN,NaN,NaN,NaN,NaN,|,97.0863418579102,NaN,NaN,NaN,|,NaN,NaN,NaN,NaN,NaN,NaN,|,NaN,NaN,NaN,NaN
04:22:30,|,NaN,NaN,NaN,NaN,|,NaN,NaN,NaN,NaN,NaN,NaN,|,97.1614761352539,NaN,NaN,NaN,|,NaN,NaN,NaN,NaN,NaN,NaN,|,NaN,NaN,NaN,NaN
04:27:30,|,NaN,NaN,NaN,NaN,|,NaN,NaN,NaN,NaN,NaN,NaN,|,97.4298629760742,NaN,NaN,NaN,|,NaN,NaN,NaN,NaN,NaN,NaN,|,NaN,NaN,NaN,NaN
04:32:30,|,NaN,NaN,NaN,NaN,|,NaN,NaN,NaN,NaN,NaN,NaN,|,97.4275131225586,NaN,NaN,NaN,|,NaN,NaN,NaN,NaN,NaN,NaN,|,NaN,NaN,NaN,NaN
04:37:30,|,NaN,NaN,NaN,NaN,|,NaN,NaN,NaN,NaN,NaN,NaN,|,97.5540924072266,NaN,NaN,NaN,|,NaN,NaN,NaN,NaN,NaN,NaN,|,NaN,NaN,NaN,NaN
04:42:30,|,NaN,NaN,NaN,NaN,|,NaN,NaN,NaN,NaN,NaN,NaN,|,97.4570770263672,NaN,NaN,NaN,|,NaN,NaN,NaN,NaN,NaN,NaN,|,NaN,NaN,NaN,NaN
04:47:30,|,NaN,NaN,NaN,NaN,|,NaN,NaN,NaN,NaN,NaN,NaN,|,97.630973815918,NaN,NaN,NaN,|,NaN,NaN,NaN,NaN,NaN,NaN,|,NaN,NaN,NaN,NaN
04:52:30,|,NaN,NaN,NaN,NaN,|,NaN,NaN,NaN,NaN,NaN,NaN,|,97.6279220581055,NaN,NaN,NaN,|,NaN,NaN,NaN,NaN,NaN,NaN,|,NaN,NaN,NaN,NaN
04:57:30,|,NaN,NaN,NaN,NaN,|,NaN,NaN,NaN,NaN,NaN,NaN,|,98.0076141357422,NaN,NaN,NaN,|,NaN,NaN,NaN,NaN,NaN,NaN,|,NaN,NaN,NaN,NaN
05:02:30,|,NaN,NaN,NaN,NaN,|,NaN,NaN,NaN,NaN,NaN,NaN,|,98.1949691772461,NaN,NaN,NaN,|,NaN,NaN,NaN,NaN,NaN,NaN,|,NaN,NaN,NaN,NaN
05:07:30,|,NaN,NaN,NaN,NaN,|,NaN,NaN,NaN,NaN,NaN,NaN,|,98.1484222412109,NaN,NaN,NaN,|,NaN,NaN,NaN,NaN,NaN,NaN,|,NaN,NaN,NaN,NaN
05:12:30,|,NaN,NaN,NaN,NaN,|,NaN,NaN,NaN,NaN,NaN,NaN,|,98.1733551025391,NaN,NaN,NaN,|,NaN,NaN,NaN,NaN,NaN,NaN,|,NaN,NaN,NaN,NaN
05:17:30,|,NaN,NaN,NaN,NaN,|,NaN,NaN,NaN,NaN,NaN,NaN,|,98.2072830200195,NaN,NaN,NaN,|,NaN,NaN,NaN,NaN,NaN,NaN,|,NaN,NaN,NaN,NaN
05:22:30,|,NaN,NaN,NaN,NaN,|,NaN,NaN,NaN,NaN,NaN,NaN,|,98.2078857421875,NaN,NaN,NaN,|,NaN,NaN,NaN,NaN,NaN,NaN,|,NaN,NaN,NaN,NaN
05:27:30,|,NaN,NaN,NaN,NaN,|,NaN,NaN,NaN,NaN,NaN,NaN,|,98.2807083129883,NaN,NaN,NaN,|,NaN,NaN,NaN,NaN,NaN,NaN,|,NaN,NaN,NaN,NaN
05:32:30,|,NaN,NaN,NaN,NaN,|,NaN,NaN,NaN,NaN,NaN,NaN,|,98.8160400390625,NaN,NaN,NaN,|,NaN,NaN,NaN,NaN,NaN,NaN,|,NaN,NaN,NaN,NaN
05:37:30,|,NaN,NaN,NaN,NaN,|,NaN,NaN,NaN,NaN,NaN,NaN,|,98.9536590576172,NaN,NaN,NaN,|,NaN,NaN,NaN,NaN,NaN,NaN,|,NaN,NaN,NaN,NaN
05:42:30,|,NaN,NaN,NaN,NaN,|,NaN,NaN,NaN,NaN,NaN,NaN,|,98.9409408569336,NaN,NaN,NaN,|,NaN,NaN,NaN,NaN,NaN,NaN,|,NaN,NaN,NaN,NaN
05:47:30,|,NaN,NaN,NaN,NaN,|,NaN,NaN,NaN,NaN,NaN,NaN,|,98.9394607543945,NaN,NaN,NaN,|,NaN,NaN,NaN,NaN,NaN,NaN,|,NaN,NaN,NaN,NaN
05:52:30,|,NaN,NaN,NaN,NaN,|,NaN,NaN,NaN,NaN,NaN,NaN,|,98.919059753418,NaN,NaN,NaN,|,NaN,NaN,NaN,NaN,NaN,NaN,|,NaN,NaN,NaN,NaN
05:57:30,|,NaN,NaN,NaN,NaN,|,NaN,NaN,NaN,NaN,NaN,NaN,|,98.9235534667969,NaN,NaN,NaN,|,NaN,NaN,NaN,NaN,NaN,NaN,|,NaN,NaN,NaN,NaN
06:02:30,|,NaN,NaN,NaN,NaN,|,NaN,NaN,NaN,NaN,NaN,NaN,|,98.9228210449219,NaN,NaN,NaN,|,NaN,NaN,NaN,NaN,NaN,NaN,|,NaN,NaN,NaN,NaN
06:07:30,|,NaN,NaN,NaN,NaN,|,NaN,NaN,NaN,NaN,NaN,NaN,|,98.8942108154297,NaN,NaN,NaN,|,NaN,NaN,NaN,NaN,NaN,NaN,|,NaN,NaN,NaN,NaN
06:12:30,|,NaN,NaN,NaN,NaN,|,NaN,NaN,NaN,NaN,NaN,NaN,|,99.2522125244141,NaN,NaN,NaN,|,NaN,NaN,NaN,NaN,NaN,NaN,|,NaN,NaN,NaN,NaN
06:17:30,|,NaN,NaN,NaN,NaN,|,NaN,NaN,NaN,NaN,NaN,NaN,|,99.6409378051758,NaN,NaN,NaN,|,NaN,NaN,NaN,NaN,NaN,NaN,|,NaN,NaN,NaN,NaN
06:22:30,|,NaN,NaN,NaN,NaN,|,NaN,NaN,NaN,NaN,NaN,NaN,|,99.6230621337891,NaN,NaN,NaN,|,NaN,NaN,NaN,NaN,NaN,NaN,|,NaN,NaN,NaN,NaN
06:27:30,|,NaN,NaN,NaN,NaN,|,NaN,NaN,NaN,NaN,NaN,NaN,|,99.6099014282227,NaN,NaN,NaN,|,NaN,NaN,NaN,NaN,NaN,NaN,|,NaN,NaN,NaN,NaN
06:32:30,|,NaN,NaN,NaN,NaN,|,NaN,NaN,NaN,NaN,NaN,NaN,|,99.608154296875,NaN,NaN,NaN,|,NaN,NaN,NaN,NaN,NaN,NaN,|,NaN,NaN,NaN,NaN
06:37:30,|,NaN,NaN,NaN,NaN,|,NaN,NaN,NaN,NaN,NaN,NaN,|,99.6207427978516,NaN,NaN,NaN,|,NaN,NaN,NaN,NaN,NaN,NaN,|,NaN,NaN,NaN,NaN
06:42:30,|,NaN,NaN,NaN,NaN,|,NaN,NaN,NaN,NaN,NaN,NaN,|,99.6779556274414,NaN,NaN,NaN,|,NaN,NaN,NaN,NaN,NaN,NaN,|,NaN,NaN,NaN,NaN
06:47:30,|,NaN,NaN,NaN,NaN,|,NaN,NaN,NaN,NaN,NaN,NaN,|,99.7500305175781,NaN,NaN,NaN,|,NaN,NaN,NaN,NaN,NaN,NaN,|,NaN,NaN,NaN,NaN
06:52:30,|,NaN,NaN,NaN,NaN,|,NaN,NaN,NaN,NaN,NaN,NaN,|,99.6888961791992,NaN,NaN,NaN,|,NaN,NaN,NaN,NaN,NaN,NaN,|,NaN,NaN,NaN,NaN
06:57:30,|,NaN,NaN,NaN,NaN,|,NaN,NaN,NaN,NaN,NaN,NaN,|,99.6145782470703,NaN,NaN,NaN,|,NaN,NaN,NaN,NaN,NaN,NaN,|,NaN,NaN,NaN,NaN
07:02:30,|,NaN,NaN,NaN,NaN,|,NaN,NaN,NaN,NaN,NaN,NaN,|,99.5898971557617,NaN,NaN,NaN,|,NaN,NaN,NaN,NaN,NaN,NaN,|,NaN,NaN,NaN,NaN
07:07:30,|,NaN,NaN,NaN,NaN,|,NaN,NaN,NaN,NaN,NaN,NaN,|,99.5878524780273,NaN,NaN,NaN,|,NaN,NaN,NaN,NaN,NaN,NaN,|,NaN,NaN,NaN,NaN
07:12:30,|,NaN,NaN,NaN,NaN,|,NaN,NaN,NaN,NaN,NaN,NaN,|,99.6064071655273,NaN,NaN,NaN,|,NaN,NaN,NaN,NaN,NaN,NaN,|,NaN,NaN,NaN,NaN
07:17:30,|,NaN,NaN,NaN,NaN,|,NaN,NaN,NaN,NaN,NaN,NaN,|,99.59521484375,NaN,NaN,NaN,|,NaN,NaN,NaN,NaN,NaN,NaN,|,NaN,NaN,NaN,NaN
07:22:30,|,NaN,NaN,NaN,NaN,|,NaN,NaN,NaN,NaN,NaN,NaN,|,99.5956649780273,NaN,NaN,NaN,|,NaN,NaN,NaN,NaN,NaN,NaN,|,NaN,NaN,NaN,NaN
07:27:30,|,NaN,NaN,NaN,NaN,|,NaN,NaN,NaN,NaN,NaN,NaN,|,99.59130859375,NaN,NaN,NaN,|,NaN,NaN,NaN,NaN,NaN,NaN,|,NaN,NaN,NaN,NaN
07:32:30,|,NaN,NaN,NaN,NaN,|,NaN,NaN,NaN,NaN,NaN,NaN,|,99.5919799804688,NaN,NaN,NaN,|,NaN,NaN,NaN,NaN,NaN,NaN,|,NaN,NaN,NaN,NaN
07:37:30,|,NaN,NaN,NaN,NaN,|,NaN,NaN,NaN,NaN,NaN,NaN,|,99.3171463012695,NaN,NaN,NaN,|,NaN,NaN,NaN,NaN,NaN,NaN,|,NaN,NaN,NaN,NaN
07:42:30,|,NaN,NaN,NaN,NaN,|,NaN,NaN,NaN,NaN,NaN,NaN,|,98.8169097900391,NaN,NaN,NaN,|,NaN,NaN,NaN,NaN,NaN,NaN,|,NaN,NaN,NaN,NaN
07:47:30,|,NaN,NaN,NaN,NaN,|,NaN,NaN,NaN,NaN,NaN,NaN,|,98.8445816040039,NaN,NaN,NaN,|,NaN,NaN,NaN,NaN,NaN,NaN,|,NaN,NaN,NaN,NaN
07:52:30,|,NaN,NaN,NaN,NaN,|,NaN,NaN,NaN,NaN,NaN,NaN,|,98.5488586425781,NaN,NaN,NaN,|,NaN,NaN,NaN,NaN,NaN,NaN,|,NaN,NaN,NaN,NaN
07:57:30,|,NaN,NaN,NaN,NaN,|,NaN,NaN,NaN,NaN,NaN,NaN,|,98.5182571411133,NaN,NaN,NaN,|,NaN,NaN,NaN,NaN,NaN,NaN,|,NaN,NaN,NaN,NaN
08:02:30,|,NaN,NaN,NaN,NaN,|,NaN,NaN,NaN,NaN,NaN,NaN,|,98.3079452514648,NaN,NaN,NaN,|,NaN,NaN,NaN,NaN,NaN,NaN,|,NaN,NaN,NaN,NaN
08:07:30,|,NaN,NaN,NaN,NaN,|,NaN,NaN,NaN,NaN,NaN,NaN,|,98.2451705932617,NaN,NaN,NaN,|,NaN,NaN,NaN,NaN,NaN,NaN,|,NaN,NaN,NaN,NaN
08:12:30,|,NaN,NaN,NaN,NaN,|,NaN,NaN,NaN,NaN,NaN,NaN,|,98.165771484375,NaN,NaN,NaN,|,NaN,NaN,NaN,NaN,NaN,NaN,|,NaN,NaN,NaN,NaN
08:17:30,|,NaN,NaN,NaN,NaN,|,NaN,NaN,NaN,NaN,NaN,NaN,|,98.072624206543,NaN,NaN,NaN,|,NaN,NaN,NaN,NaN,NaN,NaN,|,NaN,NaN,NaN,NaN
08:22:30,|,NaN,NaN,NaN,NaN,|,NaN,NaN,NaN,NaN,NaN,NaN,|,98.0998611450195,NaN,NaN,NaN,|,NaN,NaN,NaN,NaN,NaN,NaN,|,NaN,NaN,NaN,NaN
08:27:30,|,NaN,NaN,NaN,NaN,|,NaN,NaN,NaN,NaN,NaN,NaN,|,98.11083984375,NaN,NaN,NaN,|,NaN,NaN,NaN,NaN,NaN,NaN,|,NaN,NaN,NaN,NaN
08:32:30,|,NaN,NaN,NaN,NaN,|,NaN,NaN,NaN,NaN,NaN,NaN,|,98.1602325439453,NaN,NaN,NaN,|,NaN,NaN,NaN,NaN,NaN,NaN,|,NaN,NaN,NaN,NaN
08:37:30,|,99.0705795288086,97.5411605834961,NaN,NaN,|,NaN,NaN,NaN,NaN,NaN,NaN,|,97.7202377319336,NaN,NaN,NaN,|,NaN,NaN,NaN,NaN,NaN,NaN,|,NaN,NaN,NaN,NaN
08:42:30,|,97.8022384643555,96.2171173095703,NaN,NaN,|,NaN,NaN,NaN,NaN,NaN,NaN,|,97.4553375244141,NaN,NaN,NaN,|,NaN,NaN,NaN,NaN,NaN,NaN,|,NaN,NaN,NaN,NaN
08:47:30,|,97.4254837036133,95.530891418457,NaN,NaN,|,99.1036376953125,NaN,NaN,NaN,NaN,NaN,|,97.0516510009766,NaN,NaN,NaN,|,98.516716003418,NaN,NaN,NaN,96.1023101806641,99.5694732666016,|,NaN,NaN,NaN,991.417358398438
08:52:30,|,97.1088562011719,95.4261703491211,NaN,NaN,|,97.8003005981445,NaN,97.0487899780273,98.6247253417969,NaN,NaN,|,96.5394287109375,97.9020538330078,96.7180023193359,97.7908096313477,|,96.6579818725586,NaN,NaN,NaN,95.0376739501953,96.5160369873047,|,NaN,NaN,NaN,991.345886230469
08:57:30,|,97.1686935424805,95.5389633178711,NaN,NaN,|,96.3611907958984,98.8162536621094,96.7600631713867,98.4496994018555,101.780090332031,94.0624542236328,|,96.7747955322266,96.9580154418945,96.3172378540039,97.4708404541016,|,95.99560546875,NaN,NaN,NaN,94.8923873901367,96.0354537963867,|,992.897094726563,990.864685058594,NaN,991.239074707031
09:02:30,|,96.5925521850586,95.0426177978516,99.9709701538086,98.9418792724609,|,96.5625381469727,97.6544647216797,96.6853713989258,98.3549041748047,100.739929199219,93.3691253662109,|,96.6395950317383,96.3968811035156,96.1313781738281,97.2727584838867,|,96.1997299194336,NaN,NaN,NaN,94.9589920043945,96.1954727172852,|,992.855285644531,990.820983886719,NaN,991.225708007813
09:07:30,|,96.4894638061523,95.151741027832,99.2372589111328,98.4446334838867,|,95.2688598632813,96.7989044189453,96.1957015991211,98.1101303100586,100.380332946777,93.0180969238281,|,96.3287200927734,96.1400985717773,95.8740921020508,96.9633331298828,|,95.205451965332,101.766670227051,97.3960037231445,95.9360046386719,94.4957046508789,95.9190902709961,|,992.6787109375,990.646301269531,992.826599121094,991.052185058594
09:12:30,|,95.4078903198242,94.26708984375,98.4477996826172,97.7698974609375,|,94.9431076049805,96.1837615966797,95.9149322509766,97.6259384155273,99.9432220458984,92.4260711669922,|,96.0542602539063,95.7839736938477,95.6573715209961,96.9702682495117,|,94.7151870727539,100.804885864258,96.8475799560547,95.8419799804688,94.646842956543,95.8681793212891,|,992.620361328125,990.587890625,992.775756835938,990.989990234375
09:17:30,|,95.2397613525391,94.0830535888672,98.2347030639648,97.5253372192383,|,94.4582595825195,96.1463623046875,95.6834564208984,97.6792297363281,99.5631332397461,92.3040237426758,|,95.155876159668,95.1904373168945,95.4980545043945,96.7633666992188,|,94.370231628418,100.498153686523,97.092658996582,95.8591690063477,94.8260726928711,95.9819564819336,|,992.594909667969,990.562561035156,992.748046875,990.962463378906
09:22:30,|,95.2019119262695,93.671875,97.6243591308594,96.8874816894531,|,94.7690658569336,96.0196685791016,95.4571151733398,97.4816055297852,99.4250640869141,92.1070022583008,|,95.5750350952148,95.0549850463867,94.8779754638672,96.4553833007813,|,94.7102355957031,100.265068054199,96.8780212402344,95.5156021118164,94.6960372924805,95.9043121337891,|,992.616760253906,990.584838867188,992.764038085938,990.977905273438
09:27:30,|,94.8622741699219,93.629264831543,97.5682144165039,96.8545989990234,|,94.7062911987305,95.2474212646484,94.8621826171875,96.9591293334961,98.6663436889648,91.3623809814453,|,95.5106048583984,94.7877883911133,94.4605407714844,95.660400390625,|,94.8928756713867,100.097579956055,96.5833740234375,95.0642623901367,93.9529876708984,94.9095306396484,|,992.699829101563,990.6689453125,992.849792480469,991.064147949219
09:32:30,|,96.0029220581055,94.4617691040039,98.0929870605469,97.2094650268555,|,95.0636825561523,96.0144958496094,95.2488250732422,97.1690673828125,99.2083587646484,91.7966766357422,|,95.3154373168945,94.6183471679688,94.607551574707,95.8655548095703,|,94.2473220825195,99.2942276000977,95.8723526000977,94.3615417480469,93.4699630737305,94.5778121948242,|,992.669555664063,990.638916015625,992.8232421875,991.037719726563
09:37:30,|,95.4863204956055,94.0415115356445,98.059196472168,97.2077178955078,|,94.9114379882813,95.9090576171875,95.3561096191406,97.3171844482422,99.1849670410156,91.9298629760742,|,96.2039260864258,95.02294921875,95.0640106201172,96.3019180297852,|,95.0756378173828,99.8328857421875,96.4508361816406,94.9832229614258,93.9259033203125,95.0231323242188,|,992.531188964844,990.50244140625,992.688537597656,990.904113769531
09:42:30,|,95.1024169921875,93.8793640136719,97.6462860107422,96.897819519043,|,94.4436798095703,95.0376815795898,94.5215454101563,96.4395980834961,98.3670806884766,91.010368347168,|,95.0330505371094,94.467170715332,94.5583877563477,95.8713150024414,|,94.246223449707,99.3623123168945,96.233154296875,94.5786895751953,93.6945953369141,94.4942092895508,|,992.501098632813,990.472534179688,992.6572265625,990.873779296875
09:47:30,|,94.7115707397461,93.7197341918945,97.6619186401367,96.8823852539063,|,94.199836730957,95.5330505371094,95.0928192138672,97.0826187133789,99.0080108642578,91.6057739257813,|,94.8463592529297,94.3030624389648,94.3832321166992,95.6070404052734,|,93.5947189331055,98.6403045654297,95.628662109375,94.1393280029297,93.2181854248047,94.2090911865234,|,992.468688964844,990.441467285156,992.631103515625,990.845703125
09:52:30,|,93.7073135375977,92.6964797973633,96.5625839233398,95.9325485229492,|,94.5957183837891,95.5450973510742,95.0952377319336,96.9739761352539,98.5659408569336,91.1911087036133,|,95.2562103271484,94.3328552246094,94.3008346557617,95.8015518188477,|,93.3424377441406,98.8915405273438,95.6365432739258,94.3340301513672,93.5821838378906,94.5165710449219,|,992.50537109375,990.477844238281,992.652709960938,990.869140625
09:57:30,|,94.5565795898438,93.0647811889648,96.5724411010742,95.6201324462891,|,93.4710388183594,93.9067077636719,93.6792297363281,95.3715057373047,96.9796676635742,89.5078201293945,|,94.2562713623047,93.4241409301758,92.8843460083008,94.2144317626953,|,93.3286972045898,98.1699295043945,95.1431884765625,93.6152648925781,92.6329574584961,93.5983810424805,|,992.606994628906,990.579223632813,992.752868652344,990.969421386719
10:02:30,|,93.3712005615234,92.2860565185547,96.1560974121094,95.4068145751953,|,93.0390930175781,93.8092956542969,93.454833984375,95.4722518920898,97.2067489624023,89.8280563354492,|,93.6675186157227,92.9610748291016,92.8159713745117,94.0476760864258,|,92.9666595458984,97.8375854492188,94.6726379394531,93.191032409668,92.16845703125,92.8732681274414,|,992.575744628906,990.548095703125,992.726745605469,990.943481445313
10:07:30,|,93.7636871337891,92.4231185913086,96.3502655029297,95.5862731933594,|,92.8275604248047,93.6385269165039,93.491340637207,95.2670211791992,97.1983871459961,89.8517456054688,|,93.7250289916992,92.841682434082,92.7384872436523,94.1184158325195,|,92.2845458984375,97.1232223510742,94.2194976806641,92.7548980712891,91.8839950561523,92.6815795898438,|,992.557434082031,990.53173828125,992.712646484375,990.928527832031
10:12:30,|,92.3994979858398,91.2894973754883,94.8735122680664,93.8780517578125,|,92.5297012329102,93.8145599365234,93.6169128417969,95.8779220581055,97.163688659668,89.9013824462891,|,93.8519821166992,93.0161743164063,93.1295928955078,94.5104064941406,|,91.4120101928711,96.5797958374023,94.0014114379883,92.5110778808594,91.4987564086914,92.2109756469727,|,992.490112304688,990.465881347656,992.650024414063,990.870056152344
10:17:30,|,90.7512741088867,89.8164520263672,93.5625305175781,93.0107727050781,|,90.8485260009766,92.1390609741211,91.5609359741211,93.3780288696289,94.7811737060547,87.5589599609375,|,92.2029266357422,91.7335357666016,90.9289932250977,91.9946136474609,|,89.8662567138672,94.8157043457031,92.3059234619141,90.7202987670898,89.7484588623047,90.228385925293,|,992.43505859375,990.410400390625,992.593383789063,990.814147949219
10:22:30,|,90.9867553710938,90.0035552978516,93.3225250244141,92.4257049560547,|,90.3380584716797,91.019660949707,91.0359039306641,93.0437622070313,94.5106735229492,87.3626937866211,|,91.9209060668945,90.988151550293,90.6253509521484,91.5673370361328,|,89.7271270751953,94.0878601074219,91.871208190918,90.4204330444336,89.5355682373047,90.1929244995117,|,992.409729003906,990.385437011719,992.560852050781,990.781188964844
10:27:30,|,91.8076858520508,90.2719421386719,93.5918807983398,92.728759765625,|,90.8697967529297,90.5107040405273,90.37060546875,92.4612350463867,93.8106384277344,86.7680511474609,|,92.1501998901367,91.0613098144531,90.3828887939453,91.5078506469727,|,90.4798355102539,94.7474517822266,92.0696334838867,90.5117797851563,89.5003356933594,90.0542068481445,|,992.398254394531,990.375061035156,992.549011230469,990.770568847656
10:32:30,|,90.3178253173828,89.3766555786133,92.3548202514648,91.3396987915039,|,89.9457855224609,90.2281188964844,90.3063049316406,92.3965759277344,93.7591934204102,86.7149353027344,|,91.5264434814453,90.5137710571289,90.0235366821289,91.1547775268555,|,89.3339157104492,93.8368453979492,91.1811065673828,89.6934204101563,88.7172164916992,89.4533996582031,|,992.360595703125,990.335632324219,992.517150878906,990.738220214844
10:37:30,|,88.3179550170898,86.5656890869141,89.8193054199219,89.5069122314453,|,88.9393615722656,89.5693969726563,89.464599609375,91.3284301757813,92.8508758544922,85.7864990234375,|,90.2112808227539,89.2844619750977,88.6770095825195,90.1273422241211,|,88.4111099243164,92.484733581543,90.1900329589844,88.5926742553711,87.8426208496094,88.3001022338867,|,992.344848632813,990.324279785156,992.50244140625,990.725524902344
10:42:30,|,89.0918045043945,88.5417098999023,92.0880508422852,91.6217803955078,|,88.2874908447266,88.3476867675781,88.6504058837891,90.7626190185547,92.1985931396484,85.3406066894531,|,91.0750350952148,89.8295288085938,88.756965637207,89.4703674316406,|,87.4215698242188,91.6649169921875,89.4905395507813,87.8739929199219,86.9899978637695,87.5633697509766,|,992.312683105469,990.291625976563,992.463500976563,990.680541992188
10:47:30,|,89.3292617797852,88.0440826416016,90.4797134399414,89.9552993774414,|,89.5094680786133,88.9924240112305,88.5475845336914,90.145149230957,90.9689254760742,83.9126205444336,|,89.6238555908203,88.281982421875,87.6959762573242,88.9649124145508,|,87.0866928100586,92.0358734130859,89.7236557006836,88.0297012329102,86.9816741943359,87.3375091552734,|,992.255554199219,990.236572265625,992.398742675781,990.623413085938
10:52:30,|,89.5193328857422,87.8134765625,89.9476318359375,89.2167129516602,|,88.2952499389648,87.9522476196289,87.3872146606445,89.1930541992188,90.5243988037109,83.5610733032227,|,88.9374160766602,87.5048141479492,86.5866317749023,87.1741104125977,|,87.2236099243164,90.8633880615234,88.5849685668945,86.7496948242188,85.7624816894531,86.2730331420898,|,992.325561523438,990.306945800781,992.469604492188,990.693054199219
10:57:30,|,88.5980224609375,86.7438278198242,89.0505676269531,88.2134552001953,|,88.6318435668945,87.6729202270508,87.0642318725586,88.8767242431641,89.8324127197266,83.1132965087891,|,90.5815124511719,88.7795639038086,87.2316436767578,87.8068771362305,|,89.0210723876953,92.204345703125,89.5090942382813,87.5236129760742,86.2334594726563,86.8078460693359,|,992.316284179688,990.298645019531,992.471984863281,990.696838378906
11:02:30,|,88.9724426269531,87.7276229858398,90.1592178344727,89.226676940918,|,87.7498626708984,88.1082916259766,87.8751983642578,89.6386566162109,91.0684509277344,83.9816131591797,|,89.3476486206055,87.7576446533203,86.6521530151367,87.4224243164063,|,87.7436141967773,91.3013076782227,88.6485595703125,86.9536209106445,85.9235229492188,86.3113479614258,|,992.224731445313,990.207275390625,992.372436523438,990.597778320313
11:07:30,|,89.0054168701172,87.3464889526367,89.6328964233398,88.8087921142578,|,88.0705718994141,87.6180801391602,87.5883560180664,89.4316711425781,90.4713745117188,83.4744644165039,|,89.1433868408203,87.8361053466797,86.8735198974609,87.6347122192383,|,87.4452819824219,91.1026153564453,89.0426483154297,87.336540222168,86.2909698486328,86.8362274169922,|,992.143676757813,990.126953125,992.295532226563,990.5224609375
11:12:30,|,88.8783187866211,87.763916015625,90.4949264526367,89.7371826171875,|,88.2130737304688,88.4364395141602,88.0366744995117,90.0366439819336,91.0980529785156,84.0194625854492,|,90.4315185546875,88.8982849121094,87.8594589233398,88.4450149536133,|,88.3331756591797,92.2727737426758,89.7088317871094,87.7586212158203,86.4394302368164,86.8812103271484,|,992.03369140625,990.019409179688,992.189697265625,990.415283203125
11:17:30,|,88.2078628540039,86.8705368041992,89.0660095214844,88.2390289306641,|,88.4131469726563,87.5205383300781,86.7263107299805,88.5210723876953,89.4120101928711,82.4773788452148,|,88.5700988769531,87.0593948364258,85.9715423583984,86.8450012207031,|,87.324348449707,91.0420837402344,88.6306686401367,86.6684646606445,85.5789566040039,86.1762619018555,|,991.998168945313,989.983337402344,992.148681640625,990.372985839844
11:22:30,|,88.1521453857422,87.5172271728516,89.9638977050781,88.9963760375977,|,87.6030426025391,87.7318801879883,87.340202331543,89.0931167602539,90.2017440795898,83.2272796630859,|,88.64013671875,87.1619873046875,86.307373046875,87.3858261108398,|,87.261474609375,91.0652008056641,88.4418716430664,86.6460418701172,85.5707397460938,86.0298690795898,|,991.892822265625,989.878967285156,992.03759765625,990.263977050781
11:27:30,|,87.3111343383789,85.6240768432617,87.7095413208008,87.2230911254883,|,85.328727722168,85.5917434692383,85.612548828125,87.3947448730469,88.4425506591797,81.6821517944336,|,87.885368347168,86.5020904541016,85.2247009277344,85.8591918945313,|,86.4259567260742,90.3524780273438,88.1453704833984,86.0862045288086,84.7966766357422,85.2542419433594,|,991.888549804688,989.873474121094,992.040100097656,990.266967773438
11:32:30,|,85.0901031494141,84.5933532714844,87.693473815918,87.0804061889648,|,85.584716796875,86.3895645141602,86.0465087890625,87.7753677368164,88.6957397460938,81.8346633911133,|,88.0642929077148,86.3837585449219,85.6814117431641,86.4664764404297,|,86.2621765136719,89.7735900878906,87.3944320678711,85.4186935424805,84.3046340942383,84.7392272949219,|,991.802368164063,989.787902832031,991.96337890625,990.19140625
11:37:30,|,87.263053894043,86.4210739135742,88.939826965332,88.3652648925781,|,87.3793334960938,87.8404998779297,87.5611114501953,89.3727416992188,90.4946975708008,83.5388946533203,|,88.0622787475586,86.6913833618164,86.1595611572266,87.1945114135742,|,84.5370559692383,88.7730178833008,87.1589279174805,85.5444793701172,84.8728485107422,85.2171020507813,|,991.778076171875,989.765747070313,991.934204101563,990.163269042969
11:42:30,|,87.233039855957,86.5407028198242,88.8777160644531,87.8427963256836,|,85.9325180053711,86.0554733276367,85.9015426635742,87.7833251953125,89.0517425537109,82.310676574707,|,88.541145324707,87.1867446899414,85.7869720458984,86.1830978393555,|,86.3652038574219,90.2476501464844,88.1278533935547,86.1542587280273,84.8340606689453,85.2672729492188,|,991.762390136719,989.748168945313,991.902587890625,990.131225585938
11:47:30,|,87.7072601318359,86.455451965332,88.2528305053711,87.2334594726563,|,87.5724411010742,87.4105682373047,86.9699020385742,88.4624786376953,88.7552032470703,81.7812423706055,|,87.3576202392578,86.0447845458984,85.0835876464844,85.9444122314453,|,85.5023727416992,89.5237121582031,87.2798004150391,85.7212371826172,84.7738952636719,85.1982498168945,|,991.734985351563,989.723388671875,991.883728027344,990.109436035156
11:52:30,|,87.8212432861328,86.2359161376953,88.333251953125,87.2077484130859,|,88.0826416015625,87.5638275146484,86.7827835083008,88.2641143798828,88.8960418701172,81.8620834350586,|,88.6309356689453,86.4917144775391,85.314582824707,86.3017425537109,|,86.7383270263672,89.5046310424805,87.536003112793,85.66845703125,84.6855392456055,85.1925582885742,|,991.69482421875,989.68359375,991.840759277344,990.067138671875
11:57:30,|,87.3239822387695,85.8691940307617,87.9438781738281,87.0276184082031,|,87.2862243652344,86.0486907958984,85.4813461303711,87.3304061889648,88.0132522583008,81.0921249389648,|,87.8406372070313,85.8513488769531,84.5203018188477,85.085823059082,|,86.0174942016602,88.9381561279297,86.7387237548828,84.7105331420898,83.5863418579102,83.9413833618164,|,991.610046386719,989.598571777344,991.758911132813,989.9873046875
12:02:30,|,88.0083923339844,86.0890274047852,87.8008880615234,86.6688613891602,|,87.0648498535156,86.3005065917969,85.4015808105469,87.1267242431641,88.0749664306641,81.4503326416016,|,88.0523147583008,86.5210037231445,85.176872253418,85.7089233398438,|,86.4374923706055,89.7496948242188,87.4563903808594,85.4485549926758,84.1989593505859,84.64404296875,|,991.573608398438,989.562377929688,991.721069335938,989.94775390625
12:07:30,|,85.3899002075195,84.7043838500977,87.0483245849609,86.1824493408203,|,83.5702667236328,83.9573516845703,84.3444290161133,86.3604049682617,87.1643600463867,80.3083572387695,|,85.5942611694336,84.1671371459961,83.2025146484375,83.8974533081055,|,84.4680252075195,88.1157836914063,86.3838958740234,84.6305694580078,83.5607070922852,83.9496994018555,|,991.533203125,989.523986816406,991.6845703125,989.915893554688
12:12:30,|,85.2054214477539,84.9814071655273,86.7440567016602,85.7178192138672,|,83.6029510498047,84.0927963256836,84.4039916992188,86.2717361450195,87.1815795898438,80.4225540161133,|,86.244499206543,85.3464279174805,83.7919158935547,83.9728317260742,|,83.7892684936523,87.6510772705078,85.7318115234375,83.7249298095703,82.5969772338867,82.8653869628906,|,991.534423828125,989.524597167969,991.677856445313,989.905822753906
12:17:30,|,86.120735168457,86.6089935302734,88.8456268310547,88.3157730102539,|,85.0166931152344,86.4541625976563,86.6359405517578,88.5007400512695,89.07275390625,82.1753540039063,|,86.5573043823242,85.9187927246094,85.3113784790039,85.9853515625,|,84.157829284668,89.1259765625,87.1807708740234,85.3606033325195,84.2354736328125,84.4716796875,|,991.501281738281,989.492309570313,991.642700195313,989.873168945313
12:22:30,|,86.2209396362305,86.8510055541992,88.9778442382813,87.7287216186523,|,84.7064208984375,87.0108413696289,86.8313064575195,88.3529205322266,89.3938598632813,82.6631240844727,|,86.484733581543,86.4392623901367,86.1467132568359,86.7116775512695,|,84.3261184692383,89.6435089111328,87.8707733154297,86.1604690551758,85.0505676269531,85.5934371948242,|,991.443298339844,989.431640625,991.589416503906,989.809814453125
12:27:30,|,86.5707397460938,85.2481918334961,86.9858093261719,85.9703674316406,|,85.9016036987305,85.8876495361328,85.3190612792969,86.8258895874023,87.5127868652344,80.6932907104492,|,86.2189254760742,85.2327499389648,84.5488891601563,85.1144104003906,|,85.1084976196289,89.1549377441406,87.2137451171875,85.1979827880859,84.1209716796875,84.4882507324219,|,991.40576171875,989.394104003906,991.552124023438,989.77783203125
12:32:30,|,84.4675216674805,83.7438430786133,85.5824432373047,84.50537109375,|,84.5766220092773,85.2813415527344,84.8074493408203,86.4601974487305,86.6041946411133,80.0027618408203,|,86.3404998779297,85.0334320068359,83.6187591552734,84.2079772949219,|,84.7341766357422,88.2485580444336,86.306510925293,84.3565521240234,83.3037261962891,83.6506729125977,|,991.373840332031,989.3642578125,991.523681640625,989.747985839844
12:37:30,|,85.3587265014648,84.4892959594727,86.0836029052734,85.0768127441406,|,83.1158218383789,83.6311111450195,84.1326522827148,85.9784927368164,86.8490905761719,80.1651992797852,|,86.2043609619141,85.1184234619141,84.0165328979492,84.3335571289063,|,84.3607330322266,88.2520751953125,86.2073516845703,83.9847640991211,82.6038589477539,82.883903503418,|,991.302795410156,989.291809082031,991.453796386719,989.679992675781
12:42:30,|,85.0586547851563,85.1374130249023,87.0934066772461,86.4164428710938,|,84.5197677612305,84.7831954956055,85.0326843261719,86.6728439331055,87.0722503662109,80.271842956543,|,85.5437240600586,84.7308731079102,83.728157043457,84.1482162475586,|,84.0750503540039,88.1161422729492,86.6786956787109,84.7785568237305,83.5287933349609,83.7488250732422,|,991.265930175781,989.257507324219,991.410461425781,989.636108398438
12:47:30,|,84.1145172119141,84.3923416137695,86.6919097900391,85.8335876464844,|,83.1840286254883,85.0172500610352,85.5139617919922,87.2830505371094,87.7295608520508,81.1420135498047,|,85.3505401611328,85.1132354736328,84.8199691772461,85.6115798950195,|,82.6966094970703,88.1796951293945,86.6803665161133,84.7905349731445,83.8337554931641,84.2951889038086,|,991.233032226563,989.224609375,991.383239746094,989.610229492188
12:52:30,|,84.8376922607422,85.369499206543,87.3561172485352,86.4809417724609,|,81.6185607910156,83.8422470092773,84.453742980957,86.5263900756836,87.77490234375,81.1463623046875,|,85.6485595703125,85.5300369262695,84.9050827026367,84.8934555053711,|,83.2782287597656,88.5044326782227,86.5734786987305,84.7866897583008,83.5903701782227,83.9547958374023,|,991.205932617188,989.196166992188,991.349487304688,989.579223632813
12:57:30,|,86.9587249755859,86.3642120361328,88.897575378418,88.2896270751953,|,85.8959197998047,87.1537551879883,87.5196990966797,88.932373046875,90.0670776367188,83.2946319580078,|,87.1087265014648,86.3802032470703,86.2663116455078,86.9712142944336,|,85.1841125488281,89.5088577270508,87.6716766357422,85.7257385253906,84.6804351806641,85.127067565918,|,991.164611816406,989.155883789063,991.3115234375,989.536315917969
13:02:30,|,88.3643112182617,87.2021789550781,89.452392578125,88.5642623901367,|,88.1535415649414,88.6851654052734,88.0546340942383,89.7373123168945,90.1805038452148,83.209228515625,|,88.8726959228516,87.7776412963867,86.8868713378906,87.5873184204102,|,87.2159194946289,91.444580078125,89.3912734985352,87.3805389404297,86.0900650024414,86.5521545410156,|,991.199829101563,989.190612792969,991.342346191406,989.564636230469
13:07:30,|,88.3257522583008,87.3825073242188,89.8037643432617,88.7045288085938,|,87.6710052490234,88.4871826171875,88.1099319458008,89.8566207885742,90.9307708740234,84.2247467041016,|,89.7199325561523,88.6814117431641,87.9086227416992,88.3893585205078,|,87.8440170288086,92.1213760375977,89.8325729370117,87.8482894897461,86.781135559082,87.3405380249023,|,991.147338867188,989.136413574219,991.295166015625,989.5205078125
13:12:30,|,89.259765625,88.3024749755859,91.0118637084961,90.2083206176758,|,87.9952545166016,88.7894973754883,88.7818756103516,90.3553848266602,91.5360412597656,84.6032257080078,|,89.190673828125,88.0284194946289,87.4919128417969,88.1997985839844,|,87.5983963012695,91.7051315307617,89.4809036254883,87.6106338500977,86.5206069946289,86.8738403320313,|,991.110900878906,989.100769042969,991.253173828125,989.477233886719
13:17:30,|,89.9498291015625,89.1925735473633,92.0160827636719,91.0241241455078,|,89.6083221435547,90.6045303344727,90.1005020141602,91.5498657226563,92.5285568237305,85.5679168701172,|,90.4410705566406,89.4966125488281,89.1077117919922,89.865234375,|,88.5188980102539,93.03173828125,90.6844482421875,88.8034210205078,87.8658752441406,88.3373031616211,|,991.161376953125,989.152465820313,991.301208496094,989.524780273438
13:22:30,|,90.7302703857422,89.6641464233398,92.6572494506836,91.786376953125,|,89.6038131713867,90.7590255737305,90.3906707763672,92.0541458129883,93.203971862793,86.1868438720703,|,90.987419128418,89.9960632324219,89.4496307373047,90.280876159668,|,89.7170257568359,94.3559036254883,91.8004379272461,89.7609024047852,88.7351684570313,89.1625900268555,|,991.167236328125,989.1572265625,991.317687988281,989.54248046875
13:27:30,|,91.0298309326172,89.9904327392578,93.0005340576172,92.2239608764648,|,90.1693344116211,91.1244277954102,90.8176803588867,92.5114059448242,93.9260101318359,86.9571075439453,|,91.7203674316406,90.7551193237305,90.3884506225586,91.0585174560547,|,90.2562866210938,94.8632202148438,92.1885986328125,90.2775802612305,89.0744323730469,89.6874084472656,|,991.1533203125,989.142700195313,991.297973632813,989.523315429688
13:32:30,|,91.8624420166016,90.7352523803711,93.7461853027344,92.7280883789063,|,91.330436706543,92.4485931396484,92.0544662475586,93.8390960693359,94.989631652832,87.8108367919922,|,92.1703033447266,91.1559753417969,90.8511734008789,91.9783935546875,|,90.4907379150391,95.1818695068359,92.5818786621094,90.7902374267578,89.9931564331055,90.5465621948242,|,991.132080078125,989.125,991.286437988281,989.517395019531
13:37:30,|,91.1603698730469,89.9751815795898,92.8581237792969,91.9345321655273,|,90.1041793823242,91.1903381347656,90.8954391479492,92.6644134521484,93.8002700805664,86.6553726196289,|,91.8454360961914,90.8802337646484,90.2661285400391,90.8593597412109,|,90.896354675293,95.5726470947266,93.0140151977539,91.1005020141602,89.8989944458008,90.4314498901367,|,991.15966796875,989.149597167969,991.307067871094,989.539245605469
13:42:30,|,90.8359909057617,89.909797668457,92.7661056518555,91.8619766235352,|,89.3812026977539,90.479362487793,90.2086944580078,92.0087203979492,93.2587966918945,86.2484588623047,|,91.6804351806641,90.820198059082,90.1321105957031,90.8458709716797,|,89.7915725708008,94.1316070556641,91.5284881591797,89.3420486450195,88.3276824951172,88.9632339477539,|,991.150390625,989.140197753906,991.294738769531,989.522399902344
13:47:30,|,90.5413055419922,89.7357025146484,92.5927429199219,91.5865478515625,|,89.4365539550781,90.7329177856445,90.492317199707,92.335319519043,93.5868148803711,86.5092239379883,|,91.7235260009766,90.7598648071289,90.1484527587891,90.8974761962891,|,89.7863998413086,94.6567764282227,92.0229797363281,89.9289627075195,88.7788925170898,89.295654296875,|,991.158935546875,989.149353027344,991.308654785156,989.539367675781
13:52:30,|,90.9649658203125,90.1378631591797,93.2177810668945,92.2707748413086,|,89.3628768920898,91.0208358764648,90.9274597167969,92.7130737304688,94.1184539794922,87.0713119506836,|,91.76416015625,90.9524612426758,90.4643936157227,91.1935348510742,|,90.0584259033203,95.0681610107422,92.4038925170898,90.3152542114258,89.1591949462891,89.8134002685547,|,991.186584472656,989.176696777344,991.336303710938,989.566284179688
13:57:30,|,91.617790222168,90.4594955444336,93.4453659057617,92.6192932128906,|,90.849494934082,92.0408401489258,91.5889587402344,93.4381866455078,94.6056060791016,87.4032516479492,|,92.0434036254883,91.1581573486328,90.8515396118164,91.7452697753906,|,90.7843170166016,95.4580230712891,92.7599334716797,90.9178848266602,89.8386611938477,90.4080200195313,|,991.1865234375,989.175476074219,991.335388183594,989.564086914063
14:02:30,|,92.0125045776367,90.6712341308594,93.7416687011719,92.7697677612305,|,91.1567535400391,92.009162902832,91.6185913085938,93.2953491210938,94.6547012329102,87.5323486328125,|,92.6561431884766,91.6753158569336,91.1884841918945,91.9395294189453,|,90.8829116821289,95.3418807983398,92.6757736206055,90.7529220581055,89.6300659179688,90.2359237670898,|,991.221130371094,989.209838867188,991.357116699219,989.583801269531
14:07:30,|,92.5891571044922,91.1914367675781,94.2952346801758,93.3283538818359,|,92.1716384887695,92.7993240356445,92.1654663085938,93.8373184204102,95.0206756591797,87.9452209472656,|,92.5872192382813,91.4700698852539,91.0727844238281,92.0202026367188,|,91.3255844116211,95.9058532714844,92.9499359130859,91.0243988037109,89.9850311279297,90.6582183837891,|,991.239990234375,989.228698730469,991.380493164063,989.606872558594
14:12:30,|,92.2607650756836,90.8117446899414,93.875602722168,92.8379821777344,|,91.6584625244141,92.3534240722656,91.7696304321289,93.4399337768555,94.619499206543,87.5226821899414,|,92.7190933227539,91.7539749145508,91.308349609375,92.0786514282227,|,91.3965911865234,95.9524459838867,93.1247177124023,91.1897354125977,90.097785949707,90.6023254394531,|,991.271362304688,989.258605957031,991.409301757813,989.632263183594
14:17:30,|,92.7089614868164,91.2758865356445,94.206916809082,93.1403350830078,|,92.3832778930664,93.002815246582,92.4517135620117,94.0016098022461,95.262580871582,88.0158767700195,|,93.0610046386719,91.8683547973633,91.4737548828125,92.3036346435547,|,91.6762542724609,96.1013107299805,93.3136901855469,91.3886260986328,90.3301010131836,90.9340438842773,|,991.299621582031,989.288269042969,991.44970703125,989.674133300781
14:22:30,|,92.1000366210938,90.6088638305664,93.6669540405273,92.5943298339844,|,91.8567886352539,92.4585266113281,91.6791915893555,93.3189315795898,94.4880905151367,87.3306732177734,|,92.7548522949219,91.6920776367188,91.0327911376953,91.7878494262695,|,91.700439453125,96.0517730712891,93.2216033935547,91.1762084960938,90.1433258056641,90.6713104248047,|,991.320556640625,989.308288574219,991.460815429688,989.683776855469
14:27:30,|,92.0409088134766,90.5859069824219,93.3731384277344,92.3654708862305,|,91.9401321411133,92.6443634033203,91.9303665161133,93.445671081543,94.4477081298828,87.2962265014648,|,92.8374176025391,91.7437057495117,90.9921798706055,91.845588684082,|,91.4891357421875,95.8608703613281,92.9059371948242,90.8273162841797,89.7474822998047,90.3072052001953,|,991.318603515625,989.306701660156,991.462646484375,989.687438964844
14:32:30,|,92.2337112426758,90.6558837890625,93.6043167114258,92.7380218505859,|,92.189567565918,92.818489074707,92.1490249633789,93.8264541625977,95.0269470214844,87.8134231567383,|,92.7870788574219,91.6568832397461,91.1057586669922,91.8000717163086,|,91.3153686523438,95.6330413818359,92.7874908447266,90.8037948608398,89.7062454223633,90.299934387207,|,991.275573730469,989.263793945313,991.41796875,989.638610839844
14:37:30,|,92.2855529785156,90.7252502441406,93.5979156494141,92.5073165893555,|,92.2304992675781,92.5789566040039,91.9057693481445,93.598258972168,94.4598007202148,87.2056350708008,|,92.9089965820313,91.8194961547852,91.2757034301758,92.0774383544922,|,91.4623718261719,95.6376876831055,92.681640625,90.6909027099609,89.6447677612305,90.1999282836914,|,991.228881835938,989.216186523438,991.375,989.599609375
14:42:30,|,91.8783569335938,90.4126434326172,93.2350311279297,92.2192611694336,|,91.8331451416016,92.0892944335938,91.2796325683594,92.8735580444336,93.9105072021484,86.7529602050781,|,92.373420715332,91.2535018920898,90.5320892333984,91.2435989379883,|,91.0205307006836,95.1420822143555,92.3416366577148,90.1963882446289,89.065788269043,89.5224151611328,|,991.223937988281,989.211669921875,991.370910644531,989.596801757813
14:47:30,|,91.0679626464844,89.5946960449219,92.2928848266602,91.3187942504883,|,90.5892639160156,91.0490951538086,90.2761764526367,91.9883270263672,92.9258422851563,85.9565124511719,|,91.8070373535156,90.8067474365234,89.7093658447266,90.4172515869141,|,90.8233413696289,94.8589324951172,92.0758743286133,90.0363082885742,88.7892608642578,89.2941436767578,|,991.194763183594,989.1826171875,991.340881347656,989.569396972656
14:52:30,|,90.0024108886719,88.555549621582,91.0639572143555,90.1162109375,|,89.4844970703125,90.1206741333008,89.4872512817383,91.0742263793945,92.217414855957,85.1708374023438,|,91.5655364990234,90.2006759643555,89.0829315185547,89.5131683349609,|,89.7024383544922,93.6775131225586,90.9106979370117,88.9532852172852,87.8574447631836,88.3242797851563,|,991.18701171875,989.176452636719,991.338195800781,989.569458007813
14:57:30,|,90.435905456543,88.9025421142578,91.4649353027344,90.4831848144531,|,90.1456527709961,90.3221817016602,89.5057067871094,91.1257019042969,92.1593933105469,85.2130279541016,|,91.5787582397461,90.2044448852539,89.2739944458008,89.8751983642578,|,89.808235168457,93.8386611938477,91.0200347900391,88.9227828979492,87.5810699462891,88.1225280761719,|,991.166625976563,989.155029296875,991.317993164063,989.547973632813
15:02:30,|,90.2949142456055,88.65966796875,91.0397338867188,89.9921798706055,|,90.7036437988281,90.7848968505859,89.8209762573242,91.3988952636719,91.9693603515625,84.8577880859375,|,91.8166122436523,90.4873809814453,89.5958404541016,90.2213516235352,|,89.9649658203125,93.8035125732422,91.0840454101563,89.0449676513672,88.0163040161133,88.4644470214844,|,991.17431640625,989.162048339844,991.317321777344,989.542297363281
15:07:30,|,89.422607421875,87.7313079833984,89.9351501464844,88.6524124145508,|,89.3627777099609,88.9502334594727,87.7858734130859,89.2022171020508,89.9488906860352,82.9918823242188,|,90.0998306274414,88.4952545166016,87.0409393310547,87.4250183105469,|,89.104850769043,92.6752014160156,89.9455032348633,87.5251998901367,86.193962097168,86.5173492431641,|,991.167114257813,989.155700683594,991.302917480469,989.5302734375
15:12:30,|,89.6782531738281,88.117057800293,90.4162445068359,89.1300659179688,|,88.6731109619141,89.0992584228516,88.1960754394531,89.8011703491211,90.7143630981445,83.5773391723633,|,90.9056930541992,89.0752029418945,87.6377182006836,87.928825378418,|,88.6021347045898,92.1042938232422,89.1780242919922,86.9939804077148,85.6992950439453,86.0852203369141,|,991.180480957031,989.169250488281,991.328552246094,989.561340332031
15:17:30,|,88.6403045654297,86.8517074584961,88.8829956054688,87.8037948608398,|,88.0086288452148,88.0482864379883,87.0167083740234,88.5976181030273,89.2193984985352,82.2520446777344,|,90.1251983642578,88.3224258422852,86.6873092651367,86.935188293457,|,88.5560531616211,91.90966796875,88.9415740966797,86.4653701782227,85.1315765380859,85.3945770263672,|,991.204406738281,989.191467285156,991.346130371094,989.575378417969
15:22:30,|,88.715705871582,86.9564437866211,89.0963745117188,87.9703674316406,|,88.6338119506836,88.4632873535156,87.4038619995117,88.8445816040039,89.4730224609375,82.4113388061523,|,90.441780090332,88.676513671875,87.2187881469727,87.4987869262695,|,88.7033081054688,92.0596694946289,89.0512008666992,86.6883239746094,85.2981872558594,85.5290603637695,|,991.21533203125,989.20458984375,991.370300292969,989.599182128906
15:27:30,|,89.5614395141602,87.7080230712891,89.8757934570313,88.6486206054688,|,88.1670608520508,88.4457015991211,87.3981170654297,88.8661422729492,89.9913101196289,83.0886917114258,|,90.7213745117188,88.812255859375,87.2164001464844,87.4568023681641,|,88.4249496459961,91.7874526977539,88.8695602416992,86.5991592407227,85.6322784423828,86.0537719726563,|,991.230590820313,989.220458984375,991.381896972656,989.615600585938
15:32:30,|,89.9872207641602,87.9744491577148,90.1667251586914,89.0583877563477,|,88.7359848022461,89.1380844116211,88.0387573242188,89.7222747802734,90.6434783935547,83.6139068603516,|,90.565185546875,88.7379837036133,87.2914123535156,87.8641738891602,|,89.3133087158203,92.6422424316406,89.7893295288086,87.5818786621094,86.1981582641602,86.5928192138672,|,991.323669433594,989.311462402344,991.472351074219,989.705322265625
15:37:30,|,89.4916763305664,87.5488586425781,89.8824462890625,88.4747695922852,|,88.6030426025391,88.7463760375977,87.6780853271484,89.2185897827148,90.1789932250977,83.2564086914063,|,90.6976165771484,88.7626266479492,87.3162078857422,87.7057723999023,|,88.626823425293,91.8994598388672,89.056022644043,86.6789321899414,85.5527191162109,85.8606033325195,|,991.429931640625,989.417236328125,991.580688476563,989.812805175781
15:42:30,|,89.2020416259766,87.0534896850586,89.0246276855469,87.7797622680664,|,88.6150207519531,88.6249160766602,87.7428817749023,89.2148132324219,89.9563446044922,82.8229904174805,|,90.5708389282227,88.7451324462891,87.1766662597656,87.3538055419922,|,88.8274612426758,92.0398635864258,89.1595611572266,86.7695999145508,85.5096664428711,85.8650131225586,|,991.468200683594,989.457702636719,991.615356445313,989.848327636719
15:47:30,|,89.1209411621094,87.0639114379883,88.9160308837891,87.4332580566406,|,88.6560897827148,88.6527481079102,87.4240646362305,88.8794631958008,89.5882873535156,82.5235595703125,|,90.7771453857422,88.7328948974609,87.0368804931641,87.0490951538086,|,87.9661483764648,90.8213729858398,87.9578628540039,85.7149353027344,84.5084991455078,84.8224945068359,|,991.524536132813,989.514465332031,991.676086425781,989.907531738281
15:52:30,|,89.1067581176758,87.1300354003906,88.9751358032227,87.7649307250977,|,88.3446350097656,88.2615127563477,86.9826202392578,88.4605712890625,88.8874816894531,81.8302688598633,|,90.4666976928711,88.4331588745117,86.4558944702148,86.6373062133789,|,88.2666854858398,91.367919921875,88.4717407226563,85.961540222168,84.5692596435547,84.9086227416992,|,991.587341308594,989.576293945313,991.733825683594,989.96728515625
15:57:30,|,89.4136199951172,87.3640441894531,89.0381927490234,87.6262741088867,|,88.5651550292969,88.6907043457031,87.4277191162109,88.6449508666992,89.2749328613281,82.1615753173828,|,90.4738922119141,88.2946624755859,86.5227203369141,86.568962097168,|,88.4359893798828,91.2569580078125,88.2951812744141,86.037223815918,84.6587600708008,85.0014114379883,|,991.606811523438,989.595458984375,991.757568359375,989.990783691406
16:02:30,|,90.0145797729492,87.7860870361328,89.9050674438477,88.4060363769531,|,88.8612747192383,89.0301666259766,87.6625137329102,88.9739456176758,89.5519790649414,82.5537338256836,|,90.3750686645508,88.2154541015625,86.4919509887695,86.7771377563477,|,88.8570556640625,91.8223114013672,88.5564041137695,86.1322784423828,84.702751159668,85.1106719970703,|,991.589660644531,989.58056640625,991.740661621094,989.974487304688
16:07:30,|,89.7061767578125,87.2828521728516,89.1837158203125,87.8919143676758,|,88.6235809326172,88.5563430786133,87.3835220336914,88.903190612793,89.6226959228516,82.5836563110352,|,90.5366058349609,88.2063369750977,86.5511703491211,86.8575820922852,|,88.8854904174805,91.824951171875,88.6351318359375,86.1486587524414,84.920768737793,85.2223281860352,|,991.585815429688,989.576171875,991.735778808594,989.970275878906
16:12:30,|,89.845817565918,87.5032501220703,89.2958755493164,87.8987579345703,|,88.926155090332,88.8647003173828,87.6608352661133,89.0619354248047,89.7340621948242,82.6360092163086,|,90.5485534667969,88.1606063842773,86.3194580078125,86.6298294067383,|,88.8299331665039,91.6362075805664,88.6212692260742,86.2198333740234,85.1440582275391,85.2709045410156,|,991.563293457031,989.554565429688,991.7119140625,989.947387695313
16:17:30,|,90.0586318969727,87.7763900756836,89.6841125488281,88.3180541992188,|,88.956657409668,88.8472518920898,87.5698318481445,88.9473495483398,89.6056747436523,82.5707397460938,|,90.6011428833008,88.3932495117188,86.6719131469727,87.109130859375,|,89.0921401977539,92.1123733520508,89.0746307373047,86.5973892211914,85.3385925292969,85.6376037597656,|,991.589599609375,989.5810546875,991.740478515625,989.975708007813
16:22:30,|,90.5420150756836,88.2151870727539,90.2969589233398,88.8265762329102,|,88.9315414428711,88.9868774414063,87.7912063598633,89.2541809082031,90.1564788818359,83.2621536254883,|,90.7238540649414,88.4653167724609,87.2309722900391,87.639289855957,|,88.9999008178711,91.9631195068359,89.0170822143555,86.5846328735352,85.4003677368164,86.0205383300781,|,991.609924316406,989.601257324219,991.762451171875,989.998046875
16:27:30,|,90.1792984008789,87.5493316650391,89.4198684692383,88.2269821166992,|,89.4966278076172,89.3311386108398,87.9911041259766,89.4371185302734,90.0267486572266,83.1669464111328,|,90.9748306274414,88.8408432006836,87.36474609375,87.6095962524414,|,89.5875930786133,92.3183212280273,89.3809356689453,87.0387268066406,85.72509765625,86.0831298828125,|,991.610107421875,989.601745605469,991.76220703125,989.998596191406
16:32:30,|,90.3156051635742,87.6457061767578,89.3416061401367,88.0751342773438,|,89.372444152832,89.2870788574219,88.0217437744141,89.5326080322266,90.2056732177734,83.1779174804688,|,91.1973419189453,88.8943252563477,87.1447982788086,87.3283538818359,|,89.8973236083984,92.1493301391602,89.0493621826172,86.9975891113281,85.9076538085938,86.1028823852539,|,991.593872070313,989.585388183594,991.748291015625,989.984558105469
16:37:30,|,90.5367584228516,87.6216430664063,89.4787826538086,88.3318786621094,|,89.7615737915039,89.8645629882813,88.4595336914063,89.8799362182617,90.6386260986328,83.5467758178711,|,91.4114761352539,89.1140747070313,87.5299987792969,87.8182830810547,|,89.8597946166992,92.0527801513672,89.2781982421875,87.0425872802734,86.0312423706055,86.1722564697266,|,991.56201171875,989.554016113281,991.714904785156,989.951354980469
16:42:30,|,91.10205078125,88.1193618774414,90.0805053710938,88.8903961181641,|,89.7314682006836,89.6095962524414,88.2544937133789,89.7372589111328,90.5861434936523,83.609260559082,|,91.237419128418,88.9060440063477,87.2221832275391,87.4694595336914,|,90.7091293334961,92.1861190795898,89.0820846557617,87.0579528808594,86.0963745117188,86.2613143920898,|,991.5390625,989.530517578125,991.695556640625,989.932739257813
16:47:30,|,91.5886306762695,88.4026794433594,90.2254409790039,88.9799957275391,|,89.7236480712891,89.3958053588867,88.0929489135742,89.7803039550781,90.5017776489258,83.5112380981445,|,91.156867980957,88.5816497802734,87.0154571533203,87.4070053100586,|,90.6574935913086,92.0241241455078,89.0530548095703,87.0035781860352,85.9880218505859,86.2164001464844,|,991.4443359375,989.435485839844,991.60205078125,989.837951660156
16:52:30,|,91.4526901245117,88.0145797729492,89.7741241455078,88.7938385009766,|,89.5999984741211,89.1922912597656,88.1868133544922,89.9627151489258,90.879264831543,83.695068359375,|,90.9984588623047,88.4836883544922,87.0423812866211,87.5005340576172,|,91.2401351928711,92.1915435791016,89.1901016235352,87.0260391235352,85.9945297241211,86.1451187133789,|,991.410400390625,989.402038574219,991.565124511719,989.802612304688
16:57:30,|,91.9563598632813,88.3411026000977,90.0022735595703,88.8369750976563,|,89.5744476318359,89.1012725830078,87.9720764160156,89.7720031738281,90.4541931152344,83.5518112182617,|,90.9750366210938,88.5137023925781,86.9911804199219,87.4697647094727,|,91.2895278930664,91.9457550048828,89.0786895751953,87.0740661621094,86.0786209106445,86.2351989746094,|,991.42626953125,989.417907714844,991.578063964844,989.815246582031
17:02:30,|,92.1165924072266,88.3264083862305,90.0074844360352,88.8287887573242,|,89.5890960693359,89.5081253051758,88.0356369018555,89.5239639282227,90.2519149780273,83.2295303344727,|,91.410400390625,88.8377456665039,87.1574096679688,87.4489593505859,|,91.4122314453125,92.343017578125,89.3454513549805,87.1758041381836,86.030632019043,86.3221893310547,|,991.315490722656,989.307189941406,991.470031738281,989.707763671875
17:07:30,|,92.9862747192383,88.9096298217773,90.5083084106445,89.2182846069336,|,90.453010559082,90.3375473022461,88.7749710083008,90.1290283203125,90.9132308959961,83.7508697509766,|,91.6620178222656,88.9684219360352,87.3391265869141,87.6610794067383,|,91.6404647827148,92.3883590698242,89.0459060668945,87.0487594604492,86.0904388427734,86.1656188964844,|,991.321655273438,989.313415527344,991.4716796875,989.709167480469
17:12:30,|,92.6538772583008,89.0886611938477,90.6871490478516,89.3343963623047,|,90.6732788085938,90.3781890869141,88.7672805786133,90.1134796142578,90.9639587402344,83.7279205322266,|,91.8588256835938,89.176399230957,87.4543075561523,87.6536865234375,|,91.7647857666016,92.8199310302734,89.3818130493164,87.1034164428711,86.1698684692383,86.4857864379883,|,991.466003417969,989.457580566406,991.612426757813,989.849914550781
17:17:30,|,92.4911422729492,89.2796325683594,91.0514373779297,89.7527465820313,|,90.1064071655273,89.9102020263672,88.5844268798828,90.0554733276367,90.9328918457031,83.9190216064453,|,91.8121185302734,89.3315124511719,87.7997970581055,87.9382858276367,|,90.8478240966797,92.8340148925781,89.5904693603516,87.4143981933594,86.3413772583008,86.7956008911133,|,991.567687988281,989.558837890625,991.712341308594,989.949584960938
17:22:30,|,93.0021438598633,89.5664901733398,91.558349609375,90.0795974731445,|,90.5203018188477,90.5629501342773,89.2687911987305,90.7665557861328,91.4301986694336,84.2302017211914,|,91.8302001953125,89.3783187866211,87.9472122192383,88.3751373291016,|,91.2722091674805,93.2393646240234,90.075065612793,87.8920822143555,86.8452987670898,87.0589218139648,|,991.705444335938,989.6962890625,991.855285644531,990.091552734375
17:27:30,|,92.610969543457,89.4849166870117,91.5655517578125,90.3950042724609,|,90.5493316650391,90.4682922363281,89.2423477172852,90.753288269043,91.7844314575195,84.8517456054688,|,92.1387252807617,89.8924942016602,88.4448165893555,88.9766311645508,|,91.0781631469727,93.2765121459961,90.2617721557617,88.006477355957,87.0830230712891,87.545654296875,|,991.644409179688,989.634155273438,991.797424316406,990.033142089844
17:32:30,|,92.6733093261719,89.6024780273438,91.6664047241211,90.8062133789063,|,90.6273956298828,90.7492599487305,89.6591949462891,91.2348175048828,92.2411727905273,85.2478485107422,|,92.2322463989258,89.8859710693359,88.4844970703125,89.0001678466797,|,91.6647796630859,93.380973815918,90.6008758544922,88.5175857543945,87.4205017089844,87.9975204467773,|,991.634948730469,989.624633789063,991.783508300781,990.019104003906
17:37:30,|,93.4117431640625,90.3728790283203,92.5863418579102,91.2515106201172,|,91.134880065918,91.3517456054688,89.9340896606445,91.6765747070313,92.6918792724609,85.606803894043,|,92.7516479492188,90.4186859130859,89.121208190918,89.5735549926758,|,91.7895278930664,93.8229217529297,90.6885223388672,88.8057861328125,87.7726440429688,88.0116500854492,|,991.681457519531,989.672424316406,991.83251953125,990.068908691406
17:42:30,|,93.4198303222656,90.3339157104492,92.5942077636719,91.4487915039063,|,91.3418426513672,91.5182876586914,90.4291305541992,91.9274978637695,92.9246292114258,85.8932189941406,|,92.6415786743164,90.7011413574219,89.2569351196289,89.9040756225586,|,92.0283584594727,93.9965744018555,91.0172576904297,88.926643371582,87.9517440795898,88.3791885375977,|,991.743408203125,989.732849121094,991.904235839844,990.140319824219
17:47:30,|,93.3258743286133,90.2431106567383,92.5948944091797,91.7433242797852,|,91.4380569458008,91.6869125366211,90.6062850952148,92.0745315551758,93.0601959228516,86.1553726196289,|,92.7039413452148,90.7351684570313,89.3824462890625,89.9694976806641,|,91.7712020874023,94.1227722167969,91.2942276000977,88.9689254760742,87.9816131591797,88.7961959838867,|,991.774536132813,989.763061523438,991.925048828125,990.159912109375
17:52:30,|,93.462272644043,90.6155166625977,93.2385177612305,92.0217056274414,|,91.3970184326172,91.6730880737305,90.7014770507813,92.5408020019531,93.5372467041016,86.4271469116211,|,92.5709381103516,90.6428985595703,89.4869689941406,90.1468734741211,|,92.4599685668945,94.4459686279297,91.49169921875,89.5041656494141,88.5207366943359,88.9838256835938,|,991.86376953125,989.8525390625,992.013366699219,990.248657226563
17:57:30,|,93.4477462768555,90.5827484130859,93.1929168701172,92.0249328613281,|,91.4555511474609,91.8581161499023,90.7383270263672,92.7943496704102,93.746696472168,86.5165023803711,|,92.9062118530273,90.8361434936523,89.9713745117188,90.7064819335938,|,92.1922760009766,94.5386581420898,91.5267791748047,89.8321075439453,88.8351974487305,88.994140625,|,991.872375488281,989.861877441406,992.025268554688,990.25927734375
