CDT_time,bar_fence,spd_0_2m_init,spd_1_5m_init,spd_3m_init,spd_4_5m_init,spd_6m_init,spd_10m_init,bar_fence_1,spd_0_2m_rel,spd_1_5m_rel,spd_3m_rel,spd_4_5m_rel,spd_6m_rel,spd_10m_rel,bar_fence_2,spd_0_2m_uconv,spd_1_5m_uconv,spd_3m_uconv,spd_4_5m_uconv,spd_6m_uconv,spd_10m_uconv,bar_fence_3,spd_0_2m_lconv,spd_1_5m_lconv,spd_3m_lconv,spd_4_5m_lconv,spd_6m_lconv,spd_10m_lconv,bar_fence_4,spd_8_5m_rel,spd_8_5m_lconv,spd_15m_rel,spd_15m_lconv,spd_20m_rel,spd_20m_lconv,,Init,Rel,Uconv,Lconv
18:02:30,|,NaN,NaN,NaN,NaN,NaN,NaN,|,NaN,NaN,NaN,NaN,NaN,NaN,|,1.05750668,NaN,NaN,NaN,NaN,NaN,|,NaN,1.932355285,2.016659498,2.208543539,2.345385075,2.565310955,|,NaN,2.49087882,NaN,NaN,NaN,NaN,,0,0,0,0
18:07:30,|,NaN,NaN,NaN,NaN,NaN,NaN,|,NaN,NaN,NaN,NaN,NaN,NaN,|,1.094398141,NaN,NaN,NaN,NaN,NaN,|,NaN,2.198892117,2.279053211,2.498835802,2.656447411,2.903920889,|,NaN,2.820549965,NaN,NaN,NaN,NaN,,0,0,0,0
18:12:30,|,NaN,NaN,NaN,NaN,NaN,NaN,|,NaN,NaN,NaN,NaN,NaN,NaN,|,1.074296713,NaN,NaN,NaN,NaN,NaN,|,NaN,1.888422251,1.962762475,2.102988243,2.149755955,2.335856199,|,NaN,2.257836103,NaN,NaN,NaN,NaN,,0,0,0,0
18:17:30,|,NaN,NaN,NaN,NaN,NaN,NaN,|,NaN,NaN,NaN,NaN,NaN,NaN,|,0.996826649,NaN,NaN,NaN,NaN,NaN,|,NaN,1.957585216,2.045202494,2.241832972,2.410769224,2.580125332,|,NaN,2.536081314,NaN,NaN,NaN,NaN,,0,0,0,0
18:22:30,|,NaN,NaN,NaN,NaN,NaN,NaN,|,NaN,NaN,NaN,NaN,NaN,NaN,|,0.901950002,NaN,NaN,NaN,NaN,NaN,|,NaN,1.394907355,1.480396748,1.606002212,1.676636457,1.758940816,|,NaN,1.727198362,NaN,NaN,NaN,NaN,,0,0,0,0
18:27:30,|,NaN,NaN,NaN,NaN,NaN,NaN,|,NaN,NaN,NaN,NaN,NaN,NaN,|,0.728546679,NaN,NaN,NaN,NaN,NaN,|,NaN,1.522393346,1.594868422,1.723114967,1.826564074,1.908486128,|,NaN,1.895327926,NaN,NaN,NaN,NaN,,0,0,0,0
18:32:30,|,NaN,NaN,NaN,NaN,NaN,NaN,|,NaN,NaN,NaN,NaN,NaN,NaN,|,0.717112362,NaN,NaN,NaN,NaN,NaN,|,NaN,1.481113672,1.549782991,1.68349874,1.79169631,1.940735698,|,NaN,1.873577833,NaN,NaN,NaN,NaN,,0,0,0,0
18:37:30,|,NaN,NaN,NaN,NaN,NaN,NaN,|,NaN,NaN,NaN,NaN,NaN,NaN,|,0.751749992,NaN,NaN,NaN,NaN,NaN,|,NaN,1.538995504,1.575306654,1.696234941,1.79079318,1.895613074,|,NaN,1.853340507,NaN,NaN,NaN,NaN,,0,0,0,0
18:42:30,|,NaN,NaN,NaN,NaN,NaN,NaN,|,NaN,NaN,NaN,NaN,NaN,NaN,|,0.94441998,NaN,NaN,NaN,NaN,NaN,|,NaN,1.917858005,2.014341831,2.165018082,2.297002792,2.45833993,|,NaN,2.395088196,NaN,NaN,NaN,NaN,,0,0,0,0
18:47:30,|,NaN,NaN,NaN,NaN,NaN,NaN,|,NaN,NaN,NaN,NaN,NaN,NaN,|,0.960080028,NaN,NaN,NaN,NaN,NaN,|,NaN,1.872748256,1.980626941,2.137249947,2.203699827,2.317855358,|,NaN,2.241479874,NaN,NaN,NaN,NaN,,0,0,0,0
18:52:30,|,NaN,NaN,NaN,NaN,NaN,NaN,|,NaN,NaN,NaN,NaN,NaN,NaN,|,1.013769984,NaN,NaN,NaN,NaN,NaN,|,NaN,2.095199585,2.183358431,2.362926245,2.473602295,2.670309305,|,NaN,2.591258526,NaN,NaN,NaN,NaN,,0,0,0,0
18:57:30,|,NaN,NaN,NaN,NaN,NaN,NaN,|,NaN,NaN,NaN,NaN,NaN,NaN,|,1.055228353,NaN,NaN,NaN,NaN,NaN,|,NaN,2.226635695,2.329612732,2.533509493,2.726971626,2.905925512,|,NaN,2.845322847,NaN,NaN,NaN,NaN,,0,0,0,0
19:02:30,|,NaN,NaN,NaN,NaN,NaN,NaN,|,NaN,NaN,NaN,NaN,NaN,NaN,|,0.903726637,NaN,NaN,NaN,NaN,NaN,|,NaN,1.872285485,1.970718384,2.205974817,2.380262375,2.604107857,|,NaN,2.520458221,NaN,NaN,NaN,NaN,,0,0,0,0
19:07:30,|,NaN,NaN,NaN,NaN,NaN,NaN,|,NaN,NaN,NaN,NaN,NaN,NaN,|,0.834793329,NaN,NaN,NaN,NaN,NaN,|,NaN,1.644924879,1.714377284,1.845213652,1.977863073,2.116431475,|,NaN,2.058093309,NaN,NaN,NaN,NaN,,0,0,0,0
19:12:30,|,NaN,NaN,NaN,NaN,NaN,NaN,|,NaN,NaN,NaN,NaN,NaN,NaN,|,0.832473338,NaN,NaN,NaN,NaN,NaN,|,NaN,1.923580647,2.009294987,2.181661844,2.333683491,2.410535574,|,NaN,2.390661716,NaN,NaN,NaN,NaN,,0,0,0,0
19:17:30,|,NaN,NaN,NaN,NaN,NaN,NaN,|,NaN,NaN,NaN,NaN,NaN,NaN,|,0.916213334,NaN,NaN,NaN,NaN,NaN,|,NaN,1.639296293,1.715416551,1.864053249,2.010618448,2.229232788,|,NaN,2.120756865,NaN,NaN,NaN,NaN,,0,0,0,0
19:22:30,|,NaN,NaN,NaN,NaN,NaN,NaN,|,NaN,NaN,NaN,NaN,NaN,NaN,|,0.903184414,NaN,NaN,NaN,NaN,NaN,|,NaN,1.996875882,2.066906214,2.20118475,2.317712784,2.417461634,|,NaN,2.385179996,NaN,NaN,NaN,NaN,,0,0,0,0
19:27:30,|,NaN,NaN,NaN,NaN,NaN,NaN,|,NaN,NaN,NaN,NaN,NaN,NaN,|,0.863706648,NaN,NaN,NaN,NaN,NaN,|,NaN,1.53748107,1.593682885,1.751260519,1.872054458,2.003371239,|,NaN,1.937856078,NaN,NaN,NaN,NaN,,0,0,0,0
19:32:30,|,NaN,NaN,NaN,NaN,NaN,NaN,|,NaN,NaN,NaN,NaN,NaN,NaN,|,0.970003307,NaN,NaN,NaN,NaN,NaN,|,NaN,1.866253018,1.93585062,2.094003677,2.252653837,2.414886236,|,NaN,2.35484767,NaN,NaN,NaN,NaN,,0,0,0,0
19:37:30,|,NaN,NaN,NaN,NaN,NaN,NaN,|,NaN,NaN,NaN,NaN,NaN,NaN,|,1.029616714,NaN,NaN,NaN,NaN,NaN,|,NaN,1.935737252,2.030184507,2.210113049,2.324856997,2.48846221,|,NaN,2.41809845,NaN,NaN,NaN,NaN,,0,0,0,0
19:42:30,|,NaN,NaN,NaN,NaN,NaN,NaN,|,NaN,NaN,NaN,NaN,NaN,NaN,|,1.025089979,NaN,NaN,NaN,NaN,NaN,|,NaN,1.898602128,2.011876822,2.205038548,2.273402691,2.374727011,|,NaN,2.329293013,NaN,NaN,NaN,NaN,,0,0,0,0
19:47:30,|,NaN,NaN,NaN,NaN,NaN,NaN,|,NaN,NaN,NaN,NaN,NaN,NaN,|,0.690316796,NaN,NaN,NaN,NaN,NaN,|,NaN,1.720458508,1.798918009,1.921959043,2.066875696,2.204284191,|,NaN,2.123965502,NaN,NaN,NaN,NaN,,0,0,0,0
19:52:30,|,NaN,NaN,NaN,NaN,NaN,NaN,|,NaN,NaN,NaN,NaN,NaN,NaN,|,1.067193389,NaN,NaN,NaN,NaN,NaN,|,NaN,2.097538471,2.213696241,2.424890757,2.585898638,2.828493834,|,NaN,2.753947973,NaN,NaN,NaN,NaN,,0,0,0,0
19:57:30,|,NaN,NaN,NaN,NaN,NaN,NaN,|,NaN,NaN,NaN,NaN,NaN,NaN,|,0.869553328,NaN,NaN,NaN,NaN,NaN,|,NaN,1.925275087,2.039911032,2.210014582,2.351822138,2.393597603,|,NaN,2.386097431,NaN,NaN,NaN,NaN,,0,0,0,0
20:02:30,|,NaN,NaN,NaN,NaN,NaN,NaN,|,NaN,NaN,NaN,NaN,NaN,NaN,|,0.968729973,NaN,NaN,NaN,NaN,NaN,|,NaN,1.878429532,1.936336756,2.136543274,2.331361532,2.492108583,|,NaN,2.453796625,NaN,NaN,NaN,NaN,,0,0,0,0
20:07:30,|,NaN,NaN,NaN,NaN,NaN,NaN,|,NaN,NaN,NaN,NaN,NaN,NaN,|,0.975563347,NaN,NaN,NaN,NaN,NaN,|,NaN,1.770307541,1.874680042,2.012738705,2.16069293,2.378414154,|,NaN,2.292979479,NaN,NaN,NaN,NaN,,0,0,0,0
20:12:30,|,NaN,NaN,NaN,NaN,NaN,NaN,|,NaN,NaN,NaN,NaN,NaN,NaN,|,0.589179754,NaN,NaN,NaN,NaN,NaN,|,NaN,1.273408771,1.38345921,1.504747391,1.572026849,1.702916503,|,NaN,1.663693786,NaN,NaN,NaN,NaN,,0,0,0,0
20:17:30,|,NaN,NaN,NaN,NaN,NaN,NaN,|,NaN,NaN,NaN,NaN,NaN,NaN,|,0.41566667,NaN,NaN,NaN,NaN,NaN,|,NaN,1.054932475,1.102130532,1.236315131,1.319371819,1.461586595,|,NaN,1.411146641,NaN,NaN,NaN,NaN,,0,0,0,0
20:22:30,|,NaN,NaN,NaN,NaN,NaN,NaN,|,NaN,NaN,NaN,NaN,NaN,NaN,|,0.783829987,NaN,NaN,NaN,NaN,NaN,|,NaN,1.427514076,1.476970553,1.582019091,1.680900097,1.825157404,|,NaN,1.77699244,NaN,NaN,NaN,NaN,,0,0,0,0
20:27:30,|,NaN,NaN,NaN,NaN,NaN,NaN,|,NaN,NaN,NaN,NaN,NaN,NaN,|,0.662209988,NaN,NaN,NaN,NaN,NaN,|,NaN,1.35332334,1.444771171,1.581393361,1.685832262,1.853821397,|,NaN,1.808877945,NaN,NaN,NaN,NaN,,0,0,0,0
20:32:30,|,NaN,NaN,NaN,NaN,NaN,NaN,|,NaN,NaN,NaN,NaN,NaN,NaN,|,0.35667333,NaN,NaN,NaN,NaN,NaN,|,NaN,0.937539995,0.922931433,0.984422505,1.05214262,1.098967433,|,NaN,1.087202311,NaN,NaN,NaN,NaN,,0,0,0,0
20:37:30,|,NaN,NaN,NaN,NaN,NaN,NaN,|,NaN,NaN,NaN,NaN,NaN,NaN,|,0.653791249,NaN,NaN,NaN,NaN,NaN,|,NaN,0.760541797,0.796369076,0.865977287,0.930125713,1.105551362,|,NaN,0.997796059,NaN,NaN,NaN,NaN,,0,0,0,0
20:42:30,|,NaN,NaN,NaN,NaN,NaN,NaN,|,NaN,NaN,NaN,NaN,NaN,NaN,|,0.484983325,NaN,NaN,NaN,NaN,NaN,|,NaN,1.260229826,1.253337383,1.402028203,1.511980295,1.604662657,|,NaN,1.545864344,NaN,NaN,NaN,NaN,,0,0,0,0
20:47:30,|,NaN,NaN,NaN,NaN,NaN,NaN,|,NaN,NaN,NaN,NaN,NaN,NaN,|,0.235793337,NaN,NaN,NaN,NaN,NaN,|,NaN,1.129029989,0.80852443,1.225594878,1.231404066,1.192712545,|,NaN,1.24036932,NaN,NaN,NaN,NaN,,0,0,0,0
20:52:30,|,NaN,NaN,NaN,NaN,NaN,NaN,|,NaN,NaN,NaN,NaN,NaN,NaN,|,0.20848,NaN,NaN,NaN,NaN,NaN,|,NaN,0.741170108,0.755283892,0.809691608,0.862867534,0.922857285,|,NaN,0.894532502,NaN,NaN,NaN,NaN,,0,0,0,0
20:57:30,|,NaN,NaN,NaN,NaN,NaN,NaN,|,NaN,NaN,NaN,NaN,NaN,NaN,|,0.264403343,NaN,NaN,NaN,NaN,NaN,|,NaN,0.464212596,0.496321142,0.523457706,0.523596585,0.457090944,|,NaN,0.460045189,NaN,NaN,NaN,NaN,,0,0,0,0
21:02:30,|,NaN,NaN,NaN,NaN,NaN,NaN,|,NaN,NaN,NaN,NaN,NaN,NaN,|,0.218349457,NaN,NaN,NaN,NaN,NaN,|,NaN,0.56436342,0.628513813,0.659779072,0.659647822,0.76950109,|,NaN,0.719756901,NaN,NaN,NaN,NaN,,0,0,0,0
21:07:30,|,NaN,NaN,NaN,NaN,NaN,NaN,|,NaN,NaN,NaN,NaN,NaN,NaN,|,0.324103326,NaN,NaN,NaN,NaN,NaN,|,NaN,0.599306941,0.710882008,0.791308165,0.825690389,0.947788656,|,NaN,0.917842925,NaN,NaN,NaN,NaN,,0,0,0,0
21:12:30,|,NaN,NaN,NaN,NaN,NaN,NaN,|,NaN,NaN,NaN,NaN,NaN,NaN,|,0.348263323,NaN,NaN,NaN,NaN,NaN,|,NaN,0.725890279,0.717203557,0.774115264,0.824611187,0.910937488,|,NaN,0.847714841,NaN,NaN,NaN,NaN,,0,0,0,0
21:17:30,|,NaN,NaN,NaN,NaN,NaN,NaN,|,NaN,NaN,NaN,NaN,NaN,NaN,|,0.159526661,NaN,NaN,NaN,NaN,NaN,|,NaN,0.545632839,0.521194994,0.545082331,0.579208732,0.481752932,|,NaN,0.550380886,NaN,NaN,NaN,NaN,,0,0,0,0
21:22:30,|,NaN,NaN,NaN,NaN,NaN,NaN,|,NaN,NaN,NaN,NaN,NaN,NaN,|,0.422993332,NaN,NaN,NaN,NaN,NaN,|,NaN,0.589677513,0.563250005,0.576314211,0.599963248,0.546157539,|,NaN,0.590632796,NaN,NaN,NaN,NaN,,0,0,0,0
21:27:30,|,NaN,NaN,NaN,NaN,NaN,NaN,|,NaN,NaN,NaN,NaN,NaN,NaN,|,0.366095364,NaN,NaN,NaN,NaN,NaN,|,NaN,0.636084616,0.698193908,0.781629503,0.840704083,0.933226824,|,NaN,0.903021216,NaN,NaN,NaN,NaN,,0,0,0,0
21:32:30,|,NaN,NaN,NaN,NaN,NaN,NaN,|,NaN,NaN,NaN,NaN,NaN,NaN,|,0.39168334,NaN,NaN,NaN,NaN,NaN,|,NaN,0.591679335,0.687534988,0.77038449,0.814600468,0.991369545,|,NaN,0.92033112,NaN,NaN,NaN,NaN,,0,0,0,0
21:37:30,|,NaN,NaN,NaN,NaN,NaN,NaN,|,NaN,NaN,NaN,NaN,NaN,NaN,|,0.429006666,NaN,NaN,NaN,NaN,NaN,|,NaN,0.470397174,0.606120229,0.615273595,0.636480212,0.793497682,|,NaN,0.74282515,NaN,NaN,NaN,NaN,,0,0,0,0
21:42:30,|,NaN,NaN,NaN,NaN,NaN,NaN,|,NaN,NaN,NaN,NaN,NaN,NaN,|,0.706473351,NaN,NaN,NaN,NaN,NaN,|,NaN,0.634067774,0.852975309,0.909134805,0.916529477,1.166204929,|,NaN,1.086075425,NaN,NaN,NaN,NaN,,0,0,0,0
21:47:30,|,NaN,NaN,NaN,NaN,NaN,NaN,|,NaN,NaN,NaN,NaN,NaN,NaN,|,0.466383338,NaN,NaN,NaN,NaN,NaN,|,NaN,0.382642061,0.428423733,0.510897577,0.528986394,0.817650855,|,NaN,0.67644316,NaN,NaN,NaN,NaN,,0,0,0,0
21:52:30,|,NaN,NaN,NaN,NaN,NaN,NaN,|,NaN,NaN,NaN,NaN,NaN,NaN,|,0.352297425,NaN,NaN,NaN,NaN,NaN,|,NaN,0.556355,0.715603888,0.722531855,0.725546658,0.89501667,|,NaN,0.831442475,NaN,NaN,NaN,NaN,,0,0,0,0
21:57:30,|,NaN,NaN,NaN,NaN,NaN,NaN,|,NaN,NaN,NaN,NaN,NaN,NaN,|,0.184003338,NaN,NaN,NaN,NaN,NaN,|,NaN,0.51438272,0.5368222,0.561396599,0.538177013,0.57672888,|,NaN,0.564080119,NaN,NaN,NaN,NaN,,0,0,0,0
22:02:30,|,NaN,NaN,NaN,NaN,NaN,NaN,|,NaN,NaN,NaN,NaN,NaN,NaN,|,0.241919994,NaN,NaN,NaN,NaN,NaN,|,NaN,0.504992068,0.579711795,0.589807332,0.575360119,0.604707897,|,NaN,0.58063066,NaN,NaN,NaN,NaN,,0,0,0,0
22:07:30,|,NaN,NaN,NaN,NaN,NaN,NaN,|,NaN,NaN,NaN,NaN,NaN,NaN,|,0.629736662,NaN,NaN,NaN,NaN,NaN,|,NaN,0.581980944,0.663664401,0.694059849,0.634327173,0.64973551,|,NaN,0.628769696,NaN,NaN,NaN,NaN,,0,0,0,0
22:12:30,|,NaN,NaN,NaN,NaN,NaN,NaN,|,NaN,NaN,NaN,NaN,NaN,NaN,|,0.295363337,NaN,NaN,NaN,NaN,NaN,|,NaN,0.478227437,0.607892811,0.727716625,0.786189079,0.847158134,|,NaN,0.851886034,NaN,NaN,NaN,NaN,,0,0,0,0
22:17:30,|,NaN,NaN,NaN,NaN,NaN,NaN,|,NaN,NaN,NaN,NaN,NaN,NaN,|,0.310083359,NaN,NaN,NaN,NaN,NaN,|,NaN,0.658435941,0.677923262,0.729189515,0.796553552,0.705089569,|,NaN,0.766461074,NaN,NaN,NaN,NaN,,0,0,0,0
22:22:30,|,NaN,NaN,NaN,NaN,NaN,NaN,|,NaN,NaN,NaN,NaN,NaN,NaN,|,0.213159993,NaN,NaN,NaN,NaN,NaN,|,NaN,0.604092896,0.560745835,0.57260865,0.624581397,0.464232892,|,NaN,0.558189094,NaN,NaN,NaN,NaN,,0,0,0,0
22:27:30,|,NaN,NaN,NaN,NaN,NaN,NaN,|,NaN,NaN,NaN,NaN,NaN,NaN,|,0.21710667,NaN,NaN,NaN,NaN,NaN,|,NaN,0.341332793,0.383650988,0.266644239,0.251627475,0.213789567,|,NaN,0.220888212,NaN,NaN,NaN,NaN,,0,0,0,0
22:32:30,|,NaN,NaN,NaN,NaN,NaN,NaN,|,NaN,NaN,NaN,NaN,NaN,NaN,|,0.365193337,NaN,NaN,NaN,NaN,NaN,|,NaN,0.765979409,0.871208668,0.782446027,0.811278045,0.858099163,|,NaN,0.824836671,NaN,NaN,NaN,NaN,,0,0,0,0
22:37:30,|,NaN,NaN,NaN,NaN,NaN,NaN,|,NaN,NaN,NaN,NaN,NaN,NaN,|,0.409733325,NaN,NaN,NaN,NaN,NaN,|,NaN,0.770446897,0.761730969,0.817210376,0.875217617,0.883065224,|,NaN,0.877946377,NaN,NaN,NaN,NaN,,0,0,0,0
22:42:30,|,NaN,NaN,NaN,NaN,NaN,NaN,|,NaN,NaN,NaN,NaN,NaN,NaN,|,0.518989682,NaN,NaN,NaN,NaN,NaN,|,NaN,1.272533774,1.32649672,1.441671968,1.53861928,1.668045878,|,NaN,1.6206007,NaN,NaN,NaN,NaN,,0,0,0,0
22:47:30,|,NaN,NaN,NaN,NaN,NaN,NaN,|,NaN,NaN,NaN,NaN,NaN,NaN,|,0.749346673,NaN,NaN,NaN,NaN,NaN,|,NaN,1.226314187,1.296951771,1.37686336,1.448471069,1.676159263,|,NaN,1.578655481,NaN,NaN,NaN,NaN,,0,0,0,0
22:52:30,|,NaN,NaN,NaN,NaN,NaN,NaN,|,NaN,NaN,NaN,NaN,NaN,NaN,|,0.914566636,NaN,NaN,NaN,NaN,NaN,|,NaN,1.551006794,1.723552942,1.869357824,1.996920228,2.195207596,|,NaN,2.128063202,NaN,NaN,NaN,NaN,,0,0,0,0
22:57:30,|,NaN,NaN,NaN,NaN,NaN,NaN,|,NaN,NaN,NaN,NaN,NaN,NaN,|,0.58670336,NaN,NaN,NaN,NaN,NaN,|,NaN,1.073578715,1.142710805,1.234720111,1.314238548,1.518832445,|,NaN,1.439831138,NaN,NaN,NaN,NaN,,0,0,0,0
23:02:30,|,NaN,NaN,NaN,NaN,NaN,NaN,|,NaN,NaN,NaN,NaN,NaN,NaN,|,0.824216664,NaN,NaN,NaN,NaN,NaN,|,NaN,1.057110906,1.065672874,1.123776078,1.151254892,1.290150046,|,NaN,1.227632523,NaN,NaN,NaN,NaN,,0,0,0,0
23:07:30,|,NaN,NaN,NaN,NaN,NaN,NaN,|,NaN,NaN,NaN,NaN,NaN,NaN,|,0.814701557,NaN,NaN,NaN,NaN,NaN,|,NaN,0.726926804,0.769320846,0.879395008,0.955450535,1.204256654,|,NaN,1.083270788,NaN,NaN,NaN,NaN,,0,0,0,0
23:12:30,|,NaN,NaN,NaN,NaN,NaN,NaN,|,NaN,NaN,NaN,NaN,NaN,NaN,|,0.575476646,NaN,NaN,NaN,NaN,NaN,|,NaN,0.57361418,0.597177923,0.695930839,0.717055619,0.888519943,|,NaN,0.804443836,NaN,NaN,NaN,NaN,,0,0,0,0
23:17:30,|,NaN,NaN,NaN,NaN,NaN,NaN,|,NaN,NaN,NaN,NaN,NaN,NaN,|,0.301223338,NaN,NaN,NaN,NaN,NaN,|,NaN,0.799618959,0.797663987,0.85468322,0.944322407,0.990515828,|,NaN,0.952114403,NaN,NaN,NaN,NaN,,0,0,0,0
23:22:30,|,NaN,NaN,NaN,NaN,NaN,NaN,|,NaN,NaN,NaN,NaN,NaN,NaN,|,0.367156655,NaN,NaN,NaN,NaN,NaN,|,NaN,0.945111394,1.00562036,1.055862665,1.100794077,1.126780748,|,NaN,1.127512932,NaN,NaN,NaN,NaN,,0,0,0,0
23:27:30,|,NaN,NaN,NaN,NaN,NaN,NaN,|,NaN,NaN,NaN,NaN,NaN,NaN,|,0.72299999,NaN,NaN,NaN,NaN,NaN,|,NaN,1.021721005,1.150650501,1.236188412,1.285342097,1.50401032,|,NaN,1.404197574,NaN,NaN,NaN,NaN,,0,0,0,0
23:32:30,|,NaN,NaN,NaN,NaN,NaN,NaN,|,NaN,NaN,NaN,NaN,NaN,NaN,|,0.725271761,NaN,NaN,NaN,NaN,NaN,|,NaN,0.61668098,0.780367196,0.825770438,0.740647316,0.991554022,|,NaN,0.85720396,NaN,NaN,NaN,NaN,,0,0,0,0
23:37:30,|,NaN,NaN,NaN,NaN,NaN,NaN,|,NaN,NaN,NaN,NaN,NaN,NaN,|,0.495476663,NaN,NaN,NaN,NaN,NaN,|,NaN,0.64854306,0.808895588,0.777845263,0.713490963,0.921414435,|,NaN,0.838305175,NaN,NaN,NaN,NaN,,0,0,0,0
23:42:30,|,NaN,NaN,NaN,NaN,NaN,NaN,|,NaN,NaN,NaN,NaN,NaN,NaN,|,0.491016656,NaN,NaN,NaN,NaN,NaN,|,NaN,NaN,NaN,NaN,NaN,NaN,|,NaN,NaN,NaN,NaN,NaN,NaN,,0,0,0,0
23:47:30,|,NaN,NaN,NaN,NaN,NaN,NaN,|,NaN,NaN,NaN,NaN,NaN,NaN,|,0.520416677,NaN,NaN,NaN,NaN,NaN,|,NaN,NaN,NaN,NaN,NaN,NaN,|,NaN,NaN,NaN,NaN,NaN,NaN,,0,0,0,0
23:52:30,|,NaN,NaN,NaN,NaN,NaN,NaN,|,NaN,NaN,NaN,NaN,NaN,NaN,|,0.581606686,NaN,NaN,NaN,NaN,NaN,|,NaN,NaN,NaN,NaN,NaN,NaN,|,NaN,NaN,NaN,NaN,NaN,NaN,,0,0,0,0
23:57:30,|,NaN,NaN,NaN,NaN,NaN,NaN,|,NaN,NaN,NaN,NaN,NaN,NaN,|,0.633391142,NaN,NaN,NaN,NaN,NaN,|,NaN,NaN,NaN,NaN,NaN,NaN,|,NaN,NaN,NaN,NaN,NaN,NaN,,0,0,0,0
0:02:30,|,NaN,NaN,NaN,NaN,NaN,NaN,|,NaN,NaN,NaN,NaN,NaN,NaN,|,0.692759991,NaN,NaN,NaN,NaN,NaN,|,NaN,NaN,NaN,NaN,NaN,NaN,|,NaN,NaN,NaN,NaN,NaN,NaN,,0,0,0,0
0:07:30,|,NaN,NaN,NaN,NaN,NaN,NaN,|,NaN,NaN,NaN,NaN,NaN,NaN,|,0.508916676,NaN,NaN,NaN,NaN,NaN,|,NaN,NaN,NaN,NaN,NaN,NaN,|,NaN,NaN,NaN,NaN,NaN,NaN,,0,0,0,0
0:12:30,|,NaN,NaN,NaN,NaN,NaN,NaN,|,NaN,NaN,NaN,NaN,NaN,NaN,|,0.383540004,NaN,NaN,NaN,NaN,NaN,|,NaN,NaN,NaN,NaN,NaN,NaN,|,NaN,NaN,NaN,NaN,NaN,NaN,,0,0,0,0
0:17:30,|,NaN,NaN,NaN,NaN,NaN,NaN,|,NaN,NaN,NaN,NaN,NaN,NaN,|,0.448920012,NaN,NaN,NaN,NaN,NaN,|,NaN,NaN,NaN,NaN,NaN,NaN,|,NaN,NaN,NaN,NaN,NaN,NaN,,0,0,0,0
0:22:30,|,NaN,NaN,NaN,NaN,NaN,NaN,|,NaN,NaN,NaN,NaN,NaN,NaN,|,0.422527522,NaN,NaN,NaN,NaN,NaN,|,NaN,NaN,NaN,NaN,NaN,NaN,|,NaN,NaN,NaN,NaN,NaN,NaN,,0,0,0,0
0:27:30,|,NaN,NaN,NaN,NaN,NaN,NaN,|,NaN,NaN,NaN,NaN,NaN,NaN,|,0.665170014,NaN,NaN,NaN,NaN,NaN,|,NaN,NaN,NaN,NaN,NaN,NaN,|,NaN,NaN,NaN,NaN,NaN,NaN,,0,0,0,0
0:32:30,|,NaN,NaN,NaN,NaN,NaN,NaN,|,NaN,NaN,NaN,NaN,NaN,NaN,|,0.550773323,NaN,NaN,NaN,NaN,NaN,|,NaN,NaN,NaN,NaN,NaN,NaN,|,NaN,NaN,NaN,NaN,NaN,NaN,,0,0,0,0
0:37:30,|,NaN,NaN,NaN,NaN,NaN,NaN,|,NaN,NaN,NaN,NaN,NaN,NaN,|,0.481423318,NaN,NaN,NaN,NaN,NaN,|,NaN,NaN,NaN,NaN,NaN,NaN,|,NaN,NaN,NaN,NaN,NaN,NaN,,0,0,0,0
0:42:30,|,NaN,NaN,NaN,NaN,NaN,NaN,|,NaN,NaN,NaN,NaN,NaN,NaN,|,0.458656669,NaN,NaN,NaN,NaN,NaN,|,NaN,NaN,NaN,NaN,NaN,NaN,|,NaN,NaN,NaN,NaN,NaN,NaN,,0,0,0,0
0:47:30,|,NaN,NaN,NaN,NaN,NaN,NaN,|,NaN,NaN,NaN,NaN,NaN,NaN,|,0.61074692,NaN,NaN,NaN,NaN,NaN,|,NaN,NaN,NaN,NaN,NaN,NaN,|,NaN,NaN,NaN,NaN,NaN,NaN,,0,0,0,0
0:52:30,|,NaN,NaN,NaN,NaN,NaN,NaN,|,NaN,NaN,NaN,NaN,NaN,NaN,|,0.603476644,NaN,NaN,NaN,NaN,NaN,|,NaN,NaN,NaN,NaN,NaN,NaN,|,NaN,NaN,NaN,NaN,NaN,NaN,,0,0,0,0
0:57:30,|,NaN,NaN,NaN,NaN,NaN,NaN,|,NaN,NaN,NaN,NaN,NaN,NaN,|,0.783479989,NaN,NaN,NaN,NaN,NaN,|,NaN,NaN,NaN,NaN,NaN,NaN,|,NaN,NaN,NaN,NaN,NaN,NaN,,0,0,0,0
1:02:30,|,NaN,NaN,NaN,NaN,NaN,NaN,|,NaN,NaN,NaN,NaN,NaN,NaN,|,0.602326691,NaN,NaN,NaN,NaN,NaN,|,NaN,NaN,NaN,NaN,NaN,NaN,|,NaN,NaN,NaN,NaN,NaN,NaN,,0,0,0,0
1:07:30,|,NaN,NaN,NaN,NaN,NaN,NaN,|,NaN,NaN,NaN,NaN,NaN,NaN,|,0.567406654,NaN,NaN,NaN,NaN,NaN,|,NaN,NaN,NaN,NaN,NaN,NaN,|,NaN,NaN,NaN,NaN,NaN,NaN,,0,0,0,0
1:12:30,|,NaN,NaN,NaN,NaN,NaN,NaN,|,NaN,NaN,NaN,NaN,NaN,NaN,|,0.458482832,NaN,NaN,NaN,NaN,NaN,|,NaN,NaN,NaN,NaN,NaN,NaN,|,NaN,NaN,NaN,NaN,NaN,NaN,,0,0,0,0
1:17:30,|,NaN,NaN,NaN,NaN,NaN,NaN,|,NaN,NaN,NaN,NaN,NaN,NaN,|,0.398236662,NaN,NaN,NaN,NaN,NaN,|,NaN,NaN,NaN,NaN,NaN,NaN,|,NaN,NaN,NaN,NaN,NaN,NaN,,0,0,0,0
1:22:30,|,NaN,NaN,NaN,NaN,NaN,NaN,|,NaN,NaN,NaN,NaN,NaN,NaN,|,0.264323324,NaN,NaN,NaN,NaN,NaN,|,NaN,NaN,NaN,NaN,NaN,NaN,|,NaN,NaN,NaN,NaN,NaN,NaN,,0,0,0,0
1:27:30,|,NaN,NaN,NaN,NaN,NaN,NaN,|,NaN,NaN,NaN,NaN,NaN,NaN,|,0.197980002,NaN,NaN,NaN,NaN,NaN,|,NaN,NaN,NaN,NaN,NaN,NaN,|,NaN,NaN,NaN,NaN,NaN,NaN,,0,0,0,0
1:32:30,|,NaN,NaN,NaN,NaN,NaN,NaN,|,NaN,NaN,NaN,NaN,NaN,NaN,|,0.343743324,NaN,NaN,NaN,NaN,NaN,|,NaN,NaN,NaN,NaN,NaN,NaN,|,NaN,NaN,NaN,NaN,NaN,NaN,,0,0,0,0
1:37:30,|,NaN,NaN,NaN,NaN,NaN,NaN,|,NaN,NaN,NaN,NaN,NaN,NaN,|,0.503987968,NaN,NaN,NaN,NaN,NaN,|,NaN,NaN,NaN,NaN,NaN,NaN,|,NaN,NaN,NaN,NaN,NaN,NaN,,0,0,0,0
1:42:30,|,NaN,NaN,NaN,NaN,NaN,NaN,|,NaN,NaN,NaN,NaN,NaN,NaN,|,0.387586653,NaN,NaN,NaN,NaN,NaN,|,NaN,NaN,NaN,NaN,NaN,NaN,|,NaN,NaN,NaN,NaN,NaN,NaN,,0,0,0,0
1:47:30,|,NaN,NaN,NaN,NaN,NaN,NaN,|,NaN,NaN,NaN,NaN,NaN,NaN,|,0.353406668,NaN,NaN,NaN,NaN,NaN,|,NaN,NaN,NaN,NaN,NaN,NaN,|,NaN,NaN,NaN,NaN,NaN,NaN,,0,0,0,0
1:52:30,|,NaN,NaN,NaN,NaN,NaN,NaN,|,NaN,NaN,NaN,NaN,NaN,NaN,|,0.217283338,NaN,NaN,NaN,NaN,NaN,|,NaN,NaN,NaN,NaN,NaN,NaN,|,NaN,NaN,NaN,NaN,NaN,NaN,,0,0,0,0
1:57:30,|,NaN,NaN,NaN,NaN,NaN,NaN,|,NaN,NaN,NaN,NaN,NaN,NaN,|,0.350486666,NaN,NaN,NaN,NaN,NaN,|,NaN,NaN,NaN,NaN,NaN,NaN,|,NaN,NaN,NaN,NaN,NaN,NaN,,0,0,0,0
2:02:30,|,NaN,NaN,NaN,NaN,NaN,NaN,|,NaN,NaN,NaN,NaN,NaN,NaN,|,0.262137383,NaN,NaN,NaN,NaN,NaN,|,NaN,NaN,NaN,NaN,NaN,NaN,|,NaN,NaN,NaN,NaN,NaN,NaN,,0,0,0,0
2:07:30,|,NaN,NaN,NaN,NaN,NaN,NaN,|,NaN,NaN,NaN,NaN,NaN,NaN,|,0.157036662,NaN,NaN,NaN,NaN,NaN,|,NaN,NaN,NaN,NaN,NaN,NaN,|,NaN,NaN,NaN,NaN,NaN,NaN,,0,0,0,0
2:12:30,|,NaN,NaN,NaN,NaN,NaN,NaN,|,NaN,NaN,NaN,NaN,NaN,NaN,|,0.144533336,NaN,NaN,NaN,NaN,NaN,|,NaN,NaN,NaN,NaN,NaN,NaN,|,NaN,NaN,NaN,NaN,NaN,NaN,,0,0,0,0
2:17:30,|,NaN,NaN,NaN,NaN,NaN,NaN,|,NaN,NaN,NaN,NaN,NaN,NaN,|,0.379716665,NaN,NaN,NaN,NaN,NaN,|,NaN,NaN,NaN,NaN,NaN,NaN,|,NaN,NaN,NaN,NaN,NaN,NaN,,0,0,0,0
2:22:30,|,NaN,NaN,NaN,NaN,NaN,NaN,|,NaN,NaN,NaN,NaN,NaN,NaN,|,0.311040342,NaN,NaN,NaN,NaN,NaN,|,NaN,NaN,NaN,NaN,NaN,NaN,|,NaN,NaN,NaN,NaN,NaN,NaN,,0,0,0,0
2:27:30,|,NaN,NaN,NaN,NaN,NaN,NaN,|,NaN,NaN,NaN,NaN,NaN,NaN,|,0.317750007,NaN,NaN,NaN,NaN,NaN,|,NaN,NaN,NaN,NaN,NaN,NaN,|,NaN,NaN,NaN,NaN,NaN,NaN,,0,0,0,0
2:32:30,|,NaN,NaN,NaN,NaN,NaN,NaN,|,NaN,NaN,NaN,NaN,NaN,NaN,|,0.383086681,NaN,NaN,NaN,NaN,NaN,|,NaN,NaN,NaN,NaN,NaN,NaN,|,NaN,NaN,NaN,NaN,NaN,NaN,,0,0,0,0
2:37:30,|,NaN,NaN,NaN,NaN,NaN,NaN,|,NaN,NaN,NaN,NaN,NaN,NaN,|,0.452710003,NaN,NaN,NaN,NaN,NaN,|,NaN,NaN,NaN,NaN,NaN,NaN,|,NaN,NaN,NaN,NaN,NaN,NaN,,0,0,0,0
2:42:30,|,NaN,NaN,NaN,NaN,NaN,NaN,|,NaN,NaN,NaN,NaN,NaN,NaN,|,0.421163321,NaN,NaN,NaN,NaN,NaN,|,NaN,NaN,NaN,NaN,NaN,NaN,|,NaN,NaN,NaN,NaN,NaN,NaN,,0,0,0,0
2:47:30,|,NaN,NaN,NaN,NaN,NaN,NaN,|,NaN,NaN,NaN,NaN,NaN,NaN,|,0.342790008,NaN,NaN,NaN,NaN,NaN,|,NaN,NaN,NaN,NaN,NaN,NaN,|,NaN,NaN,NaN,NaN,NaN,NaN,,0,0,0,0
2:52:30,|,NaN,NaN,NaN,NaN,NaN,NaN,|,NaN,NaN,NaN,NaN,NaN,NaN,|,0.403067678,NaN,NaN,NaN,NaN,NaN,|,NaN,NaN,NaN,NaN,NaN,NaN,|,NaN,NaN,NaN,NaN,NaN,NaN,,0,0,0,0
2:57:30,|,NaN,NaN,NaN,NaN,NaN,NaN,|,NaN,NaN,NaN,NaN,NaN,NaN,|,0.474743336,NaN,NaN,NaN,NaN,NaN,|,NaN,NaN,NaN,NaN,NaN,NaN,|,NaN,NaN,NaN,NaN,NaN,NaN,,0,0,0,0
3:02:30,|,NaN,NaN,NaN,NaN,NaN,NaN,|,NaN,NaN,NaN,NaN,NaN,NaN,|,0.360933334,NaN,NaN,NaN,NaN,NaN,|,NaN,NaN,NaN,NaN,NaN,NaN,|,NaN,NaN,NaN,NaN,NaN,NaN,,0,0,0,0
3:07:30,|,NaN,NaN,NaN,NaN,NaN,NaN,|,NaN,NaN,NaN,NaN,NaN,NaN,|,0.369953334,NaN,NaN,NaN,NaN,NaN,|,NaN,NaN,NaN,NaN,NaN,NaN,|,NaN,NaN,NaN,NaN,NaN,NaN,,0,0,0,0
3:12:30,|,NaN,NaN,NaN,NaN,NaN,NaN,|,NaN,NaN,NaN,NaN,NaN,NaN,|,0.465775251,NaN,NaN,NaN,NaN,NaN,|,NaN,NaN,NaN,NaN,NaN,NaN,|,NaN,NaN,NaN,NaN,NaN,NaN,,0,0,0,0
3:17:30,|,NaN,NaN,NaN,NaN,NaN,NaN,|,NaN,NaN,NaN,NaN,NaN,NaN,|,0.366903335,NaN,NaN,NaN,NaN,NaN,|,NaN,NaN,NaN,NaN,NaN,NaN,|,NaN,NaN,NaN,NaN,NaN,NaN,,0,0,0,0
3:22:30,|,NaN,NaN,NaN,NaN,NaN,NaN,|,NaN,NaN,NaN,NaN,NaN,NaN,|,0.397570014,NaN,NaN,NaN,NaN,NaN,|,NaN,NaN,NaN,NaN,NaN,NaN,|,NaN,NaN,NaN,NaN,NaN,NaN,,0,0,0,0
3:27:30,|,NaN,NaN,NaN,NaN,NaN,NaN,|,NaN,NaN,NaN,NaN,NaN,NaN,|,0.448256671,NaN,NaN,NaN,NaN,NaN,|,NaN,NaN,NaN,NaN,NaN,NaN,|,NaN,NaN,NaN,NaN,NaN,NaN,,0,0,0,0
3:32:30,|,NaN,NaN,NaN,NaN,NaN,NaN,|,NaN,NaN,NaN,NaN,NaN,NaN,|,0.644623339,NaN,NaN,NaN,NaN,NaN,|,NaN,NaN,NaN,NaN,NaN,NaN,|,NaN,NaN,NaN,NaN,NaN,NaN,,0,0,0,0
3:37:30,|,NaN,NaN,NaN,NaN,NaN,NaN,|,NaN,NaN,NaN,NaN,NaN,NaN,|,0.812184036,NaN,NaN,NaN,NaN,NaN,|,NaN,NaN,NaN,NaN,NaN,NaN,|,NaN,NaN,NaN,NaN,NaN,NaN,,0,0,0,0
3:42:30,|,NaN,NaN,NaN,NaN,NaN,NaN,|,NaN,NaN,NaN,NaN,NaN,NaN,|,0.76249665,NaN,NaN,NaN,NaN,NaN,|,NaN,NaN,NaN,NaN,NaN,NaN,|,NaN,NaN,NaN,NaN,NaN,NaN,,0,0,0,0
3:47:30,|,NaN,NaN,NaN,NaN,NaN,NaN,|,NaN,NaN,NaN,NaN,NaN,NaN,|,0.659986675,NaN,NaN,NaN,NaN,NaN,|,NaN,NaN,NaN,NaN,NaN,NaN,|,NaN,NaN,NaN,NaN,NaN,NaN,,0,0,0,0
3:52:30,|,NaN,NaN,NaN,NaN,NaN,NaN,|,NaN,NaN,NaN,NaN,NaN,NaN,|,0.687210023,NaN,NaN,NaN,NaN,NaN,|,NaN,NaN,NaN,NaN,NaN,NaN,|,NaN,NaN,NaN,NaN,NaN,NaN,,0,0,0,0
3:57:30,|,NaN,NaN,NaN,NaN,NaN,NaN,|,NaN,NaN,NaN,NaN,NaN,NaN,|,0.533183336,NaN,NaN,NaN,NaN,NaN,|,NaN,NaN,NaN,NaN,NaN,NaN,|,NaN,NaN,NaN,NaN,NaN,NaN,,0,0,0,0
4:02:30,|,NaN,NaN,NaN,NaN,NaN,NaN,|,NaN,NaN,NaN,NaN,NaN,NaN,|,0.196395472,NaN,NaN,NaN,NaN,NaN,|,NaN,NaN,NaN,NaN,NaN,NaN,|,NaN,NaN,NaN,NaN,NaN,NaN,,0,0,0,0
4:07:30,|,NaN,NaN,NaN,NaN,NaN,NaN,|,NaN,NaN,NaN,NaN,NaN,NaN,|,0.231803328,NaN,NaN,NaN,NaN,NaN,|,NaN,NaN,NaN,NaN,NaN,NaN,|,NaN,NaN,NaN,NaN,NaN,NaN,,0,0,0,0
4:12:30,|,NaN,NaN,NaN,NaN,NaN,NaN,|,NaN,NaN,NaN,NaN,NaN,NaN,|,0.349826664,NaN,NaN,NaN,NaN,NaN,|,NaN,NaN,NaN,NaN,NaN,NaN,|,NaN,NaN,NaN,NaN,NaN,NaN,,0,0,0,0
4:17:30,|,NaN,NaN,NaN,NaN,NaN,NaN,|,NaN,NaN,NaN,NaN,NaN,NaN,|,0.372839987,NaN,NaN,NaN,NaN,NaN,|,NaN,NaN,NaN,NaN,NaN,NaN,|,NaN,NaN,NaN,NaN,NaN,NaN,,0,0,0,0
4:22:30,|,NaN,NaN,NaN,NaN,NaN,NaN,|,NaN,NaN,NaN,NaN,NaN,NaN,|,0.308016658,NaN,NaN,NaN,NaN,NaN,|,NaN,NaN,NaN,NaN,NaN,NaN,|,NaN,NaN,NaN,NaN,NaN,NaN,,0,0,0,0
4:27:30,|,NaN,NaN,NaN,NaN,NaN,NaN,|,NaN,NaN,NaN,NaN,NaN,NaN,|,0.6286062,NaN,NaN,NaN,NaN,NaN,|,NaN,NaN,NaN,NaN,NaN,NaN,|,NaN,NaN,NaN,NaN,NaN,NaN,,0,0,0,0
4:32:30,|,NaN,NaN,NaN,NaN,NaN,NaN,|,NaN,NaN,NaN,NaN,NaN,NaN,|,0.678486645,NaN,NaN,NaN,NaN,NaN,|,NaN,NaN,NaN,NaN,NaN,NaN,|,NaN,NaN,NaN,NaN,NaN,NaN,,0,0,0,0
4:37:30,|,NaN,NaN,NaN,NaN,NaN,NaN,|,NaN,NaN,NaN,NaN,NaN,NaN,|,0.538393319,NaN,NaN,NaN,NaN,NaN,|,NaN,NaN,NaN,NaN,NaN,NaN,|,NaN,NaN,NaN,NaN,NaN,NaN,,0,0,0,0
4:42:30,|,NaN,NaN,NaN,NaN,NaN,NaN,|,NaN,NaN,NaN,NaN,NaN,NaN,|,0.617723346,NaN,NaN,NaN,NaN,NaN,|,NaN,NaN,NaN,NaN,NaN,NaN,|,NaN,NaN,NaN,NaN,NaN,NaN,,0,0,0,0
4:47:30,|,NaN,NaN,NaN,NaN,NaN,NaN,|,NaN,NaN,NaN,NaN,NaN,NaN,|,0.658550024,NaN,NaN,NaN,NaN,NaN,|,NaN,NaN,NaN,NaN,NaN,NaN,|,NaN,NaN,NaN,NaN,NaN,NaN,,0,0,0,0
4:52:30,|,NaN,NaN,NaN,NaN,NaN,NaN,|,NaN,NaN,NaN,NaN,NaN,NaN,|,0.637235761,NaN,NaN,NaN,NaN,NaN,|,NaN,NaN,NaN,NaN,NaN,NaN,|,NaN,NaN,NaN,NaN,NaN,NaN,,0,0,0,0
4:57:30,|,NaN,NaN,NaN,NaN,NaN,NaN,|,NaN,NaN,NaN,NaN,NaN,NaN,|,0.524866641,NaN,NaN,NaN,NaN,NaN,|,NaN,NaN,NaN,NaN,NaN,NaN,|,NaN,NaN,NaN,NaN,NaN,NaN,,0,0,0,0
5:02:30,|,NaN,NaN,NaN,NaN,NaN,NaN,|,NaN,NaN,NaN,NaN,NaN,NaN,|,0.601976693,NaN,NaN,NaN,NaN,NaN,|,NaN,NaN,NaN,NaN,NaN,NaN,|,NaN,NaN,NaN,NaN,NaN,NaN,,0,0,0,0
5:07:30,|,NaN,NaN,NaN,NaN,NaN,NaN,|,NaN,NaN,NaN,NaN,NaN,NaN,|,0.68263334,NaN,NaN,NaN,NaN,NaN,|,NaN,NaN,NaN,NaN,NaN,NaN,|,NaN,NaN,NaN,NaN,NaN,NaN,,0,0,0,0
5:12:30,|,NaN,NaN,NaN,NaN,NaN,NaN,|,NaN,NaN,NaN,NaN,NaN,NaN,|,0.674366653,NaN,NaN,NaN,NaN,NaN,|,NaN,NaN,NaN,NaN,NaN,NaN,|,NaN,NaN,NaN,NaN,NaN,NaN,,0,0,0,0
5:17:30,|,NaN,NaN,NaN,NaN,NaN,NaN,|,NaN,NaN,NaN,NaN,NaN,NaN,|,0.719726563,NaN,NaN,NaN,NaN,NaN,|,NaN,NaN,NaN,NaN,NaN,NaN,|,NaN,NaN,NaN,NaN,NaN,NaN,,0,0,0,0
5:22:30,|,NaN,NaN,NaN,NaN,NaN,NaN,|,NaN,NaN,NaN,NaN,NaN,NaN,|,0.843593359,NaN,NaN,NaN,NaN,NaN,|,NaN,NaN,NaN,NaN,NaN,NaN,|,NaN,NaN,NaN,NaN,NaN,NaN,,0,0,0,0
5:27:30,|,NaN,NaN,NaN,NaN,NaN,NaN,|,NaN,NaN,NaN,NaN,NaN,NaN,|,0.725093305,NaN,NaN,NaN,NaN,NaN,|,NaN,NaN,NaN,NaN,NaN,NaN,|,NaN,NaN,NaN,NaN,NaN,NaN,,0,0,0,0
5:32:30,|,NaN,NaN,NaN,NaN,NaN,NaN,|,NaN,NaN,NaN,NaN,NaN,NaN,|,0.821940005,NaN,NaN,NaN,NaN,NaN,|,NaN,NaN,NaN,NaN,NaN,NaN,|,NaN,NaN,NaN,NaN,NaN,NaN,,0,0,0,0
5:37:30,|,NaN,NaN,NaN,NaN,NaN,NaN,|,NaN,NaN,NaN,NaN,NaN,NaN,|,0.887013316,NaN,NaN,NaN,NaN,NaN,|,NaN,NaN,NaN,NaN,NaN,NaN,|,NaN,NaN,NaN,NaN,NaN,NaN,,0,0,0,0
5:42:30,|,NaN,NaN,NaN,NaN,NaN,NaN,|,NaN,NaN,NaN,NaN,NaN,NaN,|,1.00982666,NaN,NaN,NaN,NaN,NaN,|,NaN,NaN,NaN,NaN,NaN,NaN,|,NaN,NaN,NaN,NaN,NaN,NaN,,0,0,0,0
5:47:30,|,NaN,NaN,NaN,NaN,NaN,NaN,|,NaN,NaN,NaN,NaN,NaN,NaN,|,1.015413284,NaN,NaN,NaN,NaN,NaN,|,NaN,NaN,NaN,NaN,NaN,NaN,|,NaN,NaN,NaN,NaN,NaN,NaN,,0,0,0,0
5:52:30,|,NaN,NaN,NaN,NaN,NaN,NaN,|,NaN,NaN,NaN,NaN,NaN,NaN,|,1.016299963,NaN,NaN,NaN,NaN,NaN,|,NaN,NaN,NaN,NaN,NaN,NaN,|,NaN,NaN,NaN,NaN,NaN,NaN,,0,0,0,0
5:57:30,|,NaN,NaN,NaN,NaN,NaN,NaN,|,NaN,NaN,NaN,NaN,NaN,NaN,|,0.982233346,NaN,NaN,NaN,NaN,NaN,|,NaN,NaN,NaN,NaN,NaN,NaN,|,NaN,NaN,NaN,NaN,NaN,NaN,,0,0,0,0
6:02:30,|,NaN,NaN,NaN,NaN,NaN,NaN,|,NaN,NaN,NaN,NaN,NaN,NaN,|,1.085273385,NaN,NaN,NaN,NaN,NaN,|,NaN,NaN,NaN,NaN,NaN,NaN,|,NaN,NaN,NaN,NaN,NaN,NaN,,0,0,0,0
6:07:30,|,NaN,NaN,NaN,NaN,NaN,NaN,|,NaN,NaN,NaN,NaN,NaN,NaN,|,1.332340837,NaN,NaN,NaN,NaN,NaN,|,NaN,NaN,NaN,NaN,NaN,NaN,|,NaN,NaN,NaN,NaN,NaN,NaN,,0,0,0,0
6:12:30,|,NaN,NaN,NaN,NaN,NaN,NaN,|,NaN,NaN,NaN,NaN,NaN,NaN,|,1.284279943,NaN,NaN,NaN,NaN,NaN,|,NaN,NaN,NaN,NaN,NaN,NaN,|,NaN,NaN,NaN,NaN,NaN,NaN,,0,0,0,0
6:17:30,|,NaN,NaN,NaN,NaN,NaN,NaN,|,NaN,NaN,NaN,NaN,NaN,NaN,|,1.254616618,NaN,NaN,NaN,NaN,NaN,|,NaN,NaN,NaN,NaN,NaN,NaN,|,NaN,NaN,NaN,NaN,NaN,NaN,,0,0,0,0
6:22:30,|,NaN,NaN,NaN,NaN,NaN,NaN,|,NaN,NaN,NaN,NaN,NaN,NaN,|,1.267099977,NaN,NaN,NaN,NaN,NaN,|,NaN,NaN,NaN,NaN,NaN,NaN,|,NaN,NaN,NaN,NaN,NaN,NaN,,0,0,0,0
6:27:30,|,NaN,NaN,NaN,NaN,NaN,NaN,|,NaN,NaN,NaN,NaN,NaN,NaN,|,1.374983311,NaN,NaN,NaN,NaN,NaN,|,NaN,NaN,NaN,NaN,NaN,NaN,|,NaN,NaN,NaN,NaN,NaN,NaN,,0,0,0,0
6:32:30,|,NaN,NaN,NaN,NaN,NaN,NaN,|,NaN,NaN,NaN,NaN,NaN,NaN,|,1.23647213,NaN,NaN,NaN,NaN,NaN,|,NaN,NaN,NaN,NaN,NaN,NaN,|,NaN,NaN,NaN,NaN,NaN,NaN,,0,0,0,0
6:37:30,|,NaN,NaN,NaN,NaN,NaN,NaN,|,NaN,NaN,NaN,NaN,NaN,NaN,|,1.120790005,NaN,NaN,NaN,NaN,NaN,|,NaN,NaN,NaN,NaN,NaN,NaN,|,NaN,NaN,NaN,NaN,NaN,NaN,,0,0,0,0
6:42:30,|,NaN,NaN,NaN,NaN,NaN,NaN,|,NaN,NaN,NaN,NaN,NaN,NaN,|,1.216866612,NaN,NaN,NaN,NaN,NaN,|,NaN,NaN,NaN,NaN,NaN,NaN,|,NaN,NaN,NaN,NaN,NaN,NaN,,0,0,0,0
6:47:30,|,NaN,NaN,NaN,NaN,NaN,NaN,|,NaN,NaN,NaN,NaN,NaN,NaN,|,1.362206697,NaN,NaN,NaN,NaN,NaN,|,NaN,NaN,NaN,NaN,NaN,NaN,|,NaN,NaN,NaN,NaN,NaN,NaN,,0,0,0,0
6:52:30,|,NaN,NaN,NaN,NaN,NaN,NaN,|,NaN,NaN,NaN,NaN,NaN,NaN,|,1.333009958,NaN,NaN,NaN,NaN,NaN,|,NaN,NaN,NaN,NaN,NaN,NaN,|,NaN,NaN,NaN,NaN,NaN,NaN,,0,0,0,0
6:57:30,|,NaN,NaN,NaN,NaN,NaN,NaN,|,NaN,NaN,NaN,NaN,NaN,NaN,|,1.371403813,NaN,NaN,NaN,NaN,NaN,|,NaN,NaN,NaN,NaN,NaN,NaN,|,NaN,NaN,NaN,NaN,NaN,NaN,,0,0,0,0
7:02:30,|,NaN,NaN,NaN,NaN,NaN,NaN,|,NaN,NaN,NaN,NaN,NaN,NaN,|,1.163556695,NaN,NaN,NaN,NaN,NaN,|,NaN,NaN,NaN,NaN,NaN,NaN,|,NaN,NaN,NaN,NaN,NaN,NaN,,0,0,0,0
7:07:30,|,NaN,NaN,NaN,NaN,NaN,NaN,|,NaN,NaN,NaN,NaN,NaN,NaN,|,1.102203369,NaN,NaN,NaN,NaN,NaN,|,NaN,NaN,NaN,NaN,NaN,NaN,|,NaN,NaN,NaN,NaN,NaN,NaN,,0,0,0,0
7:12:30,|,NaN,NaN,NaN,NaN,NaN,NaN,|,NaN,NaN,NaN,NaN,NaN,NaN,|,1.296576619,NaN,NaN,NaN,NaN,NaN,|,NaN,NaN,NaN,NaN,NaN,NaN,|,NaN,NaN,NaN,NaN,NaN,NaN,,0,0,0,0
7:17:30,|,NaN,NaN,NaN,NaN,NaN,NaN,|,NaN,NaN,NaN,NaN,NaN,NaN,|,1.438403368,NaN,NaN,NaN,NaN,NaN,|,NaN,NaN,NaN,NaN,NaN,NaN,|,NaN,NaN,NaN,NaN,NaN,NaN,,0,0,0,0
7:22:30,|,NaN,NaN,NaN,NaN,NaN,NaN,|,NaN,NaN,NaN,NaN,NaN,NaN,|,1.140460134,NaN,NaN,NaN,NaN,NaN,|,NaN,NaN,NaN,NaN,NaN,NaN,|,NaN,NaN,NaN,NaN,NaN,NaN,,0,0,0,0
7:27:30,|,NaN,NaN,NaN,NaN,NaN,NaN,|,NaN,NaN,NaN,NaN,NaN,NaN,|,1.215723276,NaN,NaN,NaN,NaN,NaN,|,NaN,NaN,NaN,NaN,NaN,NaN,|,NaN,NaN,NaN,NaN,NaN,NaN,,0,0,0,0
7:32:30,|,NaN,NaN,NaN,NaN,NaN,NaN,|,NaN,NaN,NaN,NaN,NaN,NaN,|,1.184960008,NaN,NaN,NaN,NaN,NaN,|,NaN,NaN,NaN,NaN,NaN,NaN,|,NaN,NaN,NaN,NaN,NaN,NaN,,0,0,0,0
7:37:30,|,NaN,NaN,NaN,NaN,NaN,NaN,|,NaN,NaN,NaN,NaN,NaN,NaN,|,1.199219942,NaN,NaN,NaN,NaN,NaN,|,NaN,NaN,NaN,NaN,NaN,NaN,|,NaN,NaN,NaN,NaN,NaN,NaN,,0,0,0,0
7:42:30,|,NaN,NaN,NaN,NaN,NaN,NaN,|,NaN,NaN,NaN,NaN,NaN,NaN,|,1.217419982,NaN,NaN,NaN,NaN,NaN,|,NaN,NaN,NaN,NaN,NaN,NaN,|,NaN,NaN,NaN,NaN,NaN,NaN,,0,0,0,0
7:47:30,|,NaN,NaN,NaN,NaN,NaN,NaN,|,NaN,NaN,NaN,NaN,NaN,NaN,|,0.82417804,NaN,NaN,NaN,NaN,NaN,|,NaN,NaN,NaN,NaN,NaN,NaN,|,NaN,NaN,NaN,NaN,NaN,NaN,,0,0,0,0
7:52:30,|,NaN,NaN,NaN,NaN,NaN,NaN,|,NaN,NaN,NaN,NaN,NaN,NaN,|,1.070440054,NaN,NaN,NaN,NaN,NaN,|,NaN,NaN,NaN,NaN,NaN,NaN,|,NaN,NaN,NaN,NaN,NaN,NaN,,0,0,0,0
7:57:30,|,NaN,NaN,NaN,NaN,NaN,NaN,|,NaN,NaN,NaN,NaN,NaN,NaN,|,0.919566691,NaN,NaN,NaN,NaN,NaN,|,NaN,NaN,NaN,NaN,NaN,NaN,|,NaN,NaN,NaN,NaN,NaN,NaN,,0,0,0,0
8:02:30,|,NaN,NaN,NaN,NaN,NaN,NaN,|,NaN,NaN,NaN,NaN,NaN,NaN,|,0.93822664,NaN,NaN,NaN,NaN,NaN,|,NaN,NaN,NaN,NaN,NaN,NaN,|,NaN,NaN,NaN,NaN,NaN,NaN,,0,0,0,0
8:07:30,|,NaN,NaN,NaN,NaN,NaN,NaN,|,NaN,NaN,NaN,NaN,NaN,NaN,|,0.97620666,NaN,NaN,NaN,NaN,NaN,|,NaN,NaN,NaN,NaN,NaN,NaN,|,NaN,NaN,NaN,NaN,NaN,NaN,,0,0,0,0
8:12:30,|,NaN,NaN,NaN,NaN,NaN,NaN,|,NaN,NaN,NaN,NaN,NaN,NaN,|,1.06904304,NaN,NaN,NaN,NaN,NaN,|,NaN,NaN,NaN,NaN,NaN,NaN,|,NaN,NaN,NaN,NaN,NaN,NaN,,0,0,0,0
8:17:30,|,NaN,NaN,NaN,NaN,NaN,NaN,|,NaN,NaN,NaN,NaN,NaN,NaN,|,1.026280046,NaN,NaN,NaN,NaN,NaN,|,NaN,NaN,NaN,NaN,NaN,NaN,|,NaN,NaN,NaN,NaN,NaN,NaN,,0,0,0,0
8:22:30,|,NaN,NaN,NaN,NaN,NaN,NaN,|,NaN,NaN,NaN,NaN,NaN,NaN,|,1.088746667,NaN,NaN,NaN,NaN,NaN,|,NaN,NaN,NaN,NaN,NaN,NaN,|,NaN,NaN,NaN,NaN,NaN,NaN,,0,0,0,0
8:27:30,|,NaN,NaN,NaN,NaN,NaN,NaN,|,NaN,NaN,NaN,NaN,NaN,NaN,|,1.198436618,NaN,NaN,NaN,NaN,NaN,|,NaN,NaN,NaN,NaN,NaN,NaN,|,NaN,NaN,NaN,NaN,NaN,NaN,,0,0,0,0
8:32:30,|,NaN,NaN,NaN,NaN,NaN,NaN,|,NaN,NaN,NaN,NaN,NaN,NaN,|,0.937393308,NaN,NaN,NaN,NaN,NaN,|,NaN,NaN,NaN,NaN,NaN,NaN,|,NaN,NaN,NaN,NaN,NaN,NaN,,0,0,0,0
8:37:30,|,0.992064834,1.718631983,2.007541656,NaN,NaN,NaN,|,NaN,NaN,NaN,NaN,NaN,NaN,|,0.964488149,NaN,NaN,NaN,NaN,NaN,|,NaN,NaN,NaN,NaN,NaN,NaN,|,NaN,NaN,NaN,NaN,NaN,NaN,,0,0,0,0
8:42:30,|,1.008559465,1.879716158,2.066913605,NaN,NaN,NaN,|,NaN,NaN,NaN,NaN,NaN,NaN,|,1.025079966,NaN,NaN,NaN,NaN,NaN,|,NaN,NaN,NaN,NaN,NaN,NaN,|,NaN,NaN,NaN,NaN,NaN,NaN,,0,0,0,0
8:47:30,|,1.071551204,2.039016008,2.276680708,NaN,NaN,NaN,|,1.249729753,NaN,NaN,NaN,NaN,NaN,|,1.195950031,NaN,NaN,NaN,NaN,NaN,|,0.895549774,NaN,NaN,NaN,NaN,NaN,|,NaN,NaN,NaN,2.796153784,NaN,2.956257582,,0,0,0,0
8:52:30,|,0.814660013,1.626404285,1.759394526,NaN,NaN,NaN,|,1.001193285,NaN,NaN,1.753113747,1.923615336,2.017456532,|,0.942103326,1.434376478,1.489958405,1.479742408,1.71628356,1.780340672,|,0.874889493,NaN,NaN,NaN,NaN,NaN,|,1.959866762,NaN,NaN,2.661700249,NaN,2.657691956,,0,0,0,0
8:57:30,|,0.936630011,1.753008723,1.913997769,NaN,NaN,NaN,|,0.995785475,1.69288981,1.78923142,1.925781369,2.153841019,2.191340208,|,0.944796681,1.722134709,1.865099669,1.915222406,2.08351016,2.176683664,|,0.744241416,NaN,NaN,NaN,NaN,NaN,|,2.171268702,NaN,2.238116026,2.052996874,2.294282913,2.077609539,,0,1,1,0
9:02:30,|,0.766730011,1.377986908,1.476858258,1.432187796,1.477026701,1.538299203,|,0.87128377,1.513941169,1.612598896,1.640254736,1.779189587,1.776714087,|,0.985081673,1.786896825,1.876560569,1.920003057,2.085900784,2.21750927,|,0.783886671,NaN,NaN,NaN,NaN,NaN,|,1.773285985,NaN,1.860284209,2.329338551,1.872082114,2.341104746,,0,0,1,0
9:07:30,|,0.52234745,0.950923204,1.035593271,1.102556586,1.131587625,1.177797675,|,0.442689985,0.663763344,0.761907935,0.769412577,0.84965688,0.808565974,|,0.53858,0.883170128,0.960703731,0.92979759,0.975587904,0.973231673,|,0.431163728,0.826124072,0.826730847,0.765867233,0.906543493,1.128327608,|,0.849463046,0.989239275,0.926574588,1.030357242,0.987362802,1.025533438,,1,0,0,0
9:12:30,|,0.579756677,0.789360285,0.84534955,0.942540646,0.860087156,1.008632183,|,0.528213322,0.79044652,0.707942188,0.761927903,0.827397645,0.84281826,|,0.716149986,1.10915339,1.120597124,1.10307765,1.188917041,1.174188972,|,0.483209997,0.996700644,0.9298805,0.92085737,0.964717209,0.90864706,|,0.828446686,0.912228405,0.891985834,0.98580879,0.978191197,0.927065969,,0,0,0,0
9:17:30,|,0.543483317,0.951151967,1.037113547,1.123450279,1.13709271,1.21013844,|,0.47826001,0.71347791,0.783985496,0.819152117,0.858558297,0.749369681,|,0.448643327,0.694462955,0.69680953,0.676568687,0.708199739,0.707044482,|,0.302729994,0.602416515,0.579427779,0.604774058,0.600354612,0.618966758,|,0.793326855,0.578332186,0.802201211,0.711072803,0.929884613,0.658093631,,1,0,0,0
9:22:30,|,0.701603353,1.314597964,1.399595141,1.459410429,1.499373913,1.474163413,|,0.730563343,1.184264898,1.308644414,1.36737895,1.45164597,1.447869301,|,0.584863305,1.00386107,1.056043506,1.041950703,1.153386354,1.178320765,|,0.394309998,0.784116328,0.749812424,0.771557093,0.838045418,0.883040249,|,1.456544161,0.868184984,1.49159956,0.988453507,1.492213368,0.929523766,,0,0,0,0
9:27:30,|,0.588266671,1.17193079,1.24121666,1.287691832,1.319488883,1.397722006,|,0.918016672,1.531938434,1.623004198,1.661064029,1.766000271,1.817741156,|,0.903671205,1.625594974,1.803167343,1.844286323,1.929541111,1.990998507,|,0.725319982,1.76464951,1.789878964,1.911651969,2.027637482,2.054286242,|,1.82205987,2.023710966,1.860712886,2.129662037,1.938932061,2.152969122,,1,0,1,0
9:32:30,|,0.909126401,1.619466424,1.753248692,1.871057391,1.905498981,2.020806789,|,0.893597841,1.546632051,1.680798411,1.719858527,1.901369095,1.87496388,|,0.908776641,1.629296541,1.763751745,1.782594204,1.932304502,1.965743899,|,0.710626662,1.70090127,1.73514235,1.833984852,1.942864537,2.038343906,|,1.915534496,1.991604209,1.886766791,2.108560562,1.958472848,2.134672165,,1,0,1,1
9:37:30,|,0.643469989,1.19515729,1.288792729,1.340952873,1.394230723,1.415079117,|,0.794223309,1.265174747,1.300884724,1.345511317,1.496327281,1.486319184,|,0.727066696,1.242014289,1.319267035,1.339462519,1.468442559,1.501804233,|,0.588449478,1.334406257,1.321903586,1.407808185,1.510911942,1.574070692,|,1.519707799,1.523369789,1.539611936,1.706020236,1.548874378,1.750449181,,1,0,1,0
9:42:30,|,0.767106652,1.449864149,1.570347548,1.62856245,1.660486341,1.716293216,|,0.852456689,1.343490601,1.426242232,1.523257613,1.621088386,1.621368408,|,0.769806683,1.274734735,1.386702895,1.432088852,1.534249544,1.579643846,|,0.475966662,1.025888562,1.008995175,1.091462255,1.196131587,1.29722023,|,1.645258546,1.253715396,1.639330626,1.495434761,1.713285923,1.623654723,,1,0,1,0
9:47:30,|,0.574146688,1.046697974,1.139055967,1.22521472,1.320527077,1.374158621,|,0.623920023,0.967353106,1.044677615,1.065335512,1.162919998,1.048049569,|,0.70253998,1.150005817,1.232620358,1.235386848,1.326084971,1.371956706,|,0.556223333,1.269933224,1.282190084,1.341611743,1.432912946,1.431986094,|,1.083932281,1.424523473,1.13657856,1.576336503,1.167170644,1.62927711,,1,0,1,0
9:52:30,|,0.974843323,1.883098483,2.043520927,2.122019529,2.207699776,2.228381872,|,0.790816665,1.261716366,1.392409801,1.484431863,1.629759908,1.648611069,|,0.712350786,1.14588654,1.166469812,1.137423038,1.241554976,1.19073987,|,0.502640009,1.051140666,1.03497529,1.078819036,1.183141232,1.188752532,|,1.649704814,1.186920047,1.727544904,1.214455366,1.799501061,1.10780704,,1,0,0,0
9:57:30,|,0.872734249,1.642438054,1.772161245,1.855658889,1.959549427,2.051680088,|,1.128446102,1.923189044,1.99753356,2.055150986,2.227952957,2.211887836,|,1.101879954,1.934908509,2.153578281,2.224664688,2.345836639,2.444811106,|,0.908786654,2.048573732,2.086114883,2.21703887,2.390972137,2.382098913,|,2.228969097,2.356779099,2.249256372,2.422333956,2.357598066,2.41892457,,1,0,1,0
10:02:30,|,0.745343328,1.437554002,1.509327054,1.55089736,1.634132266,1.705058694,|,0.98939997,1.632918,1.729998231,1.778723121,1.878587008,1.942825079,|,0.963339984,1.683791041,1.800390363,1.786964893,1.89977479,1.983705282,|,0.82318002,1.746036291,1.844803333,1.912841558,2.055104256,2.097874403,|,1.941475511,2.061003685,2.032141209,2.145069122,2.107588768,2.120854378,,1,1,0,0
10:07:30,|,0.848262191,1.532469034,1.633277774,1.674654603,1.737447619,1.856540203,|,0.91504997,1.487122536,1.593556881,1.668934107,1.808595538,1.832283974,|,0.870476663,1.427700996,1.515219092,1.495996118,1.569531202,1.659838796,|,0.823354423,1.789014459,1.693845987,1.902163148,2.055530548,2.088838816,|,1.857810259,2.085659981,1.851963043,2.155733585,1.982160687,2.223213911,,1,0,0,0
10:12:30,|,0.856733322,1.569584012,1.6583637,1.76714015,1.852935433,1.906220317,|,0.872973323,1.308020949,1.349816918,1.402626276,1.523351431,1.519301891,|,0.736573339,1.217395067,1.332018375,1.356032968,1.441049695,1.561531782,|,0.613579988,1.336817145,1.379501939,1.460240245,1.558533549,1.573759079,|,1.541811466,1.575119615,1.517318606,1.6454283,1.564582944,1.671736479,,1,0,1,0
10:17:30,|,0.871963322,1.610548496,1.747061133,1.843844533,1.954203129,1.990876675,|,1.005489945,1.64414072,1.853215814,2.052899361,2.118074894,2.204866648,|,0.872650862,1.366063356,1.536606312,1.566144586,1.586236715,1.718204975,|,0.685370028,1.447776794,1.486116529,1.635338426,1.765374422,1.889270425,|,2.192976475,1.841068864,2.260324478,1.968587756,2.316686153,1.955890656,,1,1,1,0
10:22:30,|,0.697375774,1.348976374,1.442548275,1.487107515,1.558821678,1.660251617,|,0.792963326,1.304530382,1.403797269,1.474553943,1.524434566,1.576856494,|,0.895200014,1.348594785,1.517686605,1.576348066,1.6231215,1.695517302,|,0.684943318,1.51662302,1.486222625,1.543969512,1.663377285,1.749846935,|,1.577679873,1.713469505,1.655784965,1.935580611,1.725527883,2.055361986,,1,0,1,0
10:27:30,|,0.82232666,1.48258853,1.567269206,1.627427459,1.681802154,1.694825888,|,0.965708554,1.553707838,1.523008704,1.767875195,1.857211828,1.858745933,|,1.023893356,1.711351514,1.869490743,1.88378644,1.989850998,2.099877357,|,0.769159973,1.682375669,1.653066397,1.764427662,1.960677624,2.035593033,|,1.894076586,1.988529086,1.970403433,2.084911108,2.059766054,2.177104712,,1,0,1,0
10:32:30,|,0.622553349,1.055655718,1.139106631,1.195491552,1.243547678,1.260735631,|,0.827456653,1.292931199,1.218986869,1.478626966,1.624150276,1.713061213,|,0.717303336,1.15374434,1.288080692,1.315877557,1.393658638,1.45889473,|,0.843913317,1.793424129,1.811325788,1.935803652,2.080828667,2.20276165,|,1.690816641,2.140228033,1.813782454,2.244933128,1.835153103,2.307453156,,1,0,1,1
10:37:30,|,0.61851567,1.036158442,1.073502898,1.106909394,1.204546571,1.305788279,|,0.721653342,1.058517575,1.141549826,1.21160686,1.30845356,1.214048982,|,0.649839997,0.990435719,1.092049718,1.114368558,1.142932296,1.212752461,|,0.550373435,1.210738897,1.244900227,1.330438972,1.442971945,1.448970199,|,1.263851643,1.458870292,1.221983433,1.530703187,1.316037893,1.57997787,,1,0,1,0
10:42:30,|,0.801917315,1.386303186,1.475973606,1.56404233,1.650873065,1.811530471,|,0.824964941,1.231602311,1.312317252,1.365294933,1.44085443,1.56386888,|,0.785383821,1.268709779,1.34877646,1.317349195,1.36394012,1.421723247,|,0.675716639,1.403757572,1.427696943,1.488533974,1.59798193,1.623503447,|,1.537276506,1.651102304,1.669053316,1.721944332,1.764465213,1.659528971,,1,1,0,0
10:47:30,|,1.053343296,2.095077038,2.248607874,2.30834794,2.385042191,2.384230375,|,1.286723375,2.087794304,2.305789471,2.298879862,2.494092703,2.597641945,|,1.105373383,1.938764095,2.080566168,2.045623541,2.142055273,2.226703167,|,0.710640013,1.459536195,1.481547832,1.535822511,1.614823818,1.556213617,|,2.559352636,1.576440454,2.690188169,1.680486441,2.745168686,1.818487644,,0,0,0,0
10:52:30,|,1.147979975,2.367746115,2.542861223,2.638871431,2.742845774,2.742517471,|,1.305761933,2.206254244,2.452130318,2.523447514,2.705320358,2.729990005,|,1.190846682,2.109819889,2.352180481,2.407312155,2.560379267,2.697064877,|,1.034513354,2.374836206,2.45158577,2.61737442,2.843723059,2.920361757,|,2.746761084,2.904464006,2.76029706,2.925572634,2.842908382,2.96628499,,0,0,1,1
10:57:30,|,1.063796639,2.068689346,2.206865788,2.262288809,2.347487688,2.369683027,|,1.241580009,1.99235487,2.173754215,2.273443222,2.375141382,2.497649193,|,1.07644999,1.936122179,2.253236294,2.373655796,2.499601364,2.615859747,|,1.035079956,2.344608307,2.432584286,2.606450796,2.781292677,2.824703932,|,2.464413881,2.797526836,2.54425931,2.861660242,2.575209618,2.938633442,,1,1,1,1
11:02:30,|,1.380496621,2.797626257,2.974488735,3.081087589,3.235831261,3.317855835,|,1.408846617,2.255041361,2.486890793,2.594158649,2.721158266,2.833488464,|,1.28175056,2.221993685,2.505850077,2.611062765,2.770258904,2.948964357,|,1.055586696,2.451951742,2.52794385,2.707629681,2.909960747,2.984030247,|,2.819530487,2.940594196,3.012500525,3.015601635,3.122013807,3.05927515,,1,1,1,1
11:07:30,|,1.063294411,2.002545595,2.158857584,2.245121479,2.353538752,2.4177773,|,1.439516664,2.412240982,2.629502058,2.697920561,2.815395355,2.868113041,|,1.306178689,2.29457593,2.58528471,2.649647951,2.73905611,2.889076948,|,1.051487207,2.401932478,2.470351219,2.555233002,2.708187103,2.791774273,|,2.867005348,2.75780344,2.932234526,2.891667366,2.980329752,2.915341139,,1,1,1,1
11:12:30,|,1.337106705,2.673482895,2.884297371,2.977563858,3.117173195,3.166207314,|,1.359990001,2.231699467,2.476229668,2.524750948,2.673655987,2.734308481,|,1.194650054,1.972967267,2.299135447,2.366089344,2.49383831,2.638734102,|,0.914926648,2.092254639,2.212865114,2.397404432,2.52953887,2.598945618,|,2.742928982,2.548828363,2.871750355,2.640864134,2.993971825,2.69924283,,1,0,1,1
11:17:30,|,1.198083282,2.246795416,2.377356529,2.48633194,2.627572775,2.759040833,|,1.563661218,2.639840603,2.90165329,2.991297483,3.199839592,3.219171762,|,1.516496658,2.698769569,2.950254679,3.008234262,3.142418385,3.253742695,|,1.256136656,2.794170141,2.935796976,3.168695688,3.356763601,3.470152855,|,3.234478235,3.386060238,3.314603806,3.560827732,3.356276989,3.63483119,,1,0,1,1
11:22:30,|,1.384459972,2.578141451,2.785677433,2.923051119,3.086301088,3.221248865,|,1.400036693,2.26990962,2.479231834,2.532276392,2.733400822,2.757923841,|,1.274046659,2.313124418,2.538247824,2.595925093,2.791620016,2.927744865,|,1.104412913,2.424439192,2.507601976,2.682770729,2.88684845,2.957401276,|,2.774378777,2.912364721,2.848577499,3.009688139,2.959897757,3.103631735,,1,0,1,1
11:27:30,|,1.164508224,2.227168322,2.42246604,2.514493465,2.62825942,2.62475419,|,1.385676622,2.246485233,2.540179491,2.673228979,2.759041071,2.870005608,|,1.275216699,2.259940863,2.550407648,2.666448593,2.797071457,2.935791731,|,1.202263355,2.706508875,2.859165668,3.018991709,3.253614664,3.350153923,|,2.850533485,3.290503263,2.932083845,3.416132927,2.963795185,3.471493244,,0,1,1,1
11:32:30,|,0.919186413,1.611013174,1.653349876,1.702893734,1.794594765,1.850414157,|,1.168806672,1.883936882,2.092120647,2.237779617,2.336010218,2.469559908,|,1.201143742,1.957727194,2.200770617,2.266863823,2.299857616,2.414972544,|,0.827916682,1.829177141,1.879936814,2.000004292,2.108570099,2.168319702,|,2.401623011,2.150797606,2.584780931,2.2970438,2.631468058,2.433125496,,1,1,1,1
11:37:30,|,1.259896636,2.35646677,2.556638241,2.681720018,2.841406345,2.914927244,|,1.20034337,1.945673108,2.180116415,2.189280272,2.294283867,2.309615612,|,0.792029977,1.292609811,1.375074267,1.408896446,1.503603339,1.614991784,|,0.642557502,1.273019552,1.298551083,1.406423688,1.566319942,1.650082946,|,2.304579258,1.627473831,2.471769333,1.74579668,2.609401941,1.848486066,,1,1,1,1
11:42:30,|,1.345530033,2.612836838,2.824721098,2.951890945,3.068123579,3.090923071,|,1.571376681,2.653876066,2.980033636,3.133071184,3.354357004,3.439145803,|,1.502146721,2.686031818,3.002104521,3.117772102,3.282670975,3.459008455,|,1.383743286,3.174760342,3.286850452,3.460608244,3.655935764,3.782380104,|,3.435302734,3.679689169,3.54801774,3.800395966,3.573675394,3.832883835,,1,1,1,1
11:47:30,|,1.270046711,2.469340086,2.73853159,2.885461807,3.089771509,3.256984949,|,1.616492152,2.696091652,2.913604259,2.960989714,3.223539591,3.344754696,|,1.509536624,2.769170761,3.070343971,3.141946077,3.306804895,3.451747179,|,1.209253311,2.834920645,2.99565959,3.171238184,3.394024134,3.412908554,|,3.303498745,3.392338037,3.447935343,3.473653316,3.514496326,3.625450134,,1,1,1,0
11:52:30,|,1.397539973,2.783881903,3.003230095,3.107462883,3.243304968,3.374105692,|,1.736559987,2.958382607,3.223261118,3.291494608,3.553014994,3.660312176,|,1.562017322,2.816826582,3.178613424,3.267436504,3.426107407,3.576369762,|,1.313513279,3.096710682,3.253777504,3.413109779,3.598920107,3.617889881,|,3.599166155,3.58605504,3.735904217,3.681030035,3.804666281,3.729448795,,1,1,1,0
11:57:30,|,1.4198699,2.845046043,3.126303673,3.261929274,3.476486921,3.59480691,|,1.566403389,2.516727924,2.760818958,2.855166674,3.091442585,3.172318459,|,1.408483386,2.526167393,2.852347136,2.895672083,3.010290384,3.14907217,|,1.246309996,2.98000741,3.097479582,3.276319265,3.461155891,3.566277266,|,3.176843882,3.514749527,3.270385265,3.602627754,3.367012978,3.706995964,,1,0,1,1
12:02:30,|,1.523986697,2.882871866,3.081226349,3.22691226,3.364744902,3.404332876,|,1.835233331,3.142786741,2.961391449,3.625507355,3.854494572,3.940304518,|,1.63835001,3.002535105,3.410536289,3.525668383,3.681991816,3.935350895,|,1.372947693,3.114948511,3.248127937,3.50092411,3.746436596,3.871385813,|,3.917976618,3.782324076,3.944210768,4.034205914,3.956700802,4.126969337,,1,0,1,1
12:07:30,|,1.421311259,2.673891783,2.882424831,2.965740681,3.108211994,3.098681927,|,1.270737886,2.015587568,3.159146786,2.363788605,2.452528238,2.527993441,|,1.330527663,2.303962708,2.543622732,2.586170197,2.641286612,2.750966787,|,1.155905247,2.404767513,2.444694519,2.559313297,2.709967136,2.723416805,|,2.494932652,2.692903519,2.571777105,2.810080528,2.597734213,2.889786959,,0,0,1,0
12:12:30,|,1.674664021,3.17779398,3.389307976,3.483235121,3.626574278,3.713703871,|,1.911365867,3.077056885,3.109518051,3.606562138,3.706802368,3.841883421,|,1.597535014,2.876914978,3.263748884,3.352327824,3.445705414,3.639662981,|,1.428998709,3.20140934,3.350619078,3.515893698,3.763381481,3.871548653,|,3.790729046,3.800791979,3.938877583,3.951039553,4.019974709,4.118522644,,1,1,1,1
12:17:30,|,1.751748443,3.285696507,3.495747089,3.628997564,3.795170307,3.870087862,|,1.872405529,3.132635832,3.568230152,3.596950769,3.861883402,4.080311298,|,1.747200489,3.223282814,3.624187231,3.698073626,3.826198339,3.991446972,|,1.604278088,3.628718376,3.765091419,4.001525402,4.230282307,4.267740726,|,3.97903204,4.252296448,4.215044498,4.288819313,4.221654415,4.282839775,,1,1,1,0
12:22:30,|,1.979493141,3.697859287,4.040128708,4.239723206,4.481859684,4.659859657,|,2.121210098,3.677640438,3.992709875,4.071864128,4.444963932,4.534001827,|,1.78881669,3.374115229,3.844112873,4.0137043,4.220757008,4.424982071,|,1.737116694,3.855023384,4.086536407,4.358163834,4.648939133,4.752529144,|,4.473885059,4.702009201,4.64586401,4.939230919,4.738902092,4.970911503,,1,1,1,1
12:27:30,|,1.739969969,3.341555834,3.657974005,3.81641674,4.004009724,4.154877186,|,1.943453312,3.304257154,3.735521793,3.893199682,4.139424801,4.316128731,|,1.814120054,3.221461058,3.684583426,3.868542671,3.988392353,4.155002117,|,1.521936655,3.526053905,3.691614151,3.933782578,4.200213909,4.323891163,|,4.254144669,4.246404171,4.388447762,4.362803459,4.395680428,4.460062027,,1,1,1,1
12:32:30,|,1.863989949,3.611005783,3.939114809,4.121133804,4.381246567,4.534387112,|,1.902089953,3.154258728,3.634140491,3.887166977,4.156266212,4.430321693,|,1.802160025,3.330903053,3.835368633,3.973823309,4.168623924,4.385458469,|,1.536612153,3.557825804,3.774104357,4.025558472,4.322679043,4.498539925,|,4.328880787,4.408343792,4.596825123,4.628648758,4.668409348,4.733130932,,1,1,1,1
12:37:30,|,1.924496651,3.756695986,4.069660187,4.250269413,4.456092358,4.534920216,|,2.058206081,3.496399879,3.980354548,4.142823219,4.295910835,4.452601433,|,1.796316624,3.24984622,3.723639488,3.87883234,4.024363995,4.32302475,|,1.452929974,3.346170187,3.562149286,3.803859234,4.044526577,4.186611652,|,4.391177654,4.087384224,4.527365685,4.40256691,4.584084034,4.561872005,,1,1,1,1
12:42:30,|,2.017977953,3.875958681,4.220415115,4.394462585,4.609106541,4.695097923,|,2.150627136,3.706163883,4.099840164,4.182573795,4.415123463,4.566649437,|,1.963467836,3.627569914,4.095022678,4.280146122,4.443920135,4.666143417,|,1.631851912,3.645619392,3.813750029,4.071065903,4.344403267,4.530852795,|,4.520782948,4.407876968,4.650174141,4.751283169,4.773636341,4.902945518,,1,1,1,1
12:47:30,|,1.871024013,3.50665164,3.699459553,3.819820166,4.015070915,4.130057335,|,1.892181039,3.18906641,3.527056456,3.692555666,3.928622723,4.129846096,|,1.725662351,3.119452477,3.456847191,3.572962284,3.716964483,3.952588558,|,1.529043317,3.658217669,3.860878706,4.109462738,4.366165161,4.484494686,|,4.063700676,4.403093338,4.230123043,4.582539082,4.32392168,4.654109478,,1,1,1,1
12:52:30,|,1.883710027,3.591572046,3.846951246,4.016942024,4.197207928,4.278456688,|,2.038282871,3.522666216,4.043784142,4.279081821,4.483742237,4.648456573,|,1.80101335,3.272915602,3.697325468,3.890660286,4.054175377,4.301576138,|,1.44749248,3.358251333,3.528370857,3.742453814,4.002496243,4.106802464,|,4.581044674,4.040286064,4.78058815,4.259872913,4.797622204,4.339203358,,1,1,1,1
12:57:30,|,1.654453278,3.167511225,3.416052103,3.563892841,3.713049173,3.738061905,|,1.861376643,3.164027929,3.511615992,3.677194595,3.947616339,4.12575531,|,1.688613296,3.005252361,3.379897118,3.544491291,3.730517626,3.968893528,|,1.475520015,3.360646486,3.563875675,3.819316149,4.049264908,4.237415314,|,4.061640263,4.078342438,4.233026028,4.386573792,4.403373718,4.509648323,,1,1,1,1
13:02:30,|,1.939249992,3.898421526,4.258714676,4.461084366,4.719416142,4.86422348,|,2.147069931,3.611967564,3.980438948,4.09250164,4.411039352,4.728185654,|,1.990106702,3.621273518,4.154899597,4.366933823,4.588576794,4.848324299,|,1.669059634,3.822937012,4.051851749,4.381069183,4.66125679,4.924760342,|,4.578128338,4.769024849,4.95732832,5.10936594,5.060705185,5.178217411,,1,1,1,1
13:07:30,|,1.82679224,3.682580471,4.032745361,4.179636955,4.421339035,4.628897667,|,2.040153265,3.591791153,4.0738554,4.266694546,4.528589725,4.678601742,|,1.764381409,3.134356499,3.624034643,3.882524729,4.139268875,4.504723549,|,1.460663319,3.434414625,3.658707142,3.916827202,4.206204891,4.372379303,|,4.616227627,4.255426407,4.771870136,4.491812229,4.784242153,4.633094788,,1,1,1,1
13:12:30,|,1.939403296,3.793748379,4.170679092,4.381455421,4.595321178,4.75449276,|,2.123003244,3.612756491,4.015543938,4.17601347,4.441205502,4.521047592,|,1.816683292,3.314497948,3.783554077,3.975813866,4.189257622,4.472770214,|,1.592686653,3.703282595,3.928662777,4.16065836,4.443958759,4.566809654,|,4.505690098,4.466147423,4.689061165,4.644886017,4.822497845,4.75320816,,1,1,1,1
13:17:30,|,1.781499982,3.494399309,3.806953192,4.003331184,4.211433887,4.375439644,|,2.052606583,3.452492714,3.850499153,4.049818516,4.391532421,4.562524796,|,1.909986615,3.468929291,3.925631285,4.088701248,4.297583103,4.497315407,|,1.660789967,3.868253469,4.131299973,4.414752007,4.694210052,4.789873123,|,4.487947464,4.716779232,4.716238976,4.946156502,4.812944412,5.09282732,,1,1,1,1
13:22:30,|,1.794679999,3.601702213,3.975562811,4.12027216,4.370345116,4.524775028,|,1.902343273,3.331845284,3.731802702,3.938163519,4.198848724,4.415640354,|,1.73470664,3.07400918,3.597233057,3.778671741,4.005360126,4.26313591,|,1.403810024,3.231149197,3.42176199,3.624266624,3.943429708,4.216917038,|,4.335821629,4.084145546,4.601150036,4.410573006,4.728668213,4.504034996,,1,1,1,1
13:27:30,|,1.532863379,3.079168081,3.307553053,3.490264177,3.634000778,3.772484779,|,1.84589994,3.178341627,3.2988832,3.798653364,4.009726524,4.188345909,|,1.676650047,3.027938604,3.572283983,3.867824554,4.066324234,4.320223808,|,1.514840007,3.591659784,3.88747716,4.196253777,4.428152561,4.568520069,|,4.129322052,4.482018948,4.304894924,4.703959465,4.352601051,4.854333878,,1,1,1,1
13:32:30,|,1.463684559,2.956993103,3.250321627,3.439463139,3.645452738,3.77495575,|,1.570423484,2.695068359,4.097022057,3.181040049,3.401631594,3.574332237,|,1.338956356,2.394151449,2.734068871,2.885197639,3.062463999,3.281428576,|,1.119516492,2.574344158,2.70369029,2.887402058,3.096097946,3.188166142,|,3.484358311,3.1146245,3.754406691,3.201082468,3.966504812,3.294052601,,1,0,1,1
13:37:30,|,1.620579958,3.342224836,3.690587521,3.867196321,4.059975624,4.276628971,|,1.807503343,3.03808856,3.47149229,3.682381153,3.895142794,4.120730877,|,1.724853277,3.071282148,3.599511862,3.803314447,3.961877346,4.250252724,|,1.235993385,2.993000269,3.131297112,3.281563997,3.512686253,3.714559793,|,4.036084175,3.619675159,4.326104164,3.924113512,4.490456581,4.033629894,,1,1,1,1
13:42:30,|,1.61062336,3.214037895,3.438883543,3.609801054,3.786752462,3.964591026,|,1.836033344,3.11852479,3.615294218,3.838098764,3.989120007,4.235830307,|,1.615643382,2.876050711,3.386300802,3.636018038,3.773673058,4.052342415,|,1.466173291,3.368979931,3.656231642,3.932007074,4.23029089,4.463101864,|,4.11879015,4.327484608,4.473227501,4.594072819,4.653761864,4.663123608,,1,1,1,1
13:47:30,|,1.701930046,3.424967051,3.777324677,4.009564877,4.22599411,4.368593216,|,1.764066696,3.014382601,3.547707319,3.84470439,4.037513733,4.269317627,|,1.62711668,2.8236022,3.332721949,3.576821327,3.734725237,4.027668953,|,1.42154336,3.473261833,3.690748215,3.968455791,4.246865273,4.48676157,|,4.176179409,4.383294582,4.458432198,4.737032413,4.606367111,4.823347569,,1,1,1,1
13:52:30,|,1.487283349,2.945060015,3.24136591,3.448902845,3.604361534,3.847580433,|,1.655486703,2.849546671,3.281242609,3.537027359,3.685322762,3.874434233,|,1.519539952,2.756030321,3.228108168,3.410311937,3.572850466,3.794340372,|,1.251189947,2.995409727,3.19132185,3.460621119,3.686034203,3.961707354,|,3.802772999,3.86735177,4.029126167,4.204442978,4.105260849,4.321435928,,1,1,1,1
13:57:30,|,1.704781651,3.42226553,3.812604904,4.076722145,4.327735424,4.501337528,|,1.785665274,3.051325083,3.67078948,3.639055729,3.946166515,4.106375694,|,1.683251023,2.977743149,3.580202341,3.558596134,3.769894361,4.016570568,|,1.298026681,3.092751503,3.331956625,3.53848958,3.761806011,3.970476151,|,4.021105289,3.849974155,4.343270779,4.170345306,4.545773029,4.315739632,,1,0,0,1
14:02:30,|,1.658176661,3.42215395,3.764761448,3.973029613,4.196386337,4.39516592,|,1.995526671,3.427502871,3.379374743,4.112419605,4.369484425,4.611271858,|,1.822253346,3.301903486,3.786218166,3.972027302,4.179772854,4.532925606,|,1.590753555,3.804475307,4.146495342,4.45644331,4.742443562,4.932819366,|,4.510838032,4.820329189,4.799840927,5.079649925,4.932062149,5.1723032,,1,0,1,1
14:07:30,|,1.646696687,3.339737654,3.669916868,3.851593971,3.983240843,4.199678421,|,1.918239951,3.289764404,3.736725092,3.818276167,4.134026051,4.355775833,|,1.660709977,3.133577585,3.607872725,3.782086849,3.976277351,4.196445465,|,1.467599988,3.482094049,3.694061279,3.960077763,4.2567873,4.484949589,|,4.229031563,4.353963852,4.546577454,4.637374401,4.660187721,4.806355,,1,1,1,1
14:12:30,|,1.995526671,4.013367176,4.466999531,4.706077099,4.950264931,5.126586437,|,2.195603371,3.806017637,4.254885197,4.448444843,4.821259975,5.011454582,|,1.950816631,3.585093737,4.188476563,4.474748135,4.726070404,4.978150368,|,1.591816664,3.856542349,4.146603584,4.501251221,4.828920841,5.075084209,|,4.958846092,4.922973633,5.144153595,5.220380783,5.24093008,5.334715843,,1,1,1,1
14:17:30,|,1.833510041,3.809929609,4.161681652,4.381685257,4.598761082,4.849327087,|,1.788673282,3.03388381,3.370008707,3.47025013,3.825692415,4.060190678,|,1.668769956,3.101405621,3.517244339,3.707500935,3.936259985,4.187829971,|,1.416446686,3.426984072,3.618223429,3.87701869,4.16616106,4.39357996,|,3.977272749,4.245585918,4.290261745,4.564973354,4.463743687,4.754091263,,1,1,1,1
14:22:30,|,1.933374405,3.900056839,4.285831451,4.501976013,4.765981674,4.970624924,|,1.996119976,3.51380825,3.980229378,4.261361122,4.574172974,4.862694263,|,1.865808606,3.391437531,3.946500301,4.231824875,4.499697208,4.830047131,|,1.512526631,3.639727831,3.856423616,4.186867237,4.485759735,4.781088829,|,4.723416328,4.592903137,5.09794569,4.967422485,5.267914772,5.097583294,,1,1,1,1
14:27:30,|,1.849493384,3.832545996,4.282184124,4.542189121,4.837951183,5.092913628,|,1.942180753,3.347616673,3.766241312,4.001441956,4.353180408,4.684862137,|,1.737669945,3.312261105,3.905085087,4.190948486,4.421248913,4.795995712,|,1.511209965,3.596244335,3.844755411,4.202746868,4.519750595,4.758335114,|,4.598649979,4.613336563,4.999403477,4.886767864,5.157135487,5.006259918,,1,1,1,1
14:32:30,|,1.794933319,3.696468115,4.049453259,4.234704494,4.439767838,4.702246666,|,1.747429967,3.087513924,3.535723686,3.726327419,4.065015793,4.259577751,|,1.739016652,3.20508647,3.718333006,3.95030117,4.194174767,4.587142467,|,1.507485867,3.622259617,3.927041769,4.315823078,4.658869743,4.931045532,|,4.168755054,4.767992973,4.465089798,5.115386963,4.645728111,5.229088306,,1,1,1,1
14:37:30,|,1.872186661,3.889601231,4.284096241,4.546500683,4.81066227,5.007655144,|,1.950726628,3.411841393,3.820494175,3.954377651,4.247348785,4.579444885,|,1.759989977,3.16817832,3.666985273,3.862076759,4.099942684,4.374351978,|,1.483010054,3.532531023,3.819113493,4.112713814,4.450991631,4.720726967,|,4.442792416,4.580839634,4.865165234,4.858041286,5.091940403,4.960607529,,1,1,1,1
14:42:30,|,1.533141017,3.253031731,3.574549437,3.728242874,3.950879812,4.126850605,|,1.847200036,3.243519306,3.599639893,3.798522472,4.116450787,4.316321373,|,1.640046716,3.044863939,3.492212057,3.753118515,4.029845238,4.222075939,|,1.442890048,3.413938761,3.642254591,3.949124336,4.255596638,4.526474953,|,4.245326042,4.396959305,4.48265934,4.689054012,4.591200829,4.834130764,,1,1,1,1
14:47:30,|,1.435866714,3.074563265,3.372928858,3.55780983,3.794795275,3.996723175,|,1.772033334,3.016396761,3.478948832,3.666988134,3.882211924,4.110105515,|,1.679309726,2.944287062,3.502346516,3.719810963,3.873092175,4.143929482,|,1.246563315,3.071968794,3.288796186,3.554131508,3.831799269,4.052090645,|,4.013319969,3.979443312,4.25921917,4.24734211,4.335634232,4.372619152,,1,1,1,1
14:52:30,|,1.36256671,2.852440119,3.174880981,3.367275715,3.559747934,3.725121498,|,1.431647182,2.425704956,2.87146759,3.091047049,3.298864126,3.492066383,|,1.254619956,2.167344809,2.511627197,2.697967291,2.843164444,3.016026735,|,0.93320334,2.488177299,2.638930321,2.82542491,3.078239441,3.219373226,|,3.407382965,3.203593493,3.661057234,3.355407953,3.873086214,3.356149197,,1,1,1,1
14:57:30,|,1.594306707,3.246086836,3.514588356,3.668573141,3.870677948,4.002227306,|,1.846046686,3.170964003,3.616816521,3.837357759,4.119556904,4.324042797,|,1.450600028,2.677952528,3.080238819,3.275188446,3.488085747,3.791500092,|,1.211936712,2.910062075,3.137754679,3.394027472,3.647083282,3.90451479,|,4.225708485,3.781626225,4.472570896,4.127314568,4.5656147,4.236941338,,1,1,1,1
15:02:30,|,1.723530054,3.700890541,4.085088253,4.255406857,4.469637871,4.612513542,|,2.04662323,3.546244621,3.998892546,4.2032547,4.538617134,4.783175468,|,1.686593294,3.114860535,3.605399847,3.838798761,4.063851357,4.36073637,|,1.507750034,3.615107775,3.858592987,4.118390083,4.429629326,4.608890057,|,4.684518337,4.49422121,5.053345203,4.798005581,5.163231373,4.897161484,,1,1,1,1
15:07:30,|,1.487865925,3.200614691,3.575570583,3.768837929,3.978872776,4.199357986,|,1.909383297,3.314241886,3.852130175,4.124207497,4.434099674,4.703202248,|,1.789630055,3.362127781,3.972020626,4.242116928,4.537307262,4.908401489,|,1.492077351,3.585347176,3.862091064,4.196173191,4.503277302,4.878081322,|,4.614900589,4.726850986,4.893064022,5.0773983,5.048925877,5.225621223,,1,1,1,1
15:12:30,|,1.619996667,3.307680845,3.647783279,3.860673666,4.031326294,4.184680939,|,1.510183334,2.639888763,3.064271212,3.380913258,3.543679714,3.79090929,|,1.45620203,2.581219435,3.08981514,3.294762611,3.506321192,3.877437115,|,1.047086716,2.664317608,2.879295349,3.116615057,3.302911282,3.453548908,|,3.676054716,3.375008345,4.146012306,3.681950331,4.440078259,3.84276557,,1,1,1,1
15:17:30,|,1.78749001,3.634067059,3.988279581,4.179361343,4.40175581,4.570039749,|,2.131206751,3.640016794,4.250842094,4.6027565,4.826109886,5.113789558,|,1.899383307,3.472424984,4.045425415,4.281048775,4.466240406,4.805500507,|,1.466946721,3.609725952,3.903791428,4.220798969,4.515315533,4.797906399,|,4.996730328,4.685211182,5.292297363,5.118731022,5.456459522,5.301780701,,1,1,1,1
15:22:30,|,1.318816662,2.737470865,3.047528505,3.231168509,3.395952463,3.493050814,|,1.550023317,2.725058317,3.136247158,3.371931314,3.594124556,3.915354729,|,1.264646649,2.270240545,2.690612793,2.894921541,3.066610575,3.382516384,|,1.153890014,2.740921974,2.948190212,3.231216908,3.515954256,3.745136261,|,3.76832056,3.626347542,4.111830711,4.009373665,4.2256217,4.196838379,,1,1,1,1
15:27:30,|,1.159043312,2.325054884,2.593898773,2.830527544,3.010817051,3.168186903,|,1.315023303,2.318989277,2.744421959,2.988260746,3.135573149,3.366224527,|,1.273689985,2.247057676,2.670074701,2.842694521,2.998144388,3.270447493,|,0.978913307,2.495154619,2.699892998,2.947444439,3.163572073,3.321526527,|,3.274530888,3.280112505,3.512667656,3.509919405,3.619897842,3.611222982,,1,1,1,1
15:32:30,|,1.435575247,2.965527296,3.281269789,3.494890451,3.723628521,3.920405626,|,1.528480053,2.698969126,3.155922651,3.462131977,3.590969086,3.901256084,|,1.541090012,2.601536512,3.112722874,3.302238703,3.472330093,3.705083609,|,0.878056645,2.31830883,2.513300657,2.737152576,2.971955538,3.227153778,|,3.734776735,3.12265873,4.185194016,3.498286247,4.42113018,3.673790932,,1,1,1,1
15:37:30,|,1.540103316,3.174192667,3.467803717,3.705137968,3.926911354,4.139247417,|,1.596136689,2.866179466,3.390544415,3.765769243,3.908297777,4.275055408,|,1.510253429,2.603494167,3.158792019,3.34898138,3.501957417,3.819159508,|,1.070440173,2.760869503,2.996419668,3.272482157,3.495878935,3.679391146,|,4.103504181,3.619591713,4.447333336,3.892014027,4.549690723,4.076447487,,1,1,1,1
15:42:30,|,1.51341331,3.136109591,3.455961943,3.690728426,3.944638968,4.085271358,|,1.600849986,2.729747534,3.174309254,3.471754313,3.673615932,3.960749388,|,1.35934329,2.479475975,2.951925516,3.122884274,3.331503153,3.686120033,|,1.10205996,2.821110487,3.033764839,3.258583307,3.487780809,3.751863956,|,3.82968688,3.614742041,4.184791565,3.913557053,4.408384323,4.016495705,,1,1,1,1
15:47:30,|,1.468956709,3.057579041,3.455278397,3.659709215,3.914483786,4.224971294,|,1.468902946,2.591631889,3.100005627,3.437891006,3.615639925,3.903753996,|,1.290169954,2.19152832,2.614017725,2.808150291,3.003795624,3.368273497,|,1.170013309,3.073854923,3.336955547,3.613397598,3.888432026,4.153289795,|,3.791146517,4.095665455,4.119858742,4.341837406,4.266356468,4.478669167,,1,1,1,1
15:52:30,|,1.526516676,3.131973982,3.536834002,3.786591291,4.001796246,4.23587513,|,1.728360057,2.984914541,3.575156689,3.994778633,4.185192108,4.524183273,|,1.551726699,2.782502413,3.326926947,3.557564497,3.769261122,4.049799442,|,1.128826618,2.753272533,2.954837799,3.215923548,3.47226119,3.82245779,|,4.351807594,3.703983068,4.790367603,4.08612442,4.970375538,4.256659031,,1,1,1,1
15:57:30,|,1.471593857,3.002541304,3.373344183,3.710089922,4.020484447,4.257234573,|,1.577073336,2.718242407,3.212035179,3.587276936,3.842387438,4.293008804,|,1.488333344,2.608522654,3.096298218,3.311796904,3.509845734,3.863238811,|,1.083713293,2.750259638,2.973454475,3.254182577,3.47274065,3.717719793,|,4.117919922,3.634358644,4.519267082,3.982101917,4.66488409,4.182505608,,1,1,1,1
16:02:30,|,1.270190001,2.589910507,2.787942886,2.9381423,3.13068223,3.323502779,|,1.317029953,2.295933723,2.719049692,3.019200087,3.186770201,3.463703156,|,1.367695928,2.451544046,2.957805634,3.175541878,3.295070887,3.585821629,|,0.930350006,2.460393906,2.70792675,3.063753366,3.365947962,3.593631983,|,3.318230867,3.51012516,3.725086451,3.783495188,3.889702559,3.955565453,,1,1,1,1
16:07:30,|,1.2732867,2.662558556,3.019745588,3.223677635,3.435902357,3.607456446,|,1.395446658,2.479816675,2.917154551,3.206739426,3.310876131,3.512972832,|,1.251449943,2.194750547,2.617152691,2.774012089,2.917895079,3.203329086,|,0.962387443,2.570398569,2.802491903,3.047292233,3.264506578,3.517179489,|,3.386001825,3.465754747,3.766332388,3.686970711,3.897999048,3.773159981,,1,1,1,1
16:12:30,|,1.166309953,2.464389563,2.780896902,3.007404327,3.26854229,3.486107111,|,1.223033309,2.177624226,2.52230978,2.787941933,2.918836355,3.149690866,|,1.359910011,2.385951042,2.789679289,2.973670721,3.14159441,3.493399143,|,0.809430003,2.191244602,2.369308949,2.594447613,2.813589573,2.993263483,|,3.038318872,2.907840729,3.368826151,3.171722889,3.49301362,3.333874941,,1,1,1,1
16:17:30,|,1.239140034,2.491719007,2.742348671,2.935697794,3.104567528,3.26489234,|,1.305555224,2.229457617,2.634846449,2.921079397,3.083186865,3.406059265,|,1.226616621,2.142431021,2.554267168,2.691418171,2.841752291,3.040931225,|,0.766040027,1.983587146,2.122581005,2.305799484,2.533204079,2.738158703,|,3.264861107,2.694123983,3.665461063,3.002945185,3.8148036,3.13884449,,1,1,1,1
16:22:30,|,1.09732914,2.225417614,2.464289427,2.645343304,2.881583691,3.169141531,|,1.190443277,2.090551853,2.477292061,2.710945129,2.837265491,3.051925421,|,1.154276609,1.959354997,2.303395987,2.434190035,2.528815269,2.753423929,|,0.70928669,1.942265153,2.085357666,2.287203074,2.525593281,2.699042559,|,2.95962429,2.652750015,3.23134923,2.869698286,3.391489029,2.968930006,,1,1,1,1
16:27:30,|,1.104266644,2.31597805,2.612951279,2.804573059,2.995381594,3.163279772,|,1.017639995,1.833300471,2.232582092,2.4898417,2.619669676,2.90572238,|,1.130310059,1.870321751,2.237551212,2.368993282,2.459447622,2.690417051,|,0.647346675,1.798463464,1.982645512,2.199973822,2.381547213,2.606357336,|,2.774854898,2.502737045,3.172199488,2.80534029,3.312556267,2.90779233,,1,1,1,1
16:32:30,|,0.960053325,2.09476018,2.34691906,2.522381306,2.693052769,2.841311693,|,0.904586673,1.580703378,1.833915949,2.180070162,2.277731895,2.391760111,|,1.156666636,1.982071519,2.297311068,2.465746403,2.593311787,2.806321383,|,0.508939981,1.630152702,1.833859444,1.980603218,2.167122602,2.307887077,|,2.329510927,2.27665329,2.622334719,2.481313705,2.774934769,2.592687845,,1,1,1,1
16:37:30,|,0.834306657,1.744838238,1.964418769,2.126676321,2.280786037,2.432704449,|,0.813503325,1.361956596,1.623033285,1.900231361,2.019549608,2.278333426,|,0.702123344,1.161270261,1.38444078,1.527686715,1.636455417,1.845743418,|,0.380623549,1.287546158,1.414471388,1.534058571,1.707046509,1.870090842,|,2.154001236,1.833780527,2.508829594,2.020872116,2.56243062,2.180814743,,1,1,1,1
16:42:30,|,0.594486654,1.248674989,1.393481374,1.480766177,1.600625277,1.724727154,|,0.591920614,1.039579272,1.089090586,1.425646901,1.528336287,1.697508454,|,0.715423346,1.110479593,1.44855988,1.615540028,1.677614212,1.782117963,|,0.324973345,1.134094357,1.256449342,1.412937403,1.5424788,1.635354519,|,1.615195394,1.630536914,1.90539515,1.73109901,2.037794828,1.797624707,,1,1,1,1
16:47:30,|,0.734621525,1.564274192,1.778877378,1.912017822,2.064337254,2.191166878,|,0.718673348,1.337090015,1.346809268,1.779954433,1.875617027,2.029504061,|,0.74058336,1.159251928,1.439841866,1.635179162,1.715607524,1.920948267,|,0.332363337,1.054672956,1.129405022,1.249443054,1.368443727,1.526149154,|,1.934006214,1.495117188,2.173883915,1.729791045,2.284557581,1.903462529,,1,1,1,1
16:52:30,|,0.73167336,1.576963902,1.768752575,1.905262232,2.060628414,2.101467848,|,0.528869987,0.928612649,1.250973344,1.249087572,1.340734482,1.365491271,|,0.843254387,1.33331275,1.579005122,1.762526512,1.824468017,1.971222639,|,0.18361333,0.754883051,0.913333893,1.049567342,1.178890705,1.229122162,|,1.351711392,1.256016493,1.596811414,1.3378793,1.779846668,1.575383782,,1,0,1,0
16:57:30,|,0.507979989,1.148744941,1.297805429,1.40874362,1.575749516,1.695455313,|,0.560996652,1.098123908,1.282035708,1.490775466,1.60424614,1.731116772,|,0.695420027,1.089868069,1.315420032,1.487560272,1.525572419,1.667820692,|,0.218393341,0.782751739,0.892586529,1.005038261,1.152310967,1.310822725,|,1.669688821,1.262479067,1.876835465,1.516002536,2.029078007,1.754000306,,1,1,1,1
17:02:30,|,0.502896667,1.166366577,1.32167685,1.427637458,1.554501534,1.610964537,|,0.538483322,1.047238708,1.219039321,1.398682833,1.501476049,1.588624954,|,0.622343361,0.965219378,1.193657398,1.34440136,1.395850062,1.601404071,|,0.168923333,0.620341241,0.753227353,0.873107731,0.980736375,1.124449849,|,1.549722433,1.094853282,1.765233636,1.299136639,1.893095613,1.485687733,,1,1,1,1
17:07:30,|,0.634944975,1.431347013,1.610196114,1.75511837,1.906724453,2.010672092,|,0.512887657,0.990184486,1.180049181,1.331301689,1.439675927,1.580643654,|,0.662833333,0.924942911,1.191564679,1.33780539,1.381226301,1.615654945,|,0.239923313,0.926377475,1.124543786,1.249017358,1.391396403,1.511350274,|,1.521031141,1.491459846,1.716481566,1.626436353,1.83186996,1.788725853,,1,1,1,1
17:12:30,|,0.730143309,1.606263757,1.861936092,2.02723074,2.225212574,2.399056673,|,0.775510013,1.374842167,1.632132292,1.889617085,2.011247158,2.125206709,|,0.843613327,1.433062792,1.77197361,1.929142833,2.020696402,2.229994059,|,0.373646677,1.240234613,1.404808283,1.508102179,1.659313321,1.785214663,|,2.067395687,1.757673979,2.354846716,1.960643649,2.501367807,2.069198847,,1,1,1,1
17:17:30,|,0.850063324,1.80704093,2.073093653,2.251577377,2.450482368,2.610448599,|,1.00222671,1.760378242,2.066842318,2.35369873,2.451259613,2.654097557,|,0.957185745,1.641358376,1.929568768,2.111130714,2.163603067,2.43214345,|,0.418956667,1.296411872,1.450747848,1.60452795,1.764589667,1.846996069,|,2.55933857,1.863851786,2.833945036,1.977069497,2.972293377,2.067901134,,1,1,1,0
17:22:30,|,0.830513358,1.826468229,2.123754025,2.310734034,2.50558424,2.666353464,|,1.022570014,1.777360082,2.128606558,2.378843307,2.508440971,2.717921257,|,0.92009002,1.567696929,1.889911532,2.102751493,2.18471384,2.430616379,|,0.427816659,1.366207957,1.512934566,1.673783064,1.826011658,1.982849956,|,2.582148552,1.983872533,2.986439228,2.075751543,3.193001509,2.203627825,,1,1,1,0
17:27:30,|,0.910390019,1.988718271,2.282764435,2.431775808,2.618182421,2.782783508,|,1.054563284,1.887748003,2.287021637,2.561948299,2.632066965,2.745660305,|,0.862643361,1.396387339,1.713898897,1.926229477,1.990590692,2.200068712,|,0.404996663,1.3917979,1.614017725,1.79100728,1.998993158,2.091089964,|,2.684420109,2.097344398,2.931090117,2.214484453,3.014659882,2.3768363,,1,1,1,0
17:32:30,|,0.867905974,1.868301034,2.134939671,2.254121304,2.45463872,2.607926846,|,0.893523335,1.587775946,1.798104644,1.989518642,2.091709614,2.233417034,|,0.87458998,1.392073393,1.713437319,1.88734138,1.941386819,2.196120024,|,0.39642334,1.427048802,1.560622692,1.649043798,1.805629492,1.924048662,|,2.136895657,1.924013019,2.448115826,2.109102964,2.581499815,2.249517202,,1,1,1,1
17:37:30,|,0.837026656,1.811740994,2.089413166,2.252960682,2.476151228,2.654889345,|,0.850426793,1.456998706,1.71514976,1.952552795,2.083051682,2.254517078,|,0.81226331,1.304041266,1.644358635,1.814788818,1.888296366,2.136273384,|,0.356842279,1.271497369,1.441897392,1.600573778,1.762676358,1.880976558,|,2.171973705,1.85457778,2.597630501,2.035578251,2.822343111,2.209005833,,1,1,1,1
17:42:30,|,0.912519991,2.013993263,2.343851089,2.527545691,2.739771605,2.938948393,|,0.911396682,1.622788787,1.885055661,2.143800735,2.261232853,2.481322289,|,0.922280788,1.488238811,1.83116281,2.056120634,2.182763815,2.403160572,|,0.349746674,1.191771984,1.384504676,1.526407242,1.733651996,1.964638948,|,2.361680508,1.928754449,2.668074608,2.139802694,2.804558277,2.244581223,,1,1,1,1
17:47:30,|,1.029833317,2.195986271,2.461772442,2.69062233,2.920545816,3.052231312,|,1.001029968,1.760068297,2.066742897,2.317779779,2.456021786,2.592995644,|,1.004566669,1.65984261,1.986055493,2.229418516,2.310114145,2.573591471,|,0.467839986,1.582381725,1.869053721,2.044210434,2.228937864,2.398471117,|,2.499532938,2.382241726,2.758806705,2.622175932,2.908000708,2.822453022,,1,1,1,1
17:52:30,|,1.014490008,2.072921515,2.329613924,2.50721693,2.708818436,2.899991989,|,1.059080005,1.841629386,2.125692368,2.401227236,2.51404953,2.700457335,|,1.081859946,1.841233969,2.183606148,2.375864506,2.468500853,2.684731007,|,0.44301334,1.528942227,1.732948065,1.900970459,2.057917356,2.223108292,|,2.601743937,2.180902719,2.909864902,2.347284079,2.995491505,2.482930183,,1,1,1,1
17:57:30,|,1.225501776,2.451836824,2.754494429,2.948480844,3.187526941,3.360686541,|,1.065510035,1.947203159,2.230585575,2.475228786,2.573713064,2.708036423,|,1.105546713,1.781845689,2.163081646,2.344186306,2.514705658,2.70586729,|,0.533819973,1.69048655,1.959766388,2.182393074,2.36226964,2.52067399,|,2.623731375,2.518419027,3.053650141,2.715982914,3.281032801,2.858251572,,1,1,1,1
