CDT_time,bar_fence,T_0_2m_init,T_1_5m_init,T_4_5m_init,T_10m_init,T_15m_init,T_20m_init,bar_fence_1,T_0_2m_rel,T_1_5m_rel,T_4_5m_rel,T_8_5m_rel,T_15m_rel,T_20m_rel,bar_fence_2,T_0_2m_uconv,T_1_5m_uconv,T_4_5m_uconv,T_10m_uconv,T_15m_uconv,T_20m_uconv,bar_fence_3,T_0_2m_lconv,T_1_5m_lconv,T_4_5m_lconv,T_8_5m_lconv,T_15m_lconv,T_20m_lconv
18:02:30,|,NaN,NaN,NaN,NaN,0,0,|,NaN,NaN,NaN,NaN,NaN,NaN,|,1.13986527919769,NaN,NaN,NaN,0,0,|,NaN,1.10852348804474,1.1638126373291,1.07872486114502,NaN,NaN
18:07:30,|,NaN,NaN,NaN,NaN,0,0,|,NaN,NaN,NaN,NaN,NaN,NaN,|,1.13221478462219,NaN,NaN,NaN,0,0,|,NaN,1.09147155284882,1.13879191875458,1.04879200458527,NaN,NaN
18:12:30,|,NaN,NaN,NaN,NaN,0,0,|,NaN,NaN,NaN,NaN,NaN,NaN,|,1.13369131088257,NaN,NaN,NaN,0,0,|,NaN,1.12103676795959,1.17892968654633,1.08698999881744,NaN,NaN
18:17:30,|,NaN,NaN,NaN,NaN,0,0,|,NaN,NaN,NaN,NaN,NaN,NaN,|,1.12563753128052,NaN,NaN,NaN,0,0,|,NaN,1.09510064125061,1.15865767002106,1.05671143531799,NaN,NaN
18:22:30,|,NaN,NaN,NaN,NaN,0,0,|,NaN,NaN,NaN,NaN,NaN,NaN,|,1.13299667835236,NaN,NaN,NaN,0,0,|,NaN,1.11434781551361,1.17464876174927,1.08624160289764,NaN,NaN
18:27:30,|,NaN,NaN,NaN,NaN,0,0,|,NaN,NaN,NaN,NaN,NaN,NaN,|,1.13463091850281,NaN,NaN,NaN,0,0,|,NaN,1.09657716751099,1.17731535434723,1.09536910057068,NaN,NaN
18:32:30,|,NaN,NaN,NaN,NaN,0,0,|,NaN,NaN,NaN,NaN,NaN,NaN,|,1.11906039714813,NaN,NaN,NaN,0,0,|,NaN,1.11100339889526,1.17424750328064,1.09903013706207,NaN,NaN
18:37:30,|,NaN,NaN,NaN,NaN,0,0,|,NaN,NaN,NaN,NaN,NaN,NaN,|,1.11395978927612,NaN,NaN,NaN,0,0,|,NaN,1.09630870819092,1.17892611026764,1.0993959903717,NaN,NaN
18:42:30,|,NaN,NaN,NaN,NaN,0,0,|,NaN,NaN,NaN,NaN,NaN,NaN,|,1.13973152637482,NaN,NaN,NaN,0,0,|,NaN,1.11100339889526,1.17919456958771,1.10610735416412,NaN,NaN
18:47:30,|,NaN,NaN,NaN,NaN,0,0,|,NaN,NaN,NaN,NaN,NaN,NaN,|,1.13946127891541,NaN,NaN,NaN,0,0,|,NaN,1.12798655033112,1.18200659751892,1.10906040668488,NaN,NaN
18:52:30,|,NaN,NaN,NaN,NaN,0,0,|,NaN,NaN,NaN,NaN,NaN,NaN,|,1.13046979904175,NaN,NaN,NaN,0,0,|,NaN,1.10578596591949,1.17463088035583,1.10290968418121,NaN,NaN
18:57:30,|,NaN,NaN,NaN,NaN,0,0,|,NaN,NaN,NaN,NaN,NaN,NaN,|,1.09208047389984,NaN,NaN,NaN,0,0,|,NaN,1.05214762687683,1.12729096412659,1.03738248348236,NaN,NaN
19:02:30,|,NaN,NaN,NaN,NaN,0,0,|,NaN,NaN,NaN,NaN,NaN,NaN,|,1.07409393787384,NaN,NaN,NaN,0,0,|,NaN,1.01896321773529,1.10040271282196,1.02812075614929,NaN,NaN
19:07:30,|,NaN,NaN,NaN,NaN,0,0,|,NaN,NaN,NaN,NaN,NaN,NaN,|,1.06228184700012,NaN,NaN,NaN,0,0,|,NaN,1.02140939235687,1.10454845428467,1.02422821521759,NaN,NaN
19:12:30,|,NaN,NaN,NaN,NaN,0,0,|,NaN,NaN,NaN,NaN,NaN,NaN,|,1.04774403572083,NaN,NaN,NaN,0,0,|,NaN,1.00999999046326,1.0825502872467,0.996442973613739,NaN,NaN
19:17:30,|,NaN,NaN,NaN,NaN,0,0,|,NaN,NaN,NaN,NaN,NaN,NaN,|,1.01114094257355,NaN,NaN,NaN,0,0,|,NaN,1.00999999046326,1.06294310092926,0.978590607643127,NaN,NaN
19:22:30,|,NaN,NaN,NaN,NaN,0,0,|,NaN,NaN,NaN,NaN,NaN,NaN,|,0.986979901790619,NaN,NaN,NaN,0,0,|,NaN,1.00999999046326,1.02590596675873,0.953076899051666,NaN,NaN
19:27:30,|,NaN,NaN,NaN,NaN,0,0,|,NaN,NaN,NaN,NaN,NaN,NaN,|,0.979194641113281,NaN,NaN,NaN,0,0,|,NaN,1.00999999046326,1.02280938625336,0.945033550262451,NaN,NaN
19:32:30,|,NaN,NaN,NaN,NaN,0,0,|,NaN,NaN,NaN,NaN,NaN,NaN,|,0.951313138008118,NaN,NaN,NaN,0,0,|,NaN,1.00999999046326,0.975704729557037,0.887852370738983,NaN,NaN
19:37:30,|,NaN,NaN,NaN,NaN,0,0,|,NaN,NaN,NaN,NaN,NaN,NaN,|,0.941073834896088,NaN,NaN,NaN,0,0,|,NaN,1.00999999046326,0.956053495407104,0.873221457004547,NaN,NaN
19:42:30,|,NaN,NaN,NaN,NaN,0,0,|,NaN,NaN,NaN,NaN,NaN,NaN,|,0.923624157905579,NaN,NaN,NaN,0,0,|,NaN,1.00999999046326,0.953154385089874,0.873758375644684,NaN,NaN
19:47:30,|,NaN,NaN,NaN,NaN,0,0,|,NaN,NaN,NaN,NaN,NaN,NaN,|,0.913557052612305,NaN,NaN,NaN,0,0,|,NaN,1.00906038284302,0.953913033008575,0.87026846408844,NaN,NaN
19:52:30,|,NaN,NaN,NaN,NaN,0,0,|,NaN,NaN,NaN,NaN,NaN,NaN,|,0.900134205818176,NaN,NaN,NaN,0,0,|,NaN,1.00719058513641,0.940402686595917,0.870671153068542,NaN,NaN
19:57:30,|,NaN,NaN,NaN,NaN,0,0,|,NaN,NaN,NaN,NaN,NaN,NaN,|,0.891919195652008,NaN,NaN,NaN,0,0,|,NaN,1.0019463300705,0.94468230009079,0.871471583843231,NaN,NaN
20:02:30,|,NaN,NaN,NaN,NaN,0,0,|,NaN,NaN,NaN,NaN,NaN,NaN,|,0.871543645858765,NaN,NaN,NaN,0,0,|,NaN,0.953143835067749,0.913422822952271,0.84718120098114,NaN,NaN
20:07:30,|,NaN,NaN,NaN,NaN,0,0,|,NaN,NaN,NaN,NaN,NaN,NaN,|,0.826308727264404,NaN,NaN,NaN,0,0,|,NaN,0.950536906719208,0.907759189605713,0.824362397193909,NaN,NaN
20:12:30,|,NaN,NaN,NaN,NaN,0,0,|,NaN,NaN,NaN,NaN,NaN,NaN,|,0.795301973819733,NaN,NaN,NaN,0,0,|,NaN,0.886254191398621,0.861208081245422,0.79026848077774,NaN,NaN
20:17:30,|,NaN,NaN,NaN,NaN,0,0,|,NaN,NaN,NaN,NaN,NaN,NaN,|,0.76505047082901,NaN,NaN,NaN,0,0,|,NaN,0.891610741615295,0.867090284824371,0.794295310974121,NaN,NaN
20:22:30,|,NaN,NaN,NaN,NaN,0,0,|,NaN,NaN,NaN,NaN,NaN,NaN,|,0.790201306343079,NaN,NaN,NaN,0,0,|,NaN,0.91434782743454,0.871677875518799,0.816308736801147,NaN,NaN
20:27:30,|,NaN,NaN,NaN,NaN,0,0,|,NaN,NaN,NaN,NaN,NaN,NaN,|,0.819328844547272,NaN,NaN,NaN,0,0,|,NaN,0.933892607688904,0.906688928604126,0.859127521514893,NaN,NaN
20:32:30,|,NaN,NaN,NaN,NaN,0,0,|,NaN,NaN,NaN,NaN,NaN,NaN,|,0.80805367231369,NaN,NaN,NaN,0,0,|,NaN,0.932943165302277,0.922953009605408,0.862885892391205,NaN,NaN
20:37:30,|,NaN,NaN,NaN,NaN,0,0,|,NaN,NaN,NaN,NaN,NaN,NaN,|,0.819731533527374,NaN,NaN,NaN,0,0,|,NaN,0.907181203365326,0.897324442863464,0.821839451789856,NaN,NaN
20:42:30,|,NaN,NaN,NaN,NaN,0,0,|,NaN,NaN,NaN,NaN,NaN,NaN,|,0.805050492286682,NaN,NaN,NaN,0,0,|,NaN,0.858026742935181,0.859328866004944,0.790671169757843,NaN,NaN
20:47:30,|,NaN,NaN,NaN,NaN,0,0,|,NaN,NaN,NaN,NaN,NaN,NaN,|,0.781610727310181,NaN,NaN,NaN,0,0,|,NaN,0.89174497127533,0.903879582881927,0.847852349281311,NaN,NaN
20:52:30,|,NaN,NaN,NaN,NaN,0,0,|,NaN,NaN,NaN,NaN,NaN,NaN,|,0.750872492790222,NaN,NaN,NaN,0,0,|,NaN,0.939364552497864,0.931946277618408,0.872416138648987,NaN,NaN
20:57:30,|,NaN,NaN,NaN,NaN,0,0,|,NaN,NaN,NaN,NaN,NaN,NaN,|,0.749798655509949,NaN,NaN,NaN,0,0,|,NaN,0.987046957015991,0.978394627571106,0.926778554916382,NaN,NaN
21:02:30,|,NaN,NaN,NaN,NaN,0,0,|,NaN,NaN,NaN,NaN,NaN,NaN,|,0.882760941982269,NaN,NaN,NaN,0,0,|,NaN,1.00959861278534,0.978657722473145,0.900604069232941,NaN,NaN
21:07:30,|,NaN,NaN,NaN,NaN,0,0,|,NaN,NaN,NaN,NaN,NaN,NaN,|,0.855033576488495,NaN,NaN,NaN,0,0,|,NaN,1.00087249279022,0.963812708854675,0.877759218215942,NaN,NaN
21:12:30,|,NaN,NaN,NaN,NaN,0,0,|,NaN,NaN,NaN,NaN,NaN,NaN,|,0.83114093542099,NaN,NaN,NaN,0,0,|,NaN,0.902709007263184,0.887114107608795,0.803288578987122,NaN,NaN
21:17:30,|,NaN,NaN,NaN,NaN,0,0,|,NaN,NaN,NaN,NaN,NaN,NaN,|,0.819731533527374,NaN,NaN,NaN,0,0,|,NaN,0.877558529376984,0.87217390537262,0.799530208110809,NaN,NaN
21:22:30,|,NaN,NaN,NaN,NaN,0,0,|,NaN,NaN,NaN,NaN,NaN,NaN,|,0.85919463634491,NaN,NaN,NaN,0,0,|,NaN,0.905838906764984,0.886845648288727,0.823557078838348,NaN,NaN
21:27:30,|,NaN,NaN,NaN,NaN,0,0,|,NaN,NaN,NaN,NaN,NaN,NaN,|,0.879932641983032,NaN,NaN,NaN,0,0,|,NaN,0.979765892028809,0.935050189495087,0.869194626808167,NaN,NaN
21:32:30,|,NaN,NaN,NaN,NaN,0,0,|,NaN,NaN,NaN,NaN,NaN,NaN,|,0.889127492904663,NaN,NaN,NaN,0,0,|,NaN,0.960067093372345,0.927826106548309,0.86530202627182,NaN,NaN
21:37:30,|,NaN,NaN,NaN,NaN,0,0,|,NaN,NaN,NaN,NaN,NaN,NaN,|,0.847516775131226,NaN,NaN,NaN,0,0,|,NaN,0.925570487976074,0.888590574264526,0.830401360988617,NaN,NaN
21:42:30,|,NaN,NaN,NaN,NaN,0,0,|,NaN,NaN,NaN,NaN,NaN,NaN,|,0.883489906787872,NaN,NaN,NaN,0,0,|,NaN,0.986856162548065,0.930903017520905,0.868389248847961,NaN,NaN
21:47:30,|,NaN,NaN,NaN,NaN,0,0,|,NaN,NaN,NaN,NaN,NaN,NaN,|,0.831851840019226,NaN,NaN,NaN,0,0,|,NaN,0.906321048736572,0.886174499988556,0.819798648357391,NaN,NaN
21:52:30,|,NaN,NaN,NaN,NaN,0,0,|,NaN,NaN,NaN,NaN,NaN,NaN,|,0.825771808624268,NaN,NaN,NaN,0,0,|,NaN,0.88020133972168,0.871237456798553,0.814615368843079,NaN,NaN
21:57:30,|,NaN,NaN,NaN,NaN,0,0,|,NaN,NaN,NaN,NaN,NaN,NaN,|,0.77100670337677,NaN,NaN,NaN,0,0,|,NaN,0.8609699010849,0.861070275306702,0.797919452190399,NaN,NaN
22:02:30,|,NaN,NaN,NaN,NaN,0,0,|,NaN,NaN,NaN,NaN,NaN,NaN,|,0.726174473762512,NaN,NaN,NaN,0,0,|,NaN,0.895100653171539,0.866845667362213,0.807315468788147,NaN,NaN
22:07:30,|,NaN,NaN,NaN,NaN,0,0,|,NaN,NaN,NaN,NaN,NaN,NaN,|,0.774074077606201,NaN,NaN,NaN,0,0,|,NaN,0.928528428077698,0.909096956253052,0.845973134040833,NaN,NaN
22:12:30,|,NaN,NaN,NaN,NaN,0,0,|,NaN,NaN,NaN,NaN,NaN,NaN,|,0.775570452213287,NaN,NaN,NaN,0,0,|,NaN,0.873221457004547,0.868993282318115,0.794161081314087,NaN,NaN
22:17:30,|,NaN,NaN,NaN,NaN,0,0,|,NaN,NaN,NaN,NaN,NaN,NaN,|,0.674496650695801,NaN,NaN,NaN,0,0,|,NaN,0.74431437253952,0.784147143363953,0.736622095108032,NaN,NaN
22:22:30,|,NaN,NaN,NaN,NaN,0,0,|,NaN,NaN,NaN,NaN,NaN,NaN,|,0.652214765548706,NaN,NaN,NaN,0,0,|,NaN,0.721140921115875,0.764966428279877,0.705033540725708,NaN,NaN
22:27:30,|,NaN,NaN,NaN,NaN,0,0,|,NaN,NaN,NaN,NaN,NaN,NaN,|,0.694343447685242,NaN,NaN,NaN,0,0,|,NaN,0.754749178886414,0.778929710388184,0.711073815822601,NaN,NaN
22:32:30,|,NaN,NaN,NaN,NaN,0,0,|,NaN,NaN,NaN,NaN,NaN,NaN,|,0.742416143417358,NaN,NaN,NaN,0,0,|,NaN,0.773344457149506,0.779865741729736,0.707449674606323,NaN,NaN
22:37:30,|,NaN,NaN,NaN,NaN,0,0,|,NaN,NaN,NaN,NaN,NaN,NaN,|,0.739328861236572,NaN,NaN,NaN,0,0,|,NaN,0.782751679420471,0.781739115715027,0.708523452281952,NaN,NaN
22:42:30,|,NaN,NaN,NaN,NaN,0,0,|,NaN,NaN,NaN,NaN,NaN,NaN,|,0.740000009536743,NaN,NaN,NaN,0,0,|,NaN,0.83434784412384,0.802742481231689,0.714429497718811,NaN,NaN
22:47:30,|,NaN,NaN,NaN,NaN,0,0,|,NaN,NaN,NaN,NaN,NaN,NaN,|,0.740134239196777,NaN,NaN,NaN,0,0,|,NaN,0.776577174663544,0.771275162696838,0.67909699678421,NaN,NaN
22:52:30,|,NaN,NaN,NaN,NaN,0,0,|,NaN,NaN,NaN,NaN,NaN,NaN,|,0.700269341468811,NaN,NaN,NaN,0,0,|,NaN,0.713277578353882,0.719397962093353,0.630402684211731,NaN,NaN
22:57:30,|,NaN,NaN,NaN,NaN,0,0,|,NaN,NaN,NaN,NaN,NaN,NaN,|,0.648859083652496,NaN,NaN,NaN,0,0,|,NaN,0.680367887020111,0.698657691478729,0.620201349258423,NaN,NaN
23:02:30,|,NaN,NaN,NaN,NaN,0,0,|,NaN,NaN,NaN,NaN,NaN,NaN,|,0.646174490451813,NaN,NaN,NaN,0,0,|,NaN,0.677785217761993,0.694916367530823,0.608657717704773,NaN,NaN
23:07:30,|,NaN,NaN,NaN,NaN,0,0,|,NaN,NaN,NaN,NaN,NaN,NaN,|,0.63838928937912,NaN,NaN,NaN,0,0,|,NaN,0.688260853290558,0.699731528759003,0.612281858921051,NaN,NaN
23:12:30,|,NaN,NaN,NaN,NaN,0,0,|,NaN,NaN,NaN,NaN,NaN,NaN,|,0.605925917625427,NaN,NaN,NaN,0,0,|,NaN,0.623557031154633,0.6351677775383,0.557785212993622,NaN,NaN
23:17:30,|,NaN,NaN,NaN,NaN,0,0,|,NaN,NaN,NaN,NaN,NaN,NaN,|,0.59694629907608,NaN,NaN,NaN,0,0,|,NaN,0.607993304729462,0.619866251945496,0.549731552600861,NaN,NaN
23:22:30,|,NaN,NaN,NaN,NaN,0,0,|,NaN,NaN,NaN,NaN,NaN,NaN,|,0.596174478530884,NaN,NaN,NaN,0,0,|,NaN,0.61979866027832,0.620000004768372,0.547324419021606,NaN,NaN
23:27:30,|,NaN,NaN,NaN,NaN,0,0,|,NaN,NaN,NaN,NaN,NaN,NaN,|,0.612751662731171,NaN,NaN,NaN,0,0,|,NaN,0.608127117156982,0.61369127035141,0.528724849224091,NaN,NaN
23:32:30,|,NaN,NaN,NaN,NaN,0,0,|,NaN,NaN,NaN,NaN,NaN,NaN,|,0.584208726882935,NaN,NaN,NaN,0,0,|,NaN,0.549731552600861,0.563010036945343,0.46721476316452,NaN,NaN
23:37:30,|,NaN,NaN,NaN,NaN,0,0,|,NaN,NaN,NaN,NaN,NaN,NaN,|,0.586644291877747,NaN,NaN,NaN,0,0,|,NaN,0.594615399837494,0.582857131958008,0.471734702587128,NaN,NaN
23:42:30,|,NaN,NaN,NaN,NaN,0,0,|,NaN,NaN,NaN,NaN,NaN,NaN,|,0.584228157997131,NaN,NaN,NaN,0,0,|,NaN,NaN,NaN,NaN,NaN,NaN
23:47:30,|,NaN,NaN,NaN,NaN,0,0,|,NaN,NaN,NaN,NaN,NaN,NaN,|,0.586711406707764,NaN,NaN,NaN,0,0,|,NaN,NaN,NaN,NaN,NaN,NaN
23:52:30,|,NaN,NaN,NaN,NaN,0,0,|,NaN,NaN,NaN,NaN,NaN,NaN,|,0.568585813045502,NaN,NaN,NaN,0,0,|,NaN,NaN,NaN,NaN,NaN,NaN
23:57:30,|,NaN,NaN,NaN,NaN,0,0,|,NaN,NaN,NaN,NaN,NaN,NaN,|,0.537583887577057,NaN,NaN,NaN,0,0,|,NaN,NaN,NaN,NaN,NaN,NaN
00:02:30,|,NaN,NaN,NaN,NaN,0,0,|,NaN,NaN,NaN,NaN,NaN,NaN,|,0.572986543178558,NaN,NaN,NaN,0,0,|,NaN,NaN,NaN,NaN,NaN,NaN
00:07:30,|,NaN,NaN,NaN,NaN,0,0,|,NaN,NaN,NaN,NaN,NaN,NaN,|,0.580369114875793,NaN,NaN,NaN,0,0,|,NaN,NaN,NaN,NaN,NaN,NaN
00:12:30,|,NaN,NaN,NaN,NaN,0,0,|,NaN,NaN,NaN,NaN,NaN,NaN,|,0.58222222328186,NaN,NaN,NaN,0,0,|,NaN,NaN,NaN,NaN,NaN,NaN
00:17:30,|,NaN,NaN,NaN,NaN,0,0,|,NaN,NaN,NaN,NaN,NaN,NaN,|,0.583322107791901,NaN,NaN,NaN,0,0,|,NaN,NaN,NaN,NaN,NaN,NaN
00:22:30,|,NaN,NaN,NaN,NaN,0,0,|,NaN,NaN,NaN,NaN,NaN,NaN,|,0.564966440200806,NaN,NaN,NaN,0,0,|,NaN,NaN,NaN,NaN,NaN,NaN
00:27:30,|,NaN,NaN,NaN,NaN,0,0,|,NaN,NaN,NaN,NaN,NaN,NaN,|,0.511683523654938,NaN,NaN,NaN,0,0,|,NaN,NaN,NaN,NaN,NaN,NaN
00:32:30,|,NaN,NaN,NaN,NaN,0,0,|,NaN,NaN,NaN,NaN,NaN,NaN,|,0.497919470071793,NaN,NaN,NaN,0,0,|,NaN,NaN,NaN,NaN,NaN,NaN
00:37:30,|,NaN,NaN,NaN,NaN,0,0,|,NaN,NaN,NaN,NaN,NaN,NaN,|,0.523020148277283,NaN,NaN,NaN,0,0,|,NaN,NaN,NaN,NaN,NaN,NaN
00:42:30,|,NaN,NaN,NaN,NaN,0,0,|,NaN,NaN,NaN,NaN,NaN,NaN,|,0.510671138763428,NaN,NaN,NaN,0,0,|,NaN,NaN,NaN,NaN,NaN,NaN
00:47:30,|,NaN,NaN,NaN,NaN,0,0,|,NaN,NaN,NaN,NaN,NaN,NaN,|,0.494074076414108,NaN,NaN,NaN,0,0,|,NaN,NaN,NaN,NaN,NaN,NaN
00:52:30,|,NaN,NaN,NaN,NaN,0,0,|,NaN,NaN,NaN,NaN,NaN,NaN,|,0.50288587808609,NaN,NaN,NaN,0,0,|,NaN,NaN,NaN,NaN,NaN,NaN
00:57:30,|,NaN,NaN,NaN,NaN,0,0,|,NaN,NaN,NaN,NaN,NaN,NaN,|,0.518154382705688,NaN,NaN,NaN,0,0,|,NaN,NaN,NaN,NaN,NaN,NaN
01:02:30,|,NaN,NaN,NaN,NaN,0,0,|,NaN,NaN,NaN,NaN,NaN,NaN,|,0.570738255977631,NaN,NaN,NaN,0,0,|,NaN,NaN,NaN,NaN,NaN,NaN
01:07:30,|,NaN,NaN,NaN,NaN,0,0,|,NaN,NaN,NaN,NaN,NaN,NaN,|,0.544040381908417,NaN,NaN,NaN,0,0,|,NaN,NaN,NaN,NaN,NaN,NaN
01:12:30,|,NaN,NaN,NaN,NaN,0,0,|,NaN,NaN,NaN,NaN,NaN,NaN,|,0.578926146030426,NaN,NaN,NaN,0,0,|,NaN,NaN,NaN,NaN,NaN,NaN
01:17:30,|,NaN,NaN,NaN,NaN,0,0,|,NaN,NaN,NaN,NaN,NaN,NaN,|,0.599228203296661,NaN,NaN,NaN,0,0,|,NaN,NaN,NaN,NaN,NaN,NaN
01:22:30,|,NaN,NaN,NaN,NaN,0,0,|,NaN,NaN,NaN,NaN,NaN,NaN,|,0.593859076499939,NaN,NaN,NaN,0,0,|,NaN,NaN,NaN,NaN,NaN,NaN
01:27:30,|,NaN,NaN,NaN,NaN,0,0,|,NaN,NaN,NaN,NaN,NaN,NaN,|,0.596531987190247,NaN,NaN,NaN,0,0,|,NaN,NaN,NaN,NaN,NaN,NaN
01:32:30,|,NaN,NaN,NaN,NaN,0,0,|,NaN,NaN,NaN,NaN,NaN,NaN,|,0.602684557437897,NaN,NaN,NaN,0,0,|,NaN,NaN,NaN,NaN,NaN,NaN
01:37:30,|,NaN,NaN,NaN,NaN,0,0,|,NaN,NaN,NaN,NaN,NaN,NaN,|,0.618926167488098,NaN,NaN,NaN,0,0,|,NaN,NaN,NaN,NaN,NaN,NaN
01:42:30,|,NaN,NaN,NaN,NaN,0,0,|,NaN,NaN,NaN,NaN,NaN,NaN,|,0.579563736915588,NaN,NaN,NaN,0,0,|,NaN,NaN,NaN,NaN,NaN,NaN
01:47:30,|,NaN,NaN,NaN,NaN,0,0,|,NaN,NaN,NaN,NaN,NaN,NaN,|,0.570639729499817,NaN,NaN,NaN,0,0,|,NaN,NaN,NaN,NaN,NaN,NaN
01:52:30,|,NaN,NaN,NaN,NaN,0,0,|,NaN,NaN,NaN,NaN,NaN,NaN,|,0.584597289562225,NaN,NaN,NaN,0,0,|,NaN,NaN,NaN,NaN,NaN,NaN
01:57:30,|,NaN,NaN,NaN,NaN,0,0,|,NaN,NaN,NaN,NaN,NaN,NaN,|,0.5889932513237,NaN,NaN,NaN,0,0,|,NaN,NaN,NaN,NaN,NaN,NaN
02:02:30,|,NaN,NaN,NaN,NaN,0,0,|,NaN,NaN,NaN,NaN,NaN,NaN,|,0.583131313323975,NaN,NaN,NaN,0,0,|,NaN,NaN,NaN,NaN,NaN,NaN
02:07:30,|,NaN,NaN,NaN,NaN,0,0,|,NaN,NaN,NaN,NaN,NaN,NaN,|,0.575973153114319,NaN,NaN,NaN,0,0,|,NaN,NaN,NaN,NaN,NaN,NaN
02:12:30,|,NaN,NaN,NaN,NaN,0,0,|,NaN,NaN,NaN,NaN,NaN,NaN,|,0.57791942358017,NaN,NaN,NaN,0,0,|,NaN,NaN,NaN,NaN,NaN,NaN
02:17:30,|,NaN,NaN,NaN,NaN,0,0,|,NaN,NaN,NaN,NaN,NaN,NaN,|,0.583053708076477,NaN,NaN,NaN,0,0,|,NaN,NaN,NaN,NaN,NaN,NaN
02:22:30,|,NaN,NaN,NaN,NaN,0,0,|,NaN,NaN,NaN,NaN,NaN,NaN,|,0.584848463535309,NaN,NaN,NaN,0,0,|,NaN,NaN,NaN,NaN,NaN,NaN
02:27:30,|,NaN,NaN,NaN,NaN,0,0,|,NaN,NaN,NaN,NaN,NaN,NaN,|,0.581812083721161,NaN,NaN,NaN,0,0,|,NaN,NaN,NaN,NaN,NaN,NaN
02:32:30,|,NaN,NaN,NaN,NaN,0,0,|,NaN,NaN,NaN,NaN,NaN,NaN,|,0.561241626739502,NaN,NaN,NaN,0,0,|,NaN,NaN,NaN,NaN,NaN,NaN
02:37:30,|,NaN,NaN,NaN,NaN,0,0,|,NaN,NaN,NaN,NaN,NaN,NaN,|,0.565252542495728,NaN,NaN,NaN,0,0,|,NaN,NaN,NaN,NaN,NaN,NaN
02:42:30,|,NaN,NaN,NaN,NaN,0,0,|,NaN,NaN,NaN,NaN,NaN,NaN,|,0.536610722541809,NaN,NaN,NaN,0,0,|,NaN,NaN,NaN,NaN,NaN,NaN
02:47:30,|,NaN,NaN,NaN,NaN,0,0,|,NaN,NaN,NaN,NaN,NaN,NaN,|,0.538758397102356,NaN,NaN,NaN,0,0,|,NaN,NaN,NaN,NaN,NaN,NaN
02:52:30,|,NaN,NaN,NaN,NaN,0,0,|,NaN,NaN,NaN,NaN,NaN,NaN,|,0.529764294624329,NaN,NaN,NaN,0,0,|,NaN,NaN,NaN,NaN,NaN,NaN
02:57:30,|,NaN,NaN,NaN,NaN,0,0,|,NaN,NaN,NaN,NaN,NaN,NaN,|,0.516711413860321,NaN,NaN,NaN,0,0,|,NaN,NaN,NaN,NaN,NaN,NaN
03:02:30,|,NaN,NaN,NaN,NaN,0,0,|,NaN,NaN,NaN,NaN,NaN,NaN,|,0.499395966529846,NaN,NaN,NaN,0,0,|,NaN,NaN,NaN,NaN,NaN,NaN
03:07:30,|,NaN,NaN,NaN,NaN,0,0,|,NaN,NaN,NaN,NaN,NaN,NaN,|,0.49888888001442,NaN,NaN,NaN,0,0,|,NaN,NaN,NaN,NaN,NaN,NaN
03:12:30,|,NaN,NaN,NaN,NaN,0,0,|,NaN,NaN,NaN,NaN,NaN,NaN,|,0.511241614818573,NaN,NaN,NaN,0,0,|,NaN,NaN,NaN,NaN,NaN,NaN
03:17:30,|,NaN,NaN,NaN,NaN,0,0,|,NaN,NaN,NaN,NaN,NaN,NaN,|,0.507248342037201,NaN,NaN,NaN,0,0,|,NaN,NaN,NaN,NaN,NaN,NaN
03:22:30,|,NaN,NaN,NaN,NaN,0,0,|,NaN,NaN,NaN,NaN,NaN,NaN,|,0.522996604442596,NaN,NaN,NaN,0,0,|,NaN,NaN,NaN,NaN,NaN,NaN
03:27:30,|,NaN,NaN,NaN,NaN,0,0,|,NaN,NaN,NaN,NaN,NaN,NaN,|,0.50969797372818,NaN,NaN,NaN,0,0,|,NaN,NaN,NaN,NaN,NaN,NaN
03:32:30,|,NaN,NaN,NaN,NaN,0,0,|,NaN,NaN,NaN,NaN,NaN,NaN,|,0.512080550193787,NaN,NaN,NaN,0,0,|,NaN,NaN,NaN,NaN,NaN,NaN
03:37:30,|,NaN,NaN,NaN,NaN,0,0,|,NaN,NaN,NaN,NaN,NaN,NaN,|,0.422255873680115,NaN,NaN,NaN,0,0,|,NaN,NaN,NaN,NaN,NaN,NaN
03:42:30,|,NaN,NaN,NaN,NaN,0,0,|,NaN,NaN,NaN,NaN,NaN,NaN,|,0.401409387588501,NaN,NaN,NaN,0,0,|,NaN,NaN,NaN,NaN,NaN,NaN
03:47:30,|,NaN,NaN,NaN,NaN,0,0,|,NaN,NaN,NaN,NaN,NaN,NaN,|,0.360201358795166,NaN,NaN,NaN,0,0,|,NaN,NaN,NaN,NaN,NaN,NaN
03:52:30,|,NaN,NaN,NaN,NaN,0,0,|,NaN,NaN,NaN,NaN,NaN,NaN,|,0.261178463697433,NaN,NaN,NaN,0,0,|,NaN,NaN,NaN,NaN,NaN,NaN
03:57:30,|,NaN,NaN,NaN,NaN,0,0,|,NaN,NaN,NaN,NaN,NaN,NaN,|,0.250805377960205,NaN,NaN,NaN,0,0,|,NaN,NaN,NaN,NaN,NaN,NaN
04:02:30,|,NaN,NaN,NaN,NaN,0,0,|,NaN,NaN,NaN,NaN,NaN,NaN,|,0.235637575387955,NaN,NaN,NaN,0,0,|,NaN,NaN,NaN,NaN,NaN,NaN
04:07:30,|,NaN,NaN,NaN,NaN,0,0,|,NaN,NaN,NaN,NaN,NaN,NaN,|,0.197516784071922,NaN,NaN,NaN,0,0,|,NaN,NaN,NaN,NaN,NaN,NaN
04:12:30,|,NaN,NaN,NaN,NaN,0,0,|,NaN,NaN,NaN,NaN,NaN,NaN,|,0.2347811460495,NaN,NaN,NaN,0,0,|,NaN,NaN,NaN,NaN,NaN,NaN
04:17:30,|,NaN,NaN,NaN,NaN,0,0,|,NaN,NaN,NaN,NaN,NaN,NaN,|,0.210268452763557,NaN,NaN,NaN,0,0,|,NaN,NaN,NaN,NaN,NaN,NaN
04:22:30,|,NaN,NaN,NaN,NaN,0,0,|,NaN,NaN,NaN,NaN,NaN,NaN,|,0.216845631599426,NaN,NaN,NaN,0,0,|,NaN,NaN,NaN,NaN,NaN,NaN
04:27:30,|,NaN,NaN,NaN,NaN,0,0,|,NaN,NaN,NaN,NaN,NaN,NaN,|,0.248787879943848,NaN,NaN,NaN,0,0,|,NaN,NaN,NaN,NaN,NaN,NaN
04:32:30,|,NaN,NaN,NaN,NaN,0,0,|,NaN,NaN,NaN,NaN,NaN,NaN,|,0.240067109465599,NaN,NaN,NaN,0,0,|,NaN,NaN,NaN,NaN,NaN,NaN
04:37:30,|,NaN,NaN,NaN,NaN,0,0,|,NaN,NaN,NaN,NaN,NaN,NaN,|,0.252550333738327,NaN,NaN,NaN,0,0,|,NaN,NaN,NaN,NaN,NaN,NaN
04:42:30,|,NaN,NaN,NaN,NaN,0,0,|,NaN,NaN,NaN,NaN,NaN,NaN,|,0.247583895921707,NaN,NaN,NaN,0,0,|,NaN,NaN,NaN,NaN,NaN,NaN
04:47:30,|,NaN,NaN,NaN,NaN,0,0,|,NaN,NaN,NaN,NaN,NaN,NaN,|,0.245016828179359,NaN,NaN,NaN,0,0,|,NaN,NaN,NaN,NaN,NaN,NaN
04:52:30,|,NaN,NaN,NaN,NaN,0,0,|,NaN,NaN,NaN,NaN,NaN,NaN,|,0.24073825776577,NaN,NaN,NaN,0,0,|,NaN,NaN,NaN,NaN,NaN,NaN
04:57:30,|,NaN,NaN,NaN,NaN,0,0,|,NaN,NaN,NaN,NaN,NaN,NaN,|,0.204765096306801,NaN,NaN,NaN,0,0,|,NaN,NaN,NaN,NaN,NaN,NaN
05:02:30,|,NaN,NaN,NaN,NaN,0,0,|,NaN,NaN,NaN,NaN,NaN,NaN,|,0.18986576795578,NaN,NaN,NaN,0,0,|,NaN,NaN,NaN,NaN,NaN,NaN
05:07:30,|,NaN,NaN,NaN,NaN,0,0,|,NaN,NaN,NaN,NaN,NaN,NaN,|,0.171750843524933,NaN,NaN,NaN,0,0,|,NaN,NaN,NaN,NaN,NaN,NaN
05:12:30,|,NaN,NaN,NaN,NaN,0,0,|,NaN,NaN,NaN,NaN,NaN,NaN,|,0.192416101694107,NaN,NaN,NaN,0,0,|,NaN,NaN,NaN,NaN,NaN,NaN
05:17:30,|,NaN,NaN,NaN,NaN,0,0,|,NaN,NaN,NaN,NaN,NaN,NaN,|,0.239127516746521,NaN,NaN,NaN,0,0,|,NaN,NaN,NaN,NaN,NaN,NaN
05:22:30,|,NaN,NaN,NaN,NaN,0,0,|,NaN,NaN,NaN,NaN,NaN,NaN,|,0.241543620824814,NaN,NaN,NaN,0,0,|,NaN,NaN,NaN,NaN,NaN,NaN
05:27:30,|,NaN,NaN,NaN,NaN,0,0,|,NaN,NaN,NaN,NaN,NaN,NaN,|,0.186430975794792,NaN,NaN,NaN,0,0,|,NaN,NaN,NaN,NaN,NaN,NaN
05:32:30,|,NaN,NaN,NaN,NaN,0,0,|,NaN,NaN,NaN,NaN,NaN,NaN,|,0.165838927030563,NaN,NaN,NaN,0,0,|,NaN,NaN,NaN,NaN,NaN,NaN
05:37:30,|,NaN,NaN,NaN,NaN,0,0,|,NaN,NaN,NaN,NaN,NaN,NaN,|,0.143691271543503,NaN,NaN,NaN,0,0,|,NaN,NaN,NaN,NaN,NaN,NaN
05:42:30,|,NaN,NaN,NaN,NaN,0,0,|,NaN,NaN,NaN,NaN,NaN,NaN,|,0.0937583893537521,NaN,NaN,NaN,0,0,|,NaN,NaN,NaN,NaN,NaN,NaN
05:47:30,|,NaN,NaN,NaN,NaN,0,0,|,NaN,NaN,NaN,NaN,NaN,NaN,|,0.0878451243042946,NaN,NaN,NaN,0,0,|,NaN,NaN,NaN,NaN,NaN,NaN
05:52:30,|,NaN,NaN,NaN,NaN,0,0,|,NaN,NaN,NaN,NaN,NaN,NaN,|,0.0137919466942549,NaN,NaN,NaN,0,0,|,NaN,NaN,NaN,NaN,NaN,NaN
05:57:30,|,NaN,NaN,NaN,NaN,0,0,|,NaN,NaN,NaN,NaN,NaN,NaN,|,0.0242281872779131,NaN,NaN,NaN,0,0,|,NaN,NaN,NaN,NaN,NaN,NaN
06:02:30,|,NaN,NaN,NaN,NaN,0,0,|,NaN,NaN,NaN,NaN,NaN,NaN,|,0.0229530204087496,NaN,NaN,NaN,0,0,|,NaN,NaN,NaN,NaN,NaN,NaN
06:07:30,|,NaN,NaN,NaN,NaN,0,0,|,NaN,NaN,NaN,NaN,NaN,NaN,|,-0.0502356886863708,NaN,NaN,NaN,0,0,|,NaN,NaN,NaN,NaN,NaN,NaN
06:12:30,|,NaN,NaN,NaN,NaN,0,0,|,NaN,NaN,NaN,NaN,NaN,NaN,|,-0.109127514064312,NaN,NaN,NaN,0,0,|,NaN,NaN,NaN,NaN,NaN,NaN
06:17:30,|,NaN,NaN,NaN,NaN,0,0,|,NaN,NaN,NaN,NaN,NaN,NaN,|,-0.129127517342567,NaN,NaN,NaN,0,0,|,NaN,NaN,NaN,NaN,NaN,NaN
06:22:30,|,NaN,NaN,NaN,NaN,0,0,|,NaN,NaN,NaN,NaN,NaN,NaN,|,-0.182558923959732,NaN,NaN,NaN,0,0,|,NaN,NaN,NaN,NaN,NaN,NaN
06:27:30,|,NaN,NaN,NaN,NaN,0,0,|,NaN,NaN,NaN,NaN,NaN,NaN,|,-0.220536917448044,NaN,NaN,NaN,0,0,|,NaN,NaN,NaN,NaN,NaN,NaN
06:32:30,|,NaN,NaN,NaN,NaN,0,0,|,NaN,NaN,NaN,NaN,NaN,NaN,|,-0.229228183627129,NaN,NaN,NaN,0,0,|,NaN,NaN,NaN,NaN,NaN,NaN
06:37:30,|,NaN,NaN,NaN,NaN,0,0,|,NaN,NaN,NaN,NaN,NaN,NaN,|,-0.219158247113228,NaN,NaN,NaN,0,0,|,NaN,NaN,NaN,NaN,NaN,NaN
06:42:30,|,NaN,NaN,NaN,NaN,0,0,|,NaN,NaN,NaN,NaN,NaN,NaN,|,-0.233187913894653,NaN,NaN,NaN,0,0,|,NaN,NaN,NaN,NaN,NaN,NaN
06:47:30,|,NaN,NaN,NaN,NaN,0,0,|,NaN,NaN,NaN,NaN,NaN,NaN,|,-0.24120806157589,NaN,NaN,NaN,0,0,|,NaN,NaN,NaN,NaN,NaN,NaN
06:52:30,|,NaN,NaN,NaN,NaN,0,0,|,NaN,NaN,NaN,NaN,NaN,NaN,|,-0.231140941381454,NaN,NaN,NaN,0,0,|,NaN,NaN,NaN,NaN,NaN,NaN
06:57:30,|,NaN,NaN,NaN,NaN,0,0,|,NaN,NaN,NaN,NaN,NaN,NaN,|,-0.282895624637604,NaN,NaN,NaN,0,0,|,NaN,NaN,NaN,NaN,NaN,NaN
07:02:30,|,NaN,NaN,NaN,NaN,0,0,|,NaN,NaN,NaN,NaN,NaN,NaN,|,-0.310402691364288,NaN,NaN,NaN,0,0,|,NaN,NaN,NaN,NaN,NaN,NaN
07:07:30,|,NaN,NaN,NaN,NaN,0,0,|,NaN,NaN,NaN,NaN,NaN,NaN,|,-0.317382544279099,NaN,NaN,NaN,0,0,|,NaN,NaN,NaN,NaN,NaN,NaN
07:12:30,|,NaN,NaN,NaN,NaN,0,0,|,NaN,NaN,NaN,NaN,NaN,NaN,|,-0.261476516723633,NaN,NaN,NaN,0,0,|,NaN,NaN,NaN,NaN,NaN,NaN
07:17:30,|,NaN,NaN,NaN,NaN,0,0,|,NaN,NaN,NaN,NaN,NaN,NaN,|,-0.287407398223877,NaN,NaN,NaN,0,0,|,NaN,NaN,NaN,NaN,NaN,NaN
07:22:30,|,NaN,NaN,NaN,NaN,0,0,|,NaN,NaN,NaN,NaN,NaN,NaN,|,-0.307718127965927,NaN,NaN,NaN,0,0,|,NaN,NaN,NaN,NaN,NaN,NaN
07:27:30,|,NaN,NaN,NaN,NaN,0,0,|,NaN,NaN,NaN,NaN,NaN,NaN,|,-0.309865772724152,NaN,NaN,NaN,0,0,|,NaN,NaN,NaN,NaN,NaN,NaN
07:32:30,|,NaN,NaN,NaN,NaN,0,0,|,NaN,NaN,NaN,NaN,NaN,NaN,|,-0.301616162061691,NaN,NaN,NaN,0,0,|,NaN,NaN,NaN,NaN,NaN,NaN
07:37:30,|,NaN,NaN,NaN,NaN,0,0,|,NaN,NaN,NaN,NaN,NaN,NaN,|,-0.311342269182205,NaN,NaN,NaN,0,0,|,NaN,NaN,NaN,NaN,NaN,NaN
07:42:30,|,NaN,NaN,NaN,NaN,0,0,|,NaN,NaN,NaN,NaN,NaN,NaN,|,-0.321409404277802,NaN,NaN,NaN,0,0,|,NaN,NaN,NaN,NaN,NaN,NaN
07:47:30,|,NaN,NaN,NaN,NaN,0,0,|,NaN,NaN,NaN,NaN,NaN,NaN,|,-0.182491585612297,NaN,NaN,NaN,0,0,|,NaN,NaN,NaN,NaN,NaN,NaN
07:52:30,|,NaN,NaN,NaN,NaN,0,0,|,NaN,NaN,NaN,NaN,NaN,NaN,|,-0.173422813415527,NaN,NaN,NaN,0,0,|,NaN,NaN,NaN,NaN,NaN,NaN
07:57:30,|,NaN,NaN,NaN,NaN,0,0,|,NaN,NaN,NaN,NaN,NaN,NaN,|,-0.190604031085968,NaN,NaN,NaN,0,0,|,NaN,NaN,NaN,NaN,NaN,NaN
08:02:30,|,NaN,NaN,NaN,NaN,0,0,|,NaN,NaN,NaN,NaN,NaN,NaN,|,-0.182154878973961,NaN,NaN,NaN,0,0,|,NaN,NaN,NaN,NaN,NaN,NaN
08:07:30,|,NaN,NaN,NaN,NaN,0,0,|,NaN,NaN,NaN,NaN,NaN,NaN,|,-0.141073822975159,NaN,NaN,NaN,0,0,|,NaN,NaN,NaN,NaN,NaN,NaN
08:12:30,|,NaN,NaN,NaN,NaN,0,0,|,NaN,NaN,NaN,NaN,NaN,NaN,|,-0.121476508677006,NaN,NaN,NaN,0,0,|,NaN,NaN,NaN,NaN,NaN,NaN
08:17:30,|,NaN,NaN,NaN,NaN,0,0,|,NaN,NaN,NaN,NaN,NaN,NaN,|,-0.209494948387146,NaN,NaN,NaN,0,0,|,NaN,NaN,NaN,NaN,NaN,NaN
08:22:30,|,NaN,NaN,NaN,NaN,0,0,|,NaN,NaN,NaN,NaN,NaN,NaN,|,-0.118523493409157,NaN,NaN,NaN,0,0,|,NaN,NaN,NaN,NaN,NaN,NaN
08:27:30,|,NaN,NaN,NaN,NaN,0,0,|,NaN,NaN,NaN,NaN,NaN,NaN,|,-0.0692953020334244,NaN,NaN,NaN,0,0,|,NaN,NaN,NaN,NaN,NaN,NaN
08:32:30,|,NaN,NaN,NaN,NaN,0,0,|,NaN,NaN,NaN,NaN,NaN,NaN,|,0.0299326609820127,NaN,NaN,NaN,0,0,|,NaN,NaN,NaN,NaN,NaN,NaN
08:37:30,|,-0.0864980593323708,-0.0864728689193726,NaN,NaN,0,0,|,NaN,NaN,NaN,NaN,NaN,NaN,|,0.0682214796543121,NaN,NaN,NaN,0,0,|,NaN,NaN,NaN,NaN,NaN,NaN
08:42:30,|,0.00093645480228588,0.0523825511336327,NaN,NaN,0,0,|,NaN,NaN,NaN,NaN,NaN,NaN,|,0.152416110038757,NaN,NaN,NaN,0,0,|,NaN,NaN,NaN,NaN,NaN,NaN
08:47:30,|,0.153754144906998,0.122119203209877,NaN,NaN,0,0,|,-0.015454544685781,NaN,NaN,NaN,NaN,NaN,|,0.274377107620239,NaN,NaN,NaN,0,0,|,0.301791042089462,NaN,NaN,NaN,-0.697164177894592,-0.825338363647461
08:52:30,|,0.292617440223694,0.254362404346466,NaN,NaN,0,0,|,0.277725756168365,NaN,-0.402417600154877,-0.434835165739059,NaN,NaN,|,0.426040261983871,-0.354017108678818,-0.497599989175797,-0.825454533100128,0,0,|,0.389403969049454,NaN,NaN,NaN,-0.616245865821838,-0.603200018405914
08:57:30,|,0.45003342628479,0.333712369203568,NaN,NaN,0,0,|,0.397483438253403,-0.248906254768372,-0.411066651344299,-0.432251662015915,-0.668545424938202,-0.700181841850281,|,0.497181206941605,-0.132727280259132,-0.361683487892151,-0.696308732032776,0,0,|,0.499597311019897,NaN,NaN,NaN,-0.515771806240082,-0.485353529453278
09:02:30,|,0.464697986841202,0.282684564590454,-0.359032243490219,-0.615177690982819,0,0,|,0.6109699010849,-0.0291946306824684,-0.324194639921188,-0.373489946126938,-0.561812102794647,-0.588389277458191,|,0.561845660209656,-0.058523491024971,-0.336363643407822,-0.66265994310379,0,0,|,0.72127091884613,NaN,NaN,NaN,-0.460738241672516,-0.428614884614944
09:07:30,|,0.711778521537781,0.498394638299942,-0.0114024393260479,-0.343020141124725,0,0,|,0.583411395549774,0.031993355602026,-0.259630858898163,-0.304381281137466,-0.454651147127151,-0.480800002813339,|,0.762760937213898,0.0177104361355305,-0.273624151945114,-0.628047108650208,0,0,|,0.687290966510773,-0.0876190513372421,-0.105999998748302,-0.395999997854233,-0.48597314953804,-0.416700333356857
09:12:30,|,0.987692296504974,0.689565241336823,0.0353211015462875,-0.251885533332825,0,0,|,0.87638795375824,0.0826845616102219,-0.188691273331642,-0.23644295334816,-0.361275166273117,-0.42181208729744,|,1.01261746883392,0.215690240263939,-0.134579122066498,-0.493366986513138,0,0,|,0.860133767127991,-0.0132323233410716,-0.1130201369524,-0.301375836133957,-0.386241614818573,-0.285117834806442
09:17:30,|,0.64922821521759,0.519060432910919,0.0154621843248606,-0.216442957520485,0,0,|,0.828762531280518,0.248114481568336,-0.0765436217188835,-0.111610740423203,-0.231010094285011,-0.279127508401871,|,0.72288590669632,0.129127517342567,-0.0982885882258415,-0.47464644908905,0,0,|,0.918193995952606,0.0912416055798531,-0.022292360663414,-0.180398672819138,-0.285838931798935,-0.2087542116642
09:22:30,|,0.985838949680328,0.644080281257629,0.0964529886841774,-0.149060413241386,0,0,|,0.824882924556732,0.295973151922226,-0.028456375002861,-0.0958528444170952,-0.181543618440628,-0.231750845909119,|,0.753557026386261,0.172996640205383,-0.0196296293288469,-0.311818182468414,0,0,|,0.894515037536621,0.148791939020157,0.0522483214735985,-0.0818120837211609,-0.196845635771751,-0.124983161687851
09:27:30,|,0.776321053504944,0.63677853345871,0.144481331110001,-0.0675167813897133,0,0,|,1.13431441783905,0.424630880355835,0.0861744955182076,0.064395971596241,-0.0459731556475163,-0.119496643543243,|,0.910505056381226,0.335167795419693,0.0457239076495171,-0.280738264322281,0,0,|,1.0840802192688,0.402617454528809,0.231638804078102,0.046610739082098,-0.0915771797299385,-0.0346127934753895
09:32:30,|,0.918489933013916,0.809030115604401,0.269354850053787,0.0553355701267719,0,0,|,1.08749163150787,0.477718114852905,0.176409393548965,0.151170566678047,0.0460738278925419,-0.00697986548766494,|,0.786040246486664,0.349696964025497,0.126107379794121,-0.192996636033058,0,0,|,0.958729088306427,0.401006698608398,0.238657712936401,0.0420469790697098,-0.0562751665711403,0.026094276458025
09:37:30,|,1.12418055534363,0.894765079021454,0.347119987010956,0.0782214775681496,0,0,|,1.10943150520325,0.416498303413391,0.141342282295227,0.0855033546686172,-0.0360067114233971,-0.0550168342888355,|,1.14137578010559,0.466308742761612,0.188451170921326,-0.177239060401917,0,0,|,1.25305366516113,0.458993285894394,0.298926174640656,0.101241610944271,-0.0363422818481922,0.0235353540629148
09:42:30,|,1.40704703330994,0.99498325586319,0.422788113355637,0.122718118131161,0,0,|,1.46474921703339,0.618255019187927,0.207281887531281,0.137926414608955,0.0102684563025832,0.00127516861539334,|,1.31026840209961,0.544680118560791,0.283120810985565,-0.0856228917837143,0,0,|,1.43397998809814,0.627047002315521,0.447650998830795,0.239060401916504,0.0467114076018333,0.101380474865437
09:47:30,|,1.33615386486053,1.02548491954803,0.402767539024353,0.159496650099754,0,0,|,1.68682277202606,0.704563736915588,0.328959733247757,0.260536909103394,0.153434351086617,0.120671138167381,|,1.44026935100555,0.685925900936127,0.424242436885834,0.00737373810261488,0,0,|,1.6459196805954,0.75501674413681,0.564882934093475,0.350335568189621,0.148724839091301,0.215000003576279
09:52:30,|,1.39268457889557,0.945637583732605,0.336642056703568,0.1507718116045,0,0,|,1.90939795970917,0.887516796588898,0.47651007771492,0.346889644861221,0.255234897136688,0.229124575853348,|,1.71295297145844,0.875503361225128,0.528590619564056,0.159696966409683,0,0,|,1.80056858062744,0.837651014328003,0.567785263061523,0.343892633914948,0.188322141766548,0.282289564609528
09:57:30,|,1.38758385181427,0.977725744247437,0.386335879564285,0.139127522706985,0,0,|,1.93311035633087,0.875033557415009,0.428624153137207,0.281872898340225,0.116006717085838,0.0854697972536087,|,1.71067118644714,0.900437712669373,0.466835021972656,0.0909395962953568,0,0,|,1.80217397212982,0.932147681713104,0.596510052680969,0.408120810985565,0.240671142935753,0.292659938335419
10:02:30,|,1.56598663330078,1.09598660469055,0.488661706447601,0.248926177620888,0,0,|,1.9264429807663,0.861077427864075,0.4310402572155,0.324698001146317,0.161073833703995,0.127852350473404,|,1.70677852630615,0.831476509571075,0.487986594438553,0.0444444455206394,0,0,|,1.9891973733902,0.915906012058258,0.597123742103577,0.374682277441025,0.174362421035767,0.246599331498146
10:07:30,|,1.98057055473328,1.44657719135284,0.859547197818756,0.612953007221222,0,0,|,2.06826090812683,0.978255033493042,0.569395959377289,0.420100331306458,0.335536926984787,0.28865772485733,|,1.89268457889557,0.921717166900635,0.530976414680481,0.128282830119133,0,0,|,2.10638785362244,1.01456379890442,0.742147624492645,0.509429514408112,0.344966441392899,0.426094263792038
10:12:30,|,2.58816051483154,1.78190636634827,1.08030533790588,0.795369148254395,0,0,|,2.63602018356323,1.36026847362518,0.842516779899597,0.738489925861359,0.541275143623352,0.497542083263397,|,2.3967113494873,1.27432882785797,0.880067348480225,0.513232290744781,0,0,|,2.62545156478882,1.34862411022186,1.03140938282013,0.824999988079071,0.631375849246979,0.746397316455841
10:17:30,|,2.30563759803772,1.68929767608643,0.981821537017822,0.686107397079468,0,0,|,2.30013370513916,1.4146980047226,0.879463076591492,0.757424771785736,0.59765100479126,0.53255033493042,|,2.29340076446533,1.28518521785736,0.843624174594879,0.502289533615112,0,0,|,2.42130446434021,1.33093965053558,1.05451500415802,0.840872466564178,0.623322129249573,0.713804721832275
10:22:30,|,1.81956517696381,1.50241613388062,0.934512615203857,0.693892598152161,0,0,|,2.06384611129761,1.35211408138275,0.898053705692291,0.806375861167908,0.665690243244171,0.590471386909485,|,2.02651000022888,1.22057044506073,0.82336699962616,0.475690245628357,0,0,|,2.36765885353088,1.31401336193085,1.10402679443359,0.851672232151031,0.672953009605408,0.737777769565582
10:27:30,|,1.965167760849,1.5279598236084,0.984584808349609,0.755771815776825,0,0,|,2.55575251579285,1.45104372501373,0.923288583755493,0.85949832201004,0.750402688980103,0.713087260723114,|,2.14214754104614,1.31168353557587,0.945637583732605,0.614228188991547,0,0,|,2.35575246810913,1.24818789958954,1.06214761734009,0.856845617294312,0.694530189037323,0.773333311080933
10:32:30,|,2.37197327613831,1.93558526039124,1.31826090812683,1.015469789505,0,0,|,2.59428095817566,1.61708056926727,1.13963091373444,1.05402684211731,0.961677849292755,0.918959736824036,|,2.42845630645752,1.53114473819733,1.16572391986847,0.730235695838928,0,0,|,2.83334445953369,1.56953024864197,1.2059531211853,0.984362423419952,0.813355684280396,0.911784529685974
10:37:30,|,3.42939591407776,2.47000002861023,1.52627742290497,1.17959725856781,0,0,|,2.68899655342102,1.82036912441254,1.33359062671661,1.29846155643463,1.16516780853271,1.10188555717468,|,2.36336708068848,1.60322141647339,1.2566442489624,0.928888857364655,0,0,|,2.80288600921631,1.54765105247498,1.25288593769073,1.08070230484009,0.921677827835083,1.01414144039154
10:42:30,|,3.06642127037048,2.54060411453247,1.74707579612732,1.40885901451111,0,0,|,3.28297662734985,2.16053700447083,1.61785233020782,1.48922824859619,1.22677850723267,1.19073820114136,|,3.53530216217041,2.20319867134094,1.68962967395782,1.13878786563873,0,0,|,3.91909694671631,1.98214042186737,1.45906352996826,1.29218125343323,1.18181204795837,1.30410778522491
10:47:30,|,2.83375835418701,2.39575242996216,1.6714893579483,1.42416107654572,0,0,|,3.17140460014343,2.06878781318665,1.55818796157837,1.45000004768372,1.21080541610718,1.1604026556015,|,3.44701337814331,2.28520131111145,1.78241610527039,1.35329961776733,0,0,|,3.18344473838806,1.90872478485107,1.587651014328,1.40956377983093,1.32518398761749,1.46212124824524
10:52:30,|,2.27525091171265,2.11053514480591,1.48742055892944,1.26724827289581,0,0,|,2.69140481948853,1.96651005744934,1.51523494720459,1.44583892822266,1.32999992370605,1.26617455482483,|,2.58738255500793,1.89356899261475,1.52195286750793,1.14360272884369,0,0,|,2.69608688354492,1.83785235881805,1.60040271282196,1.39674496650696,1.24704694747925,1.32164978981018
10:57:30,|,2.46416115760803,2.16382551193237,1.58811390399933,1.31583893299103,0,0,|,2.69724822044373,1.96208047866821,1.47892618179321,1.38846147060394,1.21000003814697,1.1525251865387,|,2.54879188537598,1.94637584686279,1.54671144485474,1.14288592338562,0,0,|,2.5463879108429,1.88969898223877,1.67404687404633,1.45752513408661,1.26704692840576,1.34872055053711
11:02:30,|,2.75501680374146,2.40150499343872,1.73074734210968,1.41664433479309,0,0,|,3.25100350379944,2.26204705238342,1.66902685165405,1.52798652648926,1.3059595823288,1.2390604019165,|,3.19486570358276,2.21191906929016,1.64936029911041,1.27356898784637,0,0,|,3.2588963508606,2.12456369400024,1.78765106201172,1.61328852176666,1.43577182292938,1.48313128948212
11:07:30,|,2.5559196472168,2.23628759384155,1.64028573036194,1.33194625377655,0,0,|,3.01140475273132,2.14690232276917,1.63134229183197,1.55852842330933,1.39107382297516,1.30308723449707,|,2.71369123458862,1.98687922954559,1.57892620563507,1.2272390127182,0,0,|,2.9343478679657,2.02322149276733,1.78510069847107,1.58026838302612,1.39120805263519,1.44838380813599
11:12:30,|,3.17453026771545,2.60177254676819,1.88021123409271,1.57422816753387,0,0,|,3.63214039802551,2.52979874610901,1.92557048797607,1.78885912895203,1.58328855037689,1.456902384758,|,3.02646470069885,2.14993262290955,1.66861951351166,1.2856901884079,0,0,|,3.21876263618469,2.2034113407135,1.89117062091827,1.62644290924072,1.39697992801666,1.44811451435089
11:17:30,|,3.30464887619019,2.64624166488647,1.95579862594604,1.64832210540771,0,0,|,3.57581949234009,2.33788585662842,1.74516773223877,1.67692303657532,1.47080540657043,1.37879192829132,|,3.14473152160645,2.20979881286621,1.72912752628326,1.35201346874237,0,0,|,3.45394659042358,2.26335573196411,1.88550341129303,1.60441470146179,1.39523494243622,1.45808076858521
11:22:30,|,3.76285243034363,3.01180601119995,2.31368803977966,1.97332215309143,0,0,|,4.15066909790039,2.55671143531799,1.90758395195007,1.81536912918091,1.66583895683289,1.60000002384186,|,3.68422818183899,2.44851851463318,1.95656561851501,1.52616167068481,0,0,|,3.89421415328979,2.47020149230957,2.04795980453491,1.77986574172974,1.58718121051788,1.68570470809937
11:27:30,|,3.53120398521423,2.73274254798889,1.92835664749146,1.62348997592926,0,0,|,3.35240793228149,2.3243625164032,1.75140941143036,1.68351173400879,1.50395977497101,1.44047141075134,|,3.14734888076782,2.33882164955139,1.84885907173157,1.49569022655487,0,0,|,3.41876244544983,2.48541808128357,2.14778518676758,1.84442949295044,1.62060403823853,1.66144788265228
11:32:30,|,4.03030109405518,2.98718118667603,2.10663199424744,1.72523486614227,0,0,|,3.56444811820984,2.52259254455566,1.91778516769409,1.79463088512421,1.58731544017792,1.5085905790329,|,3.34104013442993,2.29006719589233,1.89690232276917,1.56909394264221,0,0,|,3.81367897987366,2.48791933059692,2.06295299530029,1.76241612434387,1.58315443992615,1.68744111061096
11:37:30,|,3.62932872772217,3.06906342506409,2.32291674613953,2.00674486160278,0,0,|,3.60618734359741,2.5894296169281,2.12288594245911,2.01632118225098,1.83375835418701,1.80338931083679,|,3.45681214332581,2.40498304367065,2.06536912918091,1.69632995128632,0,0,|,3.81688976287842,2.43436241149902,2.07565212249756,1.8512374162674,1.71416103839874,1.78562295436859
11:42:30,|,3.54344487190247,3.03655505180359,2.27636671066284,1.93841755390167,0,0,|,4.1091947555542,2.88832211494446,2.13655519485474,2.0469799041748,1.8779194355011,1.80047142505646,|,4.02420902252197,2.89802026748657,2.30777788162231,1.85518515110016,0,0,|,4.11295318603516,2.75446319580078,2.36577177047729,2.09684562683105,1.85738253593445,1.91653192043304
11:47:30,|,3.03474926948547,2.81180596351624,2.10613799095154,1.78993284702301,0,0,|,3.47254180908203,2.66040277481079,2.15063762664795,2.0307023525238,1.77174496650696,1.70348989963531,|,3.17355704307556,2.46831655502319,2.00671148300171,1.62861955165863,0,0,|,3.48030090332031,2.55257534980774,2.21665549278259,1.98087251186371,1.81174492835999,1.85013461112976
11:52:30,|,2.94637584686279,2.76725745201111,2.14794516563416,1.82174491882324,0,0,|,3.37795996665955,2.62671136856079,2.13573837280273,2.03966546058655,1.83187913894653,1.766845703125,|,3.03422808647156,2.37577176094055,2.00720548629761,1.68845641613007,0,0,|,3.11615371704102,2.34536910057068,2.1158390045166,1.94241607189178,1.79496645927429,1.87235689163208
11:57:30,|,3.09274244308472,2.82463073730469,2.22074842453003,1.92332220077515,0,0,|,3.5727424621582,2.65516781806946,2.14080548286438,2.08469796180725,1.9108053445816,1.82767677307129,|,2.9827516078949,2.34077453613281,1.98644292354584,1.67949497699738,0,0,|,3.03227424621582,2.302818775177,2.09892606735229,1.89315438270569,1.71979868412018,1.80043768882751
12:02:30,|,3.51459741592407,2.93381261825562,2.20815706253052,1.90459728240967,0,0,|,4.0886287689209,2.87369132041931,2.19822144508362,2.11083602905273,1.96328854560852,1.88493287563324,|,3.45489931106567,2.68869113922119,2.21205401420593,1.81313133239746,0,0,|,3.42732429504395,2.55114078521729,2.30989956855774,2.11822152137756,1.9428858757019,2.00999999046326
12:07:30,|,4.64334440231323,3.32872915267944,2.47376298904419,2.07567119598389,0,0,|,4.94431447982788,3.2253692150116,2.37593960762024,2.2844295501709,2.03362417221069,1.97362422943115,|,4.15369129180908,2.75791239738464,2.09946298599243,1.76412749290466,0,0,|,4.41903018951416,2.93023419380188,2.48174500465393,2.20411372184753,2.02248311042786,2.08858585357666
12:12:30,|,4.71852827072144,3.33595323562622,2.47316145896912,2.06348991394043,0,0,|,5.65650987625122,3.64185190200806,2.6795973777771,2.50615382194519,2.20426177978516,2.09701347351074,|,4.97929525375366,3.29057240486145,2.45597314834595,2.03212118148804,0,0,|,5.23203992843628,3.389328956604,2.80523490905762,2.41375827789307,2.17322158813477,2.23542094230652
12:17:30,|,5.19157743453979,3.76632118225098,2.88283205032349,2.48087239265442,0,0,|,6.11070251464844,4.01281881332397,2.99023485183716,2.82715725898743,2.50231552124023,2.40791249275208,|,5.4481143951416,3.60060405731201,2.68279457092285,2.25946116447449,0,0,|,5.73886299133301,3.6968457698822,3.0421404838562,2.56463098526001,2.35550332069397,2.37474751472473
12:22:30,|,4.6818060874939,3.87120819091797,3.02690649032593,2.59832215309143,0,0,|,4.87020063400269,3.42298650741577,2.61704707145691,2.48550343513489,2.23516774177551,2.14906048774719,|,5.32919454574585,3.8504376411438,2.9878523349762,2.44966435432434,0,0,|,5.12327766418457,3.50117063522339,2.88187909126282,2.48624157905579,2.26959729194641,2.31946134567261
12:27:30,|,3.61161065101624,3.17782616615295,2.42175269126892,2.08667778968811,0,0,|,4.0206356048584,3.03543615341187,2.4053692817688,2.29692316055298,2.11510062217712,2.03942942619324,|,3.68661069869995,2.97036910057068,2.44282841682434,2.08818173408508,0,0,|,3.90478277206421,3.02228188514709,2.67819404602051,2.4014093875885,2.21722412109375,2.2702693939209
12:32:30,|,4.02317714691162,3.3437123298645,2.58477663993835,2.22476506233215,0,0,|,4.60899686813354,3.4127516746521,2.66026854515076,2.46805381774902,2.20100665092468,2.11107754707336,|,3.96221494674683,3.0890908241272,2.52151012420654,2.12680125236511,0,0,|,4.22411346435547,3.12271809577942,2.70161080360413,2.43301010131836,2.24557042121887,2.31097650527954
12:37:30,|,4.32066869735718,3.48444819450378,2.62930059432983,2.23751664161682,0,0,|,4.48204040527344,3.32597303390503,2.52013421058655,2.39217400550842,2.16570472717285,2.09550333023071,|,4.2180871963501,3.17865777015686,2.53390574455261,2.14832210540771,0,0,|,4.51789283752441,3.27882933616638,2.79959726333618,2.50718116760254,2.2448992729187,2.27892255783081
12:42:30,|,4.84295320510864,3.63523483276367,2.74236106872559,2.36395978927612,0,0,|,5.59391307830811,3.69040393829346,2.86781883239746,2.68153858184814,2.44322156906128,2.32248330116272,|,4.83342266082764,3.47000002861023,2.73181200027466,2.28326606750488,0,0,|,5.36377954483032,3.66114091873169,3.12224078178406,2.77459740638733,2.46422815322876,2.48309755325317
12:47:30,|,5.1477255821228,3.86531782150269,2.97133564949036,2.54328846931458,0,0,|,5.86134243011475,3.81080532073975,2.91593956947327,2.73046970367432,2.45110726356506,2.33979868888855,|,5.30771827697754,3.76525259017944,2.8967113494873,2.40198659896851,0,0,|,5.59865760803223,3.75682282447815,3.11359047889709,2.74949669837952,2.46248316764832,2.47239065170288
12:52:30,|,4.5746488571167,3.70290970802307,2.81790208816528,2.38583898544312,0,0,|,5.41344499588013,3.80741620063782,2.82177257537842,2.66387963294983,2.42124152183533,2.32508420944214,|,4.99426174163818,3.6724579334259,2.88885521888733,2.37593960762024,0,0,|,4.97929763793945,3.4659731388092,2.91752505302429,2.62030100822449,2.36020135879517,2.38912749290466
12:57:30,|,3.60677862167358,3.22371244430542,2.51484417915344,2.20476508140564,0,0,|,4.10304355621338,3.13315439224243,2.50483226776123,2.3664882183075,2.15657711029053,2.05942964553833,|,3.88325500488281,3.13580536842346,2.52838921546936,2.10740733146667,0,0,|,4.08351182937622,3.1349663734436,2.70120811462402,2.42610740661621,2.17818784713745,2.20390582084656
13:02:30,|,3.3386287689209,3.0699999332428,2.37443685531616,2.09372472763062,0,0,|,3.83869576454163,3.05919456481934,2.46788597106934,2.30885910987854,1.99483227729797,1.88291943073273,|,3.45417499542236,2.85606050491333,2.35282826423645,1.94281876087189,0,0,|,3.6819064617157,2.94150495529175,2.64067125320435,2.39429521560669,2.12046980857849,2.16286206245422
13:07:30,|,3.15023422241211,2.90398001670837,2.24274587631226,1.89624166488647,0,0,|,3.32993316650391,2.67033553123474,2.109530210495,2.03391313552856,1.86624157428741,1.81286191940308,|,3.20375847816467,2.67040276527405,2.18953013420105,1.77057242393494,0,0,|,3.34866213798523,2.65557050704956,2.39083623886108,2.14936232566833,1.91515052318573,1.9861615896225
13:12:30,|,3.06520128250122,2.79655504226685,2.12769484519958,1.7993289232254,0,0,|,3.2639799118042,2.55161619186401,2.02825498580933,1.96541810035706,1.77832210063934,1.67959725856781,|,3.04912757873535,2.49781155586243,2.03328847885132,1.62976431846619,0,0,|,3.2923412322998,2.56939601898193,2.32026863098145,2.11769223213196,1.88208055496216,1.89619529247284
13:17:30,|,2.81505012512207,2.64565205574036,2.00581932067871,1.67973148822784,0,0,|,3.13348984718323,2.45120811462402,1.91496646404266,1.79966449737549,1.55845642089844,1.4944965839386,|,2.84993290901184,2.32570457458496,1.90835022926331,1.4980536699295,0,0,|,2.98799324035645,2.31030106544495,2.04555177688599,1.83033561706543,1.62651002407074,1.68286192417145
13:22:30,|,2.639328956604,2.57354521751404,1.9849328994751,1.66201341152191,0,0,|,2.79040122032166,2.27815437316895,1.84060406684875,1.74234116077423,1.55013465881348,1.48322141170502,|,2.67181205749512,2.22915816307068,1.82738256454468,1.43895626068115,0,0,|,2.8998327255249,2.32805371284485,2.08711409568787,1.87677848339081,1.67120802402496,1.70306396484375
13:27:30,|,2.39591979980469,2.34543633460999,1.77999997138977,1.48120808601379,0,0,|,2.64712357521057,2.16932892799377,1.71701335906982,1.63241612911224,1.43563759326935,1.36518514156342,|,2.54545450210571,2.14023566246033,1.74404036998749,1.34602689743042,0,0,|,2.74210691452026,2.24402689933777,2.0002007484436,1.79999995231628,1.57348990440369,1.59343433380127
13:32:30,|,2.42160534858704,2.41301012039185,1.86925673484802,1.58617448806763,0,0,|,2.74197316169739,2.26154351234436,1.87859058380127,1.78274250030518,1.60973155498505,1.53006708621979,|,2.49906039237976,2.05849003791809,1.77382552623749,1.4159060716629,0,0,|,2.57167220115662,2.07685613632202,1.87114095687866,1.68976593017578,1.50288593769073,1.56636369228363
13:37:30,|,2.46255040168762,2.41247487068176,1.82426178455353,1.51221477985382,0,0,|,2.61354517936707,2.20292925834656,1.78687918186188,1.69903016090393,1.47617447376251,1.38308727741241,|,2.50255036354065,2.07629632949829,1.69744110107422,1.32636368274689,0,0,|,2.67521739006042,2.19476509094238,2.0023410320282,1.82966446876526,1.59751677513123,1.6306060552597
13:42:30,|,2.57331109046936,2.44471573829651,1.8578188419342,1.54832220077515,0,0,|,2.60699009895325,2.10919451713562,1.62667787075043,1.55255031585693,1.33348989486694,1.26979863643646,|,2.59422826766968,2.1224160194397,1.75677847862244,1.34758388996124,0,0,|,2.75013375282288,2.12979865074158,1.87999999523163,1.64040267467499,1.43456375598907,1.4860942363739
13:47:30,|,2.67819404602051,2.5172483921051,1.84555184841156,1.54456377029419,0,0,|,2.7895987033844,2.2730872631073,1.76412749290466,1.65806019306183,1.46073818206787,1.3906397819519,|,2.76402688026428,2.20734000205994,1.77838385105133,1.38010096549988,0,0,|,2.8221333026886,2.20563769340515,1.91765892505646,1.66697978973389,1.44194626808167,1.48447811603546
13:52:30,|,2.59140944480896,2.48431444168091,1.84489929676056,1.52134227752686,0,0,|,2.6118061542511,2.15214776992798,1.69043481349945,1.59916388988495,1.38637578487396,1.30577182769775,|,2.73530197143555,2.19952869415283,1.76389265060425,1.38171720504761,0,0,|,2.69903016090393,2.16301012039185,1.92187917232513,1.66755855083466,1.43080532550812,1.48299670219421
13:57:30,|,2.27444815635681,2.3457190990448,1.77405405044556,1.50912749767303,0,0,|,2.41697978973389,2.11765098571777,1.73466444015503,1.67815434932709,1.47201335430145,1.39758384227753,|,2.36713790893555,2.00402688980103,1.6975839138031,1.32570469379425,0,0,|,2.49795985221863,2.0993287563324,1.9113712310791,1.69275164604187,1.48516774177551,1.54718124866486
14:02:30,|,2.21692299842834,2.33729100227356,1.81959867477417,1.5641610622406,0,0,|,2.36230778694153,2.08516788482666,1.72258388996124,1.67933106422424,1.48758387565613,1.41973149776459,|,2.27775168418884,1.99986529350281,1.75535356998444,1.39841747283936,0,0,|,2.33515048027039,1.99261748790741,1.8622819185257,1.69973146915436,1.50230765342712,1.55814814567566
14:07:30,|,2.25557041168213,2.37020063400269,1.83335566520691,1.58187913894653,0,0,|,2.35963201522827,2.07121205329895,1.69637584686279,1.65912747383118,1.46167778968811,1.39319860935211,|,2.18140935897827,1.91999995708466,1.66456377506256,1.34382545948029,0,0,|,2.27923083305359,1.96555185317993,1.81570470333099,1.6697986125946,1.48234903812408,1.54198658466339
14:12:30,|,2.10655522346497,2.24154376983643,1.69637584686279,1.46067345142365,0,0,|,2.20568561553955,1.9518791437149,1.56674492359161,1.53655517101288,1.35845637321472,1.29436242580414,|,2.09134221076965,1.86154878139496,1.58929288387299,1.26723909378052,0,0,|,2.26170563697815,1.95651006698608,1.80903005599976,1.65771806240082,1.46946310997009,1.51989901065826
14:17:30,|,1.95006716251373,2.11655521392822,1.58711409568787,1.33463084697723,0,0,|,2.15521740913391,1.90825498104095,1.54510068893433,1.48798656463623,1.29724824428558,1.22469794750214,|,1.98181211948395,1.7358922958374,1.49234902858734,1.16434347629547,0,0,|,2.05180597305298,1.76228189468384,1.64751672744751,1.50220739841461,1.3133556842804,1.3842761516571
14:22:30,|,1.98307693004608,2.15454840660095,1.65732443332672,1.430335521698,0,0,|,2.15307688713074,1.91093957424164,1.54983222484589,1.50913047790527,1.34127509593964,1.27369129657745,|,2.0061616897583,1.78161072731018,1.55616164207458,1.23000001907349,0,0,|,2.12489938735962,1.82414722442627,1.71284282207489,1.57624161243439,1.40087246894836,1.47464644908905
14:27:30,|,2.02187919616699,2.18946313858032,1.68148648738861,1.44496643543243,0,0,|,2.21491646766663,2.00557041168213,1.66530203819275,1.58885908126831,1.41329967975616,1.35077440738678,|,2.08248329162598,1.86020195484161,1.6334228515625,1.30427610874176,0,0,|,2.19040012359619,1.89382553100586,1.76147651672363,1.62604022026062,1.44959735870361,1.53161609172821
14:32:30,|,1.87752509117126,2.06170558929443,1.56622076034546,1.33315432071686,0,0,|,2.16341137886047,1.95416104793549,1.60352349281311,1.55113708972931,1.38248324394226,1.3169127702713,|,1.99671137332916,1.78550338745117,1.54255890846252,1.21993291378021,0,0,|,2.04167795181274,1.77772581577301,1.66374576091766,1.5273824930191,1.35483229160309,1.42885518074036
14:37:30,|,1.89050161838531,2.08725738525391,1.58416104316711,1.37181210517883,0,0,|,2.13719058036804,1.91456377506256,1.58191275596619,1.54043483734131,1.37134230136871,1.29543626308441,|,1.96704697608948,1.78222215175629,1.57208061218262,1.23558926582336,0,0,|,1.99963212013245,1.73731541633606,1.61046981811523,1.4855033159256,1.33442950248718,1.40811443328857
14:42:30,|,1.95328855514526,2.13381266593933,1.64832210540771,1.42496645450592,0,0,|,2.15324425697327,1.88879191875458,1.55953013896942,1.52328860759735,1.36758387088776,1.2994612455368,|,1.98758387565613,1.77791249752045,1.56895625591278,1.24838387966156,0,0,|,2.04391312599182,1.74791944026947,1.65090298652649,1.52481603622437,1.3368227481842,1.40355706214905
14:47:30,|,2.0951840877533,2.24221467971802,1.73261749744415,1.51785230636597,0,0,|,2.18387961387634,1.93303024768829,1.58231544494629,1.55408024787903,1.41147649288177,1.36201345920563,|,2.07673406600952,1.83369123935699,1.61100673675537,1.30167782306671,0,0,|,2.24217391014099,1.90709030628204,1.76402688026428,1.63838922977448,1.44932889938354,1.52353537082672
14:52:30,|,2.09143805503845,2.24605345726013,1.73445951938629,1.51342284679413,0,0,|,2.18010067939758,1.98208057880402,1.62657713890076,1.59385907649994,1.44543623924255,1.39798653125763,|,2.2034227848053,1.92404043674469,1.69138050079346,1.36111116409302,0,0,|,2.24698996543884,1.9268456697464,1.81036794185638,1.70228183269501,1.52637588977814,1.59922564029694
14:57:30,|,2.09865760803223,2.28565216064453,1.80214762687683,1.57328855991364,0,0,|,2.18341135978699,1.9882550239563,1.64879190921783,1.61402690410614,1.47604024410248,1.43023562431335,|,2.19268465042114,1.9466667175293,1.72577178478241,1.40073823928833,0,0,|,2.16519999504089,1.9311408996582,1.8122147321701,1.68214762210846,1.5066442489624,1.56797981262207
15:02:30,|,2.01732444763184,2.24006700515747,1.76348996162415,1.5688591003418,0,0,|,2.19622087478638,2.02731537818909,1.71228194236755,1.68488299846649,1.51255035400391,1.44912755489349,|,2.16731548309326,1.97409391403198,1.77651011943817,1.45107746124268,0,0,|,2.14449667930603,1.90294313430786,1.8209365606308,1.71825504302979,1.5579195022583,1.63222217559814
15:07:30,|,1.97973239421844,2.21836113929749,1.74202024936676,1.52523493766785,0,0,|,2.07571887969971,1.91536915302277,1.59718120098114,1.57604026794434,1.43979859352112,1.38818788528442,|,2.00167775154114,1.82033669948578,1.61245787143707,1.31801342964172,0,0,|,2.06772565841675,1.86644291877747,1.78469800949097,1.67704701423645,1.51241612434387,1.58369123935699
15:12:30,|,2.00604033470154,2.30331087112427,1.85570466518402,1.63677847385406,0,0,|,2.01096987724304,1.93375837802887,1.66889262199402,1.66361200809479,1.52395975589752,1.47804713249207,|,2.05639719963074,1.88536906242371,1.69355702400208,1.38946306705475,0,0,|,2.05586671829224,1.88845634460449,1.80207359790802,1.71732437610626,1.54369127750397,1.63329970836639
15:17:30,|,1.93598663806915,2.22545146942139,1.78269362449646,1.59422814846039,0,0,|,1.96789300441742,1.91536915302277,1.65882551670074,1.66681206226349,1.52731537818909,1.4906040430069,|,2.04476499557495,1.88915824890137,1.70727276802063,1.41484844684601,0,0,|,2.08458185195923,1.92996656894684,1.84604024887085,1.74953019618988,1.58798658847809,1.66225588321686
15:22:30,|,1.88174498081207,2.17510080337524,1.73892617225647,1.56805372238159,0,0,|,1.92548489570618,1.87000000476837,1.61496639251709,1.59929764270782,1.46100676059723,1.41409397125244,|,1.99348998069763,1.85946309566498,1.68402683734894,1.37657713890076,0,0,|,1.99227428436279,1.84953022003174,1.76702344417572,1.67946302890778,1.50892615318298,1.59020209312439
15:27:30,|,1.95444822311401,2.27066898345947,1.8182373046875,1.62348997592926,0,0,|,1.94608700275421,1.89604020118713,1.65406036376953,1.63892614841461,1.52583885192871,1.48604023456573,|,2.02234888076782,1.88080811500549,1.70309770107269,1.40245795249939,0,0,|,1.97515046596527,1.82496654987335,1.76026844978333,1.6787918806076,1.55093955993652,1.62548816204071
15:32:30,|,1.9540468454361,2.28083610534668,1.83525085449219,1.66120803356171,0,0,|,1.95317733287811,1.91255033016205,1.67416107654572,1.68160533905029,1.5574916601181,1.52585852146149,|,1.98946130275726,1.85932886600494,1.69073820114136,1.40919196605682,0,0,|,1.9973578453064,1.88916385173798,1.83664429187775,1.74590599536896,1.58785235881805,1.6823490858078
15:37:30,|,1.93651008605957,2.28779268264771,1.86872482299805,1.68832218647003,0,0,|,1.94394648075104,1.92422819137573,1.71214771270752,1.73177850246429,1.61469793319702,1.57530200481415,|,2.0015435218811,1.8984512090683,1.74550330638885,1.46718120574951,0,0,|,1.98959863185883,1.90040266513824,1.86294317245483,1.77003347873688,1.64597308635712,1.71855223178864
15:42:30,|,1.90334451198578,2.30006694793701,1.87945950031281,1.71328866481781,0,0,|,1.91866219043732,1.95471382141113,1.76167786121368,1.77558529376984,1.67255032062531,1.62335574626923,|,2.01979875564575,1.94053685665131,1.80868685245514,1.52757573127747,0,0,|,1.99147152900696,1.91691279411316,1.90402686595917,1.82456374168396,1.68248319625854,1.77579116821289
15:47:30,|,1.91704702377319,2.32484936714172,1.92684745788574,1.76912748813629,0,0,|,1.95839464664459,1.99429535865784,1.81617450714111,1.83033561706543,1.73617446422577,1.68590605258942,|,2.03026843070984,1.99555552005768,1.85771811008453,1.60570466518402,0,0,|,1.97675585746765,1.9535117149353,1.92702341079712,1.84751677513123,1.73481607437134,1.84057235717773
15:52:30,|,1.90602004528046,2.37648844718933,1.9918121099472,1.8306040763855,0,0,|,1.95744967460632,2.03362417221069,1.84463083744049,1.890469789505,1.79040265083313,1.7433557510376,|,2.02501678466797,2,1.89447808265686,1.61872053146362,0,0,|,1.97943150997162,1.982013463974,1.98214769363403,1.9162415266037,1.80530190467834,1.89899325370789
15:57:30,|,1.89704692363739,2.32886290550232,1.9886622428894,1.84120810031891,0,0,|,1.94996654987335,2.03657722473145,1.85644292831421,1.89745819568634,1.78999996185303,1.74590599536896,|,1.97402691841125,1.99436247348785,1.88214766979218,1.61956381797791,0,0,|,1.95026755332947,1.98334455490112,1.99498331546783,1.92668890953064,1.81912744045258,1.92595958709717
16:02:30,|,1.88702344894409,2.33929753303528,1.99405407905579,1.85812079906464,0,0,|,1.91933107376099,2.01563763618469,1.86288595199585,1.89879596233368,1.80020129680634,1.7690908908844,|,1.95510065555573,1.98356902599335,1.8807407617569,1.62417507171631,0,0,|,1.91040134429932,1.97986578941345,1.9914094209671,1.92295300960541,1.8172482252121,1.92703700065613
16:07:30,|,1.84067118167877,2.3423490524292,2.0044481754303,1.86416113376617,0,0,|,1.89217388629913,2.02100658416748,1.88436245918274,1.90563762187958,1.85033667087555,1.81449663639069,|,1.95000004768372,1.99261748790741,1.90013420581818,1.68070471286774,0,0,|,1.91026747226715,1.98013377189636,2.01516771316528,1.95812082290649,1.85389256477356,1.93484842777252
16:12:30,|,1.85491645336151,2.3736789226532,2.03510069847107,1.89154362678528,0,0,|,1.88387954235077,2.04315423965454,1.89268457889557,1.94361209869385,1.8697315454483,1.82657718658447,|,1.95000004768372,1.99797976016998,1.9188551902771,1.70013475418091,0,0,|,1.90986621379852,1.98308730125427,2.04782605171204,1.99033558368683,1.88812077045441,1.97295308113098
16:17:30,|,1.86026751995087,2.3756856918335,2.04926419258118,1.91395974159241,0,0,|,1.89204013347626,2.0571141242981,1.90006709098816,1.9683221578598,1.87040269374847,1.83516776561737,|,1.95147657394409,1.9995973110199,1.93127524852753,1.70134234428406,0,0,|,1.9099999666214,1.98494982719421,2.05650997161865,1.99973249435425,1.89026749134064,1.99895620346069
16:22:30,|,1.81993293762207,2.35722398757935,2.04905390739441,1.91369128227234,0,0,|,1.89752507209778,2.06798648834229,1.91765093803406,1.97826087474823,1.87845635414124,1.86404037475586,|,1.94973158836365,2.00053882598877,1.9358389377594,1.70363640785217,0,0,|,1.89742469787598,1.98255038261414,2.05838918685913,1.99986577033997,1.89442956447601,2.00609421730042
16:27:30,|,1.8157525062561,2.37394642829895,2.06731534004211,1.93838930130005,0,0,|,1.87986624240875,2.05979871749878,1.93120801448822,1.97919464111328,1.89536917209625,1.88510060310364,|,1.94302022457123,2,1.94444453716278,1.71154367923737,0,0,|,1.87347829341888,1.98429536819458,2.06013369560242,2.0004026889801,1.91174495220184,2.00973057746887
16:32:30,|,1.77919459342957,2.3552348613739,2.06973242759705,1.93986582756042,0,0,|,1.8775919675827,2.0575168132782,1.93644297122955,1.97839462757111,1.91791951656342,1.89610731601715,|,1.93895626068115,1.99986577033997,1.96080541610718,1.73555552959442,0,0,|,1.7779598236084,1.97558534145355,2.05999994277954,2.00013422966003,1.9095972776413,2.00999999046326
16:37:30,|,1.72441470623016,2.35254168510437,2.06959319114685,1.94040274620056,0,0,|,1.80361199378967,1.99644291400909,1.90127515792847,1.9593288898468,1.8787248134613,1.87852346897125,|,1.87671136856079,1.99299669265747,1.94606065750122,1.71952867507935,0,0,|,1.75615382194519,1.9773154258728,2.05959868431091,2.00026845932007,1.90194630622864,2.00986528396606
16:42:30,|,1.64167785644531,2.31521725654602,2.04637575149536,1.93771815299988,0,0,|,1.800936460495,2.02033543586731,1.92718124389648,1.96795988082886,1.89040267467499,1.87979793548584,|,1.86812078952789,1.98738253116608,1.95543622970581,1.74013423919678,0,0,|,1.64418065547943,1.9535117149353,2.05892610549927,2,1.8967113494873,2.00973057746887
16:47:30,|,1.56933116912842,2.24872899055481,2.00743246078491,1.90926170349121,0,0,|,1.79906344413757,2.00919461250305,1.90610730648041,1.96006691455841,1.87590599060059,1.86791944503784,|,1.85491585731506,1.99407410621643,1.95535361766815,1.730841755867,0,0,|,1.60698997974396,1.92577183246613,2.04966449737549,1.99772572517395,1.90033555030823,2.00824904441833
16:52:30,|,1.58932888507843,2.28832769393921,2.0278377532959,1.93434345722198,0,0,|,1.78715717792511,2.01329970359802,1.90248322486877,1.92402684688568,1.87000000476837,1.85342288017273,|,1.86838924884796,1.99624156951904,1.9413423538208,1.7296644449234,0,0,|,1.55842804908752,1.93100666999817,2.03471565246582,1.98429536819458,1.89093959331512,2.00690245628357
16:57:30,|,1.53147161006927,2.25488305091858,2.00819396972656,1.93020141124725,0,0,|,1.77337789535522,2.01013422012329,1.90838921070099,1.95444822311401,1.88208055496216,1.86577177047729,|,1.84919464588165,1.98693609237671,1.94872486591339,1.73946130275726,0,0,|,1.51829433441162,1.92220735549927,2.0355703830719,1.98255038261414,1.89067113399506,2.00651001930237
17:02:30,|,1.49000000953674,2.23268461227417,2.00677847862244,1.92416107654572,0,0,|,1.80240797996521,2.00744962692261,1.92771816253662,1.97758388519287,1.9104026556015,1.89191913604736,|,1.81751680374146,1.97494947910309,1.94619524478912,1.75288593769073,0,0,|,1.49986660480499,1.9041610956192,2.02200675010681,1.97959733009338,1.89173913002014,2.00313138961792
17:07:30,|,1.48194634914398,2.22946500778198,1.99635136127472,1.92912757396698,0,0,|,1.7262876033783,1.96838927268982,1.89026844501495,1.94160532951355,1.88831651210785,1.8661744594574,|,1.8084511756897,1.97476518154144,1.93718123435974,1.72491586208344,0,0,|,1.52257525920868,1.91114091873169,2.05127501487732,1.99489939212799,1.90248322486877,2.00973057746887
17:12:30,|,1.56023418903351,2.2523410320282,2.02946305274963,1.9413423538208,0,0,|,1.7597324848175,1.98275172710419,1.9108053445816,1.9662207365036,1.90355706214905,1.89275169372559,|,1.83335566520691,1.96996629238129,1.9592592716217,1.75986576080322,0,0,|,1.58438122272491,1.9080536365509,2.05087232589722,1.99986624717712,1.9248993396759,2.01417517662048
17:17:30,|,1.62651002407074,2.27093648910522,2.02384614944458,1.9405369758606,0,0,|,1.83892619609833,2.03080534934998,1.95818793773651,1.98617446422577,1.93939602375031,1.90080535411835,|,1.87214767932892,1.99382555484772,1.9726175069809,1.77488207817078,0,0,|,1.69541800022125,1.94869565963745,2.05745816230774,2.00362420082092,1.93765103816986,2.01953029632568
17:22:30,|,1.63809359073639,2.27963209152222,2.03416109085083,1.9413423538208,0,0,|,1.8552508354187,2.03241610527039,1.94919466972351,1.98428094387054,1.92852354049683,1.90444445610046,|,1.90046977996826,2.00013470649719,1.9769127368927,1.77328860759735,0,0,|,1.71374583244324,1.96000003814697,2.05986571311951,2.00026845932007,1.9334899187088,2.01457905769348
17:27:30,|,1.67026841640472,2.30906343460083,2.06986618041992,1.94228196144104,0,0,|,1.87866222858429,2.06610727310181,1.96691274642944,2.00939607620239,1.94771814346313,1.91013419628143,|,1.89303028583527,2.00107741355896,1.9773063659668,1.76303029060364,0,0,|,1.75682270526886,1.98013424873352,2.06280922889709,2.01744961738586,1.96302020549774,2.04151511192322
17:32:30,|,1.72277593612671,2.32650995254517,2.0717625617981,1.96100676059723,0,0,|,1.87866222858429,2.06275153160095,1.96838927268982,1.99926424026489,1.947181224823,1.90228188037872,|,1.89617443084717,2.00778532028198,1.98416113853455,1.77851843833923,0,0,|,1.73903012275696,1.98521745204926,2.06590604782104,2.00657725334167,1.95456373691559,2.04516768455505
17:37:30,|,1.69697988033295,2.31187295913696,2.06852340698242,1.95855712890625,0,0,|,1.87478256225586,2.06140923500061,1.96973156929016,2.00308728218079,1.94932889938354,1.90922558307648,|,1.8916107416153,2.00727272033691,1.98067116737366,1.78201341629028,0,0,|,1.73207354545593,1.98912751674652,2.07825493812561,2.02622079849243,1.96692311763763,2.05659937858582
17:42:30,|,1.73107028007507,2.35267567634583,2.08806014060974,1.9933557510376,0,0,|,1.89819395542145,2.07228183746338,1.97322154045105,2.04996657371521,1.95416116714478,1.96238255500793,|,1.94449663162231,2.02841758728027,1.99885523319244,1.80478119850159,0,0,|,1.74986624717712,2.02402687072754,2.1124415397644,2.06657719612122,1.97697985172272,2.07868671417236
17:47:30,|,1.81872487068176,2.39963221549988,2.13729739189148,2.0234899520874,0,0,|,1.91237461566925,2.09684562683105,1.99595320224762,2.03892612457275,1.96221482753754,1.96802020072937,|,1.96723914146423,2.06147646903992,2.03530192375183,1.83865773677826,0,0,|,1.82050168514252,2.05745816230774,2.1389262676239,2.08151006698608,2.00194621086121,2.09175086021423
17:52:30,|,1.83351171016693,2.40591979026794,2.14393949508667,2.03114080429077,0,0,|,1.96000003814697,2.13335561752319,2.03389263153076,2.06013369560242,1.9878523349762,1.98416113853455,|,2.02919459342957,2.09878778457642,2.06215476989746,1.86000001430511,0,0,|,1.83986675739288,2.06402683258057,2.14481616020203,2.0968120098114,2.03818798065186,2.10530209541321
17:57:30,|,1.89100670814514,2.4530873298645,2.15268468856812,2.05536913871765,0,0,|,1.9822074174881,2.14986538887024,2.04973149299622,2.0769898891449,2.02488207817078,2.00622892379761,|,2.03845643997192,2.1100001335144,2.06550335884094,1.85986578464508,0,0,|,1.9003678560257,2.10735774040222,2.1671142578125,2.13842821121216,2.04986572265625,2.14656567573547
