CDT_time,bar_fence,RH_0_2m_init,RH_1_5m_init,RH_4_5m_init,RH_10m_init,bar_fence_1,RH_0_2m_rel,RH_1_5m_rel,RH_4_5m_rel,RH_8_5m_rel,RH_15m_rel,RH_20m_rel,bar_fence_2,RH_0_2m_uconv,RH_1_5m_uconv,RH_4_5m_uconv,RH_10m_uconv,bar_fence_3,RH_0_2m_lconv,RH_1_5m_lconv,RH_4_5m_lconv,RH_8_5m_lconv,RH_15m_lconv,RH_20m_lconv,bar_fence_4,P_1_5m_rel,P_20m_rel,P_1_5m_lconv,P_20m_lconv
19:02:30,|,93.6945953369141,73.833251953125,71.5326766967773,NaN,|,73.4635620117188,NaN,0,0,NaN,NaN,|,NaN,0,NaN,NaN,|,NaN,0,NaN,NaN,0,0,|,NaN,NaN,0,NaN
19:07:30,|,93.5776519775391,76.3910369873047,76.8507385253906,NaN,|,76.0071792602539,NaN,0,0,NaN,NaN,|,NaN,0,NaN,NaN,|,NaN,0,NaN,NaN,0,0,|,NaN,NaN,0,NaN
19:12:30,|,94.3210067749023,78.1413726806641,77.7972106933594,NaN,|,77.3913116455078,NaN,0,0,NaN,NaN,|,NaN,0,NaN,NaN,|,NaN,0,NaN,NaN,0,0,|,NaN,NaN,0,NaN
19:17:30,|,94.9779434204102,80.8542251586914,78.3352813720703,NaN,|,79.3876876831055,NaN,0,0,NaN,NaN,|,NaN,0,NaN,NaN,|,NaN,0,NaN,NaN,0,0,|,NaN,NaN,0,NaN
19:22:30,|,95.8335571289063,81.4124069213867,81.1286926269531,NaN,|,81.2982559204102,NaN,0,0,NaN,NaN,|,NaN,0,NaN,NaN,|,NaN,0,NaN,NaN,0,0,|,NaN,NaN,0,NaN
19:27:30,|,95.7204360961914,84.0029449462891,82.5041122436523,NaN,|,82.9268798828125,NaN,0,0,NaN,NaN,|,NaN,0,NaN,NaN,|,NaN,0,NaN,NaN,0,0,|,NaN,NaN,0,NaN
19:32:30,|,95.8395309448242,84.6351852416992,83.7831802368164,NaN,|,83.9057693481445,NaN,0,0,NaN,NaN,|,NaN,0,NaN,NaN,|,NaN,0,NaN,NaN,0,0,|,NaN,NaN,0,NaN
19:37:30,|,96.0768814086914,85.9524383544922,85.974365234375,NaN,|,85.3587265014648,NaN,0,0,NaN,NaN,|,NaN,0,NaN,NaN,|,NaN,0,NaN,NaN,0,0,|,NaN,NaN,0,NaN
19:42:30,|,96.3655014038086,86.6942596435547,85.6051864624023,NaN,|,85.9911422729492,NaN,0,0,NaN,NaN,|,NaN,0,NaN,NaN,|,NaN,0,NaN,NaN,0,0,|,NaN,NaN,0,NaN
19:47:30,|,96.5919799804688,86.8745803833008,86.486442565918,NaN,|,87.1624145507813,NaN,0,0,NaN,NaN,|,NaN,0,NaN,NaN,|,NaN,0,NaN,NaN,0,0,|,NaN,NaN,0,NaN
19:52:30,|,97.1780548095703,87.3730087280273,87.5225067138672,NaN,|,87.2291641235352,NaN,0,0,NaN,NaN,|,NaN,0,NaN,NaN,|,NaN,0,NaN,NaN,0,0,|,NaN,NaN,0,NaN
19:57:30,|,96.8895645141602,88.2785263061523,87.2577819824219,NaN,|,88.5859069824219,NaN,0,0,NaN,NaN,|,NaN,0,NaN,NaN,|,NaN,0,NaN,NaN,0,0,|,NaN,NaN,0,NaN
20:02:30,|,97.4916763305664,88.8646850585938,88.3129425048828,NaN,|,89.7645950317383,NaN,0,0,NaN,NaN,|,NaN,0,NaN,NaN,|,NaN,0,NaN,NaN,0,0,|,NaN,NaN,0,NaN
20:07:30,|,97.5334243774414,88.9905395507813,88.9000625610352,NaN,|,89.6952667236328,NaN,0,0,NaN,NaN,|,NaN,0,NaN,NaN,|,NaN,0,NaN,NaN,0,0,|,NaN,NaN,0,NaN
20:12:30,|,97.447380065918,89.1909332275391,89.3683547973633,NaN,|,90.8833084106445,NaN,0,0,NaN,NaN,|,NaN,0,NaN,NaN,|,NaN,0,NaN,NaN,0,0,|,NaN,NaN,0,NaN
20:17:30,|,97.5399627685547,89.3721084594727,89.7993698120117,NaN,|,90.8667831420898,NaN,0,0,NaN,NaN,|,NaN,0,NaN,NaN,|,NaN,0,NaN,NaN,0,0,|,NaN,NaN,0,NaN
20:22:30,|,97.5157012939453,90.1460571289063,89.9428558349609,NaN,|,91.2335586547852,NaN,0,0,NaN,NaN,|,NaN,0,NaN,NaN,|,NaN,0,NaN,NaN,0,0,|,NaN,NaN,0,NaN
20:27:30,|,97.1275405883789,89.8307342529297,90.7142791748047,NaN,|,92.3876495361328,NaN,0,0,NaN,NaN,|,NaN,0,NaN,NaN,|,NaN,0,NaN,NaN,0,0,|,NaN,NaN,0,NaN
20:32:30,|,97.3647613525391,90.4150466918945,90.5401306152344,NaN,|,92.1169128417969,NaN,0,0,NaN,NaN,|,NaN,0,NaN,NaN,|,NaN,0,NaN,NaN,0,0,|,NaN,NaN,0,NaN
20:37:30,|,97.4581909179688,90.3325500488281,90.8842620849609,NaN,|,92.4531173706055,NaN,0,0,NaN,NaN,|,NaN,0,NaN,NaN,|,NaN,0,NaN,NaN,0,0,|,NaN,NaN,0,NaN
20:42:30,|,97.4760437011719,90.7849502563477,90.9883270263672,NaN,|,92.2685241699219,NaN,0,0,NaN,NaN,|,NaN,0,NaN,NaN,|,NaN,0,NaN,NaN,0,0,|,NaN,NaN,0,NaN
20:47:30,|,97.5301361083984,90.9921722412109,91.6559524536133,NaN,|,92.7256546020508,NaN,0,0,NaN,NaN,|,NaN,0,NaN,NaN,|,NaN,0,NaN,NaN,0,0,|,NaN,NaN,0,NaN
20:52:30,|,97.9746322631836,91.6031112670898,91.9228210449219,NaN,|,92.7393264770508,NaN,0,0,NaN,NaN,|,NaN,0,NaN,NaN,|,NaN,0,NaN,NaN,0,0,|,NaN,NaN,0,NaN
20:57:30,|,98.3095626831055,91.9925765991211,92.314582824707,NaN,|,93.1451644897461,NaN,0,0,NaN,NaN,|,NaN,0,NaN,NaN,|,NaN,0,NaN,NaN,0,0,|,NaN,NaN,0,NaN
21:02:30,|,97.776741027832,92.2878952026367,93.3815078735352,NaN,|,93.5735931396484,NaN,0,0,NaN,NaN,|,NaN,0,NaN,NaN,|,NaN,0,NaN,NaN,0,0,|,NaN,NaN,0,NaN
21:07:30,|,98.0142288208008,93.0656051635742,93.3713073730469,NaN,|,93.6864395141602,NaN,0,0,NaN,NaN,|,NaN,0,NaN,NaN,|,NaN,0,NaN,NaN,0,0,|,NaN,NaN,0,NaN
21:12:30,|,98.3639602661133,93.1118392944336,94.0524139404297,NaN,|,93.9483261108398,NaN,0,0,NaN,NaN,|,NaN,0,NaN,NaN,|,NaN,0,NaN,NaN,0,0,|,NaN,NaN,0,NaN
21:17:30,|,98.3188247680664,92.8688278198242,94.1423416137695,NaN,|,94.5901947021484,NaN,0,0,NaN,NaN,|,NaN,0,NaN,NaN,|,NaN,0,NaN,NaN,0,0,|,NaN,NaN,0,NaN
21:22:30,|,98.3177490234375,93.0738143920898,93.7653198242188,NaN,|,95.260871887207,NaN,0,0,NaN,NaN,|,NaN,0,NaN,NaN,|,NaN,0,NaN,NaN,0,0,|,NaN,NaN,0,NaN
21:27:30,|,98.2899017333984,92.7236480712891,93.5109024047852,NaN,|,95.2118759155273,NaN,0,0,NaN,NaN,|,NaN,0,NaN,NaN,|,NaN,0,NaN,NaN,0,0,|,NaN,NaN,0,NaN
21:32:30,|,98.4897613525391,93.1876220703125,94.0979614257813,NaN,|,95.4698333740234,NaN,0,0,NaN,NaN,|,NaN,0,NaN,NaN,|,NaN,0,NaN,NaN,0,0,|,NaN,NaN,0,NaN
21:37:30,|,98.483772277832,93.9138107299805,94.6724090576172,NaN,|,95.5200653076172,NaN,0,0,NaN,NaN,|,NaN,0,NaN,NaN,|,NaN,0,NaN,NaN,0,0,|,NaN,NaN,0,NaN
21:42:30,|,98.6277847290039,93.3561859130859,94.7279586791992,NaN,|,95.5201644897461,NaN,0,0,NaN,NaN,|,NaN,0,NaN,NaN,|,NaN,0,NaN,NaN,0,0,|,NaN,NaN,0,NaN
21:47:30,|,98.3686218261719,93.5123443603516,94.2926177978516,NaN,|,95.6760177612305,NaN,0,0,NaN,NaN,|,NaN,0,NaN,NaN,|,NaN,0,NaN,NaN,0,0,|,NaN,NaN,0,NaN
21:52:30,|,98.7632904052734,93.9147796630859,94.2892684936523,NaN,|,96.0475540161133,NaN,0,0,NaN,NaN,|,NaN,0,NaN,NaN,|,NaN,0,NaN,NaN,0,0,|,NaN,NaN,0,NaN
21:57:30,|,98.8031539916992,93.7070236206055,93.3025741577148,NaN,|,95.5279159545898,NaN,0,0,NaN,NaN,|,NaN,0,NaN,NaN,|,NaN,0,NaN,NaN,0,0,|,NaN,NaN,0,NaN
22:02:30,|,99.1195983886719,93.4338150024414,94.1620025634766,NaN,|,96.2542953491211,NaN,0,0,NaN,NaN,|,NaN,0,NaN,NaN,|,NaN,0,NaN,NaN,0,0,|,NaN,NaN,0,NaN
22:07:30,|,98.929801940918,93.1038436889648,93.3192977905273,NaN,|,95.6934585571289,NaN,0,0,NaN,NaN,|,NaN,0,NaN,NaN,|,NaN,0,NaN,NaN,0,0,|,NaN,NaN,0,NaN
22:12:30,|,98.6699981689453,93.8754196166992,94.0060501098633,NaN,|,96.3791656494141,NaN,0,0,NaN,NaN,|,NaN,0,NaN,NaN,|,NaN,0,NaN,NaN,0,0,|,NaN,NaN,0,NaN
22:17:30,|,99.0054397583008,93.6450805664063,93.7262878417969,NaN,|,95.9509353637695,NaN,0,0,NaN,NaN,|,NaN,0,NaN,NaN,|,NaN,0,NaN,NaN,0,0,|,NaN,NaN,0,NaN
22:22:30,|,98.9714736938477,93.9174575805664,93.8988265991211,NaN,|,96.0394287109375,NaN,0,0,NaN,NaN,|,NaN,0,NaN,NaN,|,NaN,0,NaN,NaN,0,0,|,NaN,NaN,0,NaN
22:27:30,|,99.1947479248047,93.9641952514648,94.289436340332,NaN,|,96.387077331543,NaN,0,0,NaN,NaN,|,NaN,0,NaN,NaN,|,NaN,0,NaN,NaN,0,0,|,NaN,NaN,0,NaN
22:32:30,|,99.1817092895508,94.0169219970703,95.0164566040039,NaN,|,96.1759490966797,NaN,0,0,NaN,NaN,|,NaN,0,NaN,NaN,|,NaN,0,NaN,NaN,0,0,|,NaN,NaN,0,NaN
22:37:30,|,99.1792984008789,94.5576248168945,95.0675506591797,NaN,|,96.3512420654297,NaN,0,0,NaN,NaN,|,NaN,0,NaN,NaN,|,NaN,0,NaN,NaN,0,0,|,NaN,NaN,0,NaN
22:42:30,|,99.195068359375,94.2965240478516,94.9125442504883,NaN,|,96.3502349853516,NaN,0,0,NaN,NaN,|,NaN,0,NaN,NaN,|,NaN,0,NaN,NaN,0,0,|,NaN,NaN,0,NaN
22:47:30,|,99.1592636108398,94.6508331298828,93.3419418334961,NaN,|,96.3393630981445,NaN,0,0,NaN,NaN,|,NaN,0,NaN,NaN,|,NaN,0,NaN,NaN,0,0,|,NaN,NaN,0,NaN
22:52:30,|,99.1561431884766,94.5943450927734,94.5297622680664,NaN,|,96.6019821166992,NaN,0,0,NaN,NaN,|,NaN,0,NaN,NaN,|,NaN,0,NaN,NaN,0,0,|,NaN,NaN,0,NaN
22:57:30,|,99.1483154296875,94.6485977172852,95.2067184448242,NaN,|,96.924934387207,NaN,0,0,NaN,NaN,|,NaN,0,NaN,NaN,|,NaN,0,NaN,NaN,0,0,|,NaN,NaN,0,NaN
23:02:30,|,99.1540908813477,94.9429168701172,95.1282577514648,NaN,|,97.0580520629883,NaN,0,0,NaN,NaN,|,NaN,0,NaN,NaN,|,NaN,0,NaN,NaN,0,0,|,NaN,NaN,0,NaN
23:07:30,|,99.1065444946289,94.9614028930664,94.7212677001953,NaN,|,96.8443450927734,NaN,0,0,NaN,NaN,|,NaN,0,NaN,NaN,|,NaN,0,NaN,NaN,0,0,|,NaN,NaN,0,NaN
23:12:30,|,99.1438217163086,95.2604370117188,94.6604309082031,NaN,|,97.2307434082031,NaN,0,0,NaN,NaN,|,NaN,0,NaN,NaN,|,NaN,0,NaN,NaN,0,0,|,NaN,NaN,0,NaN
23:17:30,|,99.1376876831055,95.4151458740234,93.217414855957,NaN,|,97.0739974975586,NaN,0,0,NaN,NaN,|,NaN,0,NaN,NaN,|,NaN,0,NaN,NaN,0,0,|,NaN,NaN,0,NaN
23:22:30,|,99.1145629882813,95.4603042602539,95.0231094360352,NaN,|,97.1590957641602,NaN,0,0,NaN,NaN,|,NaN,0,NaN,NaN,|,NaN,0,NaN,NaN,0,0,|,NaN,NaN,0,NaN
23:27:30,|,99.0655059814453,95.4444808959961,95.4735412597656,NaN,|,97.198356628418,NaN,0,0,NaN,NaN,|,NaN,0,NaN,NaN,|,NaN,0,NaN,NaN,0,0,|,NaN,NaN,0,NaN
23:32:30,|,99.3634338378906,95.5648803710938,96.1445846557617,NaN,|,97.1835250854492,NaN,0,0,NaN,NaN,|,NaN,0,NaN,NaN,|,NaN,0,NaN,NaN,0,0,|,NaN,NaN,0,NaN
23:37:30,|,99.1018447875977,95.7558898925781,96.2678909301758,NaN,|,97.1728439331055,NaN,0,0,NaN,NaN,|,NaN,0,NaN,NaN,|,NaN,0,NaN,NaN,0,0,|,NaN,NaN,0,NaN
23:42:30,|,99.077751159668,95.7861862182617,96.8681564331055,NaN,|,97.1928253173828,NaN,0,0,NaN,NaN,|,NaN,0,NaN,NaN,|,NaN,0,NaN,NaN,0,0,|,NaN,NaN,0,NaN
23:47:30,|,99.1704711914063,95.546760559082,97.0757827758789,NaN,|,97.2840957641602,NaN,0,0,NaN,NaN,|,NaN,0,NaN,NaN,|,NaN,0,NaN,NaN,0,0,|,NaN,NaN,0,NaN
23:52:30,|,99.4109039306641,95.7740936279297,95.7106323242188,NaN,|,97.6174163818359,NaN,0,0,NaN,NaN,|,NaN,0,NaN,NaN,|,NaN,0,NaN,NaN,0,0,|,NaN,NaN,0,NaN
23:57:30,|,99.0532531738281,95.7966537475586,91.0055389404297,NaN,|,97.4009094238281,NaN,0,0,NaN,NaN,|,NaN,0,NaN,NaN,|,NaN,0,NaN,NaN,0,0,|,NaN,NaN,0,NaN
00:02:30,|,99.1893310546875,95.5297012329102,82.722541809082,NaN,|,97.7861785888672,NaN,0,0,NaN,NaN,|,NaN,0,NaN,NaN,|,NaN,0,NaN,NaN,0,0,|,NaN,NaN,0,NaN
00:07:30,|,99.3310394287109,95.4324722290039,82.3735427856445,NaN,|,97.2383880615234,NaN,0,0,NaN,NaN,|,NaN,0,NaN,NaN,|,NaN,0,NaN,NaN,0,0,|,NaN,NaN,0,NaN
00:12:30,|,99.3415069580078,95.4942169189453,83.0161743164063,NaN,|,97.4215698242188,NaN,0,0,NaN,NaN,|,NaN,0,NaN,NaN,|,NaN,0,NaN,NaN,0,0,|,NaN,NaN,0,NaN
00:17:30,|,99.3563995361328,95.5609741210938,85.6607666015625,NaN,|,97.2814102172852,NaN,0,0,NaN,NaN,|,NaN,0,NaN,NaN,|,NaN,0,NaN,NaN,0,0,|,NaN,NaN,0,NaN
00:22:30,|,99.4493637084961,95.9616088867188,88.7895965576172,NaN,|,97.1398620605469,NaN,0,0,NaN,NaN,|,NaN,0,NaN,NaN,|,NaN,0,NaN,NaN,0,0,|,NaN,NaN,0,NaN
00:27:30,|,99.9551696777344,96.0173187255859,82.6758041381836,NaN,|,97.2585906982422,NaN,0,0,NaN,NaN,|,NaN,0,NaN,NaN,|,NaN,0,NaN,NaN,0,0,|,NaN,NaN,0,NaN
00:32:30,|,99.3681869506836,95.4752502441406,75.293212890625,NaN,|,97.2571792602539,NaN,0,0,NaN,NaN,|,NaN,0,NaN,NaN,|,NaN,0,NaN,NaN,0,0,|,NaN,NaN,0,NaN
00:37:30,|,99.2111053466797,95.3282928466797,74.9755859375,NaN,|,97.8143615722656,NaN,0,0,NaN,NaN,|,NaN,0,NaN,NaN,|,NaN,0,NaN,NaN,0,0,|,NaN,NaN,0,NaN
00:42:30,|,99.1224517822266,94.6281280517578,75.3431854248047,NaN,|,97.9338836669922,NaN,0,0,NaN,NaN,|,NaN,0,NaN,NaN,|,NaN,0,NaN,NaN,0,0,|,NaN,NaN,0,NaN
00:47:30,|,99.1549301147461,95.1313018798828,76.7830123901367,NaN,|,97.9005355834961,NaN,0,0,NaN,NaN,|,NaN,0,NaN,NaN,|,NaN,0,NaN,NaN,0,0,|,NaN,NaN,0,NaN
00:52:30,|,99.0636901855469,95.4422073364258,79.0507354736328,NaN,|,97.6352310180664,NaN,0,0,NaN,NaN,|,NaN,0,NaN,NaN,|,NaN,0,NaN,NaN,0,0,|,NaN,NaN,0,NaN
00:57:30,|,99.0163116455078,95.4230804443359,79.2492599487305,NaN,|,97.7238235473633,NaN,0,0,NaN,NaN,|,NaN,0,NaN,NaN,|,NaN,0,NaN,NaN,0,0,|,NaN,NaN,0,NaN
01:02:30,|,99.3921203613281,95.6046524047852,82.6427764892578,NaN,|,97.9302368164063,NaN,0,0,NaN,NaN,|,NaN,0,NaN,NaN,|,NaN,0,NaN,NaN,0,0,|,NaN,NaN,0,NaN
01:07:30,|,99.6284942626953,96.1404342651367,87.0226745605469,NaN,|,97.9693603515625,NaN,0,0,NaN,NaN,|,NaN,0,NaN,NaN,|,NaN,0,NaN,NaN,0,0,|,NaN,NaN,0,NaN
01:12:30,|,100.003456115723,96.287223815918,93.4005355834961,NaN,|,98.0659027099609,NaN,0,0,NaN,NaN,|,NaN,0,NaN,NaN,|,NaN,0,NaN,NaN,0,0,|,NaN,NaN,0,NaN
01:17:30,|,99.73583984375,96.256591796875,95.5218811035156,NaN,|,98.0642318725586,NaN,0,0,NaN,NaN,|,NaN,0,NaN,NaN,|,NaN,0,NaN,NaN,0,0,|,NaN,NaN,0,NaN
01:22:30,|,99.6556015014648,96.4894943237305,96.8394622802734,NaN,|,98.0388946533203,NaN,0,0,NaN,NaN,|,NaN,0,NaN,NaN,|,NaN,0,NaN,NaN,0,0,|,NaN,NaN,0,NaN
01:27:30,|,99.6693954467773,96.7553482055664,97.1611022949219,NaN,|,98.2525177001953,NaN,0,0,NaN,NaN,|,NaN,0,NaN,NaN,|,NaN,0,NaN,NaN,0,0,|,NaN,NaN,0,NaN
01:32:30,|,99.91845703125,96.2511367797852,96.6563568115234,NaN,|,98.0660018920898,NaN,0,0,NaN,NaN,|,NaN,0,NaN,NaN,|,NaN,0,NaN,NaN,0,0,|,NaN,NaN,0,NaN
01:37:30,|,99.9450302124023,96.3374252319336,96.3138961791992,NaN,|,98.3785247802734,NaN,0,0,NaN,NaN,|,NaN,0,NaN,NaN,|,NaN,0,NaN,NaN,0,0,|,NaN,NaN,0,NaN
01:42:30,|,99.9359359741211,96.2029800415039,96.5524063110352,NaN,|,98.2511367797852,NaN,0,0,NaN,NaN,|,NaN,0,NaN,NaN,|,NaN,0,NaN,NaN,0,0,|,NaN,NaN,0,NaN
01:47:30,|,99.9384231567383,96.2003707885742,96.2556228637695,NaN,|,98.1228179931641,NaN,0,0,NaN,NaN,|,NaN,0,NaN,NaN,|,NaN,0,NaN,NaN,0,0,|,NaN,NaN,0,NaN
01:52:30,|,99.9340286254883,96.1907653808594,96.2905349731445,NaN,|,98.4397659301758,NaN,0,0,NaN,NaN,|,NaN,0,NaN,NaN,|,NaN,0,NaN,NaN,0,0,|,NaN,NaN,0,NaN
01:57:30,|,99.9169158935547,96.2748184204102,96.849494934082,NaN,|,98.6753997802734,NaN,0,0,NaN,NaN,|,NaN,0,NaN,NaN,|,NaN,0,NaN,NaN,0,0,|,NaN,NaN,0,NaN
02:02:30,|,99.9087295532227,96.1677932739258,96.317756652832,NaN,|,98.3577194213867,NaN,0,0,NaN,NaN,|,NaN,0,NaN,NaN,|,NaN,0,NaN,NaN,0,0,|,NaN,NaN,0,NaN
02:07:30,|,99.9091949462891,96.1757888793945,96.4765853881836,NaN,|,98.2480621337891,NaN,0,0,NaN,NaN,|,NaN,0,NaN,NaN,|,NaN,0,NaN,NaN,0,0,|,NaN,NaN,0,NaN
02:12:30,|,99.9296264648438,96.1717071533203,96.565315246582,NaN,|,98.5075531005859,NaN,0,0,NaN,NaN,|,NaN,0,NaN,NaN,|,NaN,0,NaN,NaN,0,0,|,NaN,NaN,0,NaN
02:17:30,|,99.9077529907227,96.5756149291992,95.6569213867188,NaN,|,98.8753051757813,NaN,0,0,NaN,NaN,|,NaN,0,NaN,NaN,|,NaN,0,NaN,NaN,0,0,|,NaN,NaN,0,NaN
02:22:30,|,99.9817810058594,96.6332092285156,96.0473480224609,NaN,|,98.8831558227539,NaN,0,0,NaN,NaN,|,NaN,0,NaN,NaN,|,NaN,0,NaN,NaN,0,0,|,NaN,NaN,0,NaN
02:27:30,|,100.000534057617,96.8946151733398,97.2176895141602,NaN,|,98.6619110107422,NaN,0,0,NaN,NaN,|,NaN,0,NaN,NaN,|,NaN,0,NaN,NaN,0,0,|,NaN,NaN,0,NaN
02:32:30,|,99.970100402832,97.0204315185547,97.6301345825195,NaN,|,98.6913757324219,NaN,0,0,NaN,NaN,|,NaN,0,NaN,NaN,|,NaN,0,NaN,NaN,0,0,|,NaN,NaN,0,NaN
02:37:30,|,99.8710708618164,97.0222091674805,96.511344909668,NaN,|,98.636474609375,NaN,0,0,NaN,NaN,|,NaN,0,NaN,NaN,|,NaN,0,NaN,NaN,0,0,|,NaN,NaN,0,NaN
02:42:30,|,99.8279495239258,97.0313415527344,94.7368240356445,NaN,|,98.9235916137695,NaN,0,0,NaN,NaN,|,NaN,0,NaN,NaN,|,NaN,0,NaN,NaN,0,0,|,NaN,NaN,0,NaN
02:47:30,|,99.9019470214844,97.0117034912109,95.2716674804688,NaN,|,98.825439453125,NaN,0,0,NaN,NaN,|,NaN,0,NaN,NaN,|,NaN,0,NaN,NaN,0,0,|,NaN,NaN,0,NaN
02:52:30,|,99.9352722167969,96.9917755126953,97.0222396850586,NaN,|,98.8569869995117,NaN,0,0,NaN,NaN,|,NaN,0,NaN,NaN,|,NaN,0,NaN,NaN,0,0,|,NaN,NaN,0,NaN
02:57:30,|,99.9092636108398,97.1691284179688,97.9554061889648,NaN,|,98.8421096801758,NaN,0,0,NaN,NaN,|,NaN,0,NaN,NaN,|,NaN,0,NaN,NaN,0,0,|,NaN,NaN,0,NaN
03:02:30,|,99.8605728149414,97.5120697021484,97.9837799072266,NaN,|,99.0518798828125,NaN,0,0,NaN,NaN,|,NaN,0,NaN,NaN,|,NaN,0,NaN,NaN,0,0,|,NaN,NaN,0,NaN
03:07:30,|,100.242286682129,97.4768218994141,98.5470275878906,NaN,|,99.3044281005859,NaN,0,0,NaN,NaN,|,NaN,0,NaN,NaN,|,NaN,0,NaN,NaN,0,0,|,NaN,NaN,0,NaN
03:12:30,|,100.026260375977,97.2315063476563,98.9111404418945,NaN,|,99.0724868774414,NaN,0,0,NaN,NaN,|,NaN,0,NaN,NaN,|,NaN,0,NaN,NaN,0,0,|,NaN,NaN,0,NaN
03:17:30,|,99.8667144775391,97.1616363525391,98.8141250610352,NaN,|,99.2985916137695,NaN,0,0,NaN,NaN,|,NaN,0,NaN,NaN,|,NaN,0,NaN,NaN,0,0,|,NaN,NaN,0,NaN
03:22:30,|,99.8603363037109,97.2529754638672,98.3154220581055,NaN,|,99.1842651367188,NaN,0,0,NaN,NaN,|,NaN,0,NaN,NaN,|,NaN,0,NaN,NaN,0,0,|,NaN,NaN,0,NaN
03:27:30,|,99.9999694824219,97.0518035888672,97.9364547729492,NaN,|,98.9785919189453,NaN,0,0,NaN,NaN,|,NaN,0,NaN,NaN,|,NaN,0,NaN,NaN,0,0,|,NaN,NaN,0,NaN
03:32:30,|,100.268821716309,97.4361877441406,97.9962463378906,NaN,|,99.283088684082,NaN,0,0,NaN,NaN,|,NaN,0,NaN,NaN,|,NaN,0,NaN,NaN,0,0,|,NaN,NaN,0,NaN
03:37:30,|,100.02392578125,97.5948181152344,98.6124114990234,NaN,|,99.1309356689453,NaN,0,0,NaN,NaN,|,NaN,0,NaN,NaN,|,NaN,0,NaN,NaN,0,0,|,NaN,NaN,0,NaN
03:42:30,|,100.243896484375,97.7637481689453,98.8796005249023,NaN,|,99.7413101196289,NaN,0,0,NaN,NaN,|,NaN,0,NaN,NaN,|,NaN,0,NaN,NaN,0,0,|,NaN,NaN,0,NaN
03:47:30,|,100.356872558594,97.7362899780273,99.2060775756836,NaN,|,99.4524841308594,NaN,0,0,NaN,NaN,|,NaN,0,NaN,NaN,|,NaN,0,NaN,NaN,0,0,|,NaN,NaN,0,NaN
03:52:30,|,100.137046813965,97.7068862915039,98.5045166015625,NaN,|,99.6728515625,NaN,0,0,NaN,NaN,|,NaN,0,NaN,NaN,|,NaN,0,NaN,NaN,0,0,|,NaN,NaN,0,NaN
03:57:30,|,100.385902404785,97.633544921875,98.7106323242188,NaN,|,99.458251953125,NaN,0,0,NaN,NaN,|,NaN,0,NaN,NaN,|,NaN,0,NaN,NaN,0,0,|,NaN,NaN,0,NaN
04:02:30,|,100.121810913086,97.5166091918945,98.8628463745117,NaN,|,99.6477508544922,NaN,0,0,NaN,NaN,|,NaN,0,NaN,NaN,|,NaN,0,NaN,NaN,0,0,|,NaN,NaN,0,NaN
04:07:30,|,100.269195556641,97.4861221313477,99.1382904052734,NaN,|,99.6905364990234,NaN,0,0,NaN,NaN,|,NaN,0,NaN,NaN,|,NaN,0,NaN,NaN,0,0,|,NaN,NaN,0,NaN
04:12:30,|,100.438453674316,97.263313293457,99.0800018310547,NaN,|,99.4076156616211,NaN,0,0,NaN,NaN,|,NaN,0,NaN,NaN,|,NaN,0,NaN,NaN,0,0,|,NaN,NaN,0,NaN
04:17:30,|,100.287818908691,97.1721420288086,99.4113006591797,NaN,|,99.5144958496094,NaN,0,0,NaN,NaN,|,NaN,0,NaN,NaN,|,NaN,0,NaN,NaN,0,0,|,NaN,NaN,0,NaN
04:22:30,|,100.79369354248,97.5316696166992,98.959228515625,NaN,|,99.2030410766602,NaN,0,0,NaN,NaN,|,NaN,0,NaN,NaN,|,NaN,0,NaN,NaN,0,0,|,NaN,NaN,0,NaN
04:27:30,|,100.813537597656,97.5698013305664,99.4297332763672,NaN,|,99.5980529785156,NaN,0,0,NaN,NaN,|,NaN,0,NaN,NaN,|,NaN,0,NaN,NaN,0,0,|,NaN,NaN,0,NaN
04:32:30,|,100.099998474121,97.7376251220703,99.8036117553711,NaN,|,99.6625137329102,NaN,0,0,NaN,NaN,|,NaN,0,NaN,NaN,|,NaN,0,NaN,NaN,0,0,|,NaN,NaN,0,NaN
04:37:30,|,100.363388061523,97.7379608154297,99.7977981567383,NaN,|,99.6824493408203,NaN,0,0,NaN,NaN,|,NaN,0,NaN,NaN,|,NaN,0,NaN,NaN,0,0,|,NaN,NaN,0,NaN
04:42:30,|,100.755569458008,97.7090301513672,99.82177734375,NaN,|,99.6755676269531,NaN,0,0,NaN,NaN,|,NaN,0,NaN,NaN,|,NaN,0,NaN,NaN,0,0,|,NaN,NaN,0,NaN
04:47:30,|,100.547218322754,97.7129745483398,99.8156204223633,NaN,|,99.6752014160156,NaN,0,0,NaN,NaN,|,NaN,0,NaN,NaN,|,NaN,0,NaN,NaN,0,0,|,NaN,NaN,0,NaN
04:52:30,|,100.592895507813,97.7012023925781,99.0807647705078,NaN,|,99.6528854370117,NaN,0,0,NaN,NaN,|,NaN,0,NaN,NaN,|,NaN,0,NaN,NaN,0,0,|,NaN,NaN,0,NaN
04:57:30,|,100.559463500977,97.6368865966797,99.4077224731445,NaN,|,99.6905059814453,NaN,0,0,NaN,NaN,|,NaN,0,NaN,NaN,|,NaN,0,NaN,NaN,0,0,|,NaN,NaN,0,NaN
05:02:30,|,100.723426818848,97.6984634399414,99.346305847168,NaN,|,99.660400390625,NaN,0,0,NaN,NaN,|,NaN,0,NaN,NaN,|,NaN,0,NaN,NaN,0,0,|,NaN,NaN,0,NaN
05:07:30,|,100.705436706543,97.6997680664063,98.9011383056641,NaN,|,99.6575164794922,NaN,0,0,NaN,NaN,|,NaN,0,NaN,NaN,|,NaN,0,NaN,NaN,0,0,|,NaN,NaN,0,NaN
05:12:30,|,100.783554077148,97.6943130493164,99.4341125488281,NaN,|,99.6763458251953,NaN,0,0,NaN,NaN,|,NaN,0,NaN,NaN,|,NaN,0,NaN,NaN,0,0,|,NaN,NaN,0,NaN
05:17:30,|,100.495185852051,97.693244934082,99.7962875366211,NaN,|,99.6637573242188,NaN,0,0,NaN,NaN,|,NaN,0,NaN,NaN,|,NaN,0,NaN,NaN,0,0,|,NaN,NaN,0,NaN
05:22:30,|,100.518424987793,97.689567565918,99.6726150512695,NaN,|,99.6668090820313,NaN,0,0,NaN,NaN,|,NaN,0,NaN,NaN,|,NaN,0,NaN,NaN,0,0,|,NaN,NaN,0,NaN
05:27:30,|,100.734230041504,97.7387313842773,99.7726364135742,NaN,|,99.6562805175781,NaN,0,0,NaN,NaN,|,NaN,0,NaN,NaN,|,NaN,0,NaN,NaN,0,0,|,NaN,NaN,0,NaN
05:32:30,|,100.734764099121,97.6740112304688,99.7752838134766,NaN,|,99.6597671508789,NaN,0,0,NaN,NaN,|,NaN,0,NaN,NaN,|,NaN,0,NaN,NaN,0,0,|,NaN,NaN,0,NaN
05:37:30,|,100.759696960449,97.6551513671875,99.7647476196289,NaN,|,99.6627197265625,NaN,0,0,NaN,NaN,|,NaN,0,NaN,NaN,|,NaN,0,NaN,NaN,0,0,|,NaN,NaN,0,NaN
05:42:30,|,100.77237701416,97.638298034668,100.231781005859,NaN,|,99.6349639892578,NaN,0,0,NaN,NaN,|,NaN,0,NaN,NaN,|,NaN,0,NaN,NaN,0,0,|,NaN,NaN,0,NaN
05:47:30,|,100.766731262207,98.0149154663086,100.695953369141,NaN,|,99.6307678222656,NaN,0,0,NaN,NaN,|,NaN,0,NaN,NaN,|,NaN,0,NaN,NaN,0,0,|,NaN,NaN,0,NaN
05:52:30,|,100.707954406738,98.050666809082,100.603813171387,NaN,|,99.8442611694336,NaN,0,0,NaN,NaN,|,NaN,0,NaN,NaN,|,NaN,0,NaN,NaN,0,0,|,NaN,NaN,0,NaN
05:57:30,|,100.668960571289,98.0040435791016,100.556350708008,NaN,|,99.7759399414063,NaN,0,0,NaN,NaN,|,NaN,0,NaN,NaN,|,NaN,0,NaN,NaN,0,0,|,NaN,NaN,0,NaN
06:02:30,|,100.655235290527,98.4094314575195,100.684181213379,NaN,|,100.149131774902,NaN,0,0,NaN,NaN,|,NaN,0,NaN,NaN,|,NaN,0,NaN,NaN,0,0,|,NaN,NaN,0,NaN
06:07:30,|,100.62003326416,98.4629135131836,100.722915649414,NaN,|,99.8894271850586,NaN,0,0,NaN,NaN,|,NaN,0,NaN,NaN,|,NaN,0,NaN,NaN,0,0,|,NaN,NaN,0,NaN
06:12:30,|,100.648155212402,98.3562545776367,100.687057495117,NaN,|,99.6740570068359,NaN,0,0,NaN,NaN,|,NaN,0,NaN,NaN,|,NaN,0,NaN,NaN,0,0,|,NaN,NaN,0,NaN
06:17:30,|,100.683166503906,98.3381576538086,100.685417175293,NaN,|,99.7529525756836,NaN,0,0,NaN,NaN,|,NaN,0,NaN,NaN,|,NaN,0,NaN,NaN,0,0,|,NaN,NaN,0,NaN
06:22:30,|,100.701675415039,98.3479919433594,100.686386108398,NaN,|,100.053657531738,NaN,0,0,NaN,NaN,|,NaN,0,NaN,NaN,|,NaN,0,NaN,NaN,0,0,|,NaN,NaN,0,NaN
06:27:30,|,100.640533447266,98.4473571777344,100.680099487305,NaN,|,100.211242675781,NaN,0,0,NaN,NaN,|,NaN,0,NaN,NaN,|,NaN,0,NaN,NaN,0,0,|,NaN,NaN,0,NaN
06:32:30,|,100.660705566406,98.4478225708008,100.68147277832,NaN,|,100.213592529297,NaN,0,0,NaN,NaN,|,NaN,0,NaN,NaN,|,NaN,0,NaN,NaN,0,0,|,NaN,NaN,0,NaN
06:37:30,|,100.650802612305,98.4593963623047,100.680404663086,NaN,|,100.129699707031,NaN,0,0,NaN,NaN,|,NaN,0,NaN,NaN,|,NaN,0,NaN,NaN,0,0,|,NaN,NaN,0,NaN
06:42:30,|,100.666175842285,98.4663543701172,100.668327331543,NaN,|,99.8586273193359,NaN,0,0,NaN,NaN,|,NaN,0,NaN,NaN,|,NaN,0,NaN,NaN,0,0,|,NaN,NaN,0,NaN
06:47:30,|,100.722549438477,98.2797317504883,100.685539245605,NaN,|,100.052551269531,NaN,0,0,NaN,NaN,|,NaN,0,NaN,NaN,|,NaN,0,NaN,NaN,0,0,|,NaN,NaN,0,NaN
06:52:30,|,100.773635864258,97.8221435546875,100.704078674316,NaN,|,99.7470779418945,NaN,0,0,NaN,NaN,|,NaN,0,NaN,NaN,|,NaN,0,NaN,NaN,0,0,|,NaN,NaN,0,NaN
06:57:30,|,100.85009765625,97.6861190795898,100.746620178223,NaN,|,100.12036895752,NaN,0,0,NaN,NaN,|,NaN,0,NaN,NaN,|,NaN,0,NaN,NaN,0,0,|,NaN,NaN,0,NaN
07:02:30,|,100.915267944336,98.0417022705078,100.805419921875,NaN,|,99.7925186157227,NaN,0,0,NaN,NaN,|,NaN,0,NaN,NaN,|,NaN,0,NaN,NaN,0,0,|,NaN,NaN,0,NaN
07:07:30,|,101.002044677734,98.0723724365234,100.856239318848,NaN,|,99.920036315918,NaN,0,0,NaN,NaN,|,NaN,0,NaN,NaN,|,NaN,0,NaN,NaN,0,0,|,NaN,NaN,0,NaN
07:12:30,|,101.133796691895,98.4001998901367,100.113716125488,NaN,|,99.9763107299805,NaN,0,0,NaN,NaN,|,NaN,0,NaN,NaN,|,NaN,0,NaN,NaN,0,0,|,NaN,NaN,0,NaN
07:17:30,|,101.252151489258,98.0634078979492,100.074447631836,NaN,|,98.9001693725586,NaN,0,0,NaN,NaN,|,NaN,0,NaN,NaN,|,NaN,0,NaN,NaN,0,0,|,NaN,NaN,0,NaN
07:22:30,|,101.118957519531,97.3003311157227,99.119499206543,NaN,|,97.6842651367188,NaN,0,0,NaN,NaN,|,NaN,0,NaN,NaN,|,NaN,0,NaN,NaN,0,0,|,NaN,NaN,0,NaN
07:27:30,|,100.589164733887,95.9477233886719,97.9982299804688,NaN,|,96.2739944458008,NaN,0,0,NaN,NaN,|,NaN,0,NaN,NaN,|,NaN,0,NaN,NaN,0,0,|,NaN,NaN,0,NaN
07:32:30,|,100.531646728516,95.1391983032227,96.441535949707,NaN,|,95.6702651977539,NaN,0,0,NaN,NaN,|,NaN,0,NaN,NaN,|,NaN,0,NaN,NaN,0,0,|,NaN,NaN,0,NaN
07:37:30,|,99.5527191162109,93.1669540405273,95.2380218505859,NaN,|,94.277587890625,NaN,0,0,NaN,NaN,|,NaN,0,NaN,NaN,|,NaN,0,NaN,NaN,0,0,|,NaN,NaN,0,NaN
07:42:30,|,98.7287902832031,91.2620697021484,92.9101638793945,NaN,|,93.8433227539063,NaN,0,0,NaN,NaN,|,NaN,0,NaN,NaN,|,NaN,0,NaN,NaN,0,0,|,NaN,NaN,0,NaN
07:47:30,|,97.7003707885742,90.9419097900391,91.7627105712891,NaN,|,92.2673797607422,NaN,0,0,NaN,NaN,|,NaN,0,NaN,NaN,|,NaN,0,NaN,NaN,0,0,|,NaN,NaN,0,NaN
07:52:30,|,95.9395599365234,89.0504684448242,90.1208419799805,NaN,|,90.7776870727539,NaN,0,0,NaN,NaN,|,NaN,0,NaN,NaN,|,NaN,0,NaN,NaN,0,0,|,NaN,NaN,0,NaN
07:57:30,|,94.4170837402344,87.2727127075195,88.2726058959961,NaN,|,89.9048156738281,NaN,0,0,NaN,NaN,|,NaN,0,NaN,NaN,|,NaN,0,NaN,NaN,0,0,|,NaN,NaN,0,NaN
08:02:30,|,92.7750701904297,85.6212005615234,86.7307739257813,NaN,|,88.1373519897461,NaN,0,0,NaN,NaN,|,NaN,0,NaN,NaN,|,NaN,0,NaN,NaN,0,0,|,NaN,NaN,0,NaN
08:07:30,|,92.3728561401367,85.0058517456055,85.7172546386719,NaN,|,86.7186584472656,NaN,0,0,NaN,NaN,|,NaN,0,NaN,NaN,|,NaN,0,NaN,NaN,0,0,|,NaN,NaN,0,NaN
08:12:30,|,90.4526214599609,83.4772567749023,83.6054840087891,NaN,|,84.9224166870117,NaN,0,0,NaN,NaN,|,NaN,0,NaN,NaN,|,NaN,0,NaN,NaN,0,0,|,NaN,NaN,0,NaN
08:17:30,|,89.1313400268555,81.5604400634766,82.1537933349609,NaN,|,84.4105682373047,NaN,0,0,NaN,NaN,|,NaN,0,NaN,NaN,|,NaN,0,NaN,NaN,0,0,|,NaN,NaN,0,NaN
08:22:30,|,87.8162078857422,80.9595336914063,80.9828414916992,NaN,|,83.8097305297852,NaN,0,0,NaN,NaN,|,NaN,0,NaN,NaN,|,NaN,0,NaN,NaN,0,0,|,NaN,NaN,0,NaN
08:27:30,|,86.6083526611328,78.8334121704102,79.4115753173828,NaN,|,82.4070434570313,NaN,0,0,NaN,NaN,|,NaN,0,NaN,NaN,|,NaN,0,NaN,NaN,0,0,|,NaN,NaN,0,NaN
08:32:30,|,86.5015411376953,79.3452529907227,79.9580917358398,NaN,|,83.2478485107422,NaN,0,0,NaN,NaN,|,NaN,0,NaN,NaN,|,NaN,0,NaN,NaN,0,0,|,NaN,NaN,0,NaN
08:37:30,|,85.8166809082031,79.7242584228516,79.9258499145508,NaN,|,82.0322113037109,NaN,0,0,NaN,NaN,|,NaN,0,NaN,NaN,|,NaN,0,NaN,NaN,0,0,|,NaN,NaN,0,NaN
08:42:30,|,83.8313446044922,77.2833099365234,77.6678161621094,NaN,|,79.0998687744141,NaN,0,0,NaN,NaN,|,NaN,0,NaN,NaN,|,NaN,0,NaN,NaN,0,0,|,NaN,NaN,0,NaN
08:47:30,|,82.5261306762695,74.9698028564453,75.6785583496094,NaN,|,77.3032913208008,NaN,0,0,NaN,NaN,|,NaN,0,NaN,NaN,|,NaN,0,NaN,NaN,0,0,|,NaN,NaN,0,NaN
08:52:30,|,80.8791580200195,73.6705322265625,74.1723403930664,NaN,|,77.1490325927734,NaN,0,0,NaN,NaN,|,NaN,0,NaN,NaN,|,NaN,0,NaN,NaN,0,0,|,NaN,NaN,0,NaN
08:57:30,|,80.3654327392578,73.2785263061523,73.4634857177734,NaN,|,76.2392272949219,NaN,0,0,NaN,NaN,|,NaN,0,NaN,NaN,|,NaN,0,NaN,NaN,0,0,|,NaN,NaN,0,NaN
09:02:30,|,78.5288925170898,72.3560104370117,72.9790649414063,NaN,|,74.5815124511719,NaN,0,0,NaN,NaN,|,NaN,0,NaN,NaN,|,NaN,0,NaN,NaN,0,0,|,NaN,NaN,0,NaN
09:07:30,|,78.2643966674805,71.4529113769531,71.8417816162109,NaN,|,74.3104705810547,NaN,0,0,NaN,NaN,|,NaN,0,NaN,NaN,|,NaN,0,NaN,NaN,0,0,|,NaN,NaN,0,NaN
09:12:30,|,76.9172515869141,70.7994995117188,70.6393280029297,NaN,|,72.497314453125,NaN,0,0,NaN,NaN,|,NaN,0,NaN,NaN,|,NaN,0,NaN,NaN,0,0,|,NaN,NaN,0,NaN
09:17:30,|,75.7445297241211,69.7162246704102,70.0499649047852,NaN,|,71.6808700561523,NaN,0,0,NaN,NaN,|,NaN,0,NaN,NaN,|,NaN,0,NaN,NaN,0,0,|,NaN,NaN,0,NaN
09:22:30,|,75.6042938232422,69.3927841186523,69.3903045654297,NaN,|,70.3535232543945,NaN,0,0,NaN,NaN,|,NaN,0,NaN,NaN,|,NaN,0,NaN,NaN,0,0,|,NaN,NaN,0,NaN
09:27:30,|,71.8190612792969,66.5842437744141,66.7794647216797,NaN,|,68.872917175293,NaN,0,0,NaN,NaN,|,NaN,0,NaN,NaN,|,NaN,0,NaN,NaN,0,0,|,NaN,NaN,0,NaN
09:32:30,|,72.3628311157227,65.4609756469727,65.1802673339844,NaN,|,66.8178863525391,NaN,0,0,NaN,NaN,|,NaN,0,NaN,NaN,|,NaN,0,NaN,NaN,0,0,|,NaN,NaN,0,NaN
09:37:30,|,71.0806045532227,64.4229431152344,64.3823776245117,NaN,|,65.9826507568359,NaN,0,0,NaN,NaN,|,NaN,0,NaN,NaN,|,NaN,0,NaN,NaN,0,0,|,NaN,NaN,0,NaN
09:42:30,|,69.9056015014648,62.5264091491699,62.2308387756348,NaN,|,64.0806045532227,NaN,0,0,NaN,NaN,|,NaN,0,NaN,NaN,|,NaN,0,NaN,NaN,0,0,|,NaN,NaN,0,NaN
09:47:30,|,69.0568084716797,61.1957511901855,60.9987945556641,NaN,|,63.9209365844727,NaN,0,0,NaN,NaN,|,NaN,0,NaN,NaN,|,NaN,0,NaN,NaN,0,0,|,NaN,NaN,0,NaN
09:52:30,|,67.7045288085938,60.067985534668,60.1771583557129,NaN,|,61.1381530761719,NaN,0,0,NaN,NaN,|,NaN,0,NaN,NaN,|,NaN,0,NaN,NaN,0,0,|,NaN,NaN,0,NaN
09:57:30,|,66.0749359130859,58.7847328186035,58.7613410949707,NaN,|,62.2191963195801,NaN,0,0,NaN,NaN,|,NaN,0,NaN,NaN,|,NaN,0,NaN,NaN,0,0,|,NaN,NaN,0,NaN
10:02:30,|,66.5481567382813,59.5610046386719,59.2073249816895,NaN,|,60.7554016113281,NaN,0,0,NaN,NaN,|,NaN,0,NaN,NaN,|,NaN,0,NaN,NaN,0,0,|,NaN,NaN,0,NaN
10:07:30,|,64.2143630981445,58.8510055541992,58.7222137451172,NaN,|,61.0572471618652,NaN,0,0,NaN,NaN,|,NaN,0,NaN,NaN,|,NaN,0,NaN,NaN,0,0,|,NaN,NaN,0,NaN
10:12:30,|,65.3689956665039,58.8265228271484,59.0829086303711,NaN,|,59.7999992370605,NaN,0,0,NaN,NaN,|,NaN,0,NaN,NaN,|,NaN,0,NaN,NaN,0,0,|,NaN,NaN,0,NaN
10:17:30,|,64.2300033569336,58.1376838684082,58.0306701660156,NaN,|,57.8985633850098,NaN,0,0,NaN,NaN,|,NaN,0,NaN,NaN,|,NaN,0,NaN,NaN,0,0,|,NaN,NaN,0,NaN
10:22:30,|,61.1909408569336,54.4610366821289,54.4367561340332,NaN,|,56.0411758422852,NaN,0,0,NaN,NaN,|,NaN,0,NaN,NaN,|,NaN,0,NaN,NaN,0,0,|,NaN,NaN,0,NaN
10:27:30,|,60.4780464172363,52.6141624450684,52.1834106445313,NaN,|,54.4822463989258,NaN,0,0,NaN,NaN,|,NaN,0,NaN,NaN,|,NaN,0,NaN,NaN,0,0,|,NaN,NaN,0,NaN
10:32:30,|,59.1145973205566,52.0967216491699,51.9321136474609,NaN,|,53.5966796875,NaN,0,0,NaN,NaN,|,NaN,0,NaN,NaN,|,NaN,0,NaN,NaN,0,0,|,NaN,NaN,0,NaN
10:37:30,|,58.2611427307129,51.3560752868652,51.270435333252,NaN,|,52.994026184082,NaN,0,0,NaN,NaN,|,NaN,0,NaN,NaN,|,NaN,0,NaN,NaN,0,0,|,NaN,NaN,0,NaN
10:42:30,|,57.3525505065918,50.6861419677734,50.8328094482422,NaN,|,52.3808059692383,NaN,0,0,NaN,NaN,|,NaN,0,NaN,NaN,|,NaN,0,NaN,NaN,0,0,|,NaN,NaN,0,NaN
10:47:30,|,56.9025497436523,49.8552856445313,49.6374816894531,NaN,|,51.8199310302734,NaN,0,0,NaN,NaN,|,NaN,0,NaN,NaN,|,NaN,0,NaN,NaN,0,0,|,NaN,NaN,0,NaN
10:52:30,|,56.9375152587891,49.5810737609863,49.3223075866699,NaN,|,50.459831237793,NaN,0,0,NaN,NaN,|,NaN,0,NaN,NaN,|,NaN,0,NaN,NaN,0,0,|,NaN,NaN,0,NaN
10:57:30,|,56.9289245605469,49.404182434082,49.3126525878906,NaN,|,50.9048652648926,NaN,0,0,NaN,NaN,|,NaN,0,NaN,NaN,|,NaN,0,NaN,NaN,0,0,|,NaN,NaN,0,NaN
11:02:30,|,55.6107711791992,48.8142623901367,48.7742156982422,NaN,|,50.3130416870117,NaN,0,0,NaN,NaN,|,NaN,0,NaN,NaN,|,NaN,0,NaN,NaN,0,0,|,NaN,NaN,0,NaN
11:07:30,|,54.482551574707,47.0158386230469,46.4156723022461,NaN,|,47.7980194091797,NaN,0,0,NaN,NaN,|,NaN,0,NaN,NaN,|,NaN,0,NaN,NaN,0,0,|,NaN,NaN,0,NaN
11:12:30,|,53.4824142456055,46.4090957641602,45.7854194641113,NaN,|,47.943790435791,NaN,0,0,NaN,NaN,|,NaN,0,NaN,NaN,|,NaN,0,NaN,NaN,0,0,|,NaN,NaN,0,NaN
11:17:30,|,51.474983215332,44.7771148681641,44.3752670288086,NaN,|,44.8090591430664,NaN,0,0,NaN,NaN,|,NaN,0,NaN,NaN,|,NaN,0,NaN,NaN,0,0,|,NaN,NaN,0,NaN
11:22:30,|,52.1526527404785,44.5966110229492,44.3096656799316,NaN,|,44.5592956542969,NaN,0,0,NaN,NaN,|,NaN,0,NaN,NaN,|,NaN,0,NaN,NaN,0,0,|,NaN,NaN,0,NaN
11:27:30,|,51.8320121765137,43.9771919250488,43.6412773132324,NaN,|,44.3593978881836,NaN,0,0,NaN,NaN,|,NaN,0,NaN,NaN,|,NaN,0,NaN,NaN,0,0,|,NaN,NaN,0,NaN
11:32:30,|,49.8842620849609,43.1689605712891,42.7283592224121,NaN,|,43.2136573791504,NaN,0,0,NaN,NaN,|,NaN,0,NaN,NaN,|,NaN,0,NaN,NaN,0,0,|,NaN,NaN,0,NaN
11:37:30,|,49.7799987792969,43.4408721923828,42.8660049438477,NaN,|,43.9074821472168,NaN,0,0,NaN,NaN,|,NaN,0,NaN,NaN,|,NaN,0,NaN,NaN,0,0,|,NaN,NaN,0,NaN
11:42:30,|,51.6252365112305,44.0324516296387,43.1506729125977,NaN,|,44.6082229614258,NaN,0,0,NaN,NaN,|,NaN,0,NaN,NaN,|,NaN,0,NaN,NaN,0,0,|,NaN,NaN,0,NaN
11:47:30,|,50.2413101196289,43.3751487731934,43.182071685791,NaN,|,44.0204010009766,NaN,0,0,NaN,NaN,|,NaN,0,NaN,NaN,|,NaN,0,NaN,NaN,0,0,|,NaN,NaN,0,NaN
11:52:30,|,49.9545288085938,43.1644973754883,42.5845642089844,NaN,|,42.8105049133301,NaN,0,0,NaN,NaN,|,NaN,0,NaN,NaN,|,NaN,0,NaN,NaN,0,0,|,NaN,NaN,0,NaN
11:57:30,|,49.6681823730469,42.3039588928223,42.0209045410156,NaN,|,42.6093978881836,NaN,0,0,NaN,NaN,|,NaN,0,NaN,NaN,|,NaN,0,NaN,NaN,0,0,|,NaN,NaN,0,NaN
12:02:30,|,48.7447662353516,41.9996337890625,41.5859870910645,NaN,|,42.3106727600098,NaN,0,0,NaN,NaN,|,NaN,0,NaN,NaN,|,NaN,0,NaN,NaN,0,0,|,NaN,NaN,0,NaN
12:07:30,|,46.4820137023926,41.2082901000977,40.8509407043457,NaN,|,40.9590950012207,NaN,0,0,NaN,NaN,|,NaN,0,NaN,NaN,|,NaN,0,NaN,NaN,0,0,|,NaN,NaN,0,NaN
12:12:30,|,45.9645309448242,40.6933555603027,40.2381591796875,NaN,|,41.6942291259766,NaN,0,0,NaN,NaN,|,NaN,0,NaN,NaN,|,NaN,0,NaN,NaN,0,0,|,NaN,NaN,0,NaN
12:17:30,|,47.6793632507324,41.099967956543,40.4698333740234,NaN,|,42.7393951416016,NaN,0,0,NaN,NaN,|,NaN,0,NaN,NaN,|,NaN,0,NaN,NaN,0,0,|,NaN,NaN,0,NaN
12:22:30,|,46.0376853942871,40.322582244873,40.1121482849121,NaN,|,42.1691627502441,NaN,0,0,NaN,NaN,|,NaN,0,NaN,NaN,|,NaN,0,NaN,NaN,0,0,|,NaN,NaN,0,NaN
12:27:30,|,46.3999328613281,40.5574150085449,40.2892646789551,NaN,|,41.5458068847656,NaN,0,0,NaN,NaN,|,NaN,0,NaN,NaN,|,NaN,0,NaN,NaN,0,0,|,NaN,NaN,0,NaN
12:32:30,|,47.2517433166504,40.8226089477539,40.4766426086426,NaN,|,42.3262748718262,NaN,0,0,NaN,NaN,|,NaN,0,NaN,NaN,|,NaN,0,NaN,NaN,0,0,|,NaN,NaN,0,NaN
12:37:30,|,47.0936584472656,41.0222129821777,40.5468215942383,NaN,|,42.514965057373,NaN,0,0,NaN,NaN,|,NaN,0,NaN,NaN,|,NaN,0,NaN,NaN,0,0,|,NaN,NaN,0,NaN
12:42:30,|,47.1717796325684,40.9515762329102,40.4013748168945,NaN,|,42.5716094970703,NaN,0,0,NaN,NaN,|,NaN,0,NaN,NaN,|,NaN,0,NaN,NaN,0,0,|,NaN,NaN,0,NaN
12:47:30,|,48.024242401123,42.0387916564941,41.5829544067383,NaN,|,41.5471572875977,NaN,0,0,NaN,NaN,|,NaN,0,NaN,NaN,|,NaN,0,43.5310287475586,42.7336578369141,0,0,|,NaN,NaN,0,NaN
12:52:30,|,46.4162063598633,41.3473587036133,41.1706008911133,NaN,|,42.970401763916,NaN,0,0,NaN,NaN,|,NaN,0,NaN,NaN,|,45.3880767822266,0,43.7388229370117,42.7905693054199,0,0,|,NaN,NaN,0,992.1279296875
12:57:30,|,46.1715087890625,40.7200317382813,40.3021469116211,NaN,|,42.2229194641113,NaN,0,0,NaN,NaN,|,NaN,0,NaN,NaN,|,48.7091636657715,0,44.6898002624512,43.3740615844727,0,0,|,NaN,NaN,0,992.093078613281
13:02:30,|,46.3539924621582,40.3418807983398,39.9032211303711,NaN,|,42.1406707763672,NaN,0,0,NaN,NaN,|,NaN,0,NaN,NaN,|,46.4308395385742,0,43.1609077453613,42.4512748718262,0,0,|,NaN,NaN,0,992.00634765625
13:07:30,|,46.2653007507324,40.9519729614258,40.5808372497559,NaN,|,42.6657371520996,NaN,0,0,NaN,NaN,|,NaN,0,NaN,NaN,|,46.2425842285156,0,43.7289543151855,42.7684898376465,0,0,|,NaN,NaN,0,991.926635742188
13:12:30,|,47.2404022216797,41.4910736083984,41.0948333740234,NaN,|,42.1283226013184,NaN,0,0,NaN,NaN,|,NaN,0,NaN,NaN,|,44.777416229248,0,43.1974143981934,42.6863098144531,0,0,|,NaN,NaN,0,991.866577148438
13:17:30,|,48.4420471191406,41.2778511047363,40.9360084533691,NaN,|,42.341911315918,NaN,0,0,NaN,NaN,|,NaN,0,NaN,NaN,|,48.5447654724121,0,44.567985534668,43.4849662780762,0,0,|,NaN,NaN,0,991.847412109375
13:22:30,|,46.9560737609863,40.993522644043,40.8182945251465,NaN,|,41.3940925598145,NaN,0,0,NaN,NaN,|,NaN,0,NaN,NaN,|,48.4635887145996,0,44.1840591430664,42.9565086364746,0,0,|,NaN,NaN,0,991.855651855469
13:27:30,|,47.0999984741211,40.8870124816895,40.3956718444824,NaN,|,41.8024826049805,NaN,0,0,NaN,NaN,|,NaN,0,NaN,NaN,|,47.3488578796387,0,44.0745315551758,42.8207054138184,0,0,|,NaN,NaN,0,991.774963378906
13:32:30,|,44.6257400512695,40.1980285644531,39.8769798278809,NaN,|,42.3889274597168,NaN,0,0,NaN,NaN,|,NaN,0,NaN,NaN,|,46.0845985412598,0,43.3942108154297,42.4388580322266,0,0,|,NaN,NaN,0,991.713623046875
13:37:30,|,46.3226852416992,40.39453125,40.0889625549316,NaN,|,42.2346649169922,NaN,0,0,NaN,NaN,|,NaN,0,NaN,NaN,|,48.1091957092285,0,43.863826751709,42.9714775085449,0,0,|,NaN,NaN,0,991.704345703125
13:42:30,|,47.9179191589355,40.9188270568848,40.4565086364746,NaN,|,41.3229179382324,NaN,0,0,NaN,NaN,|,NaN,0,NaN,NaN,|,47.3382873535156,0,43.7121124267578,42.6380271911621,0,0,|,NaN,NaN,0,991.678527832031
13:47:30,|,46.6716842651367,40.6904373168945,40.371711730957,NaN,|,41.8381881713867,NaN,0,0,NaN,NaN,|,NaN,0,NaN,NaN,|,47.3353004455566,0,43.7489929199219,42.7016792297363,0,0,|,NaN,NaN,0,991.61669921875
13:52:30,|,47.3496971130371,40.7309379577637,40.3113059997559,NaN,|,41.5155372619629,NaN,0,0,NaN,NaN,|,NaN,0,NaN,NaN,|,46.8645629882813,0,43.1615447998047,42.01416015625,0,0,|,NaN,NaN,0,991.548767089844
13:57:30,|,46.895435333252,40.4351005554199,39.9489593505859,NaN,|,42.4615097045898,NaN,0,0,NaN,NaN,|,NaN,0,NaN,NaN,|,47.128490447998,0,43.1671371459961,41.9173469543457,0,0,|,NaN,NaN,0,991.497314453125
14:02:30,|,45.5585250854492,40.3292617797852,40.0814094543457,NaN,|,41.6124496459961,NaN,0,0,NaN,NaN,|,NaN,0,NaN,NaN,|,47.3207054138184,0,43.5088272094727,42.4992599487305,0,0,|,NaN,NaN,0,991.432922363281
14:07:30,|,46.4654350280762,40.6936225891113,40.1435127258301,NaN,|,41.2232437133789,NaN,0,0,NaN,NaN,|,NaN,0,NaN,NaN,|,45.6304702758789,0,43.3865432739258,42.3389930725098,0,0,|,NaN,NaN,0,991.344421386719
14:12:30,|,45.8837585449219,40.0669784545898,39.3078842163086,NaN,|,41.8200988769531,NaN,0,0,NaN,NaN,|,NaN,0,NaN,NaN,|,46.5761413574219,0,42.4135894775391,41.378288269043,0,0,|,NaN,NaN,0,991.323852539063
14:17:30,|,46.6296653747559,39.7504348754883,39.2253341674805,NaN,|,40.9280891418457,NaN,0,0,NaN,NaN,|,NaN,0,NaN,NaN,|,44.9248313903809,0,42.3953018188477,41.4689598083496,0,0,|,NaN,NaN,0,991.262390136719
14:22:30,|,46.6825523376465,39.9165420532227,39.1909027099609,NaN,|,40.1763076782227,NaN,0,0,NaN,NaN,|,NaN,0,NaN,NaN,|,44.7607688903809,0,41.6007423400879,40.6465759277344,0,0,|,NaN,NaN,0,991.215209960938
14:27:30,|,44.9125175476074,39.7105026245117,39.433219909668,NaN,|,39.9200668334961,NaN,0,0,NaN,NaN,|,NaN,0,NaN,NaN,|,47.9195976257324,0,43.2830543518066,42.0635566711426,0,0,|,NaN,NaN,0,991.161743164063
14:32:30,|,47.780101776123,40.4134559631348,39.6666564941406,NaN,|,40.4759407043457,NaN,0,0,NaN,NaN,|,NaN,0,NaN,NaN,|,45.9979515075684,0,42.0293617248535,40.893253326416,0,0,|,NaN,NaN,0,991.13134765625
14:37:30,|,47.191276550293,40.6876831054688,39.6815757751465,NaN,|,39.2800674438477,NaN,0,0,NaN,NaN,|,NaN,0,NaN,NaN,|,46.1226501464844,0,41.9151344299316,40.8067436218262,0,0,|,NaN,NaN,0,991.07421875
14:42:30,|,48.7727508544922,40.6229095458984,39.5625152587891,NaN,|,40.1991653442383,NaN,0,0,NaN,NaN,|,NaN,0,NaN,NaN,|,46.2815093994141,0,41.6814155578613,40.5711402893066,0,0,|,NaN,NaN,0,991.061157226563
14:47:30,|,46.5104026794434,39.8647651672363,39.117359161377,NaN,|,41.288890838623,NaN,0,0,NaN,NaN,|,NaN,0,NaN,NaN,|,46.8284912109375,0,42.2058715820313,41.1349983215332,0,0,|,NaN,NaN,0,991.048828125
14:52:30,|,46.9710388183594,40.0005035400391,39.7010726928711,NaN,|,40.8851356506348,NaN,0,0,NaN,NaN,|,NaN,0,NaN,NaN,|,47.5903701782227,0,43.2299652099609,41.866340637207,0,0,|,NaN,NaN,0,990.994812011719
14:57:30,|,48.1625823974609,40.2546806335449,39.4512405395508,NaN,|,40.3574485778809,NaN,0,0,NaN,NaN,|,NaN,0,NaN,NaN,|,45.7824478149414,0,41.9096984863281,40.6153373718262,0,0,|,NaN,NaN,0,990.935119628906
15:02:30,|,48.7152366638184,39.9656715393066,38.858226776123,NaN,|,40.463623046875,NaN,0,0,NaN,NaN,|,NaN,0,NaN,NaN,|,47.2820816040039,0,42.2263298034668,41.1185264587402,0,0,|,NaN,NaN,0,990.876037597656
15:07:30,|,47.3283233642578,40.0149993896484,39.2410736083984,NaN,|,40.2610740661621,NaN,0,0,NaN,NaN,|,NaN,0,NaN,NaN,|,45.7595634460449,0,41.4103355407715,40.4868469238281,0,0,|,NaN,NaN,0,990.853759765625
15:12:30,|,47.4911727905273,39.6539268493652,38.7466430664063,NaN,|,40.3145294189453,NaN,0,0,NaN,NaN,|,NaN,0,NaN,NaN,|,47.8329849243164,0,42.3911399841309,41.0420455932617,0,0,|,NaN,NaN,0,990.834350585938
15:17:30,|,47.0818138122559,39.8470916748047,39.2459869384766,NaN,|,39.878490447998,NaN,0,0,NaN,NaN,|,NaN,0,NaN,NaN,|,47.6195640563965,0,42.4517097473145,41.3012084960938,0,0,|,NaN,NaN,0,990.83251953125
15:22:30,|,47.1318168640137,39.5158386230469,38.7892265319824,NaN,|,40.7112770080566,NaN,0,0,NaN,NaN,|,NaN,0,NaN,NaN,|,47.4624099731445,0,42.2464294433594,40.9579200744629,0,0,|,NaN,NaN,0,990.806457519531
15:27:30,|,46.0276184082031,39.0100326538086,38.464900970459,NaN,|,40.9843292236328,NaN,0,0,NaN,NaN,|,NaN,0,NaN,NaN,|,48.6272811889648,0,43.1049995422363,41.7818450927734,0,0,|,NaN,NaN,0,990.786315917969
15:32:30,|,46.5477180480957,39.4194297790527,38.6065559387207,NaN,|,41.0242576599121,NaN,0,0,NaN,NaN,|,NaN,0,NaN,NaN,|,46.2747993469238,0,41.4572257995605,40.2342185974121,0,0,|,NaN,NaN,0,990.783264160156
15:37:30,|,46.7603340148926,38.9103012084961,38.6017112731934,NaN,|,NaN,NaN,0,0,NaN,NaN,|,NaN,0,NaN,NaN,|,46.5028190612793,0,41.0550689697266,40.0717468261719,0,0,|,NaN,NaN,0,990.744934082031
15:42:30,|,45.321174621582,39.116813659668,38.4582290649414,NaN,|,NaN,NaN,0,0,NaN,NaN,|,NaN,0,NaN,NaN,|,46.7691612243652,0,42.234546661377,41.0941619873047,0,0,|,NaN,NaN,0,990.712036132813
15:47:30,|,45.0680198669434,38.1916770935059,37.6405029296875,NaN,|,NaN,NaN,0,0,NaN,NaN,|,NaN,0,NaN,NaN,|,46.5707702636719,0,41.6276168823242,40.3753700256348,0,0,|,NaN,NaN,0,990.701721191406
15:52:30,|,48.1488914489746,38.6321144104004,38.176139831543,NaN,|,NaN,NaN,0,0,NaN,NaN,|,NaN,0,NaN,NaN,|,46.2938919067383,0,40.5829544067383,39.5425186157227,0,0,|,NaN,NaN,0,990.668090820313
15:57:30,|,46.0166091918945,38.4730758666992,37.8494644165039,NaN,|,NaN,NaN,0,0,NaN,NaN,|,NaN,0,NaN,NaN,|,45.867359161377,0,40.4204711914063,39.5911026000977,0,0,|,NaN,NaN,0,990.647033691406
16:02:30,|,46.9962425231934,38.1864776611328,37.6670150756836,NaN,|,NaN,NaN,0,0,NaN,NaN,|,NaN,0,NaN,NaN,|,45.2740936279297,0,40.4182472229004,39.0923500061035,0,0,|,NaN,NaN,0,990.654479980469
16:07:30,|,45.0849494934082,37.9239921569824,37.1370811462402,NaN,|,NaN,NaN,0,0,NaN,NaN,|,NaN,0,NaN,NaN,|,43.7609748840332,0,39.4596290588379,38.4733543395996,0,0,|,NaN,NaN,0,990.666748046875
16:12:30,|,44.7910079956055,37.3899345397949,36.674015045166,NaN,|,NaN,NaN,0,0,NaN,NaN,|,NaN,0,NaN,NaN,|,46.1661758422852,0,39.9528846740723,38.7732543945313,0,0,|,NaN,NaN,0,990.616638183594
16:17:30,|,47.2765769958496,37.8189926147461,37.2082901000977,NaN,|,NaN,NaN,0,0,NaN,NaN,|,NaN,0,NaN,NaN,|,45.5733451843262,0,40.0092620849609,38.7933883666992,0,0,|,NaN,NaN,0,990.586181640625
16:22:30,|,47.1749000549316,37.9523086547852,37.4323425292969,NaN,|,NaN,NaN,0,0,NaN,NaN,|,NaN,0,NaN,NaN,|,46.4483909606934,0,40.8244972229004,39.5236587524414,0,0,|,NaN,NaN,0,990.553649902344
16:27:30,|,47.0858383178711,38.2889251708984,37.2321128845215,NaN,|,NaN,NaN,0,0,NaN,NaN,|,54.5253829956055,0,NaN,NaN,|,46.2391624450684,0,40.0328941345215,38.9072799682617,0,0,|,NaN,NaN,0,990.533020019531
16:32:30,|,45.9552345275879,37.7973480224609,37.1891937255859,NaN,|,NaN,NaN,0,0,NaN,NaN,|,50.5500679016113,0,NaN,NaN,|,46.494026184082,0,40.3096313476563,39.0786895751953,0,0,|,NaN,NaN,0,990.522705078125
16:37:30,|,44.0692939758301,37.1433219909668,36.6163864135742,NaN,|,NaN,NaN,0,0,NaN,NaN,|,50.2251014709473,0,NaN,NaN,|,48.7259521484375,0,41.3379516601563,39.4751358032227,0,0,|,NaN,NaN,0,990.530151367188
16:42:30,|,46.3683204650879,37.9318466186523,37.118824005127,NaN,|,NaN,NaN,0,0,NaN,NaN,|,52.3825492858887,0,NaN,NaN,|,46.8403015136719,0,39.9665107727051,38.6869125366211,0,0,|,NaN,NaN,0,990.542724609375
16:47:30,|,47.5221824645996,38.5251159667969,37.6627197265625,NaN,|,NaN,NaN,0,0,NaN,NaN,|,54.8031196594238,0,NaN,NaN,|,48.414867401123,0,40.034984588623,38.7452850341797,0,0,|,NaN,NaN,0,990.551208496094
16:52:30,|,46.574462890625,38.0609397888184,37.1919479370117,NaN,|,NaN,NaN,0,0,NaN,NaN,|,55.4712028503418,0,38.9401664733887,39.1060943603516,|,49.6625175476074,0,39.968189239502,38.6977195739746,0,0,|,NaN,NaN,0,990.527038574219
16:57:30,|,45.358455657959,38.070369720459,37.2656517028809,NaN,|,NaN,NaN,0,0,NaN,NaN,|,56.9402236938477,0,38.7749671936035,39.5797996520996,|,44.9818115234375,0,39.3602676391602,38.4228172302246,0,0,|,NaN,NaN,0,990.487121582031
17:02:30,|,47.4446640014648,38.9236907958984,37.9557723999023,NaN,|,NaN,NaN,0,0,NaN,NaN,|,NaN,0,39.1830444335938,40.1226196289063,|,49.690502166748,0,41.0457382202148,39.8547668457031,0,0,|,NaN,NaN,0,990.482971191406
17:07:30,|,48.0672149658203,38.5046997070313,37.698860168457,NaN,|,NaN,NaN,0,0,NaN,NaN,|,NaN,0,39.3571090698242,40.8022193908691,|,52.2700004577637,0,41.8434219360352,40.1927528381348,0,0,|,NaN,NaN,0,990.470153808594
17:12:30,|,47.6602020263672,38.6138114929199,37.8502655029297,NaN,|,NaN,NaN,0,0,NaN,NaN,|,NaN,0,38.286075592041,39.0864410400391,|,50.5895309448242,0,41.3937034606934,39.617317199707,0,0,|,NaN,NaN,0,990.443664550781
17:17:30,|,47.8607063293457,38.919059753418,37.8485221862793,NaN,|,NaN,NaN,0,0,NaN,NaN,|,NaN,0,38.3606376647949,39.1616706848145,|,50.9156723022461,0,41.3916435241699,39.5071144104004,0,0,|,NaN,NaN,0,990.481323242188
17:22:30,|,48.6504707336426,38.9278526306152,37.8842277526855,NaN,|,NaN,NaN,0,0,NaN,NaN,|,NaN,0,38.1919822692871,39.2751693725586,|,51.626522064209,0,40.5539283752441,38.7947311401367,0,0,|,NaN,NaN,0,990.532104492188
17:27:30,|,50.1315841674805,39.2282218933105,38.0439262390137,NaN,|,NaN,NaN,0,0,NaN,NaN,|,NaN,0,39.3829536437988,40.1832542419434,|,50.2794647216797,0,41.927116394043,40.1537475585938,0,0,|,NaN,NaN,0,990.55419921875
17:32:30,|,50.8294296264648,39.2470893859863,38.2422752380371,NaN,|,NaN,NaN,0,0,NaN,NaN,|,NaN,0,40.0264205932617,40.3910713195801,|,53.1873168945313,0,42.1421127319336,39.9863433837891,0,0,|,NaN,NaN,0,990.558654785156
17:37:30,|,50.8468780517578,40.326545715332,38.9832878112793,NaN,|,NaN,NaN,0,0,NaN,NaN,|,NaN,0,41.2623138427734,41.041374206543,|,55.98046875,0,41.6035346984863,39.9014778137207,0,0,|,NaN,NaN,0,990.534851074219
17:42:30,|,52.8275489807129,40.8018455505371,38.969295501709,NaN,|,NaN,41.6963539123535,0,0,NaN,39.557991027832,|,NaN,0,40.5064086914063,40.5510368347168,|,55.8156852722168,0,43.3191261291504,41.0685577392578,0,0,|,991.961059570313,990.14794921875,0,990.519592285156
17:47:30,|,53.0246315002441,41.2151832580566,39.6733131408691,NaN,|,NaN,42.0232734680176,0,0,NaN,39.921947479248,|,NaN,0,41.9782600402832,42.3613777160645,|,57.2788925170898,0,44.5971145629883,42.1553688049316,0,0,|,991.96923828125,990.160583496094,0,990.53076171875
17:52:30,|,52.9052352905273,41.4197311401367,39.9300346374512,NaN,|,NaN,41.7153167724609,0,0,NaN,40.032600402832,|,NaN,0,41.5484886169434,42.1931114196777,|,62.3858184814453,0,46.6919136047363,43.766040802002,0,0,|,NaN,990.171997070313,0,990.549072265625
17:57:30,|,54.8234214782715,41.4964752197266,39.7553024291992,NaN,|,NaN,42.9032554626465,0,0,NaN,39.9675827026367,|,NaN,0,42.5771484375,42.972785949707,|,59.9584579467773,0,46.8214111328125,43.9991645812988,0,0,|,NaN,990.186950683594,0,990.560546875
18:02:30,|,55.6906700134277,42.0448150634766,39.5941123962402,NaN,|,NaN,46.5101013183594,0,0,NaN,41.532585144043,|,NaN,0,45.6541137695313,45.2305335998535,|,62.3586616516113,0,49.3587913513184,46.5537261962891,0,0,|,NaN,990.177368164063,0,990.547790527344
18:07:30,|,56.5654373168945,42.6287574768066,40.4639930725098,NaN,|,NaN,44.0934562683105,0,0,NaN,39.5577850341797,|,NaN,0,45.1862411499023,44.4748001098633,|,68.9673843383789,0,54.5147972106934,51.8738594055176,0,0,|,NaN,990.188537597656,0,990.557434082031
18:12:30,|,57.276008605957,42.654598236084,40.3608016967773,NaN,|,NaN,44.6601676940918,0,0,NaN,39.9619178771973,|,NaN,0,44.9147987365723,43.9338111877441,|,71.4431457519531,0,52.8926162719727,48.6904029846191,0,0,|,NaN,990.2060546875,0,990.578125
18:17:30,|,61.2854042053223,44.222541809082,41.4959716796875,NaN,|,NaN,45.4776496887207,0,0,NaN,40.2794952392578,|,NaN,0,42.2871589660645,42.4782905578613,|,73.8676147460938,0,55.4785919189453,52.668758392334,0,0,|,NaN,990.222351074219,0,990.597412109375
18:22:30,|,67.3113403320313,46.8851699829102,42.873119354248,NaN,|,NaN,48.2041282653809,0,0,NaN,42.3221473693848,|,NaN,0,49.3733215332031,51.9588623046875,|,79.267822265625,0,59.541576385498,55.8838806152344,0,0,|,NaN,990.231262207031,0,990.603210449219
18:27:30,|,74.4876861572266,51.5166206359863,45.2820739746094,NaN,|,NaN,55.1332893371582,0,0,NaN,44.5870361328125,|,NaN,0,51.949764251709,54.6362075805664,|,83.2627868652344,0,62.1420478820801,58.4449653625488,0,0,|,NaN,990.254150390625,0,990.627807617188
18:32:30,|,80.7944946289063,57.2332229614258,47.6447639465332,NaN,|,NaN,59.1462745666504,0,0,NaN,44.7581214904785,|,NaN,0,53.7010726928711,57.1388626098633,|,85.0775604248047,0,66.4270095825195,60.0630874633789,0,0,|,NaN,990.272521972656,0,990.642700195313
18:37:30,|,88.9837951660156,60.5127410888672,53.2267570495605,NaN,|,NaN,60.3031768798828,0,0,NaN,45.397819519043,|,NaN,0,55.960636138916,56.8531532287598,|,88.3134536743164,0,69.4098663330078,61.543155670166,0,0,|,NaN,990.267822265625,0,990.642517089844
18:42:30,|,90.147346496582,62.1903343200684,56.4070472717285,NaN,|,NaN,63.4882545471191,0,0,NaN,47.1770820617676,|,NaN,0,56.8735237121582,60.2221755981445,|,89.0177612304688,0,68.7285232543945,61.9838790893555,0,0,|,NaN,990.266235351563,0,990.641906738281
18:47:30,|,91.3718185424805,64.3660507202148,61.1108016967773,NaN,|,NaN,65.4687576293945,0,0,NaN,50.3449172973633,|,NaN,0,59.3574256896973,62.6467895507813,|,89.7666931152344,0,72.4468460083008,63.2717094421387,0,0,|,NaN,990.26220703125,0,990.635070800781
18:52:30,|,92.5511703491211,67.5764541625977,65.0569458007813,NaN,|,NaN,68.045166015625,0,0,NaN,50.0320129394531,|,NaN,0,60.0491943359375,65.2293319702148,|,89.7539291381836,0,77.9516448974609,67.0235214233398,0,0,|,NaN,990.252136230469,0,990.625122070313
18:57:30,|,92.6971817016602,70.0583877563477,70.0700988769531,NaN,|,NaN,70.9955062866211,0,0,NaN,51.559024810791,|,NaN,0,62.1982955932617,64.2378234863281,|,90.153076171875,0,80.8046646118164,71.8267440795898,0,0,|,NaN,990.276733398438,0,990.650451660156
