CDT_time,bar_fence,spd_0_2m_init,spd_1_5m_init,spd_3m_init,spd_4_5m_init,spd_6m_init,spd_10m_init,bar_fence_1,spd_0_2m_rel,spd_1_5m_rel,spd_3m_rel,spd_4_5m_rel,spd_6m_rel,spd_10m_rel,bar_fence_2,spd_0_2m_uconv,spd_1_5m_uconv,spd_3m_uconv,spd_4_5m_uconv,spd_6m_uconv,spd_10m_uconv,bar_fence_3,spd_0_2m_lconv,spd_1_5m_lconv,spd_3m_lconv,spd_4_5m_lconv,spd_6m_lconv,spd_10m_lconv
19:02:30,|,0.228122711181641,0.315643608570099,0.324474841356277,0.278373032808304,NaN,0.456201255321503,|,0.133533328771591,NaN,0.269591718912125,0.282057732343674,0.271324425935745,0.218627154827118,|,0.157106667757034,0,0,0.268732815980911,0.205556184053421,0,|,0.294228076934814,0,0.576304793357849,0.627557516098022,0.647872507572174,0
19:07:30,|,0.272346675395966,0.415772885084152,0.443148881196976,0.411175429821014,NaN,0.167571887373924,|,0.129746660590172,NaN,0.296682715415955,0.392262548208237,0.504524111747742,0.304230093955994,|,0.11670333147049,0,0,0.279475003480911,0.422483772039413,0,|,0.387923330068588,0,0.666823446750641,0.695853114128113,0.584304690361023,0
19:12:30,|,0.220153331756592,0.457537442445755,0.328167080879211,0.33364200592041,NaN,0.271275997161865,|,0.188446149230003,NaN,0.463979482650757,0.603997886180878,0.707768023014069,0.270412415266037,|,0.0911500006914139,0,0,0.292445421218872,0.521034777164459,0,|,0.338713347911835,0,0.541358530521393,0.547806262969971,0.442113548517227,0
19:17:30,|,0.235540002584457,0.312906175851822,0.257923126220703,0.263865023851395,NaN,0.27978527545929,|,0.20972666144371,NaN,0.67913419008255,0.618112027645111,0.689768612384796,0.217624574899673,|,0.0846282094717026,0,0,0.196399658918381,0.363460034132004,0,|,0.378369987010956,0,0.512290060520172,0.598176002502441,0.610836386680603,0
19:22:30,|,0.315038353204727,0.460689961910248,0.382439225912094,0.43807989358902,NaN,0.395566940307617,|,0.227253332734108,NaN,0.604671537876129,0.632983565330505,0.735164821147919,0.295380741357803,|,0.101729996502399,0,0,0.160334065556526,0.237537771463394,0,|,0.393273323774338,0,0.850632429122925,0.837831020355225,0.935118317604065,0
19:27:30,|,0.316406667232513,0.509580016136169,0.399532735347748,0.343717604875565,NaN,0.399209558963776,|,0.26350000500679,NaN,0.648940324783325,0.642019689083099,0.776410758495331,0.314175724983215,|,0.0858433321118355,0,0,0.280618071556091,0.547235071659088,0,|,0.32013338804245,0,0.463543236255646,0.521700143814087,0.535013794898987,0
19:32:30,|,0.241966664791107,0.422236025333405,0.476522207260132,0.298056751489639,NaN,0.379196256399155,|,0.280513346195221,NaN,0.609404861927032,0.720120787620544,0.80427360534668,0.328093528747559,|,0.0807366669178009,0,0,0.387031614780426,0.600748181343079,0,|,0.234223335981369,0,0.469564825296402,0.577209770679474,0.590734720230103,0
19:37:30,|,0.250086665153503,0.515709102153778,0.421657711267471,0.412528544664383,NaN,0.417886316776276,|,0.304688811302185,NaN,0.550427794456482,0.627052843570709,0.818729937076569,0.346581876277924,|,0.0681800022721291,0,0,0.279967546463013,0.333327114582062,0,|,0.242413327097893,0,0.53345137834549,0.496835023164749,0.496729820966721,0
19:42:30,|,0.224823325872421,0.371773481369019,0.301960527896881,0.387065768241882,NaN,0.370780378580093,|,0.273186653852463,NaN,0.610542178153992,0.610994398593903,0.635301828384399,0.376041948795319,|,0.0913804620504379,0,0,0.131591394543648,0.156563505530357,0,|,0.315583348274231,0,0.563048422336578,0.597529947757721,0.674097657203674,0
19:47:30,|,0.286475479602814,0.361293137073517,0.336290508508682,0.290752917528152,NaN,0.28592187166214,|,0.284016668796539,NaN,0.648455739021301,0.717765390872955,0.769477665424347,0.269464880228043,|,0.0720866695046425,0,0,0.204613491892815,0.285270571708679,0,|,0.325366675853729,0,0.551992774009705,0.510955929756165,0.45295438170433,0
19:52:30,|,0.283780008554459,0.454434394836426,0.395277231931686,0.366424679756165,NaN,0.348639875650406,|,0.310840010643005,NaN,0.690336108207703,0.714951276779175,0.860192060470581,0.249876603484154,|,0.082996666431427,0,0,0.142449930310249,0.167959272861481,0,|,0.30497333407402,0,0.475979685783386,0.454422384500504,0.589463949203491,0
19:57:30,|,0.215273335576057,0.441158592700958,0.375568509101868,0.413084298372269,NaN,0.510586559772491,|,0.259796679019928,NaN,0.60965234041214,0.632658004760742,0.761337399482727,0.32322108745575,|,0.109776668250561,0,0,0.209877550601959,0.272490739822388,0,|,0.226118713617325,0,0.410444229841232,0.427667826414108,0.471400856971741,0
20:02:30,|,0.238176673650742,0.402647227048874,0.388908267021179,0.290249526500702,NaN,0.547580897808075,|,0.257522493600845,NaN,0.517643213272095,0.598296761512756,0.689935088157654,0.443616360425949,|,0.106069996953011,0,0,0.317600756883621,0.380711197853088,0,|,0.182426661252975,0,0.34055370092392,0.389544934034348,0.430427432060242,0
20:07:30,|,0.218076661229134,0.520557701587677,0.542303085327148,0.508942365646362,NaN,0.815116822719574,|,0.357203334569931,NaN,0.793462514877319,0.882969617843628,0.818382441997528,0.477066427469254,|,0.169109702110291,0,0,0.547417879104614,0.654600739479065,0,|,0.196823328733444,0,0.388485103845596,0.44074547290802,0.497441977262497,0
20:12:30,|,0.206018671393394,0.428709983825684,0.398945510387421,0.410976082086563,NaN,0.82218998670578,|,0.274003326892853,NaN,0.642362058162689,0.545568645000458,0.422095745801926,0.619328081607819,|,0.100280001759529,0,0,0.439767897129059,0.590836644172668,0,|,0.150169998407364,0,0.353306233882904,0.455791532993317,0.447557866573334,0
20:17:30,|,0.192239999771118,0.332125872373581,0.324975162744522,0.214120402932167,NaN,0.817696034908295,|,0.279696673154831,NaN,0.505263447761536,0.567125737667084,0.347167611122131,0.675971269607544,|,0.0708466693758965,0,0,0.273166418075562,0.312169343233109,0,|,0.165673330426216,0,0.39442390203476,0.438178926706314,0.454872041940689,0
20:22:30,|,0.279643326997757,0.564507305622101,0.526566565036774,0.625435173511505,NaN,0.52931159734726,|,0.362506657838821,NaN,0.794664800167084,0.773626208305359,0.530856788158417,0.662848889827728,|,0.05777333304286,0,0,0.164341330528259,0.211192771792412,0,|,0.327809274196625,0,0.465799927711487,0.541244387626648,0.729416608810425,0
20:27:30,|,0.20522665977478,0.44273829460144,0.30994838476181,0.41301891207695,NaN,0.494293689727783,|,0.336172044277191,NaN,0.698314607143402,0.735772490501404,0.807236850261688,0.327152371406555,|,0.123733334243298,0,0,0.44800928235054,0.562006831169128,0,|,0.326609998941422,0,0.682357490062714,0.68131285905838,0.689623355865479,0
20:32:30,|,0.20940312743187,0.358958452939987,0.310151100158691,0.318718403577805,NaN,0.49523538351059,|,0.308783322572708,NaN,0.56235134601593,0.706344783306122,0.907676696777344,0.326348632574081,|,0.0892664194107056,0,0,0.260364770889282,0.363977164030075,0,|,0.261403322219849,0,0.494641035795212,0.616288185119629,0.668667793273926,0
20:37:30,|,0.120119996368885,0.268926203250885,0.211894959211349,0.311355501413345,NaN,0.445540964603424,|,0.231358483433723,NaN,0.480502277612686,0.584260165691376,0.714211761951447,0.396798610687256,|,0.0864666700363159,0,0,0.210687085986137,0.326962947845459,0,|,0.209120005369186,0,0.425938189029694,0.550526559352875,0.540535569190979,0
20:42:30,|,0.172176674008369,0.337093591690063,0.326909512281418,0.348033994436264,NaN,0.360829591751099,|,0.252943336963654,NaN,0.53878378868103,0.658428013324738,0.740880072116852,0.232382029294968,|,0.070953331887722,0,0,0.236324056982994,0.46628412604332,0,|,0.294220000505447,0,0.481538474559784,0.588736355304718,0.61001181602478,0
20:47:30,|,0.227743327617645,0.392973989248276,0.362922698259354,0.387084543704987,NaN,0.380219787359238,|,0.360670000314713,NaN,0.700794875621796,0.761808335781097,0.91426944732666,0.288767099380493,|,0.0808999985456467,0,0,0.332267343997955,0.450008600950241,0,|,0.304891616106033,0,0.556554079055786,0.533458352088928,0.509978175163269,0
20:52:30,|,0.175333335995674,0.419648945331573,0.285639733076096,0.337687581777573,NaN,0.53236711025238,|,0.330336779356003,NaN,0.713330566883087,0.744378089904785,0.908937692642212,0.230410426855087,|,0.156442150473595,0,0,0.543542742729187,0.64215749502182,0,|,0.244946673512459,0,0.468418776988983,0.524770379066467,0.531810879707336,0
20:57:30,|,0.157405808568001,0.29664534330368,0.303244739770889,0.251253485679626,NaN,0.583954989910126,|,0.282753348350525,NaN,0.709069728851318,0.758754312992096,0.875058114528656,0.169613376259804,|,0.10445000231266,0,0,0.431774169206619,0.629651069641113,0,|,0.25710666179657,0,0.466999620199203,0.595308661460876,0.660481154918671,0
21:02:30,|,0.12214333564043,0.217725574970245,0.275309532880783,0.330367207527161,NaN,0.759560227394104,|,0.278193324804306,NaN,0.622733473777771,0.61370050907135,0.716207146644592,0.234682634472847,|,0.0508599989116192,0,0,0.238807082176208,0.31662517786026,0,|,0.288503348827362,0,0.44719523191452,0.571705877780914,0.593928396701813,0
21:07:30,|,0.127213329076767,0.195905387401581,0.19555376470089,0.218525841832161,NaN,0.913171827793121,|,0.237436667084694,NaN,0.625174283981323,0.574266910552979,0.674997866153717,0.226758494973183,|,0.0658966675400734,0,0,0.201240971684456,0.381903171539307,0,|,0.309956669807434,0,0.596469461917877,0.531374633312225,0.497285544872284,0
21:12:30,|,0.171440005302429,0.295140326023102,0.265956342220306,0.313096940517426,NaN,0.946651875972748,|,0.278299987316132,NaN,0.724558115005493,0.748961508274078,0.800867199897766,0.258754462003708,|,0.108499996364117,0,0,0.360968470573425,0.426254242658615,0,|,0.335570007562637,0,0.492446660995483,0.488928020000458,0.444474309682846,0
21:17:30,|,0.100963331758976,0.230385556817055,0.259488344192505,0.247825041413307,NaN,0.912334799766541,|,0.223077699542046,NaN,0.612975239753723,0.653719067573547,0.717479825019836,0.216012701392174,|,0.0663954615592957,0,0,0.342281609773636,0.522436916828156,0,|,0.276072025299072,0,0.416185736656189,0.555146098136902,0.388035804033279,0
21:22:30,|,0.141013666987419,0.22895447909832,0.23063237965107,0.269603669643402,NaN,0.772149085998535,|,0.194956660270691,NaN,0.647270560264587,0.530058920383453,0.642693281173706,0.286424428224564,|,0.0819033309817314,0,0,0.317096173763275,0.497957080602646,0,|,0.282546669244766,0,0.46890127658844,0.554973065853119,0.638490438461304,0
21:27:30,|,0.174143329262733,0.398381292819977,0.356764793395996,0.374084979295731,NaN,0.704123556613922,|,0.320389986038208,NaN,0.671352922916412,0.732116222381592,0.862438559532166,0.381956994533539,|,0.145746663212776,0,0,0.42187625169754,0.480026125907898,0,|,0.354706674814224,0,0.574128091335297,0.532871842384338,0.489145219326019,0
21:32:30,|,0.196390002965927,0.437114417552948,0.319847226142883,0.311976611614227,NaN,0.748027622699738,|,0.2766033411026,NaN,0.66222620010376,0.773750960826874,0.861651062965393,0.265179038047791,|,0.138213336467743,0,0,0.553330361843109,0.644068837165833,0,|,0.264416664838791,0,0.493522316217422,0.583316504955292,0.426130294799805,0
21:37:30,|,0.177766665816307,0.289276421070099,0.283795058727264,0.318410634994507,NaN,0.622823476791382,|,0.260753333568573,NaN,0.582695066928864,0.617716908454895,0.730932116508484,0.228536680340767,|,0.103463336825371,0,0,0.269004166126251,0.426330417394638,0,|,0.274379998445511,0,0.430444955825806,0.565524578094482,0.620046079158783,0
21:42:30,|,0.192720904946327,0.313370168209076,0.346687138080597,0.412118673324585,NaN,0.641888380050659,|,0.300666898488998,NaN,0.785794317722321,0.754436135292053,0.869661867618561,0.172225758433342,|,0.094194732606411,0,0,0.387509524822235,0.413936972618103,0,|,0.337009012699127,0,0.452091932296753,0.513247430324554,0.433538973331451,0
21:47:30,|,0.161666661500931,0.283113539218903,0.302106589078903,0.42936310172081,NaN,0.693871676921844,|,0.305946677923203,NaN,0.808029413223267,0.735246658325195,0.833362221717834,0.123634293675423,|,0.119166664779186,0,0,0.432390809059143,0.485522627830505,0,|,0.322653323411942,0,0.43556934595108,0.609248757362366,0.508177280426025,0
21:52:30,|,0.169400006532669,0.255194216966629,0.258837193250656,0.259962052106857,NaN,0.734699904918671,|,0.291883319616318,NaN,0.657734334468842,0.612985968589783,0.739162445068359,0.171232372522354,|,0.0787966698408127,0,0,0.434266746044159,0.497014194726944,0,|,0.298700004816055,0,0.459593087434769,0.634635865688324,0.563309669494629,0
21:57:30,|,0.105769999325275,0.178562670946121,0.21081255376339,0.283128201961517,NaN,0.631684243679047,|,0.234026670455933,NaN,0.627403914928436,0.552464306354523,0.694268703460693,0.199547722935677,|,0.0674466639757156,0,0,0.299190789461136,0.399404585361481,0,|,0.325049996376038,0,0.550498008728027,0.582539856433868,0.588719367980957,0
22:02:30,|,0.12850333750248,0.201892286539078,0.186396330595016,0.2347681671381,NaN,0.792929351329803,|,0.159850001335144,NaN,0.441148191690445,0.450974643230438,0.546797633171082,0.160609021782875,|,0.0924266651272774,0,0,0.162374123930931,0.174365907907486,0,|,0.276239991188049,0,0.387530326843262,0.419785529375076,0.435889929533005,0
22:07:30,|,0.135551854968071,0.277310401201248,0.226938471198082,0.251737773418427,NaN,0.828500628471375,|,0.160813599824905,NaN,0.385242074728012,0.429160267114639,0.569830715656281,0.224811181426048,|,0.0841647237539291,0,0,0.264963239431381,0.377092093229294,0,|,0.320866942405701,0,0.456791877746582,0.538844227790833,0.434892296791077,0
22:12:30,|,0.171613335609436,0.287772059440613,0.274530470371246,0.347637146711349,NaN,0.919575452804565,|,0.210879996418953,NaN,0.58950275182724,0.590466260910034,0.721871733665466,0.213345631957054,|,0.118940003216267,0,0,0.335226446390152,0.310715645551682,0,|,0.379063338041306,0,0.46962758898735,0.501011610031128,0.490905255079269,0
22:17:30,|,0.164213329553604,0.301545739173889,0.373636186122894,0.370568871498108,NaN,1.04109513759613,|,0.262629985809326,NaN,0.804091930389404,0.835470378398895,0.902356624603271,0.533474385738373,|,0.210840001702309,0,0,0.646347761154175,0.556966066360474,0,|,0.313966661691666,0,0.495502114295959,0.549937129020691,0.450151890516281,0
22:22:30,|,0.143020004034042,0.23977854847908,0.228832870721817,0.253375679254532,NaN,1.35556447505951,|,0.287339985370636,NaN,0.69772344827652,0.775754451751709,0.700304806232452,0.80663013458252,|,0.195056661963463,0,0,0.451678723096848,0.627057373523712,0,|,0.28220334649086,0,0.421981275081635,0.611313283443451,0.582722961902618,0
22:27:30,|,0.119906663894653,0.219158709049225,0.207122966647148,0.175204217433929,NaN,1.20415651798248,|,0.209946662187576,NaN,0.522401809692383,0.552185535430908,0.434295773506165,0.82368540763855,|,0.0900966674089432,0,0,0.344134509563446,0.414786577224731,0,|,0.258969992399216,0,0.397328555583954,0.54711651802063,0.558481276035309,0
22:32:30,|,0.13143715262413,0.188686490058899,0.204563587903976,0.134205371141434,NaN,1.22001564502716,|,0.197659224271774,NaN,0.472499310970306,0.479455024003983,0.395433664321899,0.658620178699493,|,0.0793431103229523,0,0,0.309543490409851,0.296958565711975,0,|,0.24131666123867,0,0.463480204343796,0.606430292129517,0.612985730171204,0
22:37:30,|,0.0553666651248932,0.0816974267363548,0.0955695360898972,0.186475068330765,NaN,1.32997286319733,|,0.151203334331512,NaN,0.412738084793091,0.416009932756424,0.285539984703064,0.769153892993927,|,0.0858699977397919,0,0,0.150680348277092,0.295218110084534,0,|,0.198602870106697,0,0.352158635854721,0.48220106959343,0.465865552425385,0
22:42:30,|,0.0253733322024345,0.0892666801810265,0.131892010569572,0.205488860607147,NaN,1.34016358852386,|,0.111823335289955,NaN,0.217836797237396,0.255685031414032,0.150874108076096,0.486045032739639,|,0.0625299960374832,0,0,0.0971365794539452,0.262213975191116,0,|,0.168009996414185,0,0.334316611289978,0.415178537368774,0.361033707857132,0
22:47:30,|,0.0941866636276245,0.0991675779223442,0.154688388109207,0.225283607840538,NaN,1.17982125282288,|,0.130563333630562,NaN,0.312913089990616,0.355029404163361,0.282441794872284,0.535237789154053,|,0.129533335566521,0,0,0.201884105801582,0.247998863458633,0,|,0.295340001583099,0,0.4766905605793,0.429898828268051,0.388053476810455,0
22:52:30,|,0.138009339570999,0.167561307549477,0.160831972956657,0.0889890193939209,NaN,0.923725783824921,|,0.166370004415512,NaN,0.55487197637558,0.566462576389313,0.360666930675507,0.404101431369781,|,0.120796665549278,0,0,0.32299941778183,0.356787949800491,0,|,0.33542001247406,0,0.461721688508987,0.398713499307632,0.412410199642181,0
22:57:30,|,0.189133331179619,0.220972672104836,0.273446083068848,0.32050096988678,NaN,0.707724511623383,|,0.209599867463112,NaN,0.693026721477509,0.657503485679626,0.506417870521545,0.270268827676773,|,0.154224738478661,0,0,0.257901817560196,0.48035141825676,0,|,0.406139999628067,0,0.509839713573456,0.452371031045914,0.658045709133148,0
23:02:30,|,0.137856662273407,0.220577374100685,0.26390078663826,0.271983653306961,NaN,0.664451479911804,|,0.184493333101273,NaN,0.733991205692291,0.732461929321289,0.618507981300354,0.196099296212196,|,0.132819995284081,0,0,0.325864911079407,0.258338034152985,0,|,0.335968643426895,0,0.460270822048187,0.386204808950424,0.657772600650787,0
23:07:30,|,0.0772799998521805,0.135910555720329,0.123868800699711,0.202034085988998,NaN,0.872395694255829,|,0.129063338041306,NaN,0.311790317296982,0.464905858039856,0.481411039829254,0.301590234041214,|,0.0864533334970474,0,0,0.260960340499878,0.1504907310009,0,|,0.224509999155998,0,0.392493188381195,0.430285185575485,0.427234977483749,0
23:12:30,|,0.0600166656076908,0.067941427230835,0.0546188652515411,0.100528970360756,NaN,0.996582806110382,|,0.105046667158604,NaN,0.147211715579033,0.294467180967331,0.329726576805115,0.355059891939163,|,0.0521633327007294,0,0,0.137484028935432,0.185657501220703,0,|,0.11172666400671,0,0.267349749803543,0.309785634279251,0.259738892316818,0
23:17:30,|,0.058049350976944,0.0928776040673256,0.12114392220974,0.0549771413207054,NaN,0.886101722717285,|,0.0867699980735779,NaN,0.200486347079277,0.242813721299171,0.2087492197752,0.438324987888336,|,0.0755133330821991,0,0,0.128363907337189,0.167037695646286,0,|,0.0898366644978523,0,0.132572174072266,0.104351960122585,0.198889434337616,0
23:22:30,|,0.14088000357151,0.165821686387062,0.268359839916229,0.148583367466927,NaN,0.763182818889618,|,0.133207738399506,NaN,0.291350483894348,0.33252689242363,0.297488749027252,0.297332733869553,|,0.112247414886951,0,0,0.0829117670655251,0.165891379117966,0,|,0.0943899974226952,0,0.136009767651558,0.121521443128586,0.160164669156075,0
23:27:30,|,0.144576668739319,0.290186285972595,0.348663508892059,0.331551522016525,NaN,0.610049724578857,|,0.13012333214283,NaN,0.466676443815231,0.506760776042938,0.435739278793335,0.173020929098129,|,0.143723338842392,0,0,0.262754917144775,0.247242495417595,0,|,0.269129991531372,0,0.415943145751953,0.361722856760025,0.244763687252998,0
23:32:30,|,0.248076662421227,0.381337285041809,0.447458475828171,0.438718169927597,NaN,0.294125497341156,|,0.239293336868286,NaN,0.703105092048645,0.657494723796844,0.697203516960144,0.180208891630173,|,0.231440007686615,0,0,0.402260065078735,0.397438585758209,0,|,0.261687219142914,0,0.463018536567688,0.418066889047623,0.467865377664566,0
23:37:30,|,0.262010008096695,0.390337884426117,0.42009636759758,0.404233455657959,NaN,0.416397780179977,|,0.262870013713837,NaN,0.670266449451447,0.727328717708588,0.90990823507309,0.223945125937462,|,0.180763334035873,0,0,0.390761643648148,0.452552616596222,0,|,0.31224000453949,0,0.507421493530273,0.445624262094498,0.514951705932617,0
23:42:30,|,0.217129036784172,0.337779939174652,0.291416347026825,0.405940771102905,NaN,0.381631016731262,|,0.265493333339691,NaN,0.706971347332001,0.717721998691559,0.89216274023056,0.455256283283234,|,0.268570005893707,0,0,0.60633111000061,0.534541189670563,0,|,0.30757001042366,0,0.669376313686371,0.645126581192017,0.619503021240234,0
23:47:30,|,0.214016661047935,0.419279545545578,0.240883082151413,0.331139475107193,NaN,0.475961625576019,|,0.256085366010666,NaN,0.707485258579254,0.752248227596283,0.918798744678497,0.652899384498596,|,0.323614537715912,0,0,0.831220924854279,0.993968307971954,0,|,0.297280013561249,0,0.59645664691925,0.728115558624268,0.826533854007721,0
23:52:30,|,0.303276658058167,0.503481149673462,0.472883284091949,0.563439428806305,NaN,0.816234707832336,|,0.294389992952347,NaN,0.817158699035645,0.901357352733612,1.01698040962219,0.9125936627388,|,0.223736673593521,0,0,0.864835262298584,1.03354775905609,0,|,0.258810013532639,0,0.653872430324554,0.739144504070282,0.819500088691711,0
23:57:30,|,0.300740003585815,0.739888727664948,0.577496945858002,0.554977893829346,NaN,1.21280491352081,|,0.469300001859665,NaN,1.17127537727356,1.25940549373627,1.44474470615387,1.69478130340576,|,0.415903329849243,0,0,0.972581684589386,1.19564020633698,0,|,0.357965975999832,0,0.67245489358902,0.822136223316193,0.97943639755249,0
00:02:30,|,0.252099990844727,0.524321377277374,0.594873011112213,0.783780217170715,NaN,1.26653325557709,|,0.438136667013168,NaN,0.87988406419754,1.08655202388763,1.32350492477417,1.86908757686615,|,0.27827000617981,0,0,0.824123382568359,0.916955232620239,0,|,0.286819994449615,0,0.795864224433899,0.884103357791901,0.896415531635284,0
00:07:30,|,0.177569195628166,0.394185066223145,0.442233324050903,0.652450025081635,NaN,1.16767013072968,|,0.303996652364731,NaN,0.700792491436005,0.922212362289429,1.17291963100433,1.74269020557404,|,0.179423332214355,0,0,0.447504639625549,0.628582417964935,0,|,0.312956660985947,0,0.638284504413605,0.860520601272583,1.17098617553711,0
00:12:30,|,0.200696662068367,0.416337937116623,0.452584117650986,0.651491522789001,NaN,1.11326491832733,|,0.307915985584259,NaN,0.768857955932617,0.931183457374573,1.15065133571625,1.7771999835968,|,0.216895624995232,0,0,0.362613826990128,0.605286002159119,0,|,0.331103324890137,0,0.645388066768646,0.816283345222473,1.1657646894455,0
00:17:30,|,0.162650004029274,0.329445332288742,0.328613191843033,0.530293881893158,NaN,1.1607403755188,|,0.217979997396469,NaN,0.400152862071991,0.538683176040649,0.767107725143433,1.2408664226532,|,0.116059996187687,0,0,0.269914925098419,0.461376160383224,0,|,0.331649988889694,0,0.692350208759308,1.06056916713715,1.17974412441254,0
00:22:30,|,0.134373337030411,0.163060739636421,0.198586240410805,0.294481933116913,NaN,0.854683458805084,|,0.176129996776581,NaN,0.207731708884239,0.455783873796463,0.605898797512054,0.904791831970215,|,0.0624100007116795,0,0,0.324081003665924,0.470197230577469,0,|,0.353602945804596,0,0.537933170795441,0.653035402297974,0.782691776752472,0
00:27:30,|,0.293631196022034,0.480208098888397,0.376721173524857,0.480131328105927,NaN,0.54221385717392,|,0.10436999797821,NaN,0.213963776826859,0.211345598101616,0.312179267406464,0.489608317613602,|,0.048870000988245,0,0,0.217333987355232,0.369162052869797,0,|,0.24963666498661,0,0.382028520107269,0.455112844705582,0.56123560667038,0
00:32:30,|,0.200210005044937,0.347049385309219,0.294492334127426,0.367877990007401,NaN,0.635444402694702,|,0.15381333231926,NaN,0.266739010810852,0.325583457946777,0.441656589508057,0.541719853878021,|,0.144193336367607,0,0,0.198434501886368,0.27910515666008,0,|,0.2592833340168,0,0.358443468809128,0.411318361759186,0.362492591142654,0
00:37:30,|,0.0601133331656456,0.115476585924625,0.190663576126099,0.105708666145802,NaN,0.609233915805817,|,0.0968722924590111,NaN,0.285719871520996,0.253150820732117,0.427079856395721,0.351608037948608,|,0.139773264527321,0,0,0.320438235998154,0.230110034346581,0,|,0.112976662814617,0,0.290754377841949,0.305761486291885,0.308388382196426,0
00:42:30,|,0.215646669268608,0.27365505695343,0.316621989011765,0.371092230081558,NaN,0.710541605949402,|,0.16663333773613,NaN,0.66787588596344,0.490939825773239,0.603931128978729,0.487196624279022,|,0.166773334145546,0,0,0.39319235086441,0.467175096273422,0,|,0.241583332419395,0,0.470922946929932,0.47030982375145,0.516217887401581,0
00:47:30,|,0.217226669192314,0.45477107167244,0.393359273672104,0.482942372560501,NaN,0.859290957450867,|,0.250276654958725,NaN,0.646704375743866,0.683486044406891,0.858186185359955,0.714019775390625,|,0.205926671624184,0,0,0.516102135181427,0.636204481124878,0,|,0.274156659841537,0,0.475794464349747,0.416871756315231,0.532050609588623,0
00:52:30,|,0.100153386592865,0.242384627461433,0.21430329978466,0.316597074270248,NaN,0.570112407207489,|,0.183633327484131,NaN,0.49709478020668,0.551182091236115,0.656634926795959,0.54893171787262,|,0.13674333691597,0,0,0.352036029100418,0.548058569431305,0,|,0.157015666365623,0,0.409905165433884,0.44883143901825,0.522587537765503,0
00:57:30,|,0.203983336687088,0.361792594194412,0.232683911919594,0.41858646273613,NaN,0.531027734279633,|,0.178059995174408,NaN,0.484037309885025,0.38692969083786,0.50396317243576,0.533050656318665,|,0.0587366670370102,0,0,0.165101513266563,0.224282816052437,0,|,0.263923346996307,0,0.479147523641586,0.396573573350906,0.386647403240204,0
01:02:30,|,0.254739999771118,0.318755686283112,0.375926792621613,0.557695150375366,NaN,0.49910181760788,|,0.216732248663902,NaN,0.433342695236206,0.519001960754395,0.654186487197876,0.676649868488312,|,0.301043689250946,0,0,0.571321964263916,0.723463714122772,0,|,0.321716666221619,0,0.627111494541168,0.724238872528076,0.849489629268646,0
01:07:30,|,0.239329993724823,0.295398116111755,0.35917067527771,0.43268221616745,NaN,0.709345638751984,|,0.164470002055168,NaN,0.340271294116974,0.405099511146545,0.447815150022507,0.860462546348572,|,0.204579994082451,0,0,0.705554962158203,0.77029150724411,0,|,0.377553343772888,0,0.891908645629883,0.921643078327179,0.992239058017731,0
01:12:30,|,0.818626642227173,1.35687637329102,1.52232599258423,1.62976145744324,NaN,2.39766955375671,|,0.438800007104874,NaN,0.881100594997406,1.03234696388245,1.1050466299057,1.79803192615509,|,0.443349987268448,0,0,1.44427537918091,1.63284683227539,0,|,0.546846687793732,0,1.22073614597321,1.34226083755493,1.52794766426086,0
01:17:30,|,0.443657875061035,0.756412506103516,0.948776960372925,1.0949934720993,NaN,1.82307994365692,|,0.17549666762352,NaN,0.485827177762985,0.646426677703857,0.775350213050842,1.0202431678772,|,0.189603328704834,0,0,0.657310366630554,0.671487331390381,0,|,0.155468493700027,0,0.331747263669968,0.447034806013107,0.601177334785461,0
01:22:30,|,0.100699998438358,0.127566918730736,0.137962654232979,0.182732552289963,NaN,0.672106087207794,|,0.111089996993542,NaN,0.204478338360786,0.196620538830757,0.26655125617981,0.635288238525391,|,0.208973333239555,0,0,0.258319079875946,0.288557678461075,0,|,0.0727366656064987,0,0.16599053144455,0.273770183324814,0.462603658437729,0
01:27:30,|,0.208766669034958,0.330063790082932,0.460248827934265,0.465630143880844,NaN,0.986426949501038,|,0.0982760936021805,NaN,0.19893716275692,0.2637639939785,0.248119950294495,0.638179659843445,|,0.127915978431702,0,0,0.101747073233128,0.166544541716576,0,|,0.117526665329933,0,0.277011454105377,0.209286347031593,0.191083639860153,0
01:32:30,|,0.242343336343765,0.349268049001694,0.361418873071671,0.35748752951622,NaN,0.76815527677536,|,0.148936659097672,NaN,0.300211071968079,0.258766204118729,0.281683564186096,0.45014014840126,|,0.196273326873779,0,0,0.313881188631058,0.234586328268051,0,|,0.250106662511826,0,0.444424092769623,0.462206363677979,0.451738864183426,0
01:37:30,|,0.251370459794998,0.359302788972855,0.399308323860168,0.488386631011963,NaN,0.56269896030426,|,0.172456666827202,NaN,0.450398921966553,0.53307443857193,0.608328402042389,0.346333980560303,|,0.167633339762688,0,0,0.414913028478622,0.335526913404465,0,|,0.167349994182587,0,0.301080048084259,0.406070381402969,0.583846867084503,0
01:42:30,|,0.10252333432436,0.144282460212708,0.0897473767399788,0.115620195865631,NaN,0.496752470731735,|,0.144793331623077,NaN,0.499337643384933,0.596989452838898,0.717612445354462,0.374585002660751,|,0.101066663861275,0,0,0.170935451984406,0.138226985931396,0,|,0.162670001387596,0,0.357252061367035,0.407345592975616,0.404886901378632,0
01:47:30,|,0.294903337955475,0.464363098144531,0.458864271640778,0.471420139074326,NaN,0.817097783088684,|,0.252959996461868,NaN,0.66130667924881,0.742549955844879,0.786220550537109,0.70689845085144,|,0.241903334856033,0,0,0.591526985168457,0.627448201179504,0,|,0.288996338844299,0,0.665083944797516,0.617893874645233,0.692183673381805,0
01:52:30,|,0.235066667199135,0.358059644699097,0.405137479305267,0.554508328437805,NaN,1.13538217544556,|,0.200400128960609,NaN,0.513452589511871,0.614688038825989,0.756423652172089,0.783326923847198,|,0.166682228446007,0,0,0.357260137796402,0.239736333489418,0,|,0.159001469612122,0,0.298248946666718,0.388535976409912,0.537327468395233,0
01:57:30,|,0.288003325462341,0.353875368833542,0.394523650407791,0.419090896844864,NaN,0.895459353923798,|,0.157979995012283,NaN,0.31967368721962,0.398979336023331,0.417624920606613,0.682821035385132,|,0.137979999184608,0,0,0.618039786815643,0.594244480133057,0,|,0.331530004739761,0,0.821023344993591,0.865693032741547,0.883439123630524,0
02:02:30,|,0.265595197677612,0.360520958900452,0.523344159126282,0.648491621017456,NaN,1.11959326267242,|,0.0531233325600624,NaN,0.200063034892082,0.244665563106537,0.264136046171188,0.447994709014893,|,0.115709997713566,0,0,0.425310134887695,0.448713183403015,0,|,0.114846669137478,0,0.227410510182381,0.313640773296356,0.351182103157043,0
02:07:30,|,0.177790001034737,0.168684497475624,0.134154722094536,0.129990711808205,NaN,0.654545843601227,|,0.145086660981178,NaN,0.318233728408813,0.337995439767838,0.327804923057556,0.46389839053154,|,0.219549998641014,0,0,0.350273609161377,0.207348361611366,0,|,0.282920002937317,0,0.705382347106934,0.699109137058258,0.694730043411255,0
02:12:30,|,0.369623333215714,0.723387479782104,0.62446653842926,0.562558829784393,NaN,0.720961332321167,|,0.242036670446396,NaN,0.679051339626312,0.688544809818268,0.804464161396027,0.774970471858978,|,0.28343665599823,0,0,0.43965807557106,0.493190735578537,0,|,0.246328771114349,0,0.600649058818817,0.648482501506805,0.558517813682556,0
02:17:30,|,0.20836666226387,0.476256012916565,0.408096760511398,0.407299757003784,NaN,0.644456565380096,|,0.140606865286827,NaN,0.589108526706696,0.528127610683441,0.562068104743958,0.518122971057892,|,0.113124378025532,0,0,0.518859326839447,0.58738899230957,0,|,0.10815666615963,0,0.150956466794014,0.264107644557953,0.311164647340775,0
02:22:30,|,0.0849900022149086,0.178063929080963,0.133538797497749,0.190220221877098,NaN,0.326506495475769,|,0.0536266677081585,NaN,0.081400640308857,0.150495916604996,0.268810570240021,0.33700293302536,|,0.122993335127831,0,0,0.454367816448212,0.558755159378052,0,|,0.0866066664457321,0,0.223220124840736,0.13309919834137,0.223486363887787,0
02:27:30,|,0.0929976627230644,0.138194367289543,0.106420986354351,0.125641077756882,NaN,0.370597571134567,|,0.0686266645789146,NaN,0.132359534502029,0.0819253250956535,0.146709695458412,0.340711623430252,|,0.100576668977737,0,0,0.181405454874039,0.322844177484512,0,|,0.0535800009965897,0,0.225980252027512,0.221361473202705,0.197072356939316,0
02:32:30,|,0.171463340520859,0.209832042455673,0.270065546035767,0.341047018766403,NaN,0.514405071735382,|,0.0562733337283134,NaN,0.0647868514060974,0.0919426828622818,0.0828694179654121,0.366588175296783,|,0.128419995307922,0,0,0.237288072705269,0.175217136740685,0,|,0.104139998555183,0,0.29339325428009,0.267539173364639,0.258072733879089,0
02:37:30,|,0.0973566696047783,0.094659611582756,0.114620506763458,0.246064469218254,NaN,0.400328189134598,|,0.088469997048378,NaN,0.257825881242752,0.148101195693016,0.108821615576744,0.211864560842514,|,0.153583332896233,0,0,0.268375843763351,0.239043444395065,0,|,0.267813324928284,0,0.594256520271301,0.543467819690704,0.579370737075806,0
02:42:30,|,0.355019986629486,0.558282017707825,0.541563928127289,0.506855070590973,NaN,0.398370712995529,|,0.305175065994263,NaN,0.825079262256622,0.778905630111694,0.786204516887665,0.396860361099243,|,0.311880618333817,0,0,0.670533120632172,0.74433821439743,0,|,0.222967654466629,0,0.591451466083527,0.588021278381348,0.59737503528595,0
02:47:30,|,0.452027350664139,0.824974656105042,0.698804438114166,0.645124197006226,NaN,1.25074982643127,|,0.398079991340637,NaN,1.09155559539795,1.2425901889801,1.41754651069641,1.26468408107758,|,0.492263346910477,0,0,1.0482531785965,1.29611933231354,0,|,0.336879998445511,0,0.88272887468338,0.936387062072754,0.777568757534027,0
02:52:30,|,0.222753331065178,0.347083568572998,0.430425852537155,0.533702552318573,NaN,0.955519676208496,|,0.262203335762024,NaN,0.655555129051208,0.806066751480103,1.01451909542084,0.97594153881073,|,0.272430002689362,0,0,0.62622481584549,0.755322337150574,0,|,0.207923337817192,0,0.391623437404633,0.389728784561157,0.408101618289948,0
02:57:30,|,0.108203336596489,0.292841970920563,0.176473021507263,0.177656471729279,NaN,0.567837476730347,|,0.0850633308291435,NaN,0.168059840798378,0.185072749853134,0.32572939991951,0.428726077079773,|,0.222786664962769,0,0,0.42840239405632,0.558127522468567,0,|,0.0705866664648056,0,0.227049395442009,0.285631150007248,0.51315712928772,0
03:02:30,|,0.181066662073135,0.201518595218658,0.165512785315514,0.223616272211075,NaN,0.300407499074936,|,0.0834933295845985,NaN,0.137150079011917,0.233950436115265,0.339499056339264,0.356143742799759,|,0.109080001711845,0,0,0.329820185899734,0.388107508420944,0,|,0.0388399995863438,0,0.284873753786087,0.437913030385971,0.593672275543213,0
03:07:30,|,0.236126661300659,0.283540904521942,0.425931513309479,0.457245588302612,NaN,0.381188929080963,|,0.0744914934039116,NaN,0.101856485009193,0.215866386890411,0.259855598211288,0.585636019706726,|,0.0758152678608894,0,0,0.138038501143456,0.223214447498322,0,|,0.0841280445456505,0,0.16858959197998,0.321124166250229,0.408878296613693,0
03:12:30,|,0.157332450151443,0.159123972058296,0.16184638440609,0.158262431621552,NaN,0.213941007852554,|,0.132410004734993,NaN,0.208716347813606,0.15883581340313,0.102817520499229,0.15136294066906,|,0.0911366641521454,0,0,0.18526329100132,0.192800670862198,0,|,0.0753366649150848,0,0.248191088438034,0.188633099198341,0.106250673532486,0
03:17:30,|,0.171123340725899,0.355671167373657,0.290043413639069,0.302162081003189,NaN,0.109108082950115,|,0.09672000259161,NaN,0.0969667360186577,0.143633335828781,0.132323652505875,0.244771093130112,|,0.0763799995183945,0,0,0.202720031142235,0.0673046410083771,0,|,0.0417766645550728,0,0.14759187400341,0.206222876906395,0.112867891788483,0
03:22:30,|,0.0471466667950153,0.162882685661316,0.167390823364258,0.244754269719124,NaN,0.194107845425606,|,0.135956659913063,NaN,0.2098488509655,0.141098663210869,0.210683926939964,0.237723246216774,|,0.0977133363485336,0,0,0.21663673222065,0.108636513352394,0,|,0.206676661968231,0,0.456696808338165,0.394368946552277,0.350598305463791,0
03:27:30,|,0.055133331567049,0.106321290135384,0.0640590637922287,0.0817132741212845,NaN,0.119046956300735,|,0.204170003533363,NaN,0.352111339569092,0.330894738435745,0.380052000284195,0.216258138418198,|,0.197206661105156,0,0,0.449591338634491,0.363320529460907,0,|,0.19568333029747,0,0.445451468229294,0.408712685108185,0.379710584878922,0
03:32:30,|,0.217519998550415,0.470759481191635,0.419758945703506,0.426438719034195,NaN,0.465625494718552,|,0.325278431177139,NaN,0.642363786697388,0.634981036186218,0.68735808134079,0.455849915742874,|,0.253687888383865,0,0,0.677564978599548,0.80853658914566,0,|,0.157529175281525,0,0.606809794902802,0.696154832839966,0.682582378387451,0
03:37:30,|,0.199153050780296,0.338385313749313,0.26025378704071,0.356714993715286,NaN,0.698825836181641,|,0.26950666308403,NaN,0.549586713314056,0.553853034973145,0.654305815696716,0.631012797355652,|,0.149556666612625,0,0,0.460563004016876,0.578919589519501,0,|,0.189413338899612,0,0.465322256088257,0.594012558460236,0.611622512340546,0
03:42:30,|,0.0687966644763947,0.220219522714615,0.144626975059509,0.175469636917114,NaN,0.390377551317215,|,0.203373327851295,NaN,0.431416660547256,0.439078718423843,0.522555291652679,0.536050915718079,|,0.12848000228405,0,0,0.304350078105927,0.465811669826508,0,|,0.110090002417564,0,0.366629868745804,0.464297443628311,0.489321500062943,0
03:47:30,|,0.097873330116272,0.21775421500206,0.221536085009575,0.220991790294647,NaN,0.23165887594223,|,0.102210000157356,NaN,0.244398355484009,0.255814611911774,0.341238647699356,0.277268826961517,|,0.0964266657829285,0,0,0.199960544705391,0.211904868483543,0,|,0.109053336083889,0,0.245054855942726,0.270329535007477,0.278964251279831,0
03:52:30,|,0.190359994769096,0.283528357744217,0.308088451623917,0.403138488531113,NaN,0.488305956125259,|,0.260856658220291,NaN,0.594959914684296,0.734175443649292,0.914312243461609,0.962332844734192,|,0.200043335556984,0,0,0.911299824714661,0.841624677181244,0,|,0.201796665787697,0,0.526931643486023,0.619626522064209,0.755811929702759,0
03:57:30,|,0.260433346033096,0.39060452580452,0.441778302192688,0.552422046661377,NaN,0.927543997764587,|,0.143284425139427,NaN,0.211628660559654,0.230000555515289,0.256220906972885,0.5915407538414,|,0.101090364158154,0,0,0.27333801984787,0.290145188570023,0,|,0.0823533311486244,0,0.125751852989197,0.228459089994431,0.271761447191238,0
04:02:30,|,0.157445818185806,0.367755174636841,0.255160003900528,0.219594940543175,NaN,0.301823228597641,|,0.202253326773643,NaN,0.49118983745575,0.414878368377686,0.371819019317627,0.132943913340569,|,0.184206664562225,0,0,0.55516505241394,0.406323939561844,0,|,0.256495505571365,0,0.511776268482208,0.590557634830475,0.653036832809448,0
04:07:30,|,0.114636667072773,0.193445205688477,0.196698755025864,0.139692783355713,NaN,0.243068709969521,|,0.186370000243187,NaN,0.329677134752274,0.410868048667908,0.500068128108978,0.173484176397324,|,0.139493331313133,0,0,0.44841793179512,0.524206161499023,0,|,0.268096655607224,0,0.541412770748138,0.52720832824707,0.53954952955246,0
04:12:30,|,0.109990000724792,0.322481989860535,0.279251337051392,0.279371500015259,NaN,0.197503849864006,|,0.250330001115799,NaN,0.534406960010529,0.613596618175507,0.664671301841736,0.335981667041779,|,0.260479986667633,0,0,0.463716238737106,0.709760963916779,0,|,0.206290006637573,0,0.617431819438934,0.59882640838623,0.57283878326416,0
04:17:30,|,0.208599999547005,0.534674227237701,0.55353194475174,0.525287806987762,NaN,0.434973865747452,|,0.294443339109421,NaN,0.561529457569122,0.623912334442139,0.64962375164032,0.61735612154007,|,0.211470007896423,0,0,0.698009371757507,0.845299184322357,0,|,0.180910006165504,0,0.534105181694031,0.69894951581955,0.830252647399902,0
04:22:30,|,0.145281761884689,0.26808026432991,0.291533023118973,0.34667095541954,NaN,0.317850530147552,|,0.235721901059151,NaN,0.375485062599182,0.44787472486496,0.614533960819244,0.530344069004059,|,0.124098032712936,0,0,0.344940572977066,0.442262560129166,0,|,0.0839499980211258,0,0.252654165029526,0.421564251184464,0.476723402738571,0
04:27:30,|,0.0524666644632816,0.135371834039688,0.148224666714668,0.23117683827877,NaN,0.250164777040482,|,0.0755633339285851,NaN,0.129770070314407,0.27299228310585,0.375852018594742,0.416940122842789,|,0.131576672196388,0,0,0.49734365940094,0.515901446342468,0,|,0.107649214565754,0,0.231651157140732,0.364942520856857,0.559378385543823,0
04:32:30,|,0.164820000529289,0.394652396440506,0.323901742696762,0.357643097639084,NaN,0.309358447790146,|,0.184379994869232,NaN,0.386860370635986,0.336229234933853,0.306410729885101,0.338312536478043,|,0.146970003843307,0,0,0.250916302204132,0.319061905145645,0,|,0.221019998192787,0,0.340963661670685,0.365909516811371,0.37184751033783,0
04:37:30,|,0.182769998908043,0.50269216299057,0.442314058542252,0.510219037532806,NaN,0.559549450874329,|,0.314260005950928,NaN,0.720059752464294,0.787204205989838,0.884844124317169,0.539687395095825,|,0.187450006604195,0,0,0.590898215770721,0.744884848594666,0,|,0.29928332567215,0,0.587680339813232,0.606956779956818,0.763223052024841,0
04:42:30,|,0.109956666827202,0.400291711091995,0.432555645704269,0.436095684766769,NaN,0.440520524978638,|,0.335286676883698,NaN,0.697979867458344,0.802715003490448,0.914891600608826,0.879205465316772,|,0.158206671476364,0,0,0.615880310535431,0.666723072528839,0,|,0.179733335971832,0,0.454241394996643,0.551085591316223,0.67980033159256,0
04:47:30,|,0.140043348073959,0.205238774418831,0.187893003225327,0.27091920375824,NaN,0.356543958187103,|,0.123131044209003,NaN,0.16200652718544,0.224356949329376,0.331624329090118,0.53940886259079,|,0.118509501218796,0,0,0.344916582107544,0.24925123155117,0,|,0.120056666433811,0,0.13281823694706,0.225178182125092,0.233015388250351,0
04:52:30,|,0.128636673092842,0.209145128726959,0.277212738990784,0.201049014925957,NaN,0.311436712741852,|,0.115626662969589,NaN,0.245007529854774,0.316996455192566,0.314926743507385,0.816339433193207,|,0.082036666572094,0,0,0.30731201171875,0.246036246418953,0,|,0.145966663956642,0,0.25590318441391,0.405810564756393,0.563795745372772,0
04:57:30,|,0.263596653938293,0.62401956319809,0.452206373214722,0.483799427747726,NaN,0.433556616306305,|,0.243556663393974,NaN,0.484754711389542,0.542089939117432,0.51078200340271,0.405374675989151,|,0.236213326454163,0,0,0.549684166908264,0.505758464336395,0,|,0.2585828602314,0,0.576102614402771,0.498414605855942,0.48649525642395,0
05:02:30,|,0.0600599981844425,0.215094178915024,0.125520259141922,0.195148915052414,NaN,0.439461588859558,|,0.219306662678719,NaN,0.458749622106552,0.530699849128723,0.662124037742615,0.703343152999878,|,0.151113331317902,0,0,0.441673338413239,0.639845192432404,0,|,0.192570000886917,0,0.359485149383545,0.423425287008286,0.534275889396667,0
05:07:30,|,0.0958766639232635,0.199017822742462,0.173634812235832,0.238915309309959,NaN,0.424979954957962,|,0.156346663832664,NaN,0.311476320028305,0.408991664648056,0.532372832298279,0.523358941078186,|,0.144436672329903,0,0,0.282092213630676,0.427905887365341,0,|,0.0795333310961723,0,0.368767708539963,0.346095025539398,0.327457427978516,0
05:12:30,|,0.197065681219101,0.341161251068115,0.367475748062134,0.367983460426331,NaN,0.53431111574173,|,0.217610001564026,NaN,0.515980184078217,0.503150284290314,0.581614673137665,0.544801414012909,|,0.0676425471901894,0,0,0.0891998931765556,0.292906850576401,0,|,0.0857733339071274,0,0.274041324853897,0.341365575790405,0.399709761142731,0
05:17:30,|,0.187466666102409,0.411194562911987,0.383174389600754,0.371179133653641,NaN,0.680372774600983,|,0.194868296384811,NaN,0.333791196346283,0.303132236003876,0.44168609380722,0.562132060527802,|,0.0304799992591143,0,0,0.135781034827232,0.147710785269737,0,|,0.166810005903244,0,0.33713161945343,0.397301107645035,0.418377012014389,0
05:22:30,|,0.126196667551994,0.32929328083992,0.27589613199234,0.266234815120697,NaN,0.613943934440613,|,0.182473331689835,NaN,0.415761888027191,0.352158457040787,0.470674753189087,0.510140359401703,|,0.208143338561058,0,0,0.44345697760582,0.522778630256653,0,|,0.286462157964706,0,0.540488362312317,0.609378099441528,0.561913907527924,0
05:27:30,|,0.0595666654407978,0.117606364190578,0.0769090950489044,0.177136704325676,NaN,0.567390441894531,|,0.343806654214859,NaN,0.804491639137268,0.927690804004669,0.888574182987213,0.877262830734253,|,0.20546667277813,0,0,0.540608108043671,0.750233113765717,0,|,0.273093342781067,0,0.416950613260269,0.497014194726944,0.583102524280548,0
05:32:30,|,0.0798399448394775,0.213476404547691,0.202245384454727,0.249151676893234,NaN,0.539789319038391,|,0.284070014953613,NaN,0.584888160228729,0.663340151309967,0.702377796173096,0.709968864917755,|,0.103167720139027,0,0,0.365381687879562,0.276678830385208,0,|,0.207550004124641,0,0.400432944297791,0.390043258666992,0.474808394908905,0
05:37:30,|,0.135600000619888,0.375213503837585,0.248471960425377,0.317101746797562,NaN,0.607364356517792,|,0.261363327503204,NaN,0.661844551563263,0.617797791957855,0.769936203956604,0.931352615356445,|,0.193453326821327,0,0,0.436828911304474,0.424588441848755,0,|,0.222916662693024,0,0.58392471075058,0.662217617034912,0.670657694339752,0
05:42:30,|,0.173963338136673,0.309594541788101,0.283250480890274,0.352301180362701,NaN,1.17314910888672,|,0.311313778162003,NaN,0.639297842979431,0.75747275352478,0.889899909496307,1.16232442855835,|,0.227503329515457,0,0,0.682650208473206,0.775834977626801,0,|,0.272776663303375,0,0.595643937587738,0.694677829742432,0.85642671585083,0
05:47:30,|,0.215476661920547,0.408424973487854,0.524747967720032,0.720405459403992,NaN,1.7244199514389,|,0.311196655035019,NaN,0.558418750762939,0.681268632411957,0.87773334980011,1.14729142189026,|,0.293756663799286,0,0,0.944540977478027,1.18521916866302,0,|,0.258696675300598,0,0.630404353141785,0.781858325004578,0.947815656661987,0
05:52:30,|,0.13728666305542,0.412633985280991,0.45118060708046,0.565715670585632,NaN,1.40690982341766,|,0.199323326349258,NaN,0.340308040380478,0.417117983102798,0.575582444667816,0.787308931350708,|,0.175029993057251,0,0,0.595390498638153,0.843517422676086,0,|,0.120206736028194,0,0.183326557278633,0.217623516917229,0.243711337447166,0
05:57:30,|,0.181917309761047,0.244637191295624,0.291550010442734,0.458443820476532,NaN,1.11865568161011,|,0.0649399980902672,NaN,0.133364498615265,0.206445336341858,0.338371813297272,0.355917513370514,|,0.170323327183723,0,0,0.506384253501892,0.447877019643784,0,|,0.124480001628399,0,0.31047534942627,0.295421451330185,0.333694785833359,0
06:02:30,|,0.322616666555405,0.543916761875153,0.488956958055496,0.456808298826218,NaN,0.748225569725037,|,0.216429993510246,NaN,0.370863735675812,0.469732314348221,0.436171799898148,0.470070898532867,|,0.208876296877861,0,0,0.734714806079865,0.938734233379364,0,|,0.324959993362427,0,0.810299456119537,0.940975308418274,1.10919010639191,0
06:07:30,|,0.431156665086746,0.765333473682404,0.8643399477005,0.9242262840271,NaN,1.08598649501801,|,0.105425141751766,NaN,0.351597368717194,0.494759678840637,0.667156755924225,0.894420981407166,|,0.127113327383995,0,0,0.580970227718353,0.713466048240662,0,|,0.205253332853317,0,0.460010439157486,0.703216016292572,0.823656857013702,0
06:12:30,|,0.147966668009758,0.234930410981178,0.360512584447861,0.474560528993607,NaN,0.910039365291595,|,0.0489066652953625,NaN,0.126141339540482,0.258083939552307,0.409894913434982,0.516023695468903,|,0.0921700000762939,0,0,0.220990285277367,0.231875985860825,0,|,0.135546669363976,0,0.204088792204857,0.2379489839077,0.335996806621552,0
06:17:30,|,0.193673327565193,0.3204745054245,0.218051582574844,0.208959609270096,NaN,0.291763663291931,|,0.149920001626015,NaN,0.240023523569107,0.166434124112129,0.235587760806084,0.311002045869827,|,0.129559993743896,0,0,0.245193630456924,0.123195886611938,0,|,0.191307097673416,0,0.373675942420959,0.132552653551102,0.111884072422981,0
06:22:30,|,0.178379461169243,0.357502371072769,0.243681713938713,0.269041031599045,NaN,0.156056433916092,|,0.161866664886475,NaN,0.372560858726501,0.350888252258301,0.364889174699783,0.194203391671181,|,0.173057690262794,0,0,0.32409280538559,0.235651940107346,0,|,0.208279997110367,0,0.49186372756958,0.494989365339279,0.309517592191696,0
06:27:30,|,0.0614800006151199,0.077678382396698,0.0782180652022362,0.0767605975270271,NaN,0.214791148900986,|,0.045329999178648,NaN,0.049907598644495,0.0824162065982819,0.103776596486568,0.144613415002823,|,0.127140000462532,0,0,0.185470432043076,0.23194944858551,0,|,0.121530003845692,0,0.267121851444244,0.357691794633865,0.310920923948288,0
06:32:30,|,0.127013325691223,0.162993803620338,0.135349690914154,0.165731057524681,NaN,0.284825325012207,|,0.143384456634521,NaN,0.357923656702042,0.276687324047089,0.279565513134003,0.238861992955208,|,0.107593335211277,0,0,0.339434027671814,0.380841374397278,0,|,0.243726670742035,0,0.48353835940361,0.495625078678131,0.491983562707901,0
06:37:30,|,0.287523329257965,0.481671512126923,0.429177731275558,0.415853023529053,NaN,0.63377320766449,|,0.311729997396469,NaN,0.754911005496979,0.658567488193512,0.795598089694977,0.822564959526062,|,0.19768999516964,0,0,0.512349665164948,0.713147222995758,0,|,0.382519990205765,0,0.757661759853363,0.792031645774841,0.830123424530029,0
06:42:30,|,0.299186676740646,0.637931704521179,0.621921896934509,0.675747811794281,NaN,0.671836078166962,|,0.259473323822021,NaN,0.689854860305786,0.650360465049744,0.68736457824707,0.932200610637665,|,0.115606665611267,0,0,0.256178259849548,0.35071387887001,0,|,0.312086671590805,0,0.639976441860199,0.776343584060669,0.843697190284729,0
06:47:30,|,0.212744250893593,0.375308483839035,0.373867809772491,0.505458176136017,NaN,0.724354803562164,|,0.216659992933273,NaN,0.496549665927887,0.54930168390274,0.65103805065155,0.819772958755493,|,0.120813600718975,0,0,0.24797910451889,0.279956966638565,0,|,0.213007673621178,0,0.365738540887833,0.404714107513428,0.465275794267654,0
06:52:30,|,0.210063338279724,0.50216281414032,0.39393424987793,0.458018809556961,NaN,0.700126349925995,|,0.197526663541794,NaN,0.541212618350983,0.55786544084549,0.683380424976349,0.941318511962891,|,0.123173333704472,0,0,0.480920284986496,0.675170600414276,0,|,0.195453330874443,0,0.359837532043457,0.509392857551575,0.577188193798065,0
06:57:30,|,0.0772200003266335,0.191685423254967,0.0816231891512871,0.127133294939995,NaN,0.510054588317871,|,0.0889263078570366,NaN,0.212616935372353,0.245026960968971,0.355522185564041,0.517046928405762,|,0.0633133351802826,0,0,0.155836686491966,0.204326540231705,0,|,0.112080000340939,0,0.180471852421761,0.306851178407669,0.417638659477234,0
07:02:30,|,0.0972966700792313,0.0962714180350304,0.163470074534416,0.188171297311783,NaN,0.299953043460846,|,0.075273334980011,NaN,0.13437058031559,0.144765615463257,0.232907742261887,0.285327732563019,|,0.0973866656422615,0,0,0.139737442135811,0.239489212632179,0,|,0.136023327708244,0,0.281172335147858,0.39869898557663,0.429948091506958,0
07:07:30,|,0.0669956654310226,0.109448723495007,0.19457134604454,0.189978539943695,NaN,0.2180215716362,|,0.167930006980896,NaN,0.246658205986023,0.257172554731369,0.280379086732864,0.297820061445236,|,0.0913000032305717,0,0,0.131697028875351,0.221262529492378,0,|,0.163780003786087,0,0.337804555892944,0.416671693325043,0.426877111196518,0
07:12:30,|,0.0751666650176048,0.183553323149681,0.158276528120041,0.1137465685606,NaN,0.263738304376602,|,0.128616660833359,NaN,0.165285587310791,0.21962083876133,0.295612245798111,0.299974858760834,|,0.122259996831417,0,0,0.169681221246719,0.282769590616226,0,|,0.114068023860455,0,0.388942986726761,0.484225928783417,0.457718640565872,0
07:17:30,|,0.0731366649270058,0.137805551290512,0.16877381503582,0.174755543470383,NaN,0.475070595741272,|,0.0911066681146622,NaN,0.205582141876221,0.19805620610714,0.223148971796036,0.339969038963318,|,0.198779597878456,0,0,0.292792558670044,0.327475547790527,0,|,0.231646671891212,0,0.526583552360535,0.642303287982941,0.601100504398346,0
07:22:30,|,0.114773333072662,0.109663285315037,0.0680461376905441,0.0944016128778458,NaN,0.419590711593628,|,0.126602202653885,NaN,0.194614440202713,0.184041708707809,0.20405550301075,0.367231667041779,|,0.181116670370102,0,0,0.277034282684326,0.341900706291199,0,|,0.263220012187958,0,0.495269477367401,0.604359865188599,0.633780479431152,0
07:27:30,|,0.105599999427795,0.120037287473679,0.140086427330971,0.142258003354073,NaN,0.439336866140366,|,0.182316660881042,NaN,0.330732196569443,0.321707606315613,0.330900222063065,0.554235100746155,|,0.133179992437363,0,0,0.287757337093353,0.404489129781723,0,|,0.264986664056778,0,0.465763062238693,0.549991190433502,0.514442563056946,0
07:32:30,|,0.11650550365448,0.0995114669203758,0.161543682217598,0.213993847370148,NaN,0.626596629619598,|,0.119566664099693,NaN,0.304280877113342,0.342904657125473,0.408742606639862,0.532518327236176,|,0.149470001459122,0,0,0.286249995231628,0.336250096559525,0,|,0.164399996399879,0,0.240885183215141,0.309548228979111,0.379398226737976,0
07:37:30,|,0.149753332138062,0.0571928359568119,0.152915045619011,0.238856360316277,NaN,0.581602394580841,|,0.119446665048599,NaN,0.111947976052761,0.14468789100647,0.183956503868103,0.336106449365616,|,0.291720569133759,0,0,0.404226303100586,0.270797520875931,0,|,0.215496674180031,0,0.316588222980499,0.256164342164993,0.320229858160019,0
07:42:30,|,0.198726668953896,0.172851249575615,0.188588574528694,0.229141175746918,NaN,0.370444148778915,|,0.136930003762245,NaN,0.117371246218681,0.133208885788918,0.152224645018578,0.285567551851273,|,0.254143327474594,0,0,0.386995524168015,0.278155326843262,0,|,0.248329445719719,0,0.361024260520935,0.256625384092331,0.217401787638664,0
07:47:30,|,0.326999992132187,0.573007225990295,0.496975809335709,0.43818935751915,NaN,0.421414524316788,|,0.232520833611488,NaN,0.218449994921684,0.308612942695618,0.263708353042603,0.359080791473389,|,0.309969991445541,0,0,0.403629392385483,0.41123104095459,0,|,0.36163666844368,0,0.484182804822922,0.402824819087982,0.390894621610641,0
07:52:30,|,0.334309995174408,0.588529169559479,0.543905556201935,0.501528561115265,NaN,0.576278269290924,|,0.24877667427063,NaN,0.351931691169739,0.421521574258804,0.456304222345352,0.587639689445496,|,0.178756669163704,0,0,0.279084175825119,0.385029077529907,0,|,0.225106671452522,0,0.330915689468384,0.242611393332481,0.242696732282639,0
07:57:30,|,0.296445488929749,0.442183703184128,0.587208688259125,0.679420530796051,NaN,1.02342629432678,|,0.16009333729744,NaN,0.244600564241409,0.289019256830215,0.285270869731903,0.440230011940002,|,0.196316659450531,0,0,0.394459396600723,0.485528349876404,0,|,0.150963336229324,0,0.152054250240326,0.233410030603409,0.284571349620819,0
08:02:30,|,0.334760010242462,0.569063127040863,0.611289858818054,0.664785861968994,NaN,0.925576090812683,|,0.186433330178261,NaN,0.335575371980667,0.497948408126831,0.612924575805664,0.698587775230408,|,0.236858949065208,0,0,0.589075148105621,0.687495589256287,0,|,0.17515666782856,0,0.291843295097351,0.409220457077026,0.430883973836899,0
08:07:30,|,0.370326668024063,0.630187630653381,0.70582526922226,0.75976026058197,NaN,0.914376854896545,|,0.248886659741402,NaN,0.535109102725983,0.561965882778168,0.602285087108612,0.710294187068939,|,0.236866667866707,0,0,0.368587136268616,0.375194430351257,0,|,0.219133049249649,0,0.449125170707703,0.407996833324432,0.425149381160736,0
08:12:30,|,0.255373328924179,0.449887305498123,0.464636206626892,0.509812593460083,NaN,0.777802765369415,|,0.416325449943542,NaN,0.786812603473663,0.871663868427277,0.977997839450836,1.11158192157745,|,0.620953321456909,0,0,1.35758101940155,1.31585264205933,0,|,0.885949969291687,0,1.64169824123383,1.61701583862305,1.76661670207977,0
08:17:30,|,0.69543182849884,1.05836188793182,1.18013346195221,1.43973660469055,NaN,1.91240155696869,|,0.666676640510559,NaN,1.3754677772522,1.58207619190216,1.83163607120514,2.20146203041077,|,0.754573345184326,0,0,1.54843699932098,1.48031151294708,0,|,0.846109986305237,0,1.59620261192322,1.56115961074829,1.68278348445892,0
08:22:30,|,0.757529973983765,1.01700031757355,1.08113491535187,1.26196527481079,NaN,1.50179350376129,|,0.439176678657532,NaN,0.738499224185944,0.823539733886719,0.868146896362305,1.18101477622986,|,0.413833320140839,0,0,0.793833255767822,0.789750099182129,0,|,0.643939971923828,0,1.23761010169983,1.22120320796967,1.28193950653076,0
08:27:30,|,0.337786674499512,0.495519161224365,0.453730762004852,0.466711640357971,NaN,0.416592568159103,|,0.293123334646225,NaN,0.349455982446671,0.349258989095688,0.325695186853409,0.405096858739853,|,0.400166720151901,0,0,0.64484053850174,0.664150238037109,0,|,0.428689986467361,0,0.696418166160583,0.722607374191284,0.787060678005219,0
08:32:30,|,0.258406668901443,0.317462652921677,0.285901933908463,0.363550305366516,NaN,0.578609704971313,|,0.337396651506424,NaN,0.497277826070786,0.58560436964035,0.606183707714081,0.732402622699738,|,0.322210013866425,0,0,0.664218544960022,0.622087359428406,0,|,0.571347117424011,0,0.932321548461914,0.937561333179474,1.01391541957855,0
08:37:30,|,0.684596657752991,0.917190611362457,0.855720937252045,0.862108886241913,NaN,1.00177597999573,|,0.628676235675812,NaN,1.03933227062225,1.08723104000092,1.16688823699951,1.24748969078064,|,0.564920008182526,0,0,1.15096616744995,1.11523377895355,0,|,0.588880002498627,0,0.987131178379059,0.948638260364532,1.01088833808899,0
08:42:30,|,0.724161386489868,1.09802711009979,1.13149070739746,1.17056274414063,NaN,1.15482068061829,|,0.446903347969055,NaN,0.65310138463974,0.745944142341614,0.75326669216156,0.882530152797699,|,0.375716656446457,0,0,0.661936938762665,0.646557092666626,0,|,0.36627334356308,0,0.473870307207108,0.55450439453125,0.607200980186462,0
08:47:30,|,0.628929972648621,0.929949700832367,1.02189481258392,1.04858100414276,NaN,1.12644517421722,|,0.451843321323395,NaN,0.717154741287231,0.769280970096588,0.852491855621338,1.03109097480774,|,0.608846306800842,0,0,1.22304177284241,1.11862015724182,0,|,0.586483359336853,0,1.1203396320343,1.25439095497131,1.36431908607483,0
08:52:30,|,0.955386638641357,1.68912816047668,1.80374217033386,1.84312307834625,NaN,2.04327821731567,|,0.803116679191589,NaN,1.48967981338501,1.63690435886383,1.73371124267578,1.99322819709778,|,0.688016653060913,0,0,1.43675923347473,1.40470945835114,0,|,0.600236654281616,0,1.19375133514404,1.3719197511673,1.4160418510437,0
08:57:30,|,0.952093303203583,1.58560800552368,1.67363846302032,1.68288707733154,NaN,1.96719813346863,|,0.738112688064575,NaN,1.55203986167908,1.71690630912781,1.81891489028931,1.89518475532532,|,0.618763327598572,0,0,1.39429008960724,1.37219870090485,0,|,0.679823279380798,0,1.4630960226059,1.66265106201172,1.803826212883,0
09:02:30,|,0.948022663593292,1.52880370616913,1.62167906761169,1.71947479248047,NaN,1.96781170368195,|,0.646960020065308,NaN,1.21665108203888,1.30005192756653,1.38895797729492,1.69116425514221,|,0.632226645946503,0,0,1.14620625972748,1.14033770561218,0,|,0.729019999504089,0,1.35249757766724,1.48364043235779,1.47477746009827,0
09:07:30,|,1.13603329658508,1.84992003440857,1.98607754707336,2.04170370101929,NaN,2.32815217971802,|,0.79584664106369,NaN,1.63739490509033,1.82937216758728,1.9318528175354,2.28024768829346,|,0.744023323059082,0,0,1.67318427562714,1.75525009632111,0,|,0.587859988212585,0,1.08903646469116,1.21674060821533,1.26083886623383,0
09:12:30,|,1.23302328586578,1.93051600456238,2.05821561813354,2.13122963905334,NaN,2.37112903594971,|,0.915866672992706,NaN,1.83502423763275,1.94691812992096,2.03311944007874,2.23547959327698,|,1.01251089572906,0,0,2.23520278930664,2.21699833869934,0,|,0.875620007514954,0,1.78490114212036,2.02100682258606,2.17263555526733,0
09:17:30,|,1.33058667182922,2.22336030006409,2.3798553943634,2.50396990776062,NaN,2.81819367408752,|,0.979009985923767,NaN,2.0414354801178,2.16132402420044,2.31170392036438,2.59146094322205,|,0.947920024394989,0,0,2.15244913101196,2.20652437210083,0,|,1.0355418920517,0,2.00491881370544,2.2374484539032,2.41496896743774,0
09:22:30,|,1.42176997661591,2.38727879524231,2.55138468742371,2.68297219276428,NaN,3.23819494247437,|,1.12213742733002,NaN,2.34018325805664,2.49412178993225,2.61202454566956,2.91120958328247,|,0.975026667118073,0,0,2.01099801063538,2.03904485702515,0,|,1.11882483959198,0,2.21626782417297,2.38064408302307,2.54068493843079,0
09:27:30,|,1.20515167713165,1.98600232601166,2.14214849472046,2.20071077346802,NaN,2.53629207611084,|,1.05198669433594,NaN,2.17924380302429,2.35342335700989,2.5083224773407,2.77107191085815,|,1.07312667369843,0,0,2.42501378059387,2.44329214096069,0,|,1.17902004718781,0,2.28058886528015,2.48648381233215,2.58589386940002,0
09:32:30,|,1.29645669460297,2.24850058555603,2.38152861595154,2.55677509307861,NaN,3.12795066833496,|,1.10232663154602,NaN,2.20477890968323,2.42756986618042,2.64903092384338,2.78996753692627,|,1.0313333272934,0,0,2.28365588188171,2.28850674629211,0,|,1.17507994174957,0,2.29377365112305,2.46042275428772,2.64522552490234,0
09:37:30,|,1.2562700510025,2.15110993385315,2.3749532699585,2.57440328598022,NaN,2.95650601387024,|,1.04151666164398,NaN,2.02328991889954,2.16568326950073,2.39692950248718,2.73294615745544,|,1.15264415740967,0,0,2.75643372535706,2.87930679321289,0,|,1.17425668239594,0,2.43656897544861,2.66204500198364,2.88041257858276,0
09:42:30,|,1.2534966468811,2.17060852050781,2.343337059021,2.46367025375366,NaN,2.85699582099915,|,0.996653318405151,NaN,1.84182977676392,1.97272086143494,2.13969755172729,2.417644739151,|,1.04577672481537,0,0,2.26101493835449,2.19870018959045,0,|,1.21836614608765,0,2.49244236946106,2.76647472381592,2.9677517414093,0
09:47:30,|,1.09500169754028,1.76975786685944,1.89820563793182,2.08786153793335,NaN,2.67146396636963,|,0.836288750171661,NaN,1.71524322032928,1.96361112594604,2.20409607887268,2.3852527141571,|,1.05671668052673,0,0,2.25029349327087,2.30520367622375,0,|,0.940716683864594,0,1.98099803924561,2.14111852645874,2.33775568008423,0
09:52:30,|,1.20601665973663,2.07570767402649,2.21685218811035,2.34437346458435,NaN,2.78490138053894,|,1.11090338230133,NaN,2.18702483177185,2.35523319244385,2.51159358024597,2.78720545768738,|,1.10409331321716,0,0,2.48045516014099,2.54724931716919,0,|,1.02101671695709,0,2.08245205879211,2.24088907241821,2.44709157943726,0
09:57:30,|,0.99492335319519,1.70383834838867,1.87023460865021,2.00670051574707,NaN,2.52228164672852,|,0.875316679477692,NaN,1.75045883655548,2.00313305854797,2.31685495376587,2.7107150554657,|,0.990716874599457,0,0,2.15700006484985,2.16608500480652,0,|,1.08582997322083,0,2.2694685459137,2.50565409660339,2.73764371871948,0
10:02:30,|,1.06461334228516,1.70815289020538,1.82404839992523,1.93540072441101,NaN,2.28322577476501,|,0.959163308143616,NaN,1.86043500900269,1.99019551277161,2.16092848777771,2.33700728416443,|,0.971323311328888,0,0,2.19639945030212,2.13968968391418,0,|,0.897966682910919,0,1.83548283576965,2.05977296829224,2.26717758178711,0
10:07:30,|,1.2161500453949,1.8520884513855,1.97020149230957,2.09098982810974,NaN,2.36292004585266,|,1.04034328460693,NaN,2.05202889442444,2.21765851974487,2.3502504825592,2.49839472770691,|,0.982346653938293,0,0,2.08294653892517,2.15984416007996,0,|,0.960113346576691,0,1.82748329639435,2.02526903152466,2.11743664741516,0
10:12:30,|,1.11112368106842,1.84737777709961,1.94537675380707,2.05499124526978,NaN,2.40292072296143,|,1.16180729866028,NaN,2.22547459602356,2.38082599639893,2.53033041954041,2.78500318527222,|,0.994093358516693,0,0,2.32760643959045,2.3583927154541,0,|,0.915120005607605,0,1.79798269271851,2.05423140525818,2.22410845756531,0
10:17:30,|,0.89167332649231,1.37598264217377,1.52126097679138,1.65942692756653,NaN,1.91875326633453,|,1.07124161720276,NaN,1.91263282299042,2.08415246009827,2.26918125152588,2.68877601623535,|,1.07210338115692,0,0,2.25641703605652,2.41563677787781,0,|,1.06455671787262,0,2.11904406547546,2.38018155097961,2.58980679512024,0
10:22:30,|,0.860876679420471,1.25380957126617,1.29889845848083,1.42417943477631,NaN,1.76043379306793,|,0.732666671276093,NaN,1.42803204059601,1.38753914833069,1.56475555896759,1.80367362499237,|,0.883721232414246,0,0,1.79107284545898,1.87493276596069,0,|,1.11121666431427,0,2.15939664840698,2.28219318389893,2.47456073760986,0
10:27:30,|,0.983439981937408,1.51429998874664,1.65630924701691,1.76292645931244,NaN,2.15769672393799,|,0.899896681308746,NaN,1.3119865655899,1.88933622837067,2.06833672523499,2.44617438316345,|,1.15941333770752,0,0,2.62989187240601,2.70914006233215,0,|,1.13753664493561,0,2.40224599838257,2.63922834396362,2.85371327400208,0
10:32:30,|,0.923767924308777,1.41031730175018,1.42894768714905,1.43237340450287,NaN,1.52515590190887,|,0.67193728685379,NaN,0.607533872127533,1.35511040687561,1.52705991268158,1.67529535293579,|,0.728169977664948,0,0,1.3726441860199,1.36311006546021,0,|,0.52888298034668,0,0.93621438741684,1.09016942977905,1.11643171310425,0
10:37:30,|,0.762380003929138,1.17744624614716,1.21075189113617,1.28617382049561,NaN,1.47789454460144,|,0.614293336868286,NaN,1.1363970041275,1.17582392692566,1.29004168510437,1.44907009601593,|,0.75424998998642,0,0,1.48036551475525,1.54182732105255,0,|,0.698516666889191,0,1.35217797756195,1.56452786922455,1.68934690952301,0
10:42:30,|,1.30543339252472,2.07712316513062,2.22312235832214,2.40121793746948,NaN,2.84281587600708,|,0.821283340454102,NaN,1.52209711074829,1.64490795135498,1.86259174346924,2.11120843887329,|,0.920729994773865,0,0,1.94512128829956,1.90075540542603,0,|,0.645776689052582,0,1.14925920963287,1.33440828323364,1.41954243183136,0
10:47:30,|,0.605396687984467,0.773884952068329,0.802326023578644,0.917762279510498,NaN,1.1786607503891,|,0.727693319320679,NaN,1.17895066738129,1.42984163761139,1.66504073143005,2.04193544387817,|,0.760726928710938,0,0,1.96339297294617,2.00284290313721,0,|,0.734613358974457,0,1.66439127922058,2.04505896568298,2.27591824531555,0
10:52:30,|,0.891323328018188,1.4425311088562,1.57550632953644,1.74728095531464,NaN,2.39553880691528,|,0.570756673812866,NaN,0.853353977203369,1.052898645401,1.25986635684967,1.48381221294403,|,0.546883344650269,0,0,1.02543413639069,1.0316458940506,0,|,0.552049994468689,0,0.952571332454681,1.10340571403503,1.22453761100769,0
10:57:30,|,0.816202044487,1.08817517757416,1.41428446769714,1.77106726169586,NaN,2.28947806358337,|,1.05442810058594,NaN,1.53946900367737,2.10442328453064,2.44040322303772,2.87034058570862,|,1.30162668228149,0,0,2.95941352844238,3.0585401058197,0,|,1.06248414516449,0,2.57042527198792,3.03079962730408,3.40623879432678,0
11:02:30,|,0.942913353443146,1.37480366230011,1.43330490589142,1.5397047996521,NaN,1.75240111351013,|,0.621443331241608,NaN,1.45002603530884,0.950590789318085,1.10539197921753,1.35172188282013,|,0.782970011234283,0,0,1.62987196445465,1.66467082500458,0,|,1.01287996768951,0,1.99691987037659,2.23597884178162,2.39557337760925,0
11:07:30,|,0.739453315734863,1.12554395198822,1.28963983058929,1.45197463035583,NaN,1.71946203708649,|,1.11305665969849,NaN,1.90921831130981,2.22599935531616,2.31330490112305,2.51226592063904,|,0.831313788890839,0,0,1.62825095653534,1.73225951194763,0,|,0.51378333568573,0,1.00159168243408,1.15113770961761,1.28144311904907,0
11:12:30,|,0.693043351173401,1.020143866539,1.22472238540649,1.44972217082977,NaN,1.92216384410858,|,0.510280013084412,NaN,0.828904271125793,0.893744349479675,0.937445878982544,1.05781090259552,|,0.878073334693909,0,0,1.56391406059265,1.62793278694153,0,|,0.403253346681595,0,0.692138433456421,0.799519777297974,0.838611543178558,0
11:17:30,|,0.820370137691498,1.21330809593201,1.33732581138611,1.51457846164703,NaN,1.9240620136261,|,0.675678551197052,NaN,1.06786465644836,1.39027607440948,1.74543964862823,2.11939597129822,|,0.786889970302582,0,0,1.9167720079422,2.07476019859314,0,|,0.685418486595154,0,1.23674237728119,1.44947743415833,1.51555693149567,0
11:22:30,|,0.835423350334167,1.17548847198486,1.21754431724548,1.28313207626343,NaN,1.46062695980072,|,0.694530010223389,NaN,0.979002177715302,1.23039579391479,1.40291845798492,1.70091545581818,|,0.888313353061676,0,0,1.78152394294739,1.84542608261108,0,|,0.695903360843658,0,1.24596917629242,1.34411060810089,1.40791857242584,0
11:27:30,|,0.919833362102509,1.24016153812408,1.30255532264709,1.39375853538513,NaN,1.37863385677338,|,0.592769980430603,NaN,0.899153351783752,1.02605473995209,1.09174752235413,1.195192694664,|,0.944203317165375,0,0,1.93297040462494,1.89075326919556,0,|,0.840640008449554,0,1.64089047908783,1.9020619392395,2.03485631942749,0
11:32:30,|,0.516993343830109,0.687267482280731,0.673688590526581,0.777273297309875,NaN,1.00569558143616,|,0.538026690483093,NaN,0.816370487213135,0.950070381164551,0.963788688182831,1.05490362644196,|,0.663511157035828,0,0,1.11705136299133,1.22357773780823,0,|,0.587979972362518,0,0.953843951225281,1.21998012065887,1.35959327220917,0
11:37:30,|,0.707319974899292,0.861326038837433,0.860610365867615,0.970308840274811,NaN,1.13608193397522,|,0.543116688728333,NaN,0.597028076648712,0.718068957328796,0.807959318161011,1.07172167301178,|,0.785833358764648,0,0,1.47467362880707,1.55547642707825,0,|,0.576681137084961,0,0.934828400611877,1.02538549900055,1.11128628253937,0
11:42:30,|,0.78731244802475,1.00207543373108,1.27360868453979,1.69088244438171,NaN,2.47558856010437,|,0.762944340705872,NaN,1.30525422096252,1.48761200904846,1.76510500907898,2.20842719078064,|,0.604093313217163,0,0,0.847261965274811,0.875526547431946,0,|,0.662857592105865,0,0.990865767002106,1.08209133148193,1.13451361656189,0
11:47:30,|,0.989586651325226,1.64519655704498,1.71908092498779,1.78247797489166,NaN,2.00930380821228,|,0.604650020599365,NaN,0.812271475791931,1.03983521461487,1.21290791034698,1.67358028888702,|,0.800840020179749,0,0,1.64523327350616,1.71454334259033,0,|,0.625556647777557,0,1.18667650222778,1.3141553401947,1.42191016674042,0
11:52:30,|,0.96003669500351,1.57052135467529,1.6452751159668,1.66564357280731,NaN,1.74481046199799,|,0.796230018138885,NaN,1.41207313537598,1.47063302993774,1.46763253211975,1.60034310817719,|,0.623054325580597,0,0,1.0812668800354,1.04921209812164,0,|,0.751587212085724,0,1.08743631839752,1.13791477680206,1.19399297237396,0
11:57:30,|,0.838880002498627,1.3733047246933,1.35862934589386,1.3838769197464,NaN,1.47958278656006,|,0.654346644878387,NaN,1.08331608772278,1.2103807926178,1.26156556606293,1.50439083576202,|,0.792992413043976,0,0,1.62055206298828,1.64812040328979,0,|,1.20268273353577,0,2.13176727294922,2.21521210670471,2.33487391471863,0
12:02:30,|,0.9422607421875,1.5189882516861,1.58564507961273,1.67821717262268,NaN,1.71698474884033,|,0.906095385551453,NaN,1.63747239112854,1.71988844871521,1.85263121128082,2.20172905921936,|,0.861459970474243,0,0,1.53348863124847,1.65617597103119,0,|,0.904933214187622,0,1.59065628051758,1.63932013511658,1.72424530982971,0
12:07:30,|,0.618456661701202,0.969302415847778,1.00392961502075,1.11511182785034,NaN,1.38008654117584,|,0.80579000711441,NaN,1.19820749759674,1.31090998649597,1.4068603515625,1.98070859909058,|,0.73737108707428,0,0,1.3863559961319,1.48183608055115,0,|,0.829743087291718,0,1.54627513885498,1.7181556224823,1.84407114982605,0
12:12:30,|,0.994556665420532,1.56638312339783,1.68722295761108,1.7490040063858,NaN,1.96578884124756,|,0.757713317871094,NaN,1.12902927398682,1.94104886054993,2.22747445106506,2.96153450012207,|,0.94952666759491,0,0,2.38985872268677,2.53540205955505,0,|,1.04951333999634,0,1.981893658638,2.0756824016571,2.20908331871033,0
12:17:30,|,0.784916639328003,1.42509651184082,1.4602472782135,1.57630884647369,NaN,1.84508121013641,|,0.412796676158905,NaN,0.764355540275574,0.892907321453094,1.06323504447937,1.33371555805206,|,0.704659998416901,0,0,1.94505524635315,2.0507972240448,0,|,0.454490005970001,0,1.23685145378113,1.49620389938354,1.58021461963654,0
12:22:30,|,0.556816637516022,0.866859376430511,0.926325857639313,1.19919013977051,NaN,1.62138938903809,|,0.570073306560516,NaN,1.0837687253952,1.24551355838776,1.47668492794037,1.67651498317719,|,0.365353345870972,0,0,1.17220664024353,1.36461889743805,0,|,0.343096673488617,0,0.972797811031342,1.2189394235611,1.29162728786469,0
12:27:30,|,0.240083366632462,0.364706516265869,0.423633933067322,0.509846687316895,NaN,0.721870422363281,|,0.444808274507523,NaN,0.807129204273224,0.80679714679718,0.852335453033447,0.970835745334625,|,0.392320781946182,0,0,0.91673755645752,0.926302492618561,0,|,0.438962996006012,0,1.03996992111206,1.17064392566681,1.27524423599243,0
12:32:30,|,0.722626686096191,0.875675797462463,0.893315196037292,0.97612065076828,NaN,1.14717996120453,|,0.504526674747467,NaN,0.764746308326721,0.804665565490723,0.82109659910202,0.966225206851959,|,0.501959979534149,0,0,0.899437308311462,0.881865978240967,0,|,0.661283314228058,0,1.23276495933533,1.28605580329895,1.3661128282547,0
12:37:30,|,0.71246999502182,0.956859350204468,0.996594607830048,1.0891695022583,NaN,1.11500990390778,|,0.535843312740326,NaN,0.845122277736664,0.957256495952606,1.07218456268311,1.22354650497437,|,0.430866658687592,0,0,0.440314799547195,0.415166705846786,0,|,0.563687920570374,0,0.826811015605927,0.837465167045593,0.861662209033966,0
12:42:30,|,0.714826643466949,0.963059782981873,1.03070974349976,1.14389443397522,NaN,1.24446630477905,|,0.93245667219162,NaN,1.50329625606537,1.64923667907715,1.80014181137085,1.96345138549805,|,0.625836670398712,0,0,1.17292046546936,1.20667779445648,0,|,0.841394245624542,0,1.24285459518433,1.21652054786682,1.28509163856506,0
12:47:30,|,0.918282747268677,1.20454812049866,1.23122560977936,1.30069375038147,NaN,1.30985045433044,|,0.735281765460968,NaN,1.0065131187439,1.15557765960693,1.23977255821228,1.29351091384888,|,0.754480004310608,0,0,1.29095840454102,1.33293890953064,0,|,0.791119992733002,0,1.35840404033661,1.5202831029892,1.66127336025238,0
12:52:30,|,0.896160006523132,1.17391335964203,1.16559648513794,1.19439423084259,NaN,1.47096467018127,|,0.67614334821701,NaN,1.03451085090637,1.26206243038177,1.3727171421051,1.60427904129028,|,0.783794581890106,0,0,1.27842688560486,1.43646466732025,0,|,0.895362019538879,0,1.55106568336487,1.63265645503998,1.71056604385376,0
12:57:30,|,0.882223308086395,1.16957116127014,1.16219830513,1.24919998645782,NaN,1.55349910259247,|,0.504299998283386,NaN,0.946214258670807,1.07429671287537,1.12155830860138,1.35201632976532,|,0.617956638336182,0,0,1.17451119422913,1.37331354618073,0,|,1.00979650020599,0,1.66178119182587,1.73723959922791,1.91153168678284,0
13:02:30,|,0.528483331203461,0.684601306915283,0.690881073474884,0.681795537471771,NaN,0.866471588611603,|,0.732196688652039,NaN,1.14898860454559,1.47438371181488,1.58675670623779,1.73252487182617,|,0.790906667709351,0,0,1.4138365983963,1.49433994293213,0,|,0.887041509151459,0,1.59765338897705,1.68457221984863,1.84087324142456,0
13:07:30,|,0.751536667346954,0.91266256570816,1.04342842102051,1.20430099964142,NaN,1.64937627315521,|,0.941423356533051,NaN,1.62859964370728,1.76864635944366,1.79101264476776,2.05302143096924,|,0.937546670436859,0,0,1.78901445865631,1.93702983856201,0,|,0.913803815841675,0,1.55185389518738,1.70737934112549,1.84798717498779,0
13:12:30,|,1.14460158348083,1.58562231063843,1.68950593471527,1.91713428497314,NaN,2.4247887134552,|,0.732454180717468,NaN,1.07843470573425,1.36035859584808,1.5506728887558,1.99321067333221,|,0.914864957332611,0,0,1.8885018825531,2.09346318244934,0,|,1.12653434276581,0,1.79923450946808,1.93548715114594,2.03669190406799,0
13:17:30,|,0.782933354377747,1.01661264896393,0.969133377075195,1.04909908771515,NaN,1.48278605937958,|,0.791120767593384,NaN,1.54508066177368,1.85935664176941,2.1745913028717,2.74618005752563,|,0.985780000686646,0,0,1.89107716083527,2.07675576210022,0,|,1.31454145908356,0,2.26186633110046,2.43291115760803,2.60949659347534,0
13:22:30,|,0.857699990272522,1.17119789123535,1.302037358284,1.58689737319946,NaN,1.83718383312225,|,1.07726669311523,NaN,2.05251383781433,2.33444285392761,2.57175993919373,2.96541690826416,|,0.908183336257935,0,0,1.94809710979462,2.11130118370056,0,|,0.98207676410675,0,1.68936884403229,1.77184748649597,1.88565909862518,0
13:27:30,|,0.765309989452362,1.06485164165497,1.15353453159332,1.34183788299561,NaN,1.56212377548218,|,0.939786672592163,NaN,1.63878214359283,1.8580127954483,2.04950737953186,2.29604053497314,|,1.07602667808533,0,0,1.89487051963806,2.0361647605896,0,|,1.05500662326813,0,1.89197623729706,1.92655897140503,2.01485347747803,0
13:32:30,|,1.18258416652679,1.71045339107513,1.81999504566193,2.0115807056427,NaN,2.15702724456787,|,0.693144381046295,NaN,1.1852765083313,1.2818021774292,1.3356591463089,1.57481348514557,|,0.735765278339386,0,0,1.21042263507843,1.33093309402466,0,|,0.825472116470337,0,1.32285642623901,1.32739186286926,1.39504599571228,0
13:37:30,|,0.785546660423279,1.05362868309021,1.12954819202423,1.47079122066498,NaN,2.12670278549194,|,0.865530014038086,NaN,1.4721554517746,1.62529122829437,1.79868066310883,2.07672262191772,|,0.583523333072662,0,0,1.27126860618591,1.42432296276093,0,|,0.70554518699646,0,1.03183126449585,1.34644281864166,1.58225905895233,0
13:42:30,|,0.653506696224213,0.783450305461884,0.86528354883194,0.999396860599518,NaN,1.32369220256805,|,0.688560009002686,NaN,1.12528920173645,1.4350301027298,1.56229531764984,1.95730555057526,|,0.736349999904633,0,0,1.52561223506927,1.70701897144318,0,|,0.581891238689423,0,0.946217596530914,1.13063406944275,1.23115861415863,0
13:47:30,|,0.869666635990143,1.09564530849457,1.27217018604279,1.58821535110474,NaN,2.23118567466736,|,0.583613336086273,NaN,0.977317988872528,1.22498118877411,1.33208072185516,1.5462132692337,|,0.85013335943222,0,0,1.58669090270996,1.73175930976868,0,|,0.820749998092651,0,1.49893462657928,1.67856979370117,1.83229744434357,0
13:52:30,|,0.892840027809143,1.15399777889252,1.23176169395447,1.40323626995087,NaN,2.05870914459229,|,0.758656680583954,NaN,1.34711456298828,1.72304379940033,1.96662926673889,2.3059287071228,|,0.664939999580383,0,0,1.12037289142609,1.24322402477264,0,|,0.76109367609024,0,1.24778866767883,1.28675818443298,1.33778119087219,0
13:57:30,|,1.08981323242188,1.55994844436646,1.79594838619232,2.05150413513184,NaN,2.60314416885376,|,0.582204043865204,NaN,0.715878665447235,0.832305550575256,0.912634551525116,1.16356194019318,|,0.939836621284485,0,0,1.80901706218719,1.83210623264313,0,|,0.577332437038422,0,1.16654717922211,1.40609502792358,1.55322027206421,0
14:02:30,|,0.883773326873779,1.18927562236786,1.42780423164368,1.79865407943726,NaN,2.45857715606689,|,1.06347000598907,NaN,1.79183316230774,1.99707770347595,2.24970960617065,2.65008449554443,|,1.10089337825775,0,0,1.93719410896301,2.10955715179443,0,|,0.790776908397675,0,1.33073425292969,1.5269581079483,1.64209520816803,0
14:07:30,|,0.725353360176086,1.09342885017395,1.17415535449982,1.4180862903595,NaN,1.81942331790924,|,0.720956683158875,NaN,1.24725568294525,1.50481867790222,1.71289813518524,2.01268553733826,|,0.974063336849213,0,0,1.68500173091888,1.85628998279572,0,|,0.875476658344269,0,1.27864646911621,1.34690952301025,1.49997448921204,0
14:12:30,|,0.806576669216156,1.03748142719269,1.10572981834412,1.42639422416687,NaN,1.97001338005066,|,0.626336693763733,NaN,1.13020861148834,1.33468782901764,1.46733975410461,1.81648397445679,|,1.04699671268463,0,0,1.75078141689301,1.83974707126617,0,|,1.26098668575287,0,2.17339873313904,2.15616536140442,2.2039532661438,0
14:17:30,|,0.803731262683868,1.02574753761292,1.10563361644745,1.30003845691681,NaN,1.83085513114929,|,0.780966997146606,NaN,1.36256647109985,1.62253594398499,1.77555406093597,2.12835574150085,|,0.741130352020264,0,0,1.22809040546417,1.29879581928253,0,|,0.86826103925705,0,1.32394313812256,1.40505850315094,1.42946970462799,0
14:22:30,|,0.851076662540436,1.05783081054688,1.11132347583771,1.26109993457794,NaN,1.82638216018677,|,1.06760001182556,NaN,1.90866243839264,2.0975649356842,2.26742172241211,2.49861645698547,|,0.910170018672943,0,0,1.76713001728058,1.86542475223541,0,|,1.12894630432129,0,1.82081496715546,1.77134299278259,1.83856451511383,0
14:27:30,|,1.11487996578217,1.46493172645569,1.56006562709808,1.76297068595886,NaN,2.29218101501465,|,1.02462005615234,NaN,1.76212728023529,1.92218005657196,2.06563806533813,2.50119280815125,|,0.984483361244202,0,0,1.81023824214935,1.90118408203125,0,|,1.01452672481537,0,1.7212393283844,1.73895335197449,1.83085775375366,0
14:32:30,|,1.001793384552,1.43964302539825,1.65900468826294,1.97925126552582,NaN,2.68751573562622,|,0.920343339443207,NaN,1.71910095214844,1.87510752677917,2.00589203834534,2.3608238697052,|,1.1140433549881,0,0,1.99951708316803,2.19634318351746,0,|,1.0444233417511,0,1.74486923217773,1.75489020347595,1.86394381523132,0
14:37:30,|,1.44069361686707,1.98827981948853,2.02916193008423,2.22156429290771,NaN,2.57105398178101,|,0.948239982128143,NaN,1.56591379642487,1.74173951148987,1.79059994220734,2.13321590423584,|,0.886486649513245,0,0,1.47750997543335,1.54272818565369,0,|,0.908712923526764,0,1.33580350875854,1.38624703884125,1.45080006122589,0
14:42:30,|,0.984279990196228,1.38955616950989,1.47015821933746,1.60162818431854,NaN,2.03703284263611,|,0.825758576393127,NaN,1.26427185535431,1.36145401000977,1.35863161087036,1.53203594684601,|,0.583427786827087,0,0,0.94105190038681,1.00923407077789,0,|,0.507033348083496,0,0.825485348701477,0.967958569526672,1.01243329048157,0
14:47:30,|,0.869870007038116,1.12179505825043,1.1966460943222,1.36007881164551,NaN,1.69496858119965,|,0.613179981708527,NaN,0.873405158519745,1.0778386592865,1.11547720432281,1.35408246517181,|,0.777809977531433,0,0,1.45537066459656,1.5365002155304,0,|,1.04099702835083,0,1.69139301776886,1.71043002605438,1.81082153320313,0
14:52:30,|,0.795509994029999,1.04338598251343,1.21348929405212,1.57928097248077,NaN,2.30608773231506,|,0.765636682510376,NaN,1.4163476228714,1.73970079421997,1.907355427742,2.27354216575623,|,0.911419987678528,0,0,1.69528830051422,1.97657763957977,0,|,0.677513360977173,0,1.07838833332062,1.11133635044098,1.26128005981445,0
14:57:30,|,0.983573317527771,1.33302187919617,1.44289112091064,1.59557509422302,NaN,1.9170149564743,|,0.667796671390533,NaN,0.885141849517822,1.01529133319855,1.07630479335785,1.31798374652863,|,0.730050027370453,0,0,1.4825427532196,1.55686891078949,0,|,0.777636647224426,0,1.37631487846375,1.40052902698517,1.41967725753784,0
15:02:30,|,0.90624874830246,1.24427318572998,1.26661157608032,1.48360741138458,NaN,2.01303791999817,|,0.807669222354889,NaN,1.43016600608826,1.65284502506256,1.84835052490234,2.17036771774292,|,1.12939977645874,0,0,2.05858850479126,2.16505837440491,0,|,0.917503356933594,0,1.50675845146179,1.39454925060272,1.42662537097931,0
15:07:30,|,1.3172767162323,1.86700773239136,2.09706163406372,2.39583468437195,NaN,2.92395329475403,|,0.997929990291595,NaN,1.72629606723785,1.86323118209839,2.01003885269165,2.32173180580139,|,1.01344668865204,0,0,1.86230301856995,1.94216918945313,0,|,0.832564175128937,0,1.48136150836945,1.5264595746994,1.62816452980042,0
15:12:30,|,1.39842331409454,1.9434986114502,2.03896927833557,2.12615156173706,NaN,2.3879976272583,|,0.916729986667633,NaN,1.52312970161438,1.58370447158813,1.58506262302399,1.73692119121552,|,0.797013342380524,0,0,1.28982472419739,1.31896543502808,0,|,0.698040008544922,0,1.12282299995422,1.1893709897995,1.23497307300568,0
15:17:30,|,1.49781668186188,2.14085483551025,2.12869310379028,2.16062521934509,NaN,2.39974784851074,|,0.490783333778381,NaN,0.689748585224152,0.774404287338257,0.778505742549896,0.996227085590363,|,0.84061998128891,0,0,1.32398176193237,1.44816362857819,0,|,0.682506680488586,0,1.18699419498444,1.20321536064148,1.24761426448822,0
15:22:30,|,1.58898293972015,2.29720783233643,2.33237671852112,2.45973348617554,NaN,2.68081498146057,|,0.645656645298004,NaN,1.04775393009186,1.17971956729889,1.23459041118622,1.40974020957947,|,0.692653357982635,0,0,1.19643831253052,1.2555878162384,0,|,0.428633332252502,0,0.574163675308228,0.556410014629364,0.604185938835144,0
15:27:30,|,1.31346333026886,1.93133556842804,1.97267293930054,2.09470963478088,NaN,2.22028779983521,|,0.562434136867523,NaN,0.756759643554688,0.777815222740173,0.752803802490234,0.846617639064789,|,0.69810938835144,0,0,1.18157494068146,1.2465968132019,0,|,0.733593344688416,0,1.01155996322632,0.982763588428497,0.944852292537689,0
15:32:30,|,1.34303665161133,1.95876288414001,2.01071643829346,2.09228539466858,NaN,2.15051889419556,|,0.995673358440399,NaN,1.60526478290558,1.72446596622467,1.75417828559875,1.85601472854614,|,1.05736339092255,0,0,1.71476078033447,1.78732562065125,0,|,0.826240837574005,0,1.39966511726379,1.48415219783783,1.6018328666687,0
15:37:30,|,0.934899985790253,1.24289011955261,1.27964448928833,1.36406028270721,NaN,1.62062251567841,|,0.76665335893631,NaN,1.21714568138123,1.28346002101898,1.26357042789459,1.55878758430481,|,0.729056656360626,0,0,1.38371467590332,1.47782158851624,0,|,0.715313315391541,0,1.08691000938416,1.15095007419586,1.23378050327301,0
15:42:30,|,0.911856651306152,1.21784782409668,1.39824616909027,1.6844539642334,NaN,2.12259340286255,|,0.740873336791992,NaN,1.12355589866638,1.23164308071136,1.2423951625824,1.5040887594223,|,0.850329995155334,0,0,1.52364873886108,1.5542778968811,0,|,1.12825334072113,0,1.97816526889801,2.0669047832489,2.17334532737732,0
15:47:30,|,0.953984677791595,1.13525438308716,1.20820283889771,1.39707958698273,NaN,1.72568726539612,|,0.597662568092346,NaN,0.976484298706055,1.24125802516937,1.34430229663849,1.76952433586121,|,0.659593224525452,0,0,1.14720273017883,1.28685009479523,0,|,0.642700016498566,0,1.17284262180328,1.23329949378967,1.24490284919739,0
15:52:30,|,0.771763324737549,1.09424495697021,1.15322780609131,1.27978837490082,NaN,1.51783442497253,|,0.766696691513062,NaN,1.20953297615051,1.39265477657318,1.43766379356384,1.63254177570343,|,0.756493330001831,0,0,1.2362105846405,1.37998020648956,0,|,0.602670907974243,0,1.0836169719696,1.30665075778961,1.46467077732086,0
15:57:30,|,0.850436687469482,1.12855672836304,1.07300388813019,1.14490842819214,NaN,1.3774037361145,|,0.653029978275299,NaN,1.01295721530914,1.28756964206696,1.20703399181366,1.33979535102844,|,0.713443338871002,0,0,1.19284522533417,1.22678124904633,0,|,0.538126647472382,0,0.938758790493011,0.98889946937561,1.02244091033936,0
16:02:30,|,0.902369976043701,1.26066589355469,1.40449547767639,1.58640313148499,NaN,1.79755091667175,|,0.46917998790741,NaN,0.670815646648407,0.7494797706604,0.803902149200439,0.991419315338135,|,0.69238668680191,0,0,1.08074915409088,1.21252238750458,0,|,0.547196686267853,0,0.669097185134888,0.633134961128235,0.790542244911194,0
16:07:30,|,0.914468169212341,1.48428201675415,1.59869146347046,1.70674073696136,NaN,1.91882562637329,|,0.535456657409668,NaN,0.999133229255676,1.23335444927216,1.41046524047852,1.82317447662354,|,0.726913332939148,0,0,1.44914638996124,1.61791253089905,0,|,0.530283331871033,0,1.06682753562927,1.33230686187744,1.45718264579773,0
16:12:30,|,1.269566655159,2.13715934753418,2.31307935714722,2.49949264526367,NaN,2.86496496200562,|,0.631503820419312,NaN,1.33945631980896,1.7375111579895,1.93075954914093,2.18260931968689,|,0.634621560573578,0,0,1.57516658306122,1.7172816991806,0,|,0.627969980239868,0,1.17007672786713,1.30479097366333,1.35193932056427,0
16:17:30,|,0.936943352222443,1.63608288764954,1.77191805839539,1.93086528778076,NaN,2.32329797744751,|,0.610989987850189,NaN,1.1288298368454,1.37673616409302,1.54379224777222,1.93712103366852,|,0.672736644744873,0,0,1.47495102882385,1.63016796112061,0,|,0.764588177204132,0,1.48227417469025,1.66691815853119,1.81894791126251,0
16:22:30,|,0.646260023117065,1.049635887146,1.07260406017303,1.17134547233582,NaN,1.58943116664886,|,0.542966663837433,NaN,0.83435720205307,1.05989015102386,1.24971342086792,1.55404269695282,|,0.402520000934601,0,0,0.969989478588104,1.07768630981445,0,|,0.301940232515335,0,0.576596915721893,0.860295712947845,1.05860710144043,0
16:27:30,|,0.375389993190765,0.66198068857193,0.708899140357971,0.810458838939667,NaN,1.01544320583344,|,0.253186672925949,NaN,0.508841395378113,0.685439169406891,0.826338887214661,1.16870927810669,|,0.300689995288849,0,0,0.66772586107254,0.751192033290863,0,|,0.296826660633087,0,0.547966539859772,0.667814552783966,0.730437159538269,0
16:32:30,|,0.230206727981567,0.371246069669724,0.343621343374252,0.333565354347229,NaN,0.461244702339172,|,0.191463828086853,NaN,0.277391403913498,0.358380943536758,0.350499927997589,0.427005916833878,|,0.204478159546852,0,0,0.436868578195572,0.419858783483505,0,|,0.217863336205482,0,0.319822251796722,0.33960023522377,0.406294822692871,0
16:37:30,|,0.251723319292068,0.21614097058773,0.266896486282349,0.335192650556564,NaN,0.452838689088821,|,0.414953321218491,NaN,0.44689667224884,0.509687185287476,0.509482800960541,0.507332324981689,|,0.238446667790413,0,0,0.427094697952271,0.44813135266304,0,|,0.144606664776802,0,0.195515781641006,0.27465957403183,0.303149849176407,0
16:42:30,|,0.457613319158554,0.615125238895416,0.579145073890686,0.594444692134857,NaN,0.732855081558228,|,0.36560332775116,NaN,0.549497604370117,0.57450145483017,0.574320912361145,0.669812977313995,|,0.303189992904663,0,0,0.485252052545547,0.495621055364609,0,|,0.307629197835922,0,0.509728312492371,0.464639484882355,0.434540331363678,0
16:47:30,|,0.401826679706573,0.472570329904556,0.574932456016541,0.824241101741791,NaN,0.994834125041962,|,0.38866999745369,NaN,0.656116604804993,0.874525547027588,0.987087607383728,1.04017961025238,|,0.433849990367889,0,0,0.750122368335724,0.783603727817535,0,|,0.263366669416428,0,0.459857821464539,0.609728753566742,0.641195058822632,0
16:52:30,|,0.403741240501404,0.498829513788223,0.561738312244415,0.713366866111755,NaN,0.883809268474579,|,0.341573864221573,NaN,0.68592643737793,0.812223374843597,0.927631795406342,1.09682035446167,|,0.370823323726654,0,0,0.853887259960175,0.810737252235413,0,|,0.274185866117477,0,0.629110872745514,0.630756914615631,0.645486652851105,0
16:57:30,|,0.211280003190041,0.375102162361145,0.368811368942261,0.437922954559326,NaN,0.532885909080505,|,0.196563333272934,NaN,0.399420857429504,0.470683753490448,0.45610311627388,0.489075213670731,|,0.171793937683105,0,0,0.576604902744293,0.624584853649139,0,|,0.197650000452995,0,0.543924510478973,0.567511975765228,0.612666606903076,0
17:02:30,|,0.228880003094673,0.405386626720428,0.414639621973038,0.438081592321396,NaN,0.477032661437988,|,0.159669995307922,NaN,0.445450872182846,0.519422888755798,0.554729700088501,0.70669549703598,|,0.0652833357453346,0,0,0.483148902654648,0.549354493618011,0,|,0.211260423064232,0,0.436892151832581,0.419027477502823,0.423566520214081,0
17:07:30,|,0.394259989261627,0.586358189582825,0.621096193790436,0.800481915473938,NaN,1.1432546377182,|,0.319700002670288,NaN,0.630819916725159,0.789805591106415,0.896844685077667,1.09047853946686,|,0.348233342170715,0,0,0.892962276935577,0.968715786933899,0,|,0.367980003356934,0,0.483363509178162,0.577219009399414,0.727403461933136,0
17:12:30,|,0.531333804130554,0.707543253898621,0.75479781627655,0.89299750328064,NaN,1.07826685905457,|,0.189736664295197,NaN,0.36822909116745,0.570242881774902,0.679669737815857,0.955378830432892,|,0.297813326120377,0,0,0.742507874965668,0.86310738325119,0,|,0.438143342733383,0,0.762864410877228,0.837665677070618,0.926499426364899,0
17:17:30,|,0.694776654243469,1.05164289474487,0.99501097202301,1.09060502052307,NaN,1.05337333679199,|,0.291223734617233,NaN,0.478324443101883,0.533777594566345,0.575896859169006,0.697309911251068,|,0.45044681429863,0,0,0.849364161491394,0.915802121162415,0,|,0.302929997444153,0,0.342701941728592,0.358814001083374,0.388221681118011,0
17:22:30,|,0.433046668767929,0.681880831718445,0.911926925182343,0.741165339946747,NaN,0.840350329875946,|,0.246059998869896,NaN,0.344226956367493,0.314606636762619,0.256622612476349,0.363568156957626,|,0.427103340625763,0,0,0.684062302112579,0.690923750400543,0,|,0.234296664595604,0,0.43630263209343,0.459925979375839,0.510494887828827,0
17:27:30,|,0.761866688728333,1.36558496952057,1.40867519378662,1.45682013034821,NaN,1.6823822259903,|,0.509646654129028,NaN,0.946816742420197,1.1357616186142,1.20295929908752,1.29482269287109,|,0.513800024986267,0,0,1.18321180343628,1.3200558423996,0,|,0.536795616149902,0,0.91002082824707,1.07566130161285,1.23055768013,0
17:32:30,|,1.2582266330719,2.19433259963989,2.3727753162384,2.55274677276611,NaN,2.99716305732727,|,0.639563322067261,NaN,1.26938593387604,1.39820635318756,1.53597581386566,1.86251628398895,|,0.620329976081848,0,0,1.45282328128815,1.56447672843933,0,|,0.541493356227875,0,1.18101978302002,1.34842574596405,1.43997037410736,0
17:37:30,|,1.34715902805328,2.20751166343689,2.37766909599304,2.55367374420166,NaN,3.298672914505,|,1.24784004688263,NaN,2.73289775848389,3.01705884933472,3.22567486763,3.75245428085327,|,1.05475664138794,0,0,2.2766284942627,2.47995591163635,0,|,1.02850663661957,0,2.0646915435791,2.3484947681427,2.57176685333252,0
17:42:30,|,1.22235667705536,2.05555558204651,2.14435076713562,2.26893615722656,NaN,3.11514377593994,|,1.25295436382294,NaN,2.54488396644592,2.90195512771606,3.09625101089478,3.67914342880249,|,0.805851936340332,0,0,1.74604547023773,1.79517912864685,0,|,1.0435266494751,0,2.20801591873169,2.48277568817139,2.63455843925476,0
17:47:30,|,1.01934003829956,1.7356880903244,1.86378645896912,2.04095053672791,NaN,2.90711879730225,|,1.01132667064667,NaN,2.21730899810791,2.59364080429077,2.84866952896118,3.24870872497559,|,0.882623314857483,0,0,1.96816837787628,2.09247255325317,0,|,0.864509999752045,0,1.72441613674164,1.92238175868988,2.08424353599548,0
17:52:30,|,0.837440013885498,1.42699420452118,1.55577838420868,1.69372415542603,NaN,2.40087032318115,|,0.796559989452362,NaN,1.90664434432983,2.1737322807312,2.28395247459412,2.73014092445374,|,0.593006670475006,0,0,1.51673913002014,1.73621952533722,0,|,0.772807598114014,0,1.64404082298279,1.82427835464478,1.98009872436523,0
17:57:30,|,0.794484853744507,1.33508253097534,1.38519430160522,1.54207611083984,NaN,2.24786496162415,|,0.658336639404297,NaN,1.62331902980804,1.8401837348938,1.93665158748627,2.26836371421814,|,0.530846655368805,0,0,1.35203111171722,1.56749761104584,0,|,0.635706663131714,0,1.41513681411743,1.56593680381775,1.71739149093628,0
18:02:30,|,0.775693356990814,1.25362503528595,1.37712800502777,1.4741747379303,NaN,2.1523425579071,|,0.539659857749939,NaN,1.47067809104919,1.65245509147644,1.78494989871979,2.10872840881348,|,0.504098057746887,0,0,1.37189757823944,1.56988334655762,0,|,0.611209988594055,0,1.34343540668488,1.45168924331665,1.60123229026794,0
18:07:30,|,0.69761997461319,1.15755379199982,1.21932005882263,1.31386303901672,NaN,1.9406076669693,|,0.467383325099945,NaN,1.42702662944794,1.59349489212036,1.70859730243683,2.03863739967346,|,0.398106664419174,0,0,1.21472942829132,1.39407348632813,0,|,0.604870021343231,0,1.31842601299286,1.51308715343475,1.67711091041565,0
18:12:30,|,0.605846643447876,1.0662202835083,1.12982881069183,1.24663853645325,NaN,1.96910130977631,|,0.439483344554901,NaN,1.28074741363525,1.47515594959259,1.64464700222015,1.9703551530838,|,0.377466678619385,0,0,1.2206038236618,1.36180937290192,0,|,0.578236639499664,0,1.21448159217834,1.34252464771271,1.53068780899048,0
18:17:30,|,0.706390023231506,1.3314254283905,1.50177812576294,1.67706274986267,NaN,2.19502949714661,|,0.387120008468628,NaN,1.1662734746933,1.3053936958313,1.45868289470673,1.78144383430481,|,0.295459985733032,0,0,1.2021222114563,1.2362984418869,0,|,0.561777234077454,0,1.08588147163391,1.22065997123718,1.39980328083038,0
18:22:30,|,0.627775907516479,1.19615268707275,1.36556112766266,1.45336937904358,NaN,2.06075668334961,|,0.488213330507278,NaN,1.32006251811981,1.47137236595154,1.62492394447327,1.93890929222107,|,0.384966671466827,0,0,1.35042214393616,1.53331637382507,0,|,0.558676660060883,0,1.15694856643677,1.35021245479584,1.50812160968781,0
18:27:30,|,0.543410003185272,1.05241453647614,1.2638076543808,1.45879030227661,NaN,2.08204436302185,|,0.463384449481964,NaN,1.38525378704071,1.56038951873779,1.71957349777222,2.02870750427246,|,0.452227413654327,0,0,1.37595427036285,1.59500324726105,0,|,0.598860025405884,0,1.19135069847107,1.34700500965118,1.56203949451447,0
18:32:30,|,0.544336676597595,1.05545473098755,1.22956585884094,1.38660311698914,NaN,2.02318739891052,|,0.395793318748474,NaN,1.2422890663147,1.38053631782532,1.53805541992188,1.8224321603775,|,0.308550000190735,0,0,1.26731991767883,1.45384252071381,0,|,0.536029994487762,0,1.10117626190186,1.30875325202942,1.50997960567474,0
18:37:30,|,0.516206681728363,1.05437004566193,1.26877844333649,1.48064291477203,NaN,2.14631938934326,|,0.337143331766129,NaN,1.11675584316254,1.22268664836884,1.36412835121155,1.78457355499268,|,0.286426663398743,0,0,1.24242186546326,1.38611745834351,0,|,0.37507501244545,0,0.74325031042099,0.889760851860046,1.08330047130585,0
18:42:30,|,0.430886656045914,0.822259366512299,0.957046687602997,1.16231727600098,NaN,2.05273866653442,|,0.353193342685699,NaN,1.1354820728302,1.18673479557037,1.29734778404236,1.72343695163727,|,0.286346673965454,0,0,1.10410344600677,1.33259570598602,0,|,0.405660003423691,0,0.935187757015228,1.07693386077881,1.3050411939621,0
18:47:30,|,0.326072037220001,0.628071486949921,0.673425316810608,0.805577754974365,NaN,1.73193073272705,|,0.359213322401047,NaN,0.949301600456238,1.03444254398346,1.12817752361298,1.51576781272888,|,0.22241747379303,0,0,0.947483599185944,1.17121410369873,0,|,0.328090012073517,0,0.844308972358704,0.998104810714722,1.16982436180115,0
18:52:30,|,0.400579988956451,0.791545867919922,0.806727290153503,0.837007701396942,NaN,1.55886900424957,|,0.294144719839096,NaN,0.75970995426178,0.904679238796234,1.09922075271606,1.44921231269836,|,0.156000003218651,0,0,0.67755913734436,0.946479141712189,0,|,0.319339990615845,0,0.900598585605621,1.05505120754242,1.27037143707275,0
18:57:30,|,0.313521176576614,0.446568071842194,0.555170357227325,0.679100930690765,NaN,1.48960101604462,|,0.272673338651657,NaN,0.772664964199066,0.914456307888031,1.1045013666153,1.51354491710663,|,0.175483331084251,0,0,0.742672383785248,1.01197791099548,0,|,0.366120010614395,0,0.877801477909088,1.05836319923401,1.12562203407288,0
