CDT_time,bar_fence,T_0_2m_init,T_1_5m_init,T_4_5m_init,T_8_5m_init,T_15m_init,T_20m_init,bar_fence_1,T_0_2m_rel,T_1_5m_rel,T_4_5m_rel,T_8_5m_rel,T_15m_rel,T_20m_rel,bar_fence_2,T_0_2m_uconv,T_1_5m_uconv,T_4_5m_uconv,T_8_5m_uconv,T_15m_uconv,T_20m_uconv,bar_fence_3,T_0_2m_lconv,T_1_5m_lconv,T_4_5m_lconv,T_8_5m_lconv,T_15m_lconv,T_20m_lconv
18:02:30,|,10.9935789108276,11.1603994369507,11.1143484115601,0,0,0,|,NaN,11.2133550643921,11.146577835083,11.2179193496704,11.0915441513062,11.2355184555054,|,11.1231536865234,11.1631536483765,11.1415824890137,0,0,0,|,11.049765586853,11.1549663543701,11.2531547546387,11.2047491073608,11.1181211471558,11.1736364364624
18:07:30,|,10.7304697036743,10.9730100631714,10.9497318267822,0,0,0,|,NaN,11.0563087463379,10.9832210540771,11.0475244522095,10.9296646118164,11.0422410964966,|,10.9408721923828,10.9361276626587,10.9816780090332,0,0,0,|,10.7119731903076,10.8815383911133,11.0044813156128,10.9694967269897,10.8639469146729,10.9013757705688
18:12:30,|,10.3106355667114,10.6401672363281,10.6569566726685,0,0,0,|,NaN,10.7110738754272,10.6676511764526,10.7474584579468,10.6077852249146,10.7516384124756,|,10.5344972610474,10.6034898757935,10.6368455886841,0,0,0,|,10.1781940460205,10.498929977417,10.6794633865356,10.6412744522095,10.5493965148926,10.5771379470825
18:17:30,|,9.89969921112061,10.2965002059937,10.3461074829102,0,0,0,|,NaN,10.4156379699707,10.3890600204468,10.4573831558228,10.3320808410645,10.51793384552,|,10.2688932418823,10.4260406494141,10.4159059524536,0,0,0,|,9.94969940185547,10.3147649765015,10.4788627624512,10.4478521347046,10.3677587509155,10.4055032730103
18:22:30,|,9.7589635848999,10.1167888641357,10.1444482803345,0,0,0,|,NaN,10.2160396575928,10.1724157333374,10.2508697509766,10.1335573196411,10.3524417877197,|,10.0836248397827,10.2540740966797,10.2095956802368,0,0,0,|,9.75812721252441,10.1228761672974,10.2812080383301,10.2351007461548,10.1540937423706,10.2048482894897
18:27:30,|,9.69234085083008,10.0038795471191,10.0264549255371,0,0,0,|,NaN,10.0753021240234,10.0375165939331,10.1086578369141,10.0079193115234,10.2379264831543,|,9.91140937805176,10.0838928222656,10.0567111968994,0,0,0,|,9.61899662017822,9.95926380157471,10.1125755310059,10.0619068145752,9.9782886505127,10.0597314834595
18:32:30,|,9.61281871795654,9.9379997253418,9.96654415130615,0,0,0,|,NaN,9.98885917663574,9.96275234222412,10.0247821807861,9.91744899749756,10.1510362625122,|,9.83905982971191,9.99583911895752,9.97832202911377,0,0,0,|,9.54474925994873,9.87194633483887,10.0276508331299,9.98583889007568,9.90592002868652,9.97993278503418
18:37:30,|,9.60257530212402,9.92454814910889,9.96133804321289,0,0,0,|,NaN,10.0216054916382,10.0089263916016,10.0376253128052,9.9736909866333,10.20618724823,|,9.85946273803711,10.0187921524048,10.0023488998413,0,0,0,|,9.561203956604,9.88327693939209,10.0181274414063,9.99553680419922,9.93147659301758,10.0241613388062
18:42:30,|,9.63628768920898,9.9630765914917,10.0021142959595,0,0,0,|,NaN,10.1031875610352,10.0945634841919,10.1502685546875,10.0653696060181,10.3058195114136,|,9.89879131317139,10.0618858337402,10.0703372955322,0,0,0,|,9.62836170196533,9.96555137634277,10.1136913299561,10.0989933013916,10.0188589096069,10.1175756454468
18:47:30,|,9.68056869506836,10.0424003601074,10.1016387939453,0,0,0,|,NaN,10.1783218383789,10.1811408996582,10.2389631271362,10.1434898376465,10.3829431533813,|,9.97140884399414,10.1433563232422,10.1867790222168,0,0,0,|,9.68240833282471,10.066689491272,10.2343149185181,10.2091951370239,10.1468896865845,10.2485904693604
18:52:30,|,9.66732406616211,10.0507020950317,10.1324157714844,0,0,0,|,NaN,10.2136240005493,10.2066440582275,10.2615718841553,10.1879196166992,10.4176588058472,|,10.0194635391235,10.1927518844604,10.2450332641602,0,0,0,|,9.70060253143311,10.1014766693115,10.2965106964111,10.2548160552979,10.1891269683838,10.2822895050049
18:57:30,|,9.67026805877686,10.0306358337402,10.1250505447388,0,0,0,|,NaN,10.1795301437378,10.1804695129395,10.2385902404785,10.1441478729248,10.3789300918579,|,9.97812080383301,10.1848487854004,10.2128190994263,0,0,0,|,9.72548484802246,10.1020069122314,10.2682943344116,10.2451677322388,10.1787919998169,10.2615489959717
19:02:30,|,9.69255065917969,10.0798664093018,10.1293287277222,0,0,0,|,NaN,10.1960401535034,10.198187828064,10.2468557357788,10.1777181625366,10.414080619812,|,9.97328853607178,10.1869802474976,10.2151174545288,0,0,0,|,9.74073600769043,10.1288967132568,10.3110065460205,10.3077182769775,10.246955871582,10.335301399231
19:07:30,|,9.66759204864502,10.0688962936401,10.1282606124878,0,0,0,|,NaN,10.206241607666,10.2351007461548,10.2827091217041,10.2179870605469,10.4414710998535,|,10.0257720947266,10.2570476531982,10.289999961853,0,0,0,|,9.68227481842041,10.1084566116333,10.3034782409668,10.3008728027344,10.2424154281616,10.3265991210938
19:12:30,|,9.52765941619873,10.0148496627808,10.1097316741943,0,0,0,|,NaN,10.0795307159424,10.1339054107666,10.2050333023071,10.1300678253174,10.3553848266602,|,9.93758392333984,10.1825590133667,10.2061071395874,0,0,0,|,9.59250831604004,10.0842142105103,10.2850170135498,10.2768459320068,10.2030868530273,10.2781209945679
19:17:30,|,9.47976589202881,10.0110664367676,10.1378927230835,0,0,0,|,NaN,10.1845149993896,10.2214097976685,10.3130769729614,10.2363758087158,10.4674577713013,|,9.97422790527344,10.2252349853516,10.2890605926514,0,0,0,|,9.50595283508301,10.015585899353,10.2488594055176,10.2561540603638,10.1991968154907,10.2751512527466
19:22:30,|,9.47335624694824,10.0519065856934,10.1914043426514,0,0,0,|,NaN,10.169059753418,10.2070474624634,10.31321144104,10.2385234832764,10.4751501083374,|,9.90671062469482,10.1935577392578,10.2475843429565,0,0,0,|,9.45725727081299,9.99758434295654,10.2558526992798,10.2734899520874,10.2228183746338,10.2963752746582
19:27:30,|,9.39521789550781,9.96973323822021,10.1126842498779,0,0,0,|,NaN,10.0789260864258,10.1352348327637,10.2467784881592,10.178524017334,10.417592048645,|,9.81167793273926,10.1030979156494,10.1598987579346,0,0,0,|,9.383544921875,9.96046829223633,10.2216110229492,10.2202014923096,10.1856851577759,10.2650499343872
19:32:30,|,9.3949499130249,9.9720401763916,10.1131439208984,0,0,0,|,NaN,10.1070470809937,10.1483898162842,10.2524747848511,10.1620140075684,10.3980665206909,|,9.85812091827393,10.1248321533203,10.1588592529297,0,0,0,|,9.3744478225708,9.93344402313232,10.1778602600098,10.1934900283813,10.1516780853271,10.2201337814331
19:37:30,|,9.34478282928467,9.88963222503662,10.0314769744873,0,0,0,|,NaN,10.0504360198975,10.0836915969849,10.1750164031982,10.1151685714722,10.3318729400635,|,9.71114063262939,10.0240268707275,10.0336246490479,0,0,0,|,9.29846096038818,9.87637519836426,10.1076517105103,10.129732131958,10.0853691101074,10.1876096725464
19:42:30,|,9.00913047790527,9.65719985961914,9.85709095001221,0,0,0,|,NaN,9.87369060516357,9.96073818206787,10.0506706237793,9.98791885375977,10.2247819900513,|,9.45852375030518,9.84861946105957,9.92127513885498,0,0,0,|,8.94809341430664,9.71712398529053,9.99177265167236,10.023154258728,9.99096965789795,10.0977182388306
19:47:30,|,8.73214721679688,9.47464847564697,9.69731616973877,0,0,0,|,NaN,9.737717628479,9.82637596130371,9.93367862701416,9.88086891174316,10.1479263305664,|,9.35503387451172,9.74510097503662,9.85134220123291,0,0,0,|,8.56493377685547,9.48635482788086,9.83395957946777,9.859130859375,9.87134265899658,9.95784473419189
19:52:30,|,8.67816066741943,9.40334415435791,9.62180614471436,0,0,0,|,NaN,9.63698959350586,9.70597362518311,9.81996631622314,9.74872493743896,10.0235118865967,|,9.1334228515625,9.57979869842529,9.73416137695313,0,0,0,|,8.62782669067383,9.3974494934082,9.77103614807129,9.79583930969238,9.79080581665039,9.86577224731445
19:57:30,|,8.59267616271973,9.32506656646729,9.53906059265137,0,0,0,|,NaN,9.47973155975342,9.57812118530273,9.69671154022217,9.64872455596924,9.92979907989502,|,9.11302089691162,9.49646472930908,9.6334342956543,0,0,0,|,8.52548503875732,9.38267612457275,9.65798664093018,9.67181205749512,9.67006683349609,9.74612808227539
20:02:30,|,8.52418041229248,9.17926406860352,9.39438056945801,0,0,0,|,NaN,9.37758445739746,9.47610759735107,9.59735774993896,9.55221462249756,9.83775901794434,|,9.06536960601807,9.42100620269775,9.53832149505615,0,0,0,|,8.45953178405762,9.29986667633057,9.53959846496582,9.57194709777832,9.55147647857666,9.63006782531738
20:07:30,|,8.65889644622803,9.16722393035889,9.31275177001953,0,0,0,|,NaN,9.34912776947021,9.38966369628906,9.4889965057373,9.43704700469971,9.72511672973633,|,9.04442977905273,9.3367338180542,9.42785263061523,0,0,0,|,8.49993324279785,9.21932888031006,9.44684600830078,9.47167778015137,9.45682239532471,9.53239059448242
20:12:30,|,8.55352401733398,9.14066696166992,9.29230785369873,0,0,0,|,NaN,9.2446985244751,9.27986526489258,9.39721488952637,9.34590625762939,9.64695644378662,|,8.95496654510498,9.28812122344971,9.37966442108154,0,0,0,|,8.46300983428955,9.21759223937988,9.40822792053223,9.4311408996582,9.40812110900879,9.49140930175781
20:17:30,|,8.3040132522583,9.01311016082764,9.20013427734375,0,0,0,|,NaN,9.16805362701416,9.22335529327393,9.32438182830811,9.26375865936279,9.57842826843262,|,8.73939609527588,9.12973213195801,9.23935985565186,0,0,0,|,8.24963188171387,9.06602001190186,9.29317760467529,9.32066822052002,9.28758430480957,9.37993240356445
20:22:30,|,8.10307693481445,8.85886287689209,9.0739803314209,0,0,0,|,NaN,9.0234899520874,9.1103687286377,9.18722438812256,9.15906047821045,9.46494960784912,|,8.62033557891846,9.02144813537598,9.14677906036377,0,0,0,|,8.09832763671875,8.96885871887207,9.20268440246582,9.22630882263184,9.17695617675781,9.26791954040527
20:27:30,|,7.96140480041504,8.73953342437744,8.95369148254395,0,0,0,|,NaN,8.96436214447021,9.05020141601563,9.13463115692139,9.11208057403564,9.42732429504395,|,8.52449607849121,8.94234943389893,9.0740270614624,0,0,0,|,7.96334457397461,8.84060192108154,9.08608722686768,9.13046932220459,9.11912727355957,9.21575736999512
20:32:30,|,7.87275171279907,8.63745784759521,8.83625411987305,0,0,0,|,NaN,8.88836097717285,8.95261764526367,9.05250835418701,9.01852321624756,9.34618663787842,|,8.43442916870117,8.85536956787109,8.98986625671387,0,0,0,|,7.89079999923706,8.75765323638916,9.02842140197754,9.07115745544434,9.02311038970947,9.11986541748047
20:37:30,|,7.8178596496582,8.52799987792969,8.73752498626709,0,0,0,|,NaN,8.79305362701416,8.84758377075195,8.95070171356201,8.9179859161377,9.26983261108398,|,8.3967113494873,8.79680156707764,8.92030334472656,0,0,0,|,7.76909685134888,NaN,NaN,NaN,8.8908052444458,8.98811435699463
20:42:30,|,7.83765888214111,8.4934778213501,8.67785263061523,0,0,0,|,NaN,8.69107341766357,8.76302051544189,8.8711404800415,8.81570434570313,9.16600036621094,|,8.31765079498291,8.70483207702637,8.78865814208984,0,0,0,|,7.65632104873657,NaN,NaN,NaN,8.78597354888916,8.87026882171631
20:47:30,|,8.01986694335938,8.57481575012207,8.73872947692871,0,0,0,|,NaN,8.73255062103271,8.76986598968506,8.86842727661133,8.7977180480957,9.14117050170898,|,8.38046932220459,8.68684577941895,8.7734899520874,0,0,0,|,7.92709016799927,NaN,NaN,NaN,8.81080341339111,8.88973140716553
20:52:30,|,7.96818828582764,8.53786659240723,8.68563747406006,0,0,0,|,NaN,8.67805290222168,8.7191276550293,8.8191967010498,8.76885890960693,9.10595321655273,|,8.37067127227783,8.67340087890625,8.76825523376465,0,0,0,|,8.01779270172119,NaN,NaN,NaN,8.79993343353271,8.8844108581543
20:57:30,|,7.58454847335815,8.32304382324219,8.52227401733398,0,0,0,|,NaN,8.51953029632568,8.59335613250732,8.70214748382568,8.6538257598877,8.98849487304688,|,8.11684608459473,8.52067089080811,8.6243953704834,0,0,0,|,7.67491626739502,NaN,NaN,NaN,8.70030117034912,8.78999996185303
21:02:30,|,7.79712390899658,8.35346698760986,8.49986553192139,0,0,0,|,NaN,8.51281833648682,8.56831645965576,8.65344429016113,8.593825340271,8.92822742462158,|,8.16852378845215,8.47489929199219,8.54333305358887,0,0,0,|,7.78956508636475,NaN,NaN,NaN,8.61550331115723,8.70461273193359
21:07:30,|,8.06722450256348,8.48852825164795,8.5878267288208,0,0,0,|,NaN,8.6063756942749,8.63348960876465,8.73210716247559,8.67409420013428,9.01812648773193,|,8.3247652053833,8.54909133911133,8.6201000213623,0,0,0,|,7.99746656417847,NaN,NaN,NaN,8.62848949432373,8.71026802062988
21:12:30,|,8.07906055450439,8.46591949462891,8.55250835418701,0,0,0,|,NaN,8.59268379211426,8.60020160675049,8.67543601989746,8.62791919708252,8.9653844833374,|,8.43281841278076,8.63490009307861,8.69013404846191,0,0,0,|,8.11759185791016,NaN,NaN,NaN,8.67621994018555,8.754714012146
21:17:30,|,7.97933149337769,8.44106674194336,8.56107425689697,0,0,0,|,NaN,8.62650966644287,8.66342258453369,8.74428081512451,8.68523502349854,9.0141134262085,|,8.43563747406006,8.65912532806396,8.71751594543457,0,0,0,|,8.14715671539307,NaN,NaN,NaN,8.73483180999756,8.8160400390625
21:22:30,|,7.99337816238403,8.43983268737793,8.5598669052124,0,0,0,|,NaN,8.60344409942627,8.62852382659912,8.71203994750977,8.63409423828125,8.98480033874512,|,8.35000038146973,8.57798671722412,8.63804721832275,0,0,0,|,8.0092306137085,NaN,NaN,NaN,8.63382530212402,8.71835041046143
21:27:30,|,8.03070259094238,8.42293357849121,8.52456378936768,0,0,0,|,NaN,8.59093952178955,8.59698009490967,8.67530155181885,8.59906005859375,8.93347835540771,|,8.35040283203125,8.56483268737793,8.60238265991211,0,0,0,|,8.0739803314209,NaN,NaN,NaN,8.61541748046875,8.68966293334961
21:32:30,|,8.03624248504639,8.41120338439941,8.4957857131958,0,0,0,|,NaN,8.53818798065186,8.52624225616455,8.59886264801025,8.5277853012085,8.88113784790039,|,8.34543609619141,8.52781200408936,8.54281902313232,0,0,0,|,8.05826663970947,NaN,NaN,NaN,8.50671100616455,8.5975170135498
21:37:30,|,8.03511714935303,8.38605308532715,8.44989967346191,0,0,0,|,NaN,8.50127506256104,8.47979927062988,8.56060218811035,8.46375846862793,8.87284278869629,|,8.32557010650635,8.48281860351563,8.53073883056641,0,0,0,|,8.05070209503174,NaN,NaN,NaN,8.48849487304688,8.56993293762207
21:42:30,|,8.01719093322754,8.36333274841309,8.43087196350098,0,0,0,|,NaN,8.46234893798828,8.45429515838623,8.53355693817139,8.45664405822754,8.8610372543335,|,8.29416084289551,8.47824859619141,8.48579120635986,0,0,0,|,8.055251121521,NaN,NaN,NaN,8.45919513702393,8.54785251617432
21:47:30,|,7.9135570526123,8.26953220367432,8.35892963409424,0,0,0,|,NaN,8.40597343444824,8.38785266876221,8.46428108215332,8.37516784667969,8.77759170532227,|,8.26212120056152,8.45436191558838,8.46308708190918,0,0,0,|,8.01538467407227,NaN,NaN,NaN,8.43328857421875,8.51646518707275
21:52:30,|,7.84635448455811,8.22658824920654,8.30318737030029,0,0,0,|,NaN,8.39939594268799,8.36382579803467,8.45250797271729,8.35570526123047,8.75046825408936,|,8.13483238220215,8.34375762939453,8.35073757171631,0,0,0,|,7.9395318031311,NaN,NaN,NaN,8.39003372192383,8.46111106872559
21:57:30,|,7.7284951210022,8.14986705780029,8.21399974822998,0,0,0,|,NaN,8.2969799041748,8.29771041870117,8.39033603668213,8.30000019073486,8.6845817565918,|,8.08557033538818,8.2952184677124,8.32281875610352,0,0,0,|,7.87733364105225,NaN,NaN,NaN,8.36442947387695,8.43872547149658
22:02:30,|,7.82481622695923,8.17668914794922,NaN,0,0,0,|,NaN,8.29590606689453,8.27550411224365,8.35257530212402,8.29140949249268,8.67264175415039,|,8.08919525146484,8.25207996368408,8.27892589569092,0,0,0,|,7.90862894058228,NaN,NaN,NaN,8.32375812530518,8.38622951507568
22:07:30,|,7.83825540542603,8.16732406616211,NaN,0,0,0,|,NaN,8.28543663024902,8.23791980743408,8.33826065063477,8.24583911895752,8.65086936950684,|,8.09120845794678,8.23892211914063,8.24228954315186,0,0,0,|,7.92775917053223,NaN,NaN,NaN,8.2656192779541,8.32812118530273
22:12:30,|,7.85638809204102,8.16759967803955,NaN,0,0,0,|,NaN,8.26395988464355,8.22271823883057,8.30013465881348,8.20600700378418,8.61093711853027,|,8.08382606506348,8.22684574127197,8.23073768615723,0,0,0,|,7.92040157318115,NaN,NaN,NaN,8.25906085968018,8.31404113769531
22:17:30,|,7.82989978790283,8.14177227020264,NaN,0,0,0,|,NaN,8.2590970993042,8.218825340271,8.27244186401367,8.19147682189941,8.59933185577393,|,8.08436298370361,8.21503353118896,8.22174453735352,0,0,0,|,7.91799354553223,NaN,NaN,NaN,8.25127506256104,8.31026840209961
22:22:30,|,7.84255027770996,8.12893009185791,NaN,0,0,0,|,NaN,8.24248313903809,8.2003698348999,8.27511692047119,8.17745018005371,8.59622097015381,|,8.08489990234375,8.2386531829834,8.24765110015869,0,0,0,|,7.92441463470459,NaN,NaN,NaN,8.26214790344238,8.32818222045898
22:27:30,|,7.8600001335144,8.16626644134521,NaN,0,0,0,|,NaN,8.26651000976563,8.23996639251709,8.3034782409668,8.21822166442871,8.62093639373779,|,8.1003360748291,8.2640266418457,8.26805305480957,0,0,0,|,7.88842821121216,NaN,NaN,NaN,8.23070240020752,8.3085241317749
22:32:30,|,7.86722421646118,8.16799354553223,NaN,0,0,0,|,NaN,8.27416133880615,8.23459720611572,8.29583930969238,8.20889282226563,8.60648822784424,|,8.10597324371338,8.2665319442749,8.26626205444336,0,0,0,|,7.91213321685791,NaN,NaN,NaN,8.23624229431152,8.30892276763916
22:37:30,|,7.90949821472168,8.20638847351074,NaN,0,0,0,|,NaN,8.32999992370605,8.2829532623291,8.34561920166016,8.26261806488037,8.65053367614746,|,8.1355037689209,8.30684566497803,8.30912685394287,0,0,0,|,7.98354530334473,NaN,NaN,NaN,8.30711460113525,8.3745641708374
22:42:30,|,7.89328861236572,8.2010669708252,NaN,0,0,0,|,NaN,8.36181163787842,8.32127571105957,8.40702342987061,8.302809715271,8.69558525085449,|,8.16610717773438,8.31986522674561,8.32684516906738,0,0,0,|,7.96869564056396,NaN,NaN,NaN,8.34013366699219,8.3959264755249
22:47:30,|,7.93893003463745,8.24264240264893,NaN,0,0,0,|,NaN,8.36100673675537,8.32973194122314,8.40604019165039,8.3033561706543,8.69662189483643,|,8.16906070709229,8.31986522674561,8.32577133178711,0,0,0,|,7.99344491958618,NaN,NaN,NaN,8.33959770202637,8.41187953948975
22:52:30,|,7.93076944351196,8.23301029205322,NaN,0,0,0,|,NaN,8.33832168579102,8.32049655914307,8.37236785888672,8.29449653625488,8.67869567871094,|,8.15281867980957,8.31046962738037,8.3135347366333,0,0,0,|,7.98729085922241,NaN,NaN,NaN,8.3444299697876,8.40495014190674
22:57:30,|,7.89317750930786,8.17560005187988,NaN,0,0,0,|,NaN,8.31020069122314,NaN,NaN,8.2731876373291,8.67040157318115,|,8.13885879516602,8.28107357025146,8.27409362792969,0,0,0,|,7.93280029296875,NaN,NaN,NaN,8.27003383636475,8.35630893707275
23:02:30,|,7.89691305160522,8.2026424407959,NaN,0,0,0,|,NaN,8.3027515411377,NaN,NaN,8.27698040008545,8.66919708251953,|,8.1604700088501,8.27232265472412,8.2816104888916,0,0,0,|,7.98448181152344,NaN,NaN,NaN,8.32174491882324,8.39000034332275
23:07:30,|,7.89317750930786,8.20076942443848,NaN,0,0,0,|,NaN,8.30020141601563,NaN,NaN,8.27855682373047,8.66692352294922,|,8.15268421173096,8.27946281433105,8.30127906799316,0,0,0,|,7.94631576538086,NaN,NaN,NaN,8.31428623199463,8.37666702270508
23:12:30,|,7.93130445480347,8.23466682434082,NaN,0,0,0,|,NaN,8.30785274505615,NaN,NaN,8.27429580688477,8.65969944000244,|,8.12744998931885,8.26774406433105,8.26496601104736,0,0,0,|,NaN,NaN,NaN,NaN,NaN,NaN
23:17:30,|,7.87351179122925,8.18698978424072,NaN,0,0,0,|,NaN,8.28342247009277,NaN,NaN,8.21204662322998,8.61628818511963,|,8.15349006652832,8.28697967529297,8.29436206817627,0,0,0,|,NaN,NaN,NaN,NaN,NaN,NaN
23:22:30,|,7.81919479370117,8.12357902526855,NaN,0,0,0,|,NaN,8.26704692840576,NaN,NaN,8.20389270782471,8.60605430603027,|,8.07922554016113,8.24805355072021,8.2405366897583,0,0,0,|,NaN,NaN,NaN,NaN,NaN,NaN
23:27:30,|,7.78187322616577,8.08226680755615,NaN,0,0,0,|,NaN,8.21939563751221,NaN,NaN,8.14033603668213,8.54986572265625,|,8.01577186584473,8.1773738861084,8.1663293838501,0,0,0,|,NaN,NaN,NaN,NaN,NaN,NaN
23:32:30,|,7.81250858306885,8.08518409729004,NaN,0,0,0,|,NaN,8.19093990325928,NaN,NaN,8.09147644042969,8.51755809783936,|,8.01389312744141,8.17087268829346,8.1597318649292,0,0,0,|,NaN,NaN,NaN,NaN,NaN,NaN
23:37:30,|,7.79591989517212,8.06083583831787,NaN,0,0,0,|,NaN,8.14270877838135,NaN,NaN,8.05953025817871,8.48170566558838,|,8.00771808624268,8.13879203796387,8.11114120483398,0,0,0,|,NaN,NaN,NaN,NaN,NaN,NaN
23:42:30,|,7.75395965576172,8.01976585388184,NaN,0,0,0,|,NaN,8.1165771484375,NaN,NaN,8.03849506378174,8.44849491119385,|,7.99630880355835,8.09925937652588,8.07932662963867,0,0,0,|,NaN,NaN,NaN,NaN,NaN,NaN
23:47:30,|,7.69625377655029,7.96439981460571,NaN,0,0,0,|,NaN,8.07442951202393,NaN,NaN,7.99120807647705,8.41775894165039,|,7.94073820114136,8.0747652053833,8.06348991394043,0,0,0,|,NaN,NaN,NaN,NaN,NaN,NaN
23:52:30,|,7.65250825881958,7.92652177810669,NaN,0,0,0,|,NaN,8.04946327209473,NaN,NaN,7.96838903427124,8.38100337982178,|,7.90020132064819,8.02855205535889,8.02080535888672,0,0,0,|,NaN,NaN,NaN,NaN,NaN,NaN
23:57:30,|,7.60536909103394,7.89280939102173,NaN,0,0,0,|,NaN,8.01496696472168,NaN,NaN,7.94087219238281,8.37548542022705,|,7.83550310134888,7.98590612411499,7.96966457366943,0,0,0,|,NaN,NaN,NaN,NaN,NaN,NaN
00:02:30,|,7.56782579421997,7.8514666557312,NaN,0,0,0,|,NaN,8.00771808624268,NaN,NaN,7.89281845092773,8.34127140045166,|,7.83818769454956,7.98953008651733,7.97845125198364,0,0,0,|,NaN,NaN,NaN,NaN,NaN,NaN
00:07:30,|,7.55391311645508,7.84130430221558,NaN,0,0,0,|,NaN,7.95671129226685,NaN,NaN,7.83832216262817,8.29498386383057,|,7.79053688049316,7.93993282318115,7.91798686981201,0,0,0,|,NaN,NaN,NaN,NaN,NaN,NaN
00:12:30,|,7.54936456680298,7.81896305084229,NaN,0,0,0,|,NaN,7.91241598129272,NaN,NaN,7.81174468994141,8.25916385650635,|,7.77053689956665,7.91674518585205,7.88308715820313,0,0,0,|,NaN,NaN,NaN,NaN,NaN,NaN
00:17:30,|,7.5065770149231,7.76785945892334,NaN,0,0,0,|,NaN,7.8967113494873,NaN,NaN,7.80879211425781,8.24096965789795,|,7.75818777084351,7.85717153549194,7.84187936782837,0,0,0,|,NaN,NaN,NaN,NaN,NaN,NaN
00:22:30,|,7.53076934814453,7.78240013122559,NaN,0,0,0,|,NaN,7.88463068008423,NaN,NaN,7.79630851745605,8.23692321777344,|,7.74637603759766,7.86261749267578,7.83138084411621,0,0,0,|,NaN,NaN,NaN,NaN,NaN,NaN
00:27:30,|,7.49839448928833,7.7634449005127,NaN,0,0,0,|,NaN,7.89521741867065,NaN,NaN,7.78530216217041,8.22655487060547,|,7.71161079406738,7.83309745788574,7.82147645950317,0,0,0,|,NaN,NaN,NaN,NaN,NaN,NaN
00:32:30,|,7.53557062149048,7.78137111663818,NaN,0,0,0,|,NaN,7.88597297668457,NaN,NaN,7.78973150253296,8.23531723022461,|,7.75845623016357,7.86493301391602,7.85892629623413,0,0,0,|,NaN,NaN,NaN,NaN,NaN,NaN
00:37:30,|,7.57892990112305,7.8024001121521,NaN,0,0,0,|,NaN,7.87563753128052,NaN,NaN,7.80060386657715,8.23986625671387,|,7.71617460250854,7.836510181427,7.83407402038574,0,0,0,|,NaN,NaN,NaN,NaN,NaN,NaN
00:42:30,|,7.58280944824219,7.77575254440308,NaN,0,0,0,|,NaN,7.70530223846436,NaN,NaN,7.5653018951416,8.03782653808594,|,7.55426168441772,7.66784524917603,7.58711385726929,0,0,0,|,NaN,NaN,NaN,NaN,NaN,NaN
00:47:30,|,7.39060401916504,7.53401327133179,NaN,0,0,0,|,NaN,7.53234910964966,NaN,NaN,7.37107372283936,7.86080265045166,|,7.42053699493408,7.50167798995972,7.41548824310303,0,0,0,|,NaN,NaN,NaN,NaN,NaN,NaN
00:52:30,|,7.32782602310181,7.4506664276123,NaN,0,0,0,|,NaN,7.44442939758301,NaN,NaN,7.27147626876831,7.77628755569458,|,7.3526177406311,7.41733980178833,7.34147644042969,0,0,0,|,NaN,NaN,NaN,NaN,NaN,NaN
00:57:30,|,7.30200672149658,7.44839429855347,NaN,0,0,0,|,NaN,7.4339599609375,NaN,NaN,7.28744983673096,7.79528427124023,|,7.30402708053589,7.39657688140869,7.33745002746582,0,0,0,|,NaN,NaN,NaN,NaN,NaN,NaN
01:02:30,|,7.25395965576172,7.43488264083862,NaN,0,0,0,|,NaN,7.47624158859253,NaN,NaN,7.3313422203064,7.82150506973267,|,7.29503393173218,7.39912748336792,7.35542106628418,0,0,0,|,NaN,NaN,NaN,NaN,NaN,NaN
01:07:30,|,7.20729064941406,7.42159986495972,NaN,0,0,0,|,NaN,7.47570466995239,NaN,NaN,7.33147621154785,7.81729078292847,|,7.32604026794434,7.42744112014771,7.37503385543823,0,0,0,|,NaN,NaN,NaN,NaN,NaN,NaN
01:12:30,|,7.1587290763855,7.36919736862183,NaN,0,0,0,|,NaN,7.43127536773682,NaN,NaN,7.2976508140564,7.78872919082642,|,7.27178478240967,7.3622145652771,7.34563779830933,0,0,0,|,NaN,NaN,NaN,NaN,NaN,NaN
01:17:30,|,7.13543605804443,7.3024001121521,NaN,0,0,0,|,NaN,7.36993312835693,NaN,NaN,7.2214093208313,7.72167205810547,|,7.2770471572876,7.34730625152588,7.29266023635864,0,0,0,|,NaN,NaN,NaN,NaN,NaN,NaN
01:22:30,|,7.04274225234985,7.24130439758301,NaN,0,0,0,|,NaN,7.31369161605835,NaN,NaN,7.15080547332764,7.65795993804932,|,7.1920804977417,7.28583908081055,7.21583890914917,0,0,0,|,NaN,NaN,NaN,NaN,NaN,NaN
01:27:30,|,6.96501684188843,7.15073585510254,NaN,0,0,0,|,NaN,7.24805355072021,NaN,NaN,7.09187936782837,7.61059999465942,|,7.12993288040161,7.20489931106567,7.1702356338501,0,0,0,|,NaN,NaN,NaN,NaN,NaN,NaN
01:32:30,|,6.90124988555908,7.11500024795532,NaN,0,0,0,|,NaN,7.18268442153931,NaN,NaN,7.02396011352539,7.55197334289551,|,7.08228158950806,7.16710424423218,7.12120771408081,0,0,0,|,NaN,NaN,NaN,NaN,NaN,NaN
01:37:30,|,NaN,NaN,NaN,0,0,0,|,NaN,7.15946292877197,NaN,NaN,7.00597333908081,7.52735805511475,|,7.05073833465576,7.13818788528442,7.09087228775024,0,0,0,|,NaN,NaN,NaN,NaN,NaN,NaN
01:42:30,|,NaN,NaN,NaN,0,0,0,|,NaN,7.11006689071655,NaN,NaN,6.95644283294678,7.49648809432983,|,7.03114080429077,7.10636377334595,7.05494928359985,0,0,0,|,NaN,NaN,NaN,NaN,NaN,NaN
01:47:30,|,NaN,NaN,NaN,0,0,0,|,NaN,7.06528425216675,NaN,NaN,6.92999982833862,7.44983243942261,|,6.96885919570923,7.05335569381714,7.01355695724487,0,0,0,|,NaN,NaN,NaN,NaN,NaN,NaN
01:52:30,|,NaN,NaN,NaN,0,0,0,|,NaN,7.02093935012817,NaN,NaN,6.88758373260498,7.41270875930786,|,6.9201340675354,7.01288604736328,6.97261762619019,0,0,0,|,NaN,NaN,NaN,NaN,NaN,NaN
01:57:30,|,NaN,NaN,NaN,0,0,0,|,NaN,6.96255016326904,NaN,NaN,6.84342288970947,7.37481594085693,|,6.83355712890625,6.93518543243408,6.90653228759766,0,0,0,|,NaN,NaN,NaN,NaN,NaN,NaN
02:02:30,|,NaN,NaN,NaN,0,0,0,|,NaN,6.872483253479,NaN,NaN,6.77882957458496,7.31337833404541,|,6.73342275619507,6.86563777923584,6.85677862167358,0,0,0,|,NaN,NaN,NaN,NaN,NaN,NaN
02:07:30,|,NaN,NaN,NaN,0,0,0,|,NaN,6.8475170135498,NaN,NaN,6.76973152160645,7.30030107498169,|,6.74841737747192,6.8600001335144,6.85194635391235,0,0,0,|,NaN,NaN,NaN,NaN,NaN,NaN
02:12:30,|,NaN,NaN,NaN,0,0,0,|,NaN,6.82590627670288,NaN,NaN,6.77093935012817,7.3057861328125,|,6.6804027557373,6.83328866958618,6.83461284637451,0,0,0,|,NaN,NaN,NaN,NaN,NaN,NaN
02:17:30,|,NaN,NaN,NaN,0,0,0,|,NaN,6.69114065170288,NaN,NaN,6.66879224777222,7.22732448577881,|,6.51543617248535,6.74308729171753,6.74389266967773,0,0,0,|,NaN,NaN,NaN,NaN,NaN,NaN
02:22:30,|,NaN,NaN,NaN,0,0,0,|,NaN,6.59906053543091,NaN,NaN,6.54140949249268,7.13856649398804,|,6.36442947387695,6.60222196578979,6.57825517654419,0,0,0,|,NaN,NaN,NaN,NaN,NaN,NaN
02:27:30,|,NaN,NaN,NaN,0,0,0,|,NaN,6.60335540771484,NaN,NaN,6.51375865936279,7.09749174118042,|,6.33120775222778,6.54040241241455,6.52899312973022,0,0,0,|,NaN,NaN,NaN,NaN,NaN,NaN
02:32:30,|,NaN,NaN,NaN,0,0,0,|,NaN,6.53557062149048,NaN,NaN,6.45818758010864,7.06979942321777,|,6.33617448806763,6.54013442993164,6.53656578063965,0,0,0,|,NaN,NaN,NaN,NaN,NaN,NaN
02:37:30,|,NaN,NaN,NaN,0,0,0,|,NaN,6.53647661209106,NaN,NaN,6.43885898590088,7.05066919326782,|,6.41620779037476,6.55409383773804,6.53785228729248,0,0,0,|,NaN,NaN,NaN,NaN,NaN,NaN
02:42:30,|,NaN,NaN,NaN,0,0,0,|,NaN,6.59530210494995,NaN,NaN,6.45832204818726,7.06769227981567,|,6.42114067077637,6.55758380889893,6.52606058120728,0,0,0,|,NaN,NaN,NaN,NaN,NaN,NaN
02:47:30,|,NaN,NaN,NaN,0,0,0,|,NaN,6.5997314453125,NaN,NaN,6.49993276596069,7.09026765823364,|,6.47785234451294,6.61717176437378,6.5645637512207,0,0,0,|,NaN,NaN,NaN,NaN,NaN,NaN
02:52:30,|,NaN,NaN,NaN,0,0,0,|,NaN,6.60644292831421,NaN,NaN,6.52718114852905,7.09695672988892,|,6.48093938827515,6.61959743499756,6.57999992370605,0,0,0,|,NaN,NaN,NaN,NaN,NaN,NaN
02:57:30,|,NaN,NaN,NaN,0,0,0,|,NaN,6.61570453643799,NaN,NaN,6.53026866912842,7.10551834106445,|,6.51434326171875,6.63319873809814,6.60727262496948,0,0,0,|,NaN,NaN,NaN,NaN,NaN,NaN
03:02:30,|,NaN,NaN,NaN,0,0,0,|,NaN,6.67328834533691,NaN,NaN,6.57026863098145,7.14340019226074,|,6.56818771362305,6.6869797706604,6.65530204772949,0,0,0,|,NaN,NaN,NaN,NaN,NaN,NaN
03:07:30,|,NaN,NaN,NaN,0,0,0,|,NaN,6.6821403503418,NaN,NaN,6.60143804550171,7.16498327255249,|,6.57449674606323,6.6981143951416,6.6810736656189,0,0,0,|,NaN,NaN,NaN,NaN,NaN,NaN
03:12:30,|,NaN,NaN,NaN,0,0,0,|,NaN,6.69919443130493,NaN,NaN,6.63630867004395,7.21073579788208,|,6.59906053543091,6.7272481918335,6.72148132324219,0,0,0,|,NaN,NaN,NaN,NaN,NaN,NaN
03:17:30,|,NaN,NaN,NaN,0,0,0,|,NaN,6.76147651672363,NaN,NaN,6.6913423538208,7.24371242523193,|,6.66818761825562,6.77838945388794,6.79503393173218,0,0,0,|,NaN,NaN,NaN,NaN,NaN,NaN
03:22:30,|,NaN,NaN,NaN,0,0,0,|,NaN,6.82335567474365,NaN,NaN,6.77604007720947,7.31424760818481,|,6.71489906311035,6.8400673866272,6.84523487091064,0,0,0,|,NaN,NaN,NaN,NaN,NaN,NaN
03:27:30,|,NaN,NaN,NaN,0,0,0,|,NaN,6.9076509475708,NaN,NaN,6.8372483253479,7.37210702896118,|,6.72348976135254,6.86993312835693,6.88040399551392,0,0,0,|,NaN,NaN,NaN,NaN,NaN,NaN
03:32:30,|,NaN,NaN,NaN,0,0,0,|,NaN,6.93718147277832,NaN,NaN,6.88597297668457,7.41013383865356,|,6.75194644927979,6.9201340675354,6.93409395217896,0,0,0,|,NaN,NaN,NaN,NaN,NaN,NaN
03:37:30,|,NaN,NaN,NaN,0,0,0,|,NaN,6.95583915710449,NaN,NaN,6.93120765686035,7.45719051361084,|,6.76120805740356,6.94481468200684,6.9530200958252,0,0,0,|,NaN,NaN,NaN,NaN,NaN,NaN
03:42:30,|,NaN,NaN,NaN,0,0,0,|,NaN,6.91083335876465,NaN,NaN,6.92873001098633,7.44875001907349,|,6.8071141242981,6.99285221099854,6.98747491836548,0,0,0,|,NaN,NaN,NaN,NaN,NaN,NaN
03:47:30,|,NaN,NaN,NaN,0,0,0,|,NaN,NaN,NaN,NaN,NaN,NaN,|,6.79852390289307,7.02932691574097,7.03771829605103,0,0,0,|,NaN,NaN,NaN,NaN,NaN,NaN
03:52:30,|,NaN,NaN,NaN,0,0,0,|,NaN,NaN,NaN,NaN,NaN,NaN,|,6.72563743591309,6.97644281387329,6.92536926269531,0,0,0,|,NaN,NaN,NaN,NaN,NaN,NaN
03:57:30,|,NaN,NaN,NaN,0,0,0,|,NaN,NaN,NaN,NaN,NaN,NaN,|,6.56765079498291,6.75006723403931,6.65966320037842,0,0,0,|,NaN,NaN,NaN,NaN,NaN,NaN
04:02:30,|,NaN,NaN,NaN,0,0,0,|,NaN,NaN,NaN,NaN,NaN,NaN,|,6.54976415634155,6.66040372848511,6.593825340271,0,0,0,|,NaN,NaN,NaN,NaN,NaN,NaN
04:07:30,|,NaN,NaN,NaN,0,0,0,|,NaN,NaN,NaN,NaN,NaN,NaN,|,6.49543619155884,6.62040233612061,6.54424238204956,0,0,0,|,NaN,NaN,NaN,NaN,NaN,NaN
04:12:30,|,NaN,NaN,NaN,0,0,0,|,NaN,NaN,NaN,NaN,NaN,NaN,|,6.49046993255615,6.61447811126709,6.55664443969727,0,0,0,|,NaN,NaN,NaN,NaN,NaN,NaN
04:17:30,|,NaN,NaN,NaN,0,0,0,|,NaN,NaN,NaN,NaN,NaN,NaN,|,6.53020143508911,6.62590599060059,6.58375835418701,0,0,0,|,NaN,NaN,NaN,NaN,NaN,NaN
04:22:30,|,NaN,NaN,NaN,0,0,0,|,NaN,NaN,NaN,NaN,NaN,NaN,|,6.54362392425537,6.62993288040161,6.58033657073975,0,0,0,|,NaN,NaN,NaN,NaN,NaN,NaN
04:27:30,|,NaN,NaN,NaN,0,0,0,|,NaN,NaN,NaN,NaN,NaN,NaN,|,6.54040241241455,6.62444448471069,6.56107378005981,0,0,0,|,NaN,NaN,NaN,NaN,NaN,NaN
04:32:30,|,NaN,NaN,NaN,0,0,0,|,NaN,NaN,NaN,NaN,NaN,NaN,|,6.49181222915649,6.61087226867676,6.55557060241699,0,0,0,|,NaN,NaN,NaN,NaN,NaN,NaN
04:37:30,|,NaN,NaN,NaN,0,0,0,|,NaN,NaN,NaN,NaN,NaN,NaN,|,6.52805376052856,6.61717176437378,6.59999990463257,0,0,0,|,NaN,NaN,NaN,NaN,NaN,NaN
04:42:30,|,NaN,NaN,NaN,0,0,0,|,NaN,NaN,NaN,NaN,NaN,NaN,|,6.5395975112915,6.62483215332031,6.62939596176147,0,0,0,|,NaN,NaN,NaN,NaN,NaN,NaN
04:47:30,|,NaN,NaN,NaN,0,0,0,|,NaN,NaN,NaN,NaN,NaN,NaN,|,6.46355724334717,6.61865329742432,6.57664442062378,0,0,0,|,NaN,NaN,NaN,NaN,NaN,NaN
04:52:30,|,NaN,NaN,NaN,0,0,0,|,NaN,NaN,NaN,NaN,NaN,NaN,|,6.42862415313721,6.60375833511353,6.56134653091431,0,0,0,|,NaN,NaN,NaN,NaN,NaN,NaN
04:57:30,|,NaN,NaN,NaN,0,0,0,|,NaN,NaN,NaN,NaN,NaN,NaN,|,6.3094630241394,6.54241609573364,6.502281665802,0,0,0,|,NaN,NaN,NaN,NaN,NaN,NaN
05:02:30,|,NaN,NaN,NaN,0,0,0,|,NaN,NaN,NaN,NaN,NaN,NaN,|,6.25107383728027,6.47670030593872,6.43313121795654,0,0,0,|,NaN,NaN,NaN,NaN,NaN,NaN
05:07:30,|,NaN,NaN,NaN,0,0,0,|,NaN,NaN,NaN,NaN,NaN,NaN,|,6.25053691864014,6.45073843002319,6.40912771224976,0,0,0,|,NaN,NaN,NaN,NaN,NaN,NaN
05:12:30,|,NaN,NaN,NaN,0,0,0,|,NaN,NaN,NaN,NaN,NaN,NaN,|,6.25053691864014,6.41191911697388,6.40000009536743,0,0,0,|,NaN,NaN,NaN,NaN,NaN,NaN
05:17:30,|,NaN,NaN,NaN,0,0,0,|,NaN,NaN,NaN,NaN,NaN,NaN,|,6.15147638320923,6.36496639251709,6.36606073379517,0,0,0,|,NaN,NaN,NaN,NaN,NaN,NaN
05:22:30,|,NaN,NaN,NaN,0,0,0,|,NaN,NaN,NaN,NaN,NaN,NaN,|,6.09141445159912,6.31932926177979,6.30389261245728,0,0,0,|,NaN,NaN,NaN,NaN,NaN,NaN
05:27:30,|,NaN,NaN,NaN,0,0,0,|,NaN,NaN,NaN,NaN,NaN,NaN,|,6.0426173210144,6.26794624328613,6.25117826461792,0,0,0,|,NaN,NaN,NaN,NaN,NaN,NaN
05:32:30,|,NaN,NaN,NaN,0,0,0,|,NaN,NaN,NaN,NaN,NaN,NaN,|,6.11738252639771,6.28120803833008,6.23879194259644,0,0,0,|,NaN,NaN,NaN,NaN,NaN,NaN
05:37:30,|,NaN,NaN,NaN,0,0,0,|,NaN,NaN,NaN,NaN,NaN,NaN,|,6.03483200073242,6.22269344329834,6.18724822998047,0,0,0,|,NaN,NaN,NaN,NaN,NaN,NaN
05:42:30,|,NaN,NaN,NaN,0,0,0,|,NaN,NaN,NaN,NaN,NaN,NaN,|,6.02463102340698,6.21503353118896,6.16646432876587,0,0,0,|,NaN,NaN,NaN,NaN,NaN,NaN
05:47:30,|,NaN,NaN,NaN,0,0,0,|,NaN,NaN,NaN,NaN,NaN,NaN,|,5.98798656463623,6.1518120765686,6.09932899475098,0,0,0,|,NaN,NaN,NaN,NaN,NaN,NaN
05:52:30,|,NaN,NaN,NaN,0,0,0,|,NaN,NaN,NaN,NaN,NaN,NaN,|,5.9882550239563,6.12710428237915,6.07973051071167,0,0,0,|,NaN,NaN,NaN,NaN,NaN,NaN
05:57:30,|,NaN,NaN,NaN,0,0,0,|,NaN,NaN,NaN,NaN,NaN,NaN,|,6.01040267944336,6.13446283340454,6.0798659324646,0,0,0,|,NaN,NaN,NaN,NaN,NaN,NaN
06:02:30,|,NaN,NaN,NaN,0,0,0,|,NaN,NaN,NaN,NaN,NaN,NaN,|,6.05402708053589,6.13932657241821,6.08093929290771,0,0,0,|,NaN,NaN,NaN,NaN,NaN,NaN
06:07:30,|,NaN,NaN,NaN,0,0,0,|,NaN,NaN,NaN,NaN,NaN,NaN,|,6.05724859237671,6.14214754104614,6.10558891296387,0,0,0,|,NaN,NaN,NaN,NaN,NaN,NaN
06:12:30,|,NaN,NaN,NaN,0,0,0,|,NaN,NaN,NaN,NaN,NaN,NaN,|,6.09698009490967,6.17127513885498,6.14295291900635,0,0,0,|,NaN,NaN,NaN,NaN,NaN,NaN
06:17:30,|,NaN,NaN,NaN,0,0,0,|,NaN,NaN,NaN,NaN,NaN,NaN,|,6.13349008560181,6.20410776138306,6.15744972229004,0,0,0,|,NaN,NaN,NaN,NaN,NaN,NaN
06:22:30,|,NaN,NaN,NaN,0,0,0,|,NaN,NaN,NaN,NaN,NaN,NaN,|,6.1032886505127,6.20335531234741,6.15771007537842,0,0,0,|,NaN,NaN,NaN,NaN,NaN,NaN
06:27:30,|,NaN,NaN,NaN,0,0,0,|,NaN,NaN,NaN,NaN,NaN,NaN,|,6.06097650527954,6.17986536026001,6.14134216308594,0,0,0,|,NaN,NaN,NaN,NaN,NaN,NaN
06:32:30,|,NaN,NaN,NaN,0,0,0,|,NaN,NaN,NaN,NaN,NaN,NaN,|,6.03228187561035,6.17275142669678,6.14127922058105,0,0,0,|,NaN,NaN,NaN,NaN,NaN,NaN
06:37:30,|,NaN,NaN,NaN,0,0,0,|,NaN,NaN,NaN,NaN,NaN,NaN,|,5.99617433547974,6.16724824905396,6.15463066101074,0,0,0,|,NaN,NaN,NaN,NaN,NaN,NaN
06:42:30,|,NaN,NaN,NaN,0,0,0,|,NaN,NaN,NaN,NaN,NaN,NaN,|,5.9956374168396,6.17515134811401,6.15892601013184,0,0,0,|,NaN,NaN,NaN,NaN,NaN,NaN
06:47:30,|,NaN,NaN,NaN,0,0,0,|,NaN,NaN,NaN,NaN,NaN,NaN,|,6.01295280456543,6.19852352142334,6.17158222198486,0,0,0,|,NaN,NaN,NaN,NaN,NaN,NaN
06:52:30,|,NaN,NaN,NaN,0,0,0,|,NaN,NaN,NaN,NaN,NaN,NaN,|,6.08315467834473,6.22282791137695,6.21731519699097,0,0,0,|,NaN,NaN,NaN,NaN,NaN,NaN
06:57:30,|,NaN,NaN,NaN,0,0,0,|,NaN,NaN,NaN,NaN,NaN,NaN,|,6.09469795227051,6.23664426803589,6.23006677627563,0,0,0,|,NaN,NaN,NaN,NaN,NaN,NaN
07:02:30,|,NaN,NaN,NaN,0,0,0,|,NaN,NaN,NaN,NaN,NaN,NaN,|,6.08919477462769,6.25299692153931,6.23569011688232,0,0,0,|,NaN,NaN,NaN,NaN,NaN,NaN
07:07:30,|,NaN,NaN,NaN,0,0,0,|,NaN,NaN,NaN,NaN,NaN,NaN,|,6.06033563613892,6.21892595291138,6.19382524490356,0,0,0,|,NaN,NaN,NaN,NaN,NaN,NaN
07:12:30,|,NaN,NaN,NaN,0,0,0,|,NaN,NaN,NaN,NaN,NaN,NaN,|,6.09724855422974,6.23046970367432,6.22536897659302,0,0,0,|,NaN,NaN,NaN,NaN,NaN,NaN
07:17:30,|,NaN,NaN,NaN,0,0,0,|,NaN,NaN,NaN,NaN,NaN,NaN,|,6.15322160720825,6.28841781616211,6.28040409088135,0,0,0,|,NaN,NaN,NaN,NaN,NaN,NaN
07:22:30,|,NaN,NaN,NaN,0,0,0,|,NaN,NaN,NaN,NaN,NaN,NaN,|,6.17033672332764,6.3130202293396,6.31758403778076,0,0,0,|,NaN,NaN,NaN,NaN,NaN,NaN
07:27:30,|,NaN,NaN,NaN,0,0,0,|,NaN,NaN,NaN,NaN,NaN,NaN,|,6.23590612411499,6.38094282150269,6.37952852249146,0,0,0,|,NaN,NaN,NaN,NaN,NaN,NaN
07:32:30,|,NaN,NaN,NaN,0,0,0,|,NaN,NaN,NaN,NaN,NaN,NaN,|,6.34966421127319,6.44228172302246,6.40349006652832,0,0,0,|,NaN,NaN,NaN,NaN,NaN,NaN
07:37:30,|,NaN,NaN,NaN,0,0,0,|,NaN,NaN,NaN,NaN,NaN,NaN,|,6.49768447875977,6.52966451644897,6.45221471786499,0,0,0,|,NaN,NaN,NaN,NaN,NaN,NaN
07:42:30,|,NaN,NaN,NaN,0,0,0,|,NaN,NaN,NaN,NaN,NaN,NaN,|,6.61315441131592,6.60680103302002,6.54343414306641,0,0,0,|,NaN,NaN,NaN,NaN,NaN,NaN
07:47:30,|,NaN,NaN,NaN,0,0,0,|,NaN,NaN,NaN,NaN,NaN,NaN,|,6.64751672744751,6.66603994369507,6.58268451690674,0,0,0,|,NaN,NaN,NaN,NaN,NaN,NaN
07:52:30,|,NaN,NaN,NaN,0,0,0,|,NaN,NaN,NaN,NaN,NaN,NaN,|,6.71825504302979,6.70121192932129,6.63234901428223,0,0,0,|,NaN,NaN,NaN,NaN,NaN,NaN
07:57:30,|,6.63351631164551,6.57450532913208,NaN,0,0,0,|,NaN,NaN,NaN,NaN,NaN,NaN,|,6.83543634414673,6.77248334884644,6.70491552352905,0,0,0,|,NaN,NaN,NaN,NaN,NaN,NaN
08:02:30,|,6.91641187667847,6.8277153968811,NaN,0,0,0,|,NaN,NaN,NaN,NaN,NaN,NaN,|,7.02751684188843,6.93646478652954,6.84510087966919,0,0,0,|,NaN,NaN,NaN,NaN,NaN,NaN
08:07:30,|,7.08073568344116,7.01923084259033,NaN,0,0,0,|,NaN,NaN,NaN,NaN,NaN,NaN,|,7.17234897613525,7.08463096618652,6.99690246582031,0,0,0,|,NaN,NaN,NaN,NaN,NaN,NaN
08:12:30,|,7.06738233566284,7.03426694869995,NaN,0,0,0,|,NaN,NaN,NaN,NaN,NaN,NaN,|,7.1476092338562,7.09832239151001,6.99382543563843,0,0,0,|,NaN,NaN,NaN,NaN,NaN,NaN
08:17:30,|,7.10387945175171,7.04812717437744,NaN,0,0,0,|,NaN,NaN,6.85846710205078,6.91608667373657,NaN,NaN,|,7.24067115783691,7.15983152389526,7.0351676940918,0,0,0,|,7.10577440261841,6.85342836380005,7.01755571365356,6.92311096191406,6.87387943267822,6.91939401626587
08:22:30,|,7.22027111053467,7.08905410766602,6.92299270629883,0,0,0,|,NaN,7.10091924667358,7.01214790344238,7.03335571289063,6.85409069061279,7.3903956413269,|,7.32308721542358,7.18691301345825,7.07111120223999,0,0,0,|,7.34220743179321,7.09201335906982,7.15241622924805,7.03154373168945,6.97086954116821,7.05221462249756
08:27:30,|,7.38503313064575,7.20033121109009,7.09688997268677,0,0,0,|,NaN,7.33825492858887,7.15338897705078,7.1505298614502,7.01979875564575,7.51327753067017,|,7.45610761642456,7.27926158905029,7.15060377120972,0,0,0,|,7.53110361099243,7.28610754013062,7.29671144485474,7.14762544631958,7.04342269897461,7.1395959854126
08:32:30,|,7.61879205703735,7.35862874984741,7.24063110351563,0,0,0,|,NaN,7.52514934539795,7.30744981765747,7.27926158905029,7.16043186187744,7.63222599029541,|,7.62201356887817,7.41814804077148,7.28845643997192,0,0,0,|,7.71076917648315,7.41695642471313,7.42297983169556,7.29428577423096,7.17221450805664,7.26832246780396
08:37:30,|,7.79030132293701,7.47234106063843,7.3431544303894,0,0,0,|,NaN,7.66583919525146,7.37966442108154,7.36411380767822,7.28060388565063,7.69986629486084,|,7.8908052444458,7.58476543426514,7.40498304367065,0,0,0,|,7.8643479347229,7.52731561660767,7.50986576080322,7.38668918609619,7.26120805740356,7.3623571395874
08:42:30,|,7.78268480300903,7.56719064712524,7.43200635910034,0,0,0,|,NaN,7.72020149230957,7.46416091918945,7.46174478530884,7.32369136810303,7.79622077941895,|,7.88731527328491,7.63805389404297,7.47959756851196,0,0,0,|,8.02769184112549,7.68140935897827,7.64731550216675,7.51664447784424,7.39270925521851,7.4824914932251
08:47:30,|,7.74227428436279,7.59969902038574,7.47791910171509,0,0,0,|,NaN,7.79496622085571,7.57080554962158,7.54709005355835,7.38382530212402,7.87247514724731,|,7.8806037902832,7.67781162261963,7.53355693817139,0,0,0,|,7.97337818145752,7.7407021522522,7.72453022003174,7.59484958648682,7.47570466995239,7.56711387634277
08:52:30,|,7.75140953063965,7.62110376358032,7.52003383636475,0,0,0,|,NaN,7.81751680374146,7.59919452667236,7.61046981811523,7.45308685302734,7.91093635559082,|,7.91147613525391,7.75201320648193,7.61898994445801,0,0,0,|,7.99157190322876,7.77510070800781,7.7547492980957,7.65127515792847,7.53812074661255,7.61569023132324
08:57:30,|,7.81023406982422,7.68626689910889,7.55536937713623,0,0,0,|,NaN,7.85107374191284,7.62067079544067,7.61317729949951,7.45762538909912,7.91053485870361,|,7.96342277526855,7.79080533981323,7.64845609664917,0,0,0,|,8.05752468109131,7.83979845046997,7.80261754989624,7.67852830886841,7.55691289901733,7.64437675476074
09:02:30,|,8.03511714935303,7.83622074127197,7.69127082824707,0,0,0,|,NaN,7.92557048797607,7.70161056518555,7.67605352401733,7.54154348373413,7.98956537246704,|,8.05429553985596,7.84131288528442,7.69198656082153,0,0,0,|,8.02769184112549,7.80892992019653,7.78432893753052,7.66536903381348,7.54254198074341,7.63825511932373
09:07:30,|,8.15073871612549,7.94297647476196,7.78865766525269,0,0,0,|,NaN,8.03174495697021,7.79986572265625,7.78174495697021,7.63013410568237,8.06469821929932,|,8.20771789550781,7.98187923431396,7.81959772109985,0,0,0,|,8.00936412811279,7.84570455551147,7.81077194213867,7.71685600280762,7.59543609619141,7.67360258102417
09:12:30,|,8.17906379699707,7.96531772613525,7.82999992370605,0,0,0,|,NaN,8.0709400177002,7.83543634414673,7.84755849838257,7.69711399078369,8.12304401397705,|,8.29067134857178,8.06765079498291,7.89060401916504,0,0,0,|,8.05739116668701,7.89630842208862,7.86361217498779,7.78130865097046,7.65543603897095,7.74818181991577
09:17:30,|,8.22671127319336,8.04344463348389,7.89952993392944,0,0,0,|,NaN,8.09926223754883,7.85932922363281,7.86133813858032,7.72328853607178,8.15515041351318,|,8.28757572174072,8.08794593811035,7.92377090454102,0,0,0,|,8.12321090698242,7.97909688949585,7.9436240196228,7.84436225891113,7.71261739730835,7.8212456703186
09:22:30,|,8.36906337738037,8.13963222503662,7.99765062332153,0,0,0,|,NaN,8.12221527099609,7.90738248825073,7.90322160720825,7.76946306228638,8.19515037536621,|,8.30503368377686,8.07838916778564,7.9229531288147,0,0,0,|,8.20214748382568,8.02449703216553,7.99208068847656,7.88444805145264,7.75712394714355,7.87134218215942
09:27:30,|,9.12892627716064,8.45903015136719,8.19394588470459,0,0,0,|,NaN,8.39456367492676,8.08308792114258,8.07284355163574,7.92932891845703,8.33163928985596,|,8.95040321350098,8.39221477508545,8.13691234588623,0,0,0,|,8.97110366821289,8.29053783416748,8.13891315460205,8.02278709411621,7.94563770294189,8.0244779586792
09:32:30,|,9.1712703704834,8.66190624237061,8.38979816436768,0,0,0,|,NaN,8.67996597290039,8.34923076629639,8.3194637298584,8.16684532165527,8.54083633422852,|,8.99734878540039,8.50962924957275,8.26926136016846,0,0,0,|,9.19023418426514,8.4905366897583,8.38696384429932,8.24198341369629,8.13865852355957,8.22326564788818
09:37:30,|,8.88725757598877,8.59240818023682,8.38093948364258,0,0,0,|,NaN,8.62949657440186,8.33268451690674,8.31805992126465,8.14966487884521,8.52912998199463,|,8.7559061050415,8.49342250823975,8.28697967529297,0,0,0,|,8.96387958526611,8.53496646881104,8.44617462158203,8.30986595153809,8.16809368133545,8.25899314880371
09:42:30,|,8.64973163604736,8.45682239532471,8.27230739593506,0,0,0,|,NaN,8.57013416290283,8.32141017913818,8.28689002990723,8.13644313812256,8.53602027893066,|,8.64798641204834,8.44322109222412,8.24996566772461,0,0,0,|,8.89525127410889,8.59093952178955,8.5499324798584,8.4419469833374,8.27355766296387,8.35956287384033
09:47:30,|,8.79254150390625,8.52226638793945,8.32201290130615,0,0,0,|,NaN,8.57013416290283,8.3064432144165,8.29114151000977,8.13281917572021,8.5193977355957,|,8.69684505462646,8.4646463394165,8.30671119689941,0,0,0,|,8.80374622344971,8.55100345611572,8.51177215576172,8.38677883148193,8.25384616851807,8.3425931930542
09:52:30,|,8.79577159881592,8.57421398162842,8.38086891174316,0,0,0,|,NaN,8.58785247802734,8.36355781555176,8.34294319152832,8.19013404846191,8.58167266845703,|,8.67268371582031,8.50187873840332,8.33060359954834,0,0,0,|,8.83826065063477,8.59805297851563,8.5351676940918,8.40812110900879,8.26885890960693,8.35322189331055
09:57:30,|,8.72498321533203,8.57668876647949,8.41127490997314,0,0,0,|,NaN,8.55711364746094,8.33765125274658,8.33866214752197,8.18221473693848,8.56832790374756,|,8.58785247802734,8.48821544647217,8.35409355163574,0,0,0,|,8.72334480285645,8.61791896820068,8.5808048248291,8.48758411407471,8.33463096618652,8.42528629302979
10:02:30,|,8.63294315338135,8.51983261108398,8.37288570404053,0,0,0,|,NaN,8.57402610778809,8.37523555755615,8.37516784667969,8.24751663208008,8.63311100006104,|,8.57805347442627,8.51114082336426,8.37656497955322,0,0,0,|,8.70113754272461,8.59107303619385,8.56939601898193,8.47308731079102,8.33852863311768,8.41693592071533
10:07:30,|,8.80906009674072,8.61280918121338,8.4218053817749,0,0,0,|,NaN,8.72184562683105,8.50100708007813,8.47404670715332,8.33664417266846,8.68846130371094,|,8.73456382751465,8.57637596130371,8.44308662414551,0,0,0,|,8.85712432861328,8.64444732666016,8.59725761413574,8.49416160583496,8.34791946411133,8.44758415222168
10:12:30,|,9.0496654510498,8.72023391723633,8.50778579711914,0,0,0,|,NaN,8.79087257385254,8.54476547241211,8.50829410552979,8.37718105316162,8.73274230957031,|,8.91221523284912,8.64377117156982,8.47248268127441,0,0,0,|,9.16628742218018,8.72171115875244,8.6379861831665,8.56033611297607,8.40791988372803,8.50164985656738
10:17:30,|,9.20016670227051,8.79652214050293,8.59678936004639,0,0,0,|,NaN,8.82456398010254,8.53536891937256,8.50483226776123,8.37436294555664,8.72782611846924,|,9.13946342468262,8.77664470672607,8.56932640075684,0,0,0,|,9.46461486816406,8.88912677764893,8.80738258361816,8.62476539611816,8.49317741394043,8.57349014282227
10:22:30,|,9.33147716522217,8.85599994659424,8.61087322235107,0,0,0,|,NaN,8.94080543518066,8.61161041259766,8.58990001678467,8.46754169464111,8.81143760681152,|,9.3651008605957,8.87979888916016,8.66385841369629,0,0,0,|,9.38889598846436,8.84140396118164,8.74775886535645,8.56221485137939,8.45557022094727,8.5272388458252
10:27:30,|,9.36993312835693,8.89270877838135,8.61618804931641,0,0,0,|,NaN,9.03181266784668,8.70157241821289,8.6505012512207,8.49315452575684,8.83394622802734,|,9.37758445739746,8.92973136901855,8.72446250915527,0,0,0,|,9.54327774047852,9.01046943664551,8.88093948364258,8.73444843292236,8.61771774291992,8.69168376922607
10:32:30,|,9.81675624847412,9.06421375274658,8.70523548126221,0,0,0,|,NaN,9.13261795043945,8.75536918640137,8.69637584686279,8.53838920593262,8.8739128112793,|,9.77798652648926,9.11953067779541,8.80798721313477,0,0,0,|,9.90622043609619,8.9296293258667,8.85781764984131,8.70854568481445,8.63514995574951,8.74382591247559
10:37:30,|,10.7966442108154,9.44468212127686,8.95852851867676,0,0,0,|,NaN,9.36765098571777,8.88855743408203,8.81317710876465,8.66563701629639,8.97859573364258,|,10.4370803833008,9.46033573150635,9.06050491333008,0,0,0,|,10.8725080490112,9.46274852752686,9.13978385925293,8.96756744384766,8.89120864868164,8.98744106292725
10:42:30,|,10.4104347229004,9.43612003326416,9.04067134857178,0,0,0,|,NaN,9.49046993255615,9.03694629669189,8.96381282806396,8.82684516906738,9.11016750335693,|,10.3849668502808,9.55518531799316,9.18865776062012,0,0,0,|,10.8996658325195,9.53090286254883,9.18963241577148,9.00308704376221,8.86819458007813,8.9513463973999
10:47:30,|,10.0561199188232,9.35451507568359,9.0395975112915,0,0,0,|,NaN,9.46923065185547,9.11949634552002,9.07946300506592,8.95557022094727,9.23224067687988,|,10.1359729766846,9.52637577056885,9.2295970916748,0,0,0,|,10.2943143844604,9.48295307159424,9.2938871383667,9.08543014526367,8.91765117645264,8.98288536071777
10:52:30,|,10.1056041717529,9.50929737091064,9.21511650085449,0,0,0,|,NaN,9.6846981048584,9.26308727264404,9.15913105010986,9.00241661071777,9.27632141113281,|,10.1690273284912,9.59422779083252,9.29040431976318,0,0,0,|,10.2351837158203,9.58053684234619,9.42348957061768,9.27999973297119,9.14511680603027,9.20686817169189
10:57:30,|,10.1911373138428,9.58582019805908,9.34080505371094,0,0,0,|,NaN,9.72040271759033,9.36952972412109,9.33331108093262,9.14791965484619,9.41963195800781,|,10.0971813201904,9.58616161346436,9.38677883148193,0,0,0,|,10.2417392730713,9.6870231628418,9.59597301483154,9.45127487182617,9.32369136810303,9.41167736053467
11:02:30,|,10.0935230255127,9.59438133239746,9.30603981018066,0,0,0,|,NaN,9.70751667022705,9.34416103363037,9.30016803741455,9.15127563476563,9.43371200561523,|,10.1089935302734,9.6180534362793,9.3423490524292,0,0,0,|,9.97712421417236,9.54228210449219,9.4344482421875,9.28939533233643,9.16369152069092,9.21589183807373
11:07:30,|,10.084547996521,9.68789291381836,9.39812660217285,0,0,0,|,NaN,9.74040222167969,9.39114093780518,9.3408031463623,9.17409420013428,9.434983253479,|,9.94442939758301,9.51563739776611,9.27747440338135,0,0,0,|,10.0675582885742,9.69516754150391,9.57812118530273,9.4179859161377,9.26752471923828,9.32673358917236
11:12:30,|,9.90277576446533,9.54515075683594,9.25315380096436,0,0,0,|,NaN,9.6716775894165,9.31167793273926,9.26604080200195,9.13825511932373,9.43063545227051,|,9.95516777038574,9.56016826629639,9.31872463226318,0,0,0,|,10.0528430938721,9.68595314025879,9.57489967346191,9.40536880493164,9.25966453552246,9.31892585754395
11:17:30,|,10.1628522872925,9.77324390411377,9.51183986663818,0,0,0,|,NaN,9.78187847137451,9.43651008605957,9.37267589569092,9.22953033447266,9.51739120483398,|,9.91409397125244,9.5638256072998,9.35805320739746,0,0,0,|,9.97685623168945,9.68214702606201,9.57879638671875,9.43369102478027,9.27456378936768,9.33710384368896
11:22:30,|,10.1223745346069,9.72735786437988,9.47261714935303,0,0,0,|,NaN,9.84181785583496,9.49973106384277,9.47160530090332,9.3151683807373,9.58585262298584,|,10.1245641708374,9.70718097686768,9.46959686279297,0,0,0,|,10.1606683731079,9.75993251800537,9.62402629852295,9.46523475646973,9.30016708374023,9.37275123596191
11:27:30,|,10.3622741699219,9.85120010375977,9.58429527282715,0,0,0,|,NaN,9.82642078399658,9.44214725494385,9.42862415313721,9.26375865936279,9.52010059356689,|,10.2592287063599,9.77707099914551,9.50050449371338,0,0,0,|,10.3341798782349,9.83919429779053,9.71248340606689,9.54268455505371,9.36691284179688,9.44282817840576
11:32:30,|,10.5169124603271,9.99224090576172,9.67946529388428,0,0,0,|,NaN,9.85060405731201,9.49677848815918,9.48391342163086,9.31521892547607,9.57759189605713,|,10.2523488998413,9.76409435272217,9.49738216400146,0,0,0,|,10.5733785629272,10.0441608428955,9.89545154571533,9.69892692565918,9.48382568359375,9.52523517608643
11:37:30,|,10.3977251052856,9.92749214172363,9.60134220123291,0,0,0,|,NaN,9.98224830627441,9.59664440155029,9.56431484222412,9.40241622924805,9.65398025512695,|,10.2056045532227,9.77607440948486,9.52167797088623,0,0,0,|,10.4698324203491,9.96568584442139,9.83315372467041,9.63731575012207,9.45735740661621,9.51892280578613
11:42:30,|,10.6494979858398,10.0457525253296,9.65543651580811,0,0,0,|,NaN,10.2342615127563,9.80193996429443,9.71494960784912,9.53812122344971,9.74505043029785,|,10.6373825073242,10.0020132064819,9.72758388519287,0,0,0,|,10.7360534667969,10.0261249542236,9.88897895812988,9.71836757659912,9.60771751403809,9.67097663879395
11:47:30,|,11.5197315216064,10.4914379119873,10.0433444976807,0,0,0,|,NaN,10.4364433288574,9.80681228637695,9.71308708190918,9.49704742431641,9.70769214630127,|,11.2866439819336,10.3259935379028,9.91774463653564,0,0,0,|,11.590368270874,10.4132890701294,10.1605091094971,9.91632747650146,9.72301006317139,9.75583934783936
11:52:30,|,11.5486288070679,10.5972242355347,10.1067790985107,0,0,0,|,NaN,10.5191278457642,9.9185905456543,9.83173942565918,9.63650989532471,9.84060192108154,|,11.3002014160156,10.4339599609375,9.95711421966553,0,0,0,|,11.726019859314,10.5806713104248,10.3176746368408,10.039867401123,9.82244968414307,9.86370372772217
11:57:30,|,11.2266216278076,10.3807363510132,9.95459747314453,0,0,0,|,NaN,10.5040941238403,9.89093971252441,9.81167221069336,9.60912704467773,9.83525085449219,|,11.1724157333374,10.4004030227661,9.90704727172852,0,0,0,|,11.4830770492554,10.3908357620239,10.1120805740356,9.87244987487793,9.6899995803833,9.73503398895264
12:02:30,|,10.5922145843506,10.1985950469971,9.86735820770264,0,0,0,|,NaN,10.2106370925903,9.79543685913086,9.75375843048096,9.58711433410645,9.82150459289551,|,10.6042280197144,10.1735572814941,9.82731628417969,0,0,0,|,10.6141805648804,10.1586580276489,9.91498279571533,9.75717163085938,9.65066814422607,9.73818206787109
12:07:30,|,10.6947154998779,10.2846155166626,9.94906044006348,0,0,0,|,NaN,10.2093286514282,9.80255031585693,9.77100372314453,9.58335590362549,9.80331134796143,|,10.414999961853,10.0831651687622,9.87033748626709,0,0,0,|,10.454047203064,10.1575841903687,9.99798679351807,9.83758449554443,9.69536876678467,9.74241638183594
12:12:30,|,10.9232110977173,10.3560333251953,9.97969913482666,0,0,0,|,NaN,10.4756374359131,9.99979877471924,9.91896343231201,9.72201347351074,9.948561668396,|,10.6685237884521,10.1940946578979,9.92664432525635,0,0,0,|,10.9368562698364,10.3230104446411,10.1497983932495,9.97110748291016,9.79311084747314,9.83838367462158
12:17:30,|,10.6699666976929,10.1771907806396,9.80443000793457,0,0,0,|,NaN,10.5470476150513,10.0477180480957,10.0055704116821,9.79946327209473,10.0038461685181,|,10.6439599990845,10.1802682876587,9.89429569244385,0,0,0,|,10.9316387176514,10.3340940475464,10.112886428833,9.9079532623291,9.7352352142334,9.77744960784912
12:22:30,|,10.4056367874146,10.1066217422485,9.81681251525879,0,0,0,|,NaN,10.3204698562622,9.92943000793457,9.92030048370361,9.74067115783691,9.9625415802002,|,10.4669799804688,10.1797313690186,9.97483253479004,0,0,0,|,10.494047164917,10.2641477584839,10.0818061828613,9.91662216186523,9.77066898345947,9.82101058959961
12:27:30,|,10.3423404693604,10.1154851913452,9.90745830535889,0,0,0,|,NaN,9.95248317718506,9.62161064147949,9.63682270050049,9.45946311950684,9.70939826965332,|,9.94979858398438,9.81570434570313,9.65242385864258,0,0,0,|,10.025016784668,9.91020107269287,9.80563735961914,9.65785312652588,9.5301342010498,9.56953048706055
12:32:30,|,10.3488292694092,10.0912704467773,9.85000038146973,0,0,0,|,NaN,9.94308662414551,9.63047027587891,9.63615417480469,9.46335601806641,9.71578598022461,|,9.92429447174072,9.76526832580566,9.64167785644531,0,0,0,|,10.1175918579102,9.95685577392578,9.84442901611328,9.70778560638428,9.56906032562256,9.63016891479492
12:37:30,|,10.0986576080322,9.90541839599609,9.67612075805664,0,0,0,|,NaN,9.91953182220459,9.61694622039795,9.62718105316162,9.45691299438477,9.70775890350342,|,9.98630905151367,9.83221435546875,9.70409393310547,0,0,0,|,10.1638793945313,10.052752494812,9.93411350250244,9.80953025817871,9.67020034790039,9.71812152862549
12:42:30,|,9.79762554168701,9.74408054351807,9.55597305297852,0,0,0,|,NaN,9.9048318862915,9.63590621948242,9.64418029785156,9.49234867095947,9.7470235824585,|,9.90375804901123,9.83127975463867,9.7146463394165,0,0,0,|,10.0290670394897,9.99939823150635,9.91852283477783,9.78711414337158,9.65979862213135,9.70774459838867
12:47:30,|,9.69541835784912,9.6808032989502,9.50956535339355,0,0,0,|,NaN,9.79489898681641,9.55570507049561,9.5825080871582,9.42429542541504,9.6857852935791,|,9.73449611663818,9.70395946502686,9.61308670043945,0,0,0,|,9.81163883209229,9.81986522674561,9.77060413360596,9.65664482116699,9.5310697555542,9.58885955810547
12:52:30,|,9.69335556030273,9.67197322845459,9.50604057312012,0,0,0,|,NaN,9.76617431640625,9.53167819976807,9.56476497650146,9.41973209381104,9.69009971618652,|,9.71382522583008,9.68865776062012,9.59979820251465,0,0,0,|,9.78862857818604,9.78228187561035,9.74240779876709,9.62966442108154,9.50328826904297,9.58639812469482
12:57:30,|,9.72645473480225,9.7094669342041,9.56577205657959,0,0,0,|,NaN,9.73127460479736,9.50711441040039,9.53929805755615,9.39610767364502,9.66083526611328,|,9.63865756988525,9.62489891052246,9.54288578033447,0,0,0,|,9.69551849365234,9.71230792999268,9.6744966506958,9.57812118530273,9.45577144622803,9.53583908081055
13:02:30,|,9.65996646881104,9.67371273040771,9.52802658081055,0,0,0,|,NaN,9.68630886077881,9.47892570495605,9.52369117736816,9.36778545379639,9.63514995574951,|,9.55315399169922,9.57902336120605,9.51693534851074,0,0,0,|,9.60160541534424,9.66845607757568,9.65422821044922,9.54590606689453,9.44879627227783,9.52134704589844
13:07:30,|,9.64395999908447,9.63411426544189,9.49167728424072,0,0,0,|,NaN,9.70429515838623,9.49637603759766,9.52658843994141,9.39194679260254,9.65812683105469,|,9.63503360748291,9.60704708099365,9.52651023864746,0,0,0,|,9.61337852478027,9.65612030029297,9.63805961608887,9.54805374145508,9.43697929382324,9.5175838470459
13:12:30,|,9.77354526519775,9.69979953765869,9.53208065032959,0,0,0,|,NaN,9.76228141784668,9.5189266204834,9.53755855560303,9.40107345581055,9.66374588012695,|,9.74067115783691,9.66328811645508,9.55751609802246,0,0,0,|,9.7662878036499,9.72657680511475,9.68697929382324,9.58590602874756,9.45859050750732,9.53481483459473
13:17:30,|,9.77113723754883,9.72481632232666,9.55919742584229,0,0,0,|,NaN,9.86201286315918,9.61959743499756,9.64328861236572,9.50228214263916,9.75337791442871,|,9.83932876586914,9.75214767456055,9.65107727050781,0,0,0,|,9.83146667480469,9.80086898803711,9.76765060424805,9.66926193237305,9.53976535797119,9.62590599060059
13:22:30,|,9.79751682281494,9.75625419616699,9.6112756729126,0,0,0,|,NaN,9.89959716796875,9.6487922668457,9.68110370635986,9.53986549377441,9.78812694549561,|,9.82241535186768,9.73442935943604,9.63966369628906,0,0,0,|,9.88623237609863,9.81933116912842,9.78842735290527,9.66349029541016,9.55442905426025,9.62563800811768
13:27:30,|,9.86745834350586,9.79346656799316,9.62769222259521,0,0,0,|,NaN,9.95624160766602,9.69399356842041,9.70531749725342,9.56523513793945,9.80127048492432,|,9.94791889190674,9.82798004150391,9.70731544494629,0,0,0,|,9.98795986175537,9.92697906494141,9.88456344604492,9.76523494720459,9.64598655700684,9.71313190460205
13:32:30,|,9.72551822662354,9.68668937683105,9.53127574920654,0,0,0,|,NaN,9.79905986785889,9.53758430480957,9.56758403778076,9.42724800109863,9.67514991760254,|,9.75449657440186,9.6913423538208,9.57808017730713,0,0,0,|,9.7931547164917,9.77264213562012,9.73933124542236,9.62993335723877,9.52798652648926,9.59167766571045
13:37:30,|,9.81581974029541,9.67893028259277,9.48816013336182,0,0,0,|,NaN,9.76953029632568,9.48751640319824,9.50451564788818,9.34818840026855,9.60688972473145,|,9.80577182769775,9.6577844619751,9.50986576080322,0,0,0,|,9.794114112854,9.68295288085938,9.63221454620361,9.50832271575928,9.39134216308594,9.46478080749512
13:42:30,|,9.71657752990723,9.63719081878662,9.47140884399414,0,0,0,|,NaN,9.75758361816406,9.50805377960205,9.53729152679443,9.37919521331787,9.64652156829834,|,9.82067108154297,9.68556976318359,9.55255031585693,0,0,0,|,9.77899646759033,9.70106983184814,9.64274215698242,9.529128074646,9.40852832794189,9.48174476623535
13:47:30,|,9.58826065063477,9.56695652008057,9.42341136932373,0,0,0,|,NaN,9.73250770568848,9.49208068847656,9.51414775848389,9.3739595413208,9.62752437591553,|,9.6892614364624,9.62333297729492,9.52663230895996,0,0,0,|,9.72026824951172,9.69290924072266,9.66457939147949,9.57158279418945,9.44436264038086,9.52832221984863
13:52:30,|,9.52498340606689,9.5214672088623,9.38536834716797,0,0,0,|,NaN,9.59744930267334,9.365234375,9.41486644744873,9.26724815368652,9.52986621856689,|,9.53946304321289,9.5183219909668,9.41013431549072,0,0,0,|,9.55732440948486,9.55919456481934,9.54120826721191,9.44456386566162,9.31469821929932,9.39138031005859
13:57:30,|,9.32771873474121,9.40655517578125,9.28778457641602,0,0,0,|,NaN,9.47046947479248,9.2816104888916,9.31993293762207,9.21369171142578,9.48307704925537,|,9.31838989257813,9.3806037902832,9.30248355865479,0,0,0,|,9.30595302581787,9.40742492675781,9.43846130371094,9.35384559631348,9.24117088317871,9.33785247802734
14:02:30,|,9.22598648071289,9.33525085449219,9.24133777618408,0,0,0,|,NaN,9.40979862213135,9.24859046936035,9.30295276641846,9.1993293762207,9.47561931610107,|,9.20912742614746,9.30463123321533,9.26548862457275,0,0,0,|,9.18100357055664,9.32577228546143,9.3812084197998,9.30912685394287,9.21523475646973,9.31205368041992
14:07:30,|,9.30438137054443,9.3934440612793,9.31127452850342,0,0,0,|,NaN,9.48577213287354,9.32966423034668,9.37284278869629,9.26187896728516,9.54538440704346,|,9.34550380706787,9.42530155181885,9.36664390563965,0,0,0,|,9.31451511383057,9.43899631500244,9.47979927062988,9.40134143829346,9.30288600921631,9.40711402893066
14:12:30,|,9.31845664978027,9.43892955780029,9.35210704803467,0,0,0,|,NaN,9.52067089080811,9.36469745635986,9.40939807891846,9.29825496673584,9.5825080871582,|,9.37637615203857,9.44946098327637,9.38302040100098,0,0,0,|,9.37471580505371,9.46684551239014,9.50067138671875,9.43221473693848,9.33775901794434,9.43946075439453
14:17:30,|,9.36150550842285,9.46186637878418,9.3930196762085,0,0,0,|,NaN,9.56899356842041,9.41114044189453,9.45496654510498,9.33503341674805,9.60872840881348,|,9.39484977722168,9.46167755126953,9.42400646209717,0,0,0,|,9.40842723846436,9.50842761993408,9.53946304321289,9.44362354278564,9.36812114715576,9.44657707214355
14:22:30,|,9.3652515411377,9.4865550994873,9.40387916564941,0,0,0,|,NaN,9.57973194122314,9.43463039398193,9.47013378143311,9.34791946411133,9.62043476104736,|,9.40349006652832,9.50315380096436,9.44503307342529,0,0,0,|,9.39785957336426,9.52765083312988,9.57050132751465,9.46697902679443,9.37134170532227,9.4664421081543
14:27:30,|,9.50449657440186,9.53846168518066,9.44067096710205,0,0,0,|,NaN,9.64161014556885,9.47006702423096,9.50398063659668,9.38805389404297,9.6504020690918,|,9.57664394378662,9.56342220306396,9.47872447967529,0,0,0,|,9.60521793365479,9.60434818267822,9.62214756011963,9.52979850769043,9.42484951019287,9.51272773742676
14:32:30,|,9.59147167205811,9.59678936004639,9.49297618865967,0,0,0,|,NaN,9.71140956878662,9.52429580688477,9.55214786529541,9.43516826629639,9.69324398040771,|,9.64912700653076,9.61496639251709,9.53309726715088,0,0,0,|,9.67759227752686,9.68174457550049,9.67221450805664,9.59463119506836,9.48060417175293,9.57248401641846
14:37:30,|,9.64257526397705,9.64869594573975,9.53691291809082,0,0,0,|,NaN,9.75315380096436,9.55959796905518,9.58277606964111,9.46872520446777,9.72334480285645,|,9.69154357910156,9.6645450592041,9.57281875610352,0,0,0,|,9.67759227752686,9.69371223449707,9.69785976409912,9.6097993850708,9.49751663208008,9.59033584594727
14:42:30,|,9.63228225708008,9.64909744262695,9.54381275177002,0,0,0,|,NaN,9.78201293945313,9.59154415130615,9.6278600692749,9.50080490112305,9.75759220123291,|,9.73436260223389,9.69751644134521,9.60892200469971,0,0,0,|,9.75745868682861,9.77624130249023,9.771409034729,9.67986583709717,9.56384563446045,9.65373802185059
14:47:30,|,9.55842781066895,9.6065559387207,9.52107429504395,0,0,0,|,NaN,9.73852348327637,9.54644298553467,9.60261726379395,9.4912748336792,9.73789310455322,|,9.67892646789551,9.68973159790039,9.60744953155518,0,0,0,|,9.70461559295654,9.76434803009033,9.75248336791992,9.6758394241333,9.54879188537598,9.64147663116455
14:52:30,|,9.4974250793457,9.60200691223145,9.52936458587646,0,0,0,|,NaN,9.68671131134033,9.52362442016602,9.5720739364624,9.46214771270752,9.71260833740234,|,9.58979892730713,9.64624118804932,9.57107353210449,0,0,0,|,9.58207416534424,9.69046974182129,9.69973182678223,9.61530208587646,9.52610683441162,9.60821628570557
14:57:30,|,9.49563789367676,9.60334491729736,9.52536964416504,0,0,0,|,NaN,9.66375827789307,9.52067184448242,9.55896377563477,9.47838973999023,9.71849536895752,|,9.55020141601563,9.61040210723877,9.53754138946533,0,0,0,|,9.54849529266357,9.65531730651855,9.66778469085693,9.60013484954834,9.51180553436279,9.59932899475098
15:02:30,|,9.44913101196289,9.59613418579102,9.52454853057861,0,0,0,|,NaN,9.68255043029785,9.55583953857422,9.61604022979736,9.49704742431641,9.75518417358398,|,9.53154373168945,9.60959529876709,9.54973125457764,0,0,0,|,9.53966617584229,9.66080284118652,9.6818790435791,9.60147666931152,9.52677822113037,9.60067176818848
15:07:30,|,9.37180614471436,9.55678939819336,9.49879169464111,0,0,0,|,NaN,9.64993286132813,9.52187919616699,9.5825080871582,9.48429489135742,9.74043464660645,|,9.45221519470215,9.56704711914063,9.53335571289063,0,0,0,|,9.4671573638916,9.61570453643799,9.65558528900146,9.58711433410645,9.49240779876709,9.59461307525635
15:12:30,|,9.31295299530029,9.51224136352539,9.46832180023193,0,0,0,|,NaN,9.60322093963623,9.49355697631836,9.55013370513916,9.43489933013916,9.69511699676514,|,9.39892673492432,9.5301342010498,9.50885486602783,0,0,0,|,9.41053295135498,9.5565881729126,9.59698963165283,9.53060436248779,9.45201301574707,9.54966449737549
15:17:30,|,9.3100004196167,9.48454856872559,9.44775867462158,0,0,0,|,NaN,9.56953048706055,9.45624160766602,9.52261734008789,9.41906070709229,9.68802642822266,|,9.38322162628174,9.50449657440186,9.48503303527832,0,0,0,|,9.37417984008789,9.53919506072998,9.58107376098633,9.52107429504395,9.44852352142334,9.53495025634766
15:22:30,|,9.27548503875732,9.43906307220459,9.40026760101318,0,0,0,|,NaN,9.51624202728271,9.42697906494141,9.47093677520752,9.38671112060547,9.66230773925781,|,9.3577184677124,9.46360206604004,9.45872497558594,0,0,0,|,9.34180545806885,9.50147151947021,9.55879211425781,9.50859069824219,9.42886257171631,9.51959800720215
15:27:30,|,9.23120784759521,9.41337776184082,9.38140392303467,0,0,0,|,NaN,9.50322151184082,9.42858982086182,9.47214031219482,9.38832187652588,9.66391277313232,|,9.31114101409912,9.44932842254639,9.44905662536621,0,0,0,|,9.28561878204346,9.45531749725342,9.51150512695313,9.4634895324707,9.38409423828125,9.5043773651123
15:32:30,|,9.19106960296631,9.37083530426025,9.35879135131836,0,0,0,|,NaN,9.49838924407959,9.40228176116943,9.46677875518799,9.37178421020508,9.6522741317749,|,9.29382610321045,9.44087219238281,9.43993282318115,0,0,0,|,9.24187278747559,9.41718101501465,9.473557472229,9.42778491973877,9.36154365539551,9.45812034606934
15:37:30,|,9.15738201141357,9.35919666290283,9.3554515838623,0,0,0,|,NaN,9.46402645111084,9.36872482299805,9.43789291381836,9.338791847229,9.62618732452393,|,9.26469802856445,9.39791965484619,9.39693546295166,0,0,0,|,9.18662166595459,9.3878927230835,9.4634895324707,9.4224157333374,9.33869552612305,9.43851852416992
15:42:30,|,9.03414726257324,9.2616720199585,9.24805355072021,0,0,0,|,NaN,9.36161041259766,9.26469802856445,9.33628749847412,9.24536895751953,9.54876232147217,|,9.14228248596191,9.30737400054932,9.3086576461792,0,0,0,|,9.01056861877441,9.24939632415771,9.34227466583252,9.3020133972168,9.22395992279053,9.33932876586914
15:47:30,|,8.95120334625244,9.16294288635254,9.14738273620605,0,0,0,|,NaN,9.26548480987549,9.19315433502197,9.22762584686279,9.14912796020508,9.46575260162354,|,9.04859066009521,9.20946311950684,9.19832229614258,0,0,0,|,8.94560050964355,9.18334484100342,9.25395965576172,9.2083215713501,9.13308715820313,9.253737449646
15:52:30,|,8.90906047821045,9.11493301391602,9.08575248718262,0,0,0,|,NaN,9.19570541381836,9.13198661804199,9.18993282318115,9.11141014099121,9.42183971405029,|,8.99291896820068,9.13429546356201,9.1415433883667,0,0,0,|,8.88454818725586,9.106689453125,9.18523502349854,9.13302040100098,9.05521774291992,9.19087219238281
15:57:30,|,8.85287570953369,9.07210731506348,9.06684589385986,0,0,0,|,NaN,9.16939640045166,9.10469818115234,9.13759231567383,9.07932949066162,9.39759159088135,|,8.89949703216553,9.07161045074463,9.0869026184082,0,0,0,|,8.81016731262207,9.05879211425781,9.14347839355469,9.12067127227783,9.05147647857666,9.17889213562012
16:02:30,|,8.78798675537109,9.02020072937012,9.00280952453613,0,0,0,|,NaN,9.13543701171875,9.06832218170166,9.1358528137207,9.07785320281982,9.39906311035156,|,8.88275146484375,9.05350208282471,9.08516788482666,0,0,0,|,8.80227470397949,9.04903030395508,9.14630889892578,9.11759185791016,9.04503345489502,9.17259216308594
16:07:30,|,8.77622032165527,9.01672267913818,9.01087284088135,0,0,0,|,NaN,9.0747652053833,9.01771831512451,9.07999992370605,9.02536964416504,9.35451507568359,|,8.86288642883301,9.00785255432129,9.0439395904541,0,0,0,|,8.78341197967529,9.0189266204834,9.1254186630249,9.093825340271,9.02725791931152,9.14174461364746
16:12:30,|,8.77020072937012,8.98782634735107,8.99665546417236,0,0,0,|,NaN,9.0146312713623,8.94197940826416,9.01090335845947,8.96013355255127,9.29798603057861,|,8.81668949127197,8.96342277526855,8.9729528427124,0,0,0,|,8.72361183166504,8.94989967346191,9.04228210449219,9.0365104675293,8.96825504302979,9.09060573577881
16:17:30,|,8.75953006744385,8.96454811096191,8.98469829559326,0,0,0,|,NaN,9.01342296600342,8.93751621246338,8.99886322021484,8.94630813598633,9.28341102600098,|,8.81134223937988,8.93778514862061,8.97308731079102,0,0,0,|,8.72066879272461,8.92697906494141,9.02375888824463,9.00765132904053,8.94302082061768,9.05832195281982
16:22:30,|,8.76685619354248,8.97605323791504,8.98769187927246,0,0,0,|,NaN,9.02147674560547,8.95258331298828,9.04862880706787,9.00966453552246,9.33802604675293,|,8.87026882171631,8.97926235198975,9.04542064666748,0,0,0,|,8.76613330841064,8.98468208312988,9.0970573425293,9.07315444946289,9.01387977600098,9.12212085723877
16:27:30,|,8.77836132049561,8.98795986175537,9.00228214263916,0,0,0,|,NaN,9.02590656280518,8.96429538726807,9.05986595153809,9.02255058288574,9.34929752349854,|,8.88140964508057,9.00407409667969,9.04530239105225,0,0,0,|,8.76254177093506,8.98067092895508,9.1099328994751,9.10026836395264,9.02892684936523,9.13822078704834
16:32:30,|,8.82785987854004,9.0406665802002,9.0512752532959,0,0,0,|,NaN,9.07248401641846,9.02110767364502,9.10347843170166,9.06429576873779,9.39966583251953,|,8.92382526397705,9.04208087921143,9.09563732147217,0,0,0,|,8.78194046020508,9.01063537597656,9.13237476348877,9.10791969299316,9.06114101409912,9.17730617523193
16:37:30,|,8.83174514770508,9.05270862579346,9.07933139801025,0,0,0,|,NaN,9.1508731842041,9.09610748291016,9.18026828765869,9.14040279388428,9.45836162567139,|,8.97946262359619,9.1091947555542,9.13430976867676,0,0,0,|,8.84923076629639,9.07583904266357,9.20013427734375,9.1818790435791,9.12277603149414,9.25777721405029
16:42:30,|,8.90197277069092,9.131103515625,9.15046977996826,0,0,0,|,NaN,9.16483211517334,9.1144962310791,9.20442962646484,9.17033576965332,9.48702335357666,|,8.98147583007813,9.1281213760376,9.16248321533203,0,0,0,|,8.8980598449707,9.13558578491211,9.25154399871826,9.23248291015625,9.16006755828857,9.28174495697021
16:47:30,|,8.937424659729,9.17578601837158,9.1870231628418,0,0,0,|,NaN,9.19691276550293,9.14859008789063,9.22214031219482,9.1846981048584,9.50344467163086,|,8.98268413543701,9.1259593963623,9.16516780853271,0,0,0,|,8.89230823516846,9.12461566925049,9.24729156494141,9.21959686279297,9.17791938781738,9.28067302703857
16:52:30,|,8.94006729125977,9.16789245605469,9.18993282318115,0,0,0,|,NaN,9.18201351165771,9.132080078125,9.19471645355225,9.16362476348877,9.49257564544678,|,8.98067092895508,9.10758399963379,9.14503383636475,0,0,0,|,8.89217376708984,9.1112756729126,9.21677875518799,9.21771812438965,9.16224098205566,9.28429508209229
16:57:30,|,8.93153858184814,9.16187286376953,9.1688289642334,0,0,0,|,NaN,9.20120811462402,9.1496639251709,9.2197322845459,9.17906093597412,9.49485015869141,|,9.00362396240234,9.13161087036133,9.16636371612549,0,0,0,|,8.92401313781738,9.13906383514404,9.24622058868408,9.21315383911133,9.1693286895752,9.2777099609375
17:02:30,|,8.99374580383301,9.21632099151611,9.23221492767334,0,0,0,|,NaN,9.2390604019165,9.18228149414063,9.2662878036499,9.21181201934814,9.52304363250732,|,9.08899402618408,9.2002010345459,9.24288558959961,0,0,0,|,8.97698974609375,9.2008056640625,9.31006717681885,9.3006706237793,9.23510074615479,9.35369110107422
17:07:30,|,9.06114101409912,9.28240013122559,9.30020046234131,0,0,0,|,NaN,9.32536888122559,9.27545166015625,9.3676929473877,9.29570484161377,9.60006713867188,|,9.13047027587891,9.24542045593262,9.27563762664795,0,0,0,|,9.00959968566895,9.22093677520752,9.338791847229,9.32912731170654,9.27956485748291,9.38235664367676
17:12:30,|,9.09434795379639,9.31638813018799,9.32926177978516,0,0,0,|,NaN,9.37114143371582,9.31114101409912,9.39476585388184,9.30402660369873,9.62260818481445,|,9.12094020843506,9.25268459320068,9.2786865234375,0,0,0,|,9.03304386138916,9.24113750457764,9.3500337600708,9.33838939666748,9.27738285064697,9.39315414428711
17:17:30,|,9.12310981750488,9.35732364654541,9.37006664276123,0,0,0,|,NaN,9.34859085083008,9.29530143737793,9.39431476593018,9.3195972442627,9.6358528137207,|,9.16362476348877,9.27093982696533,9.32355690002441,0,0,0,|,9.05257511138916,9.26241588592529,9.3869800567627,9.37234878540039,9.3293285369873,9.43151473999023
17:22:30,|,9.13778495788574,9.38086891174316,9.40147113800049,0,0,0,|,NaN,9.46107387542725,9.40536880493164,9.50117111206055,9.41838932037354,9.71210670471191,|,9.25221538543701,9.37067127227783,9.43000030517578,0,0,0,|,9.14729118347168,9.36341190338135,9.47792625427246,9.47261714935303,9.41722393035889,9.53677845001221
17:27:30,|,9.23561859130859,9.48240756988525,9.50389289855957,0,0,0,|,NaN,9.53409385681152,9.48697948455811,9.57939624786377,9.51279449462891,9.791672706604,|,9.31750869750977,9.45456314086914,9.50858592987061,0,0,0,|,9.20080280303955,9.42630863189697,9.54953002929688,9.5510368347168,9.5053014755249,9.6269359588623
17:32:30,|,9.27107048034668,9.51640033721924,9.54461574554443,0,0,0,|,NaN,9.54684543609619,9.50389289855957,9.59494972229004,9.53264236450195,9.82244968414307,|,9.3781213760376,9.48811435699463,9.53147602081299,0,0,0,|,9.23519992828369,9.46093654632568,9.59194660186768,9.59463119506836,9.54087257385254,9.66080570220947
17:37:30,|,9.33483219146729,9.58662223815918,9.60912799835205,0,0,0,|,NaN,9.5851001739502,9.538254737854,9.63642120361328,9.59328842163086,9.8677921295166,|,9.40859031677246,9.52919483184814,9.59228134155273,0,0,0,|,9.30127048492432,9.53342247009277,9.66106986999512,9.65530204772949,9.60705661773682,9.72242450714111
17:42:30,|,9.4041805267334,9.66274261474609,9.70274257659912,0,0,0,|,NaN,9.76335525512695,9.7222146987915,9.80637550354004,9.74456310272217,9.99929809570313,|,9.48281860351563,9.62758350372314,9.68973159790039,0,0,0,|,9.36173915863037,9.62454795837402,9.75248336791992,9.75973224639893,9.73832225799561,9.83919525146484
17:47:30,|,9.50705718994141,9.76775932312012,9.80174541473389,0,0,0,|,NaN,9.7963752746582,9.77000045776367,9.84953212738037,9.77785205841064,10.0503015518188,|,9.55664443969727,9.69335556030273,9.7504711151123,0,0,0,|,9.44093608856201,9.70859050750732,9.82454776763916,9.80912780761719,9.77255058288574,9.87771034240723
17:52:30,|,9.6003360748291,9.87036800384521,9.90498352050781,0,0,0,|,NaN,9.88590526580811,9.86006736755371,9.93902969360352,9.87731552124023,10.1453847885132,|,9.66671085357666,9.79761791229248,9.86932945251465,0,0,0,|,9.53632164001465,9.80541801452637,9.92483139038086,9.92771816253662,9.89775943756104,10.0041608810425
17:57:30,|,9.71187305450439,9.97030067443848,10.0183563232422,0,0,0,|,NaN,10.0001344680786,9.97751712799072,10.0666437149048,10.0169124603271,10.2522745132446,|,9.80187892913818,9.95791244506836,10.010537147522,0,0,0,|,9.65431499481201,9.96461486816406,10.0428190231323,10.0385904312134,9.99583911895752,10.0953016281128
