CDT_time,bar_fence,u_1_5m_uconv,u_3m_uconv,u_4_5m_uconv,u_6m_uconv,u_10m_uconv,bar_fence_1,u_1_5m_lconv,u_3m_lconv,u_4_5m_lconv,u_6m_lconv,u_8_5m_lconv,u_10m_lconv,u_15m_lconv,u_20m_lconv,bar_fence_2,v_1_5m_uconv,v_3m_uconv,v_4_5m_uconv,v_6m_uconv,v_10m_uconv,bar_fence_3,v_1_5m_lconv,v_3m_lconv,v_4_5m_lconv,v_6m_lconv,v_8_5m_lconv,v_10m_lconv,v_15m_lconv,v_20m_lconv,bar_fence_4,w_1_5m_uconv,w_3m_uconv,w_4_5m_uconv,w_6m_uconv,w_10m_uconv,bar_fence_5,w_1_5m_lconv,w_3m_lconv,w_4_5m_lconv,w_6m_lconv,w_8_5m_lconv,w_10m_lconv,w_15m_lconv,w_20m_lconv,bar_fence_6,tc_1_5m_uconv,tc_3m_uconv,tc_4_5m_uconv,tc_6m_uconv,tc_10m_uconv,bar_fence_7,tc_1_5m_lconv,tc_3m_lconv,tc_4_5m_lconv,tc_6m_lconv,tc_8_5m_lconv,tc_10m_lconv,tc_15m_lconv,tc_20m_lconv,bar_fence_8,w_tc__1_5m_uconv,w_tc__3m_uconv,w_tc__4_5m_uconv,w_tc__6m_uconv,w_tc__10m_uconv,bar_fence_9,w_tc__1_5m_lconv,w_tc__3m_lconv,w_tc__4_5m_lconv,w_tc__6m_lconv,w_tc__8_5m_lconv,w_tc__10m_lconv,w_tc__15m_lconv,w_tc__20m_lconv
18:02:30,|,3.93224430084229,4.66747713088989,5.03984832763672,5.47840452194214,6.00457668304443,|,0,0,0,0,0,0,0,0,|,0.103513568639755,0.318422079086304,0.435865193605423,0.29692554473877,0.424414128065109,|,0,0,0,0,0,0,0,0,|,-0.107678756117821,-0.166851848363876,-0.0407292656600475,-0.24799944460392,-0.00311346305534244,|,0,0,0,0,0,0,0,0,|,-7.18737363815308,-7.31893110275269,-8.62260341644287,-7.59884357452393,-8.79898738861084,|,0,0,0,0,0,0,0,0,|,0.017505032941699,0.0219372790306807,0.0235301982611418,0.0228852704167366,0.017898628488183,|,0,0,0,0,0,0,0,0
18:07:30,|,4.15140962600708,4.82006645202637,5.22865295410156,5.60030078887939,6.07239532470703,|,0,0,0,0,0,0,0,0,|,-0.170942425727844,0.0485989153385162,0.210820391774178,0.120895147323608,0.254734933376312,|,0,0,0,0,0,0,0,0,|,-0.139260321855545,-0.197604477405548,-0.0786427929997444,-0.241289749741554,-0.0229723751544952,|,0,0,0,0,0,0,0,0,|,-7.34513759613037,-7.4553050994873,-8.76021003723145,-7.71898984909058,-8.91148281097412,|,0,0,0,0,0,0,0,0,|,0.00963347870856524,0.0135769564658403,0.0130072748288512,0.0132052591070533,0.0105838757008314,|,0,0,0,0,0,0,0,0
18:12:30,|,3.95389413833618,4.59312152862549,4.93017625808716,5.19636631011963,5.61597204208374,|,0,0,0,0,0,0,0,0,|,-0.308274149894714,-0.0961809083819389,0.00501728663221002,-0.169156223535538,-0.0458905212581158,|,0,0,0,0,0,0,0,0,|,-0.143303692340851,-0.226482316851616,-0.130463600158691,-0.29332908987999,-0.0886088386178017,|,0,0,0,0,0,0,0,0,|,-7.50580358505249,-7.59700107574463,-8.87380599975586,-7.84301233291626,-9.00023174285889,|,0,0,0,0,0,0,0,0,|,0.00816285144537687,0.013044061139226,0.0157795939594507,0.0171788353472948,0.0146879237145185,|,0,0,0,0,0,0,0,0
18:17:30,|,3.76488375663757,4.40872192382813,4.70260953903198,4.98683023452759,5.35209608078003,|,0,0,0,0,0,0,0,0,|,-0.161224752664566,0.0575169511139393,0.174027472734451,0.0231101457029581,0.168706133961678,|,0,0,0,0,0,0,0,0,|,-0.146636933088303,-0.193446129560471,-0.0458663515746593,-0.164743840694427,0.0396466255187988,|,0,0,0,0,0,0,0,0,|,-7.49172878265381,-7.58149766921997,-8.85105991363525,-7.82744455337524,-8.97580718994141,|,0,0,0,0,0,0,0,0,|,0.00749205099418759,0.00976837798953056,0.0116515783593059,0.0111265629529953,0.0106258671730757,|,0,0,0,0,0,0,0,0
18:22:30,|,4.02845478057861,4.81112718582153,5.15681982040405,5.49952554702759,6.01240682601929,|,0,0,0,0,0,0,0,0,|,-0.323931455612183,-0.163452491164207,-0.0651641860604286,-0.263818770647049,-0.235909178853035,|,0,0,0,0,0,0,0,0,|,-0.152646079659462,-0.197480425238609,-0.0897962152957916,-0.248910531401634,-0.041059996932745,|,0,0,0,0,0,0,0,0,|,-7.57295942306519,-7.65503358840942,-8.9310302734375,-7.90310668945313,-9.06040287017822,|,0,0,0,0,0,0,0,0,|,0.00918884668499231,0.0142390383407474,0.0177501514554024,0.0201530642807484,0.0166403632611036,|,0,0,0,0,0,0,0,0
18:27:30,|,3.94512391090393,4.68361377716064,5.03069591522217,5.30547046661377,5.80964851379395,|,0,0,0,0,0,0,0,0,|,-0.684265911579132,-0.551184117794037,-0.481500416994095,-0.707235217094421,-0.712657272815704,|,0,0,0,0,0,0,0,0,|,-0.126895651221275,-0.185202598571777,-0.101881556212902,-0.237905263900757,-0.0928788855671883,|,0,0,0,0,0,0,0,0,|,-7.61306715011597,-7.68786716461182,-8.96258449554443,-7.93549919128418,-9.07775211334229,|,0,0,0,0,0,0,0,0,|,0.00333942729048431,0.00691018812358379,0.00886219553649426,0.00871718861162663,0.00727393757551908,|,0,0,0,0,0,0,0,0
18:32:30,|,3.76696705818176,4.4292893409729,4.73120832443237,5.01370000839233,5.41274833679199,|,0,0,0,0,0,0,0,0,|,-0.983764350414276,-0.938203632831573,-0.902397692203522,-1.21094286441803,-1.17064011096954,|,0,0,0,0,0,0,0,0,|,-0.095063142478466,-0.134291768074036,-0.0546789951622486,-0.16447052359581,-0.0358027331531048,|,0,0,0,0,0,0,0,0,|,-7.67740964889526,-7.73313188552856,-8.9883337020874,-7.9630765914917,-9.08923053741455,|,0,0,0,0,0,0,0,0,|,-0.000389415392419323,0.0029835298191756,0.00450438819825649,0.00362666533328593,0.00499679148197174,|,0,0,0,0,0,0,0,0
18:37:30,|,3.75927066802979,4.29594039916992,4.58315563201904,4.87010622024536,5.31608915328979,|,0,0,0,0,0,0,0,0,|,-0.917218923568726,-0.819980204105377,-0.770652890205383,-1.02143609523773,-0.957325577735901,|,0,0,0,0,0,0,0,0,|,-0.101133361458778,-0.11714843660593,-0.0480487421154976,-0.175515174865723,-0.0377500206232071,|,0,0,0,0,0,0,0,0,|,-7.79825115203857,-7.84080600738525,-9.09169292449951,-8.06525707244873,-9.18404674530029,|,0,0,0,0,0,0,0,0,|,-0.00563708040863276,-0.00210620393045247,0.00232997443526983,0.00220768316648901,0.00323603651486337,|,0,0,0,0,0,0,0,0
18:42:30,|,3.88073658943176,4.48527431488037,4.83246517181396,5.10124444961548,5.59209728240967,|,0,0,0,0,0,0,0,0,|,-0.791269958019257,-0.662810564041138,-0.584079146385193,-0.825773477554321,-0.782959342002869,|,0,0,0,0,0,0,0,0,|,-0.141496241092682,-0.193765044212341,-0.121493637561798,-0.227937668561935,-0.103334195911884,|,0,0,0,0,0,0,0,0,|,-7.89169216156006,-7.94047451019287,-9.20388984680176,-8.18167591094971,-9.29354763031006,|,0,0,0,0,0,0,0,0,|,-0.00210590078495443,0.00201429193839431,0.00408543134108186,0.00343172065913677,0.00277103367261589,|,0,0,0,0,0,0,0,0
18:47:30,|,3.7554407119751,4.37431192398071,4.70853567123413,4.98482847213745,5.39922475814819,|,0,0,0,0,0,0,0,0,|,-0.722309529781342,-0.657984673976898,-0.56218296289444,-0.809153079986572,-0.765726506710052,|,0,0,0,0,0,0,0,0,|,-0.126680225133896,-0.180997744202614,-0.10640674829483,-0.237210258841515,-0.0684519857168198,|,0,0,0,0,0,0,0,0,|,-7.92640733718872,-7.9705286026001,-9.2292423248291,-8.20917320251465,-9.31556797027588,|,0,0,0,0,0,0,0,0,|,-0.00266004796139896,0.00157547916751355,0.00407037511467934,0.00340055814012885,0.00268587912432849,|,0,0,0,0,0,0,0,0
18:52:30,|,3.5301525592804,4.15167140960693,4.41521835327148,4.6951470375061,5.09357309341431,|,0,0,0,0,0,0,0,0,|,-0.841991543769836,-0.762219369411469,-0.669230878353119,-0.934556424617767,-0.865670144557953,|,0,0,0,0,0,0,0,0,|,-0.110998198390007,-0.153101816773415,-0.0591996386647224,-0.157843604683876,-0.00443740142509341,|,0,0,0,0,0,0,0,0,|,-7.99692630767822,-8.02514362335205,-9.27521514892578,-8.25186634063721,-9.34390544891357,|,0,0,0,0,0,0,0,0,|,-0.00465019140392542,-0.00182924466207623,0.000820552348159254,0.00177158857695758,0.00162891333457083,|,0,0,0,0,0,0,0,0
18:57:30,|,3.91019248962402,4.56449699401855,4.90241527557373,5.2091760635376,5.65358972549438,|,0,0,0,0,0,0,0,0,|,-0.6476970911026,-0.500971794128418,-0.429465502500534,-0.651218354701996,-0.570571780204773,|,0,0,0,0,0,0,0,0,|,-0.165386125445366,-0.231788173317909,-0.123203635215759,-0.241297289729118,-0.0459459014236927,|,0,0,0,0,0,0,0,0,|,-8.01679134368896,-8.05330181121826,-9.31593608856201,-8.29183483123779,-9.38769626617432,|,0,0,0,0,0,0,0,0,|,-0.00377083127386868,-0.000297875347314402,0.00169349671341479,0.0019758096896112,0.00194305228069425,|,0,0,0,0,0,0,0,0
19:02:30,|,3.54096961021423,4.12995338439941,4.47031831741333,4.7972731590271,5.26139688491821,|,0,0,0,0,0,0,0,0,|,-0.410115242004395,-0.218319103121758,-0.114462748169899,-0.328518837690353,-0.279560208320618,|,0,0,0,0,0,0,0,0,|,-0.130586132407188,-0.190840646624565,-0.103048384189606,-0.223672106862068,-0.0555843263864517,|,0,0,0,0,0,0,0,0,|,-8.07658958435059,-8.11069107055664,-9.36659526824951,-8.34938812255859,-9.43903636932373,|,0,0,0,0,0,0,0,0,|,-0.00526100164279342,-0.00113591609988362,0.00127223506569862,0.00200189906172454,0.0018105492927134,|,0,0,0,0,0,0,0,0
19:07:30,|,3.22099876403809,3.84101557731628,4.17340183258057,4.52039527893066,4.95099687576294,|,0,0,0,0,0,0,0,0,|,0.114756681025028,0.309796422719955,0.428877502679825,0.281437546014786,0.380276173353195,|,0,0,0,0,0,0,0,0,|,-0.125621363520622,-0.169808521866798,-0.0871046707034111,-0.248532116413116,-0.0860547795891762,|,0,0,0,0,0,0,0,0,|,-8.11361503601074,-8.14704322814941,-9.39746284484863,-8.38493347167969,-9.46307277679443,|,0,0,0,0,0,0,0,0,|,-0.0064151007682085,-0.00246048229746521,0.00047098592040129,-0.000312390096951276,0.000215163236134686,|,0,0,0,0,0,0,0,0
19:12:30,|,2.95614361763,3.46402335166931,3.68712854385376,3.99278450012207,4.31545162200928,|,0,0,0,0,0,0,0,0,|,-0.167435586452484,0.0215062759816647,0.137650772929192,0.00781905744224787,0.161659777164459,|,0,0,0,0,0,0,0,0,|,-0.0866259038448334,-0.115285530686378,-0.0366741046309471,-0.17291197180748,-0.0217693224549294,|,0,0,0,0,0,0,0,0,|,-8.1610631942749,-8.18754959106445,-9.4257287979126,-8.41968059539795,-9.48801708221436,|,0,0,0,0,0,0,0,0,|,-0.0076250433921814,-0.00396303972229362,-0.00125244667287916,-0.00257119187153876,-0.000852845667395741,|,0,0,0,0,0,0,0,0
19:17:30,|,3.11024379730225,3.60001087188721,3.82695603370667,4.092369556427,4.43069934844971,|,0,0,0,0,0,0,0,0,|,-0.0871134847402573,0.0718459039926529,0.209100663661957,0.0712604448199272,0.163569733500481,|,0,0,0,0,0,0,0,0,|,-0.123774997889996,-0.174215480685234,-0.0867317765951157,-0.218129277229309,-0.0429417639970779,|,0,0,0,0,0,0,0,0,|,-8.21179008483887,-8.24945068359375,-9.48960781097412,-8.48283672332764,-9.54723739624023,|,0,0,0,0,0,0,0,0,|,-0.00689241290092468,-0.0033766170963645,-0.000431202002801001,-0.00110260862857103,-0.000347172666806728,|,0,0,0,0,0,0,0,0
19:22:30,|,2.85113120079041,3.336669921875,3.57137036323547,3.8189377784729,4.11426496505737,|,0,0,0,0,0,0,0,0,|,-0.0390703119337559,0.140487313270569,0.291277855634689,0.136727809906006,0.317173004150391,|,0,0,0,0,0,0,0,0,|,-0.105858415365219,-0.144666865468025,-0.0725982263684273,-0.215881943702698,-0.0433084964752197,|,0,0,0,0,0,0,0,0,|,-8.24572944641113,-8.27514171600342,-9.5139799118042,-8.51366806030273,-9.57137107849121,|,0,0,0,0,0,0,0,0,|,-0.00723904278129339,-0.00251515116542578,-0.000637728720903397,-0.00177961529698223,-0.000983090605586767,|,0,0,0,0,0,0,0,0
19:27:30,|,2.46384739875793,2.86929607391357,3.11199522018433,3.39316320419312,3.80581116676331,|,0,0,0,0,0,0,0,0,|,0.47785672545433,0.707139015197754,0.87164306640625,0.760286808013916,0.824646055698395,|,0,0,0,0,0,0,0,0,|,-0.105967253446579,-0.147658243775368,-0.037791445851326,-0.154300406575203,0.00800521858036518,|,0,0,0,0,0,0,0,0,|,-8.27389240264893,-8.29834842681885,-9.52735137939453,-8.52974605560303,-9.57907390594482,|,0,0,0,0,0,0,0,0,|,-0.0053671495988965,-0.00296115688979626,-0.00185353111010045,-0.00239360402338207,-0.0017771617276594,|,0,0,0,0,0,0,0,0
19:32:30,|,2.7184693813324,3.26321482658386,3.47741556167603,3.78289771080017,4.17216205596924,|,0,0,0,0,0,0,0,0,|,0.327928900718689,0.557744324207306,0.696385264396667,0.600431680679321,0.73780357837677,|,0,0,0,0,0,0,0,0,|,-0.0642217546701431,-0.11869041621685,0.00287590338848531,-0.117825977504253,0.0316276587545872,|,0,0,0,0,0,0,0,0,|,-8.29502296447754,-8.3177318572998,-9.5570650100708,-8.55854415893555,-9.61695575714111,|,0,0,0,0,0,0,0,0,|,-0.0073166536167264,-0.00225882232189178,-0.000595971243456006,-0.0015150741674006,-0.000467202451545745,|,0,0,0,0,0,0,0,0
19:37:30,|,2.93395924568176,3.4013249874115,3.66436791419983,3.9517650604248,4.31613254547119,|,0,0,0,0,0,0,0,0,|,0.653167247772217,0.954156458377838,1.13149642944336,1.02226054668427,1.18372464179993,|,0,0,0,0,0,0,0,0,|,-0.135763108730316,-0.208006501197815,-0.0833484157919884,-0.225660607218742,-0.0347267240285873,|,0,0,0,0,0,0,0,0,|,-8.30801582336426,-8.3405294418335,-9.58893871307373,-8.58938884735107,-9.64857769012451,|,0,0,0,0,0,0,0,0,|,-0.00487413397058845,-0.00135883106850088,-3.08478847728111e-05,-0.000494557782076299,-0.000811540987342596,|,0,0,0,0,0,0,0,0
19:42:30,|,2.89690065383911,3.38083052635193,3.63194489479065,3.98089241981506,4.36627912521362,|,0,0,0,0,0,0,0,0,|,0.622372686862946,0.963440358638763,1.12900233268738,1.02123713493347,1.19491446018219,|,0,0,0,0,0,0,0,0,|,-0.102326788008213,-0.174914062023163,-0.056043591350317,-0.206273451447487,-0.0604211650788784,|,0,0,0,0,0,0,0,0,|,-8.35463809967041,-8.37816333770752,-9.62891864776611,-8.63017082214355,-9.68805599212646,|,0,0,0,0,0,0,0,0,|,-0.00578609248623252,-0.00186425202991813,-0.000238354929024354,-0.00173555430956185,-0.00169722747523338,|,0,0,0,0,0,0,0,0
19:47:30,|,2.74272990226746,3.21412205696106,3.44542527198792,3.74277544021606,4.17868995666504,|,0,0,0,0,0,0,0,0,|,0.579837203025818,0.868726670742035,1.05481314659119,0.935587167739868,1.11540234088898,|,0,0,0,0,0,0,0,0,|,-0.111011989414692,-0.173189058899879,-0.0401865616440773,-0.163605004549026,0.0302828792482615,|,0,0,0,0,0,0,0,0,|,-8.40223503112793,-8.42081069946289,-9.66405773162842,-8.66583251953125,-9.72154235839844,|,0,0,0,0,0,0,0,0,|,-0.00667742593213916,-0.00271694385446608,-0.00047626844025217,-0.000995324458926916,-0.000504795869346708,|,0,0,0,0,0,0,0,0
19:52:30,|,2.98656344413757,3.49120092391968,3.7482283115387,4.06896543502808,4.50928115844727,|,0,0,0,0,0,0,0,0,|,0.813563585281372,1.1589070558548,1.38961637020111,1.34488308429718,1.49178874492645,|,0,0,0,0,0,0,0,0,|,-0.135770171880722,-0.167422875761986,-0.0259735193103552,-0.160919323563576,0.060693483799696,|,0,0,0,0,0,0,0,0,|,-8.39126396179199,-8.43456172943115,-9.69170951843262,-8.68088436126709,-9.75187873840332,|,0,0,0,0,0,0,0,0,|,-0.00491948099806905,-0.000592955271713436,0.000844607769977301,-0.000688564381562173,-2.8377995477058e-05,|,0,0,0,0,0,0,0,0
19:57:30,|,3.19992232322693,3.71958470344543,3.96490621566772,4.22898101806641,4.61565828323364,|,0,0,0,0,0,0,0,0,|,0.583447277545929,0.860077857971191,1.03632736206055,0.939803540706635,1.1994491815567,|,0,0,0,0,0,0,0,0,|,-0.13491079211235,-0.216144174337387,-0.109505042433739,-0.213705793023109,-0.0152789037674665,|,0,0,0,0,0,0,0,0,|,-8.42938804626465,-8.4713249206543,-9.73390960693359,-8.72205924987793,-9.78876113891602,|,0,0,0,0,0,0,0,0,|,-0.00514840288087726,-0.000995553098618984,0.000116298797365744,-0.000998681527562439,-0.00037076894659549,|,0,0,0,0,0,0,0,0
20:02:30,|,3.21894931793213,3.82381987571716,4.116286277771,4.47988843917847,4.86584377288818,|,0,0,0,0,0,0,0,0,|,0.693143367767334,0.934907019138336,1.12517106533051,1.01452696323395,1.21233820915222,|,0,0,0,0,0,0,0,0,|,-0.122464761137962,-0.183400824666023,-0.0770220011472702,-0.244615584611893,-0.0712911486625671,|,0,0,0,0,0,0,0,0,|,-8.44436359405518,-8.48697280883789,-9.75019073486328,-8.73567485809326,-9.80538368225098,|,0,0,0,0,0,0,0,0,|,-0.00660546217113733,-0.002275166567415,-5.71018244954757e-05,-0.0018040583236143,-0.000950962770730257,|,0,0,0,0,0,0,0,0
20:07:30,|,3.37312746047974,3.89554810523987,4.11468362808228,4.36434268951416,4.62603759765625,|,0,0,0,0,0,0,0,0,|,0.612492620944977,0.904163241386414,1.1226007938385,1.0379239320755,1.2331337928772,|,0,0,0,0,0,0,0,0,|,-0.173237532377243,-0.228779539465904,-0.109886586666107,-0.236733675003052,-0.0475863628089428,|,0,0,0,0,0,0,0,0,|,-8.4507999420166,-8.4962158203125,-9.76450634002686,-8.75016593933105,-9.81793212890625,|,0,0,0,0,0,0,0,0,|,-0.00336072780191898,-0.00145061383955181,0.000220270798308775,-0.000131890963530168,-0.000286752474494278,|,0,0,0,0,0,0,0,0
20:12:30,|,2.44094371795654,2.79206156730652,2.92336654663086,3.1640408039093,3.43030643463135,|,0,0,0,0,0,0,0,0,|,0.700787723064423,1.02345287799835,1.23458337783813,1.19893383979797,1.4140373468399,|,0,0,0,0,0,0,0,0,|,-0.0893437415361404,-0.149096339941025,-0.0253566391766071,-0.141426295042038,0.015272805467248,|,0,0,0,0,0,0,0,0,|,-8.53876209259033,-8.58194255828857,-9.82494831085205,-8.82900905609131,-9.87047958374023,|,0,0,0,0,0,0,0,0,|,-0.00561183737590909,-0.00250386330299079,-0.00165552098769695,-0.00258720782585442,-0.00168065587058663,|,0,0,0,0,0,0,0,0
20:17:30,|,2.80464816093445,3.23759126663208,3.41558241844177,3.64495086669922,3.92718148231506,|,0,0,0,0,0,0,0,0,|,0.734112620353699,1.00749850273132,1.2086877822876,1.11661338806152,1.31263279914856,|,0,0,0,0,0,0,0,0,|,-0.115659773349762,-0.182178258895874,-0.0830276608467102,-0.207283347845078,-0.0803399607539177,|,0,0,0,0,0,0,0,0,|,-8.55293941497803,-8.59724617004395,-9.84820652008057,-8.85142612457275,-9.89723968505859,|,0,0,0,0,0,0,0,0,|,-0.00521933659911156,-0.00326324626803398,-0.00223702704533935,-0.00350315892137587,-0.00276593025773764,|,0,0,0,0,0,0,0,0
20:22:30,|,2.76253247261047,3.23684763908386,3.41552901268005,3.76835179328918,4.17735528945923,|,0,0,0,0,0,0,0,0,|,1.0329601764679,1.32317507266998,1.52724552154541,1.43017661571503,1.65718281269073,|,0,0,0,0,0,0,0,0,|,-0.136516556143761,-0.209840446710587,-0.0772664994001389,-0.218490198254585,-0.0211865268647671,|,0,0,0,0,0,0,0,0,|,-8.57854652404785,-8.61544990539551,-9.87072467803955,-8.86721992492676,-9.91792297363281,|,0,0,0,0,0,0,0,0,|,-0.0063234381377697,-0.00382833392359316,-0.00185037951450795,-0.00359841319732368,-0.00259909825399518,|,0,0,0,0,0,0,0,0
20:27:30,|,2.85187315940857,3.29766440391541,3.43762278556824,3.66935324668884,3.98029375076294,|,0,0,0,0,0,0,0,0,|,0.810119330883026,1.02352678775787,1.19650018215179,1.15593028068542,1.42336344718933,|,0,0,0,0,0,0,0,0,|,-0.132129192352295,-0.186939865350723,-0.0799194797873497,-0.204989343881607,-0.0380770824849606,|,0,0,0,0,0,0,0,0,|,-8.61303234100342,-8.63586807250977,-9.89472007751465,-8.89739608764648,-9.94577598571777,|,0,0,0,0,0,0,0,0,|,-0.0048938044346869,-0.00164161087013781,-0.000408345949836075,-0.00190073065459728,-0.00156855478417128,|,0,0,0,0,0,0,0,0
20:32:30,|,2.58588218688965,3.03515958786011,3.28009557723999,3.56157064437866,4.00429344177246,|,0,0,0,0,0,0,0,0,|,0.575823724269867,0.877426266670227,1.10961604118347,1.10593211650848,1.29789841175079,|,0,0,0,0,0,0,0,0,|,-0.0842641666531563,-0.125904440879822,-0.0121430177241564,-0.146023333072662,-0.0178782176226377,|,0,0,0,0,0,0,0,0,|,-8.62959480285645,-8.64911079406738,-9.90078926086426,-8.90371608734131,-9.95048236846924,|,0,0,0,0,0,0,0,0,|,-0.00614869128912687,-0.00298346602357924,-0.000618975725956261,-0.00191187381278723,-0.00160738360136747,|,0,0,0,0,0,0,0,0
20:37:30,|,3.0264778137207,3.5459897518158,3.71554565429688,4.02534341812134,4.32446336746216,|,0,0,0,0,0,0,0,0,|,0.808267712593079,1.1645655632019,1.41252589225769,1.37716484069824,1.52386271953583,|,0,0,0,0,0,0,0,0,|,-0.118300877511501,-0.175618752837181,-0.073571465909481,-0.220084682106972,-0.0255828481167555,|,0,0,0,0,0,0,0,0,|,-8.59102725982666,-8.61178302764893,-9.87293815612793,-8.8668851852417,-9.92150211334229,|,0,0,0,0,0,0,0,0,|,-0.00525561114773154,-0.0028558261692524,-0.0011417594505474,-0.00305409962311387,-0.00289637828245759,|,0,0,0,0,0,0,0,0
20:42:30,|,2.45186734199524,2.78073525428772,2.95299863815308,3.20767784118652,3.5890998840332,|,0,0,0,0,0,0,0,0,|,0.720962882041931,1.00897872447968,1.19731831550598,1.12004256248474,1.39523792266846,|,0,0,0,0,0,0,0,0,|,-0.111351035535336,-0.123898580670357,-0.00363568868488073,-0.100648172199726,0.025086298584938,|,0,0,0,0,0,0,0,0,|,-8.62126922607422,-8.63940048217773,-9.8822193145752,-8.8859806060791,-9.92727947235107,|,0,0,0,0,0,0,0,0,|,-0.00663431920111179,-0.004003647249192,-0.00267088110558689,-0.00465111946687102,-0.00350036798045039,|,0,0,0,0,0,0,0,0
20:47:30,|,2.64901733398438,3.11310219764709,3.36251282691956,3.63827085494995,3.92146062850952,|,0,0,0,0,0,0,0,0,|,0.933658003807068,1.22838604450226,1.46388030052185,1.44377553462982,1.65897405147552,|,0,0,0,0,0,0,0,0,|,-0.101900868117809,-0.13119637966156,-0.0078817093744874,-0.12018396705389,0.0515138730406761,|,0,0,0,0,0,0,0,0,|,-8.60750961303711,-8.62594032287598,-9.87758350372314,-8.87505054473877,-9.92403411865234,|,0,0,0,0,0,0,0,0,|,-0.00625696266070008,-0.00365454982966185,-0.00192243792116642,-0.00332930916920304,-0.00310481968335807,|,0,0,0,0,0,0,0,0
20:52:30,|,2.83675050735474,3.28171563148499,3.4105236530304,3.62225675582886,3.85595750808716,|,0,0,0,0,0,0,0,0,|,0.852288782596588,1.13533115386963,1.35733199119568,1.25221252441406,1.4451322555542,|,0,0,0,0,0,0,0,0,|,-0.131378948688507,-0.178646311163902,-0.0558405108749866,-0.194350883364677,-0.0207628980278969,|,0,0,0,0,0,0,0,0,|,-8.59763813018799,-8.62310028076172,-9.87615203857422,-8.87811756134033,-9.92538070678711,|,0,0,0,0,0,0,0,0,|,-0.00468478631228209,-0.00256055779755116,-0.00162140862084925,-0.00257941614836454,-0.00232393597252667,|,0,0,0,0,0,0,0,0
20:57:30,|,3.12325119972229,3.67721033096313,3.91412091255188,4.19478988647461,4.54400110244751,|,0,0,0,0,0,0,0,0,|,0.837793350219727,1.12879514694214,1.35254681110382,1.28917479515076,1.48390460014343,|,0,0,0,0,0,0,0,0,|,-0.158036813139915,-0.22823266685009,-0.110186338424683,-0.277042716741562,-0.127015441656113,|,0,0,0,0,0,0,0,0,|,-8.58460807800293,-8.60889148712158,-9.87079620361328,-8.86333656311035,-9.91614532470703,|,0,0,0,0,0,0,0,0,|,-0.0050763082690537,-0.00270295375958085,-0.00121169222984463,-0.00195806566625834,-0.00170136161614209,|,0,0,0,0,0,0,0,0
21:02:30,|,2.65391445159912,3.10773015022278,3.26487684249878,3.60592603683472,4.00130987167358,|,0,0,0,0,0,0,0,0,|,1.01258730888367,1.29074740409851,1.47268152236938,1.37149202823639,1.57656025886536,|,0,0,0,0,0,0,0,0,|,-0.127354368567467,-0.219466552138329,-0.0979803502559662,-0.239694461226463,-0.0517330169677734,|,0,0,0,0,0,0,0,0,|,-8.6140251159668,-8.63491439819336,-9.88539600372314,-8.88405799865723,-9.92794227600098,|,0,0,0,0,0,0,0,0,|,-0.00653486279770732,-0.00410534208640456,-0.00270988931879401,-0.00381190003827214,-0.00323485885746777,|,0,0,0,0,0,0,0,0
21:07:30,|,2.56832480430603,3.01228141784668,3.20503044128418,3.47247791290283,3.75054693222046,|,0,0,0,0,0,0,0,0,|,1.0972021818161,1.3949282169342,1.59294021129608,1.54531812667847,1.76134240627289,|,0,0,0,0,0,0,0,0,|,-0.12594997882843,-0.195755451917648,-0.0652836933732033,-0.189338326454163,0.00800158735364676,|,0,0,0,0,0,0,0,0,|,-8.61444568634033,-8.6363697052002,-9.88448333740234,-8.88651371002197,-9.93144512176514,|,0,0,0,0,0,0,0,0,|,-0.00593368243426085,-0.00359719689004123,-0.00216971384361386,-0.00288508110679686,-0.00261385226622224,|,0,0,0,0,0,0,0,0
21:12:30,|,2.71701741218567,3.12143206596375,3.32129096984863,3.65399718284607,3.92193174362183,|,0,0,0,0,0,0,0,0,|,1.11397039890289,1.40666079521179,1.66014516353607,1.63830161094666,1.81426286697388,|,0,0,0,0,0,0,0,0,|,-0.119501233100891,-0.203486204147339,-0.0947554111480713,-0.23840306699276,-0.038946982473135,|,0,0,0,0,0,0,0,0,|,-8.59883594512939,-8.62373065948486,-9.87317752838135,-8.86903858184814,-9.91954803466797,|,0,0,0,0,0,0,0,0,|,-0.00617393665015697,-0.00340332230553031,-0.00201775319874287,-0.00315008405596018,-0.00148010533303022,|,0,0,0,0,0,0,0,0
21:17:30,|,2.87513017654419,3.34478712081909,3.50975131988525,3.75716757774353,4.04988622665405,|,0,0,0,0,0,0,0,0,|,1.16875159740448,1.48457324504852,1.75064325332642,1.67534124851227,1.8699107170105,|,0,0,0,0,0,0,0,0,|,-0.165993720293045,-0.263395965099335,-0.158961609005928,-0.330340385437012,-0.139413639903069,|,0,0,0,0,0,0,0,0,|,-8.58416652679443,-8.61063766479492,-9.86246967315674,-8.85928249359131,-9.90676212310791,|,0,0,0,0,0,0,0,0,|,-0.00486275507137179,-0.00427420251071453,-0.00311105814762414,-0.00435058400034904,-0.00316992145963013,|,0,0,0,0,0,0,0,0
21:22:30,|,2.45184969902039,2.82375502586365,3.00839257240295,3.28523087501526,3.5469069480896,|,0,0,0,0,0,0,0,0,|,1.03968346118927,1.3489865064621,1.57762205600739,1.49557495117188,1.61759293079376,|,0,0,0,0,0,0,0,0,|,-0.125127777457237,-0.176201552152634,-0.0631844028830528,-0.20591513812542,0.0029363282956183,|,0,0,0,0,0,0,0,0,|,-8.59197521209717,-8.62078857421875,-9.8586540222168,-8.86138439178467,-9.90138244628906,|,0,0,0,0,0,0,0,0,|,-0.00532635767012835,-0.00496115814894438,-0.00379752414301038,-0.00544731039553881,-0.00452413316816092,|,0,0,0,0,0,0,0,0
21:27:30,|,2.46780443191528,2.86786961555481,2.99076008796692,3.2687246799469,3.63708901405334,|,0,0,0,0,0,0,0,0,|,0.785285830497742,1.05749976634979,1.26416409015656,1.19245219230652,1.44953882694244,|,0,0,0,0,0,0,0,0,|,-0.135165423154831,-0.20405837893486,-0.0671267658472061,-0.185192376375198,-0.0573539808392525,|,0,0,0,0,0,0,0,0,|,-8.5717191696167,-8.6055965423584,-9.84365653991699,-8.84431934356689,-9.87992763519287,|,0,0,0,0,0,0,0,0,|,-0.00757320830598474,-0.00489279488101602,-0.00422646477818489,-0.00509541807696223,-0.00422266824170947,|,0,0,0,0,0,0,0,0
21:32:30,|,2.10281038284302,2.50678896903992,2.66661643981934,2.91227769851685,3.20152235031128,|,0,0,0,0,0,0,0,0,|,0.726195573806763,0.98768424987793,1.20666480064392,1.17567753791809,1.38682985305786,|,0,0,0,0,0,0,0,0,|,-0.0826593637466431,-0.117613613605499,-0.0248728133738041,-0.139491572976112,0.0696734040975571,|,0,0,0,0,0,0,0,0,|,-8.58818340301514,-8.61015605926514,-9.83886241912842,-8.84147834777832,-9.86985683441162,|,0,0,0,0,0,0,0,0,|,-0.00944333989173174,-0.007400281727314,-0.00646325806155801,-0.00784415286034346,-0.00760028697550297,|,0,0,0,0,0,0,0,0
21:37:30,|,2.27349328994751,2.53969860076904,2.64434623718262,2.90268516540527,3.15483498573303,|,0,0,0,0,0,0,0,0,|,0.922990262508392,1.2030234336853,1.4292733669281,1.35743403434753,1.56551861763,|,0,0,0,0,0,0,0,0,|,-0.126759812235832,-0.177071794867516,-0.082843579351902,-0.175204709172249,-0.0131530109792948,|,0,0,0,0,0,0,0,0,|,-8.56807518005371,-8.6027774810791,-9.82853603363037,-8.83512210845947,-9.85882759094238,|,0,0,0,0,0,0,0,0,|,-0.00778366392478347,-0.00647306814789772,-0.00464728241786361,-0.00536322873085737,-0.00654431758448482,|,0,0,0,0,0,0,0,0
21:42:30,|,2.1602156162262,2.51418209075928,2.65269804000854,2.94179391860962,3.26868414878845,|,0,0,0,0,0,0,0,0,|,0.911714553833008,1.22148060798645,1.46901798248291,1.43867814540863,1.67968583106995,|,0,0,0,0,0,0,0,0,|,-0.106171078979969,-0.139493882656097,-0.0285937804728746,-0.130254358053207,0.057226836681366,|,0,0,0,0,0,0,0,0,|,-8.54859924316406,-8.57421684265137,-9.79763126373291,-8.79516124725342,-9.82084941864014,|,0,0,0,0,0,0,0,0,|,-0.00953296106308699,-0.00781759526580572,-0.00646396540105343,-0.00783662218600512,-0.0062828604131937,|,0,0,0,0,0,0,0,0
21:47:30,|,2.50967669487,2.89693236351013,3.04046273231506,3.28862071037292,3.61725616455078,|,0,0,0,0,0,0,0,0,|,0.950580239295959,1.27925086021423,1.53163993358612,1.50598585605621,1.75260150432587,|,0,0,0,0,0,0,0,0,|,-0.146239027380943,-0.200466170907021,-0.0882462784647942,-0.215636670589447,-0.0771795734763145,|,0,0,0,0,0,0,0,0,|,-8.48602771759033,-8.5176887512207,-9.74776935577393,-8.74044322967529,-9.77637672424316,|,0,0,0,0,0,0,0,0,|,-0.00822658091783524,-0.00677201617509127,-0.00464273942634463,-0.00620185397565365,-0.00584082724526525,|,0,0,0,0,0,0,0,0
21:52:30,|,2.65656638145447,3.09589123725891,3.23988819122314,3.51034927368164,3.81517028808594,|,0,0,0,0,0,0,0,0,|,1.1259126663208,1.46343660354614,1.67139101028442,1.6230640411377,1.84280514717102,|,0,0,0,0,0,0,0,0,|,-0.161636039614677,-0.240267172455788,-0.0951816812157631,-0.22138823568821,-0.0264577139168978,|,0,0,0,0,0,0,0,0,|,-8.40133476257324,-8.43081665039063,-9.66586589813232,-8.65208339691162,-9.69306087493896,|,0,0,0,0,0,0,0,0,|,-0.0104203531518579,-0.01037922129035,-0.00901107769459486,-0.0108686247840524,-0.00813783053308725,|,0,0,0,0,0,0,0,0
21:57:30,|,2.59880328178406,2.93957495689392,3.08494019508362,3.32759284973145,3.56024932861328,|,0,0,0,0,0,0,0,0,|,1.02968108654022,1.3381427526474,1.54096353054047,1.49957382678986,1.64775812625885,|,0,0,0,0,0,0,0,0,|,-0.145777747035027,-0.221865653991699,-0.1119150146842,-0.225448116660118,-0.00111722084693611,|,0,0,0,0,0,0,0,0,|,-8.35550498962402,-8.38593482971191,-9.6173152923584,-8.60340118408203,-9.65296649932861,|,0,0,0,0,0,0,0,0,|,-0.00682113273069263,-0.00460383202880621,-0.00422204285860062,-0.00633262936025858,-0.00448249140754342,|,0,0,0,0,0,0,0,0
22:02:30,|,2.42702126502991,2.77940917015076,2.95533037185669,3.16808414459229,3.50093793869019,|,0,0,0,0,0,0,0,0,|,0.93212503194809,1.22616374492645,1.456014752388,1.41833543777466,1.62546300888062,|,0,0,0,0,0,0,0,0,|,-0.129178583621979,-0.152926921844482,-0.0284127928316593,-0.136488080024719,0.0594574064016342,|,0,0,0,0,0,0,0,0,|,-8.32308387756348,-8.34829807281494,-9.57042217254639,-8.55789470672607,-9.59844303131104,|,0,0,0,0,0,0,0,0,|,-0.00846963282674551,-0.00840383768081665,-0.00654355622828007,-0.00760140223428607,-0.0067502842284739,|,0,0,0,0,0,0,0,0
22:07:30,|,2.5927906036377,2.96201753616333,3.11272168159485,3.39111804962158,3.61437773704529,|,0,0,0,0,0,0,0,0,|,1.33909726142883,1.68972206115723,1.93796765804291,1.91483175754547,2.01858353614807,|,0,0,0,0,0,0,0,0,|,-0.142727449536324,-0.21380341053009,-0.0773287191987038,-0.196806356310844,-0.0103412764146924,|,0,0,0,0,0,0,0,0,|,-8.28666591644287,-8.32098388671875,-9.55563259124756,-8.53512001037598,-9.59355068206787,|,0,0,0,0,0,0,0,0,|,-0.00662811147049069,-0.00411749491468072,-0.00396147044375539,-0.00530807906761765,-0.00566152529790998,|,0,0,0,0,0,0,0,0
22:12:30,|,2.17389488220215,2.52603149414063,2.61704611778259,2.83755993843079,3.09977459907532,|,0,0,0,0,0,0,0,0,|,0.886603474617004,1.21866059303284,1.4681795835495,1.45979487895966,1.66739821434021,|,0,0,0,0,0,0,0,0,|,-0.100373446941376,-0.168662324547768,-0.0748780742287636,-0.195302963256836,-0.0392730087041855,|,0,0,0,0,0,0,0,0,|,-8.386061668396,-8.4126672744751,-9.64071655273438,-8.62642288208008,-9.67304134368896,|,0,0,0,0,0,0,0,0,|,-0.0100734643638134,-0.00727739650756121,-0.00645351270213723,-0.00732988491654396,-0.00520011549815536,|,0,0,0,0,0,0,0,0
22:17:30,|,2.07553672790527,2.33528232574463,2.39583301544189,2.63543105125427,2.79549074172974,|,0,0,0,0,0,0,0,0,|,1.19349098205566,1.5219714641571,1.74004137516022,1.7117006778717,1.92600095272064,|,0,0,0,0,0,0,0,0,|,-0.126447290182114,-0.184549584984779,-0.0579310171306133,-0.154840707778931,0.00711188232526183,|,0,0,0,0,0,0,0,0,|,-8.40856170654297,-8.45653343200684,-9.6975622177124,-8.69102191925049,-9.73998260498047,|,0,0,0,0,0,0,0,0,|,-0.00400057807564735,-0.00313310418277979,-0.00307418894954026,-0.00527901947498322,-0.00425329245626926,|,0,0,0,0,0,0,0,0
22:22:30,|,2.64319491386414,2.96860265731812,3.14162588119507,3.41460537910461,3.69991111755371,|,0,0,0,0,0,0,0,0,|,1.22891342639923,1.55760455131531,1.8540655374527,1.84388589859009,2.07250070571899,|,0,0,0,0,0,0,0,0,|,-0.140278652310371,-0.183052033185959,-0.0977231413125992,-0.235832929611206,-0.0433948822319508,|,0,0,0,0,0,0,0,0,|,-8.19227981567383,-8.27811336517334,-9.54255294799805,-8.52896499633789,-9.62244319915771,|,0,0,0,0,0,0,0,0,|,0.00510281138122082,0.00538339838385582,0.00453912513330579,0.00395636027678847,0.000919919286388904,|,0,0,0,0,0,0,0,0
22:27:30,|,2.55137395858765,2.90595197677612,3.01291584968567,3.25565719604492,3.50117087364197,|,0,0,0,0,0,0,0,0,|,1.48892021179199,1.86240911483765,2.12577080726624,2.05265474319458,2.32070446014404,|,0,0,0,0,0,0,0,0,|,-0.16576424241066,-0.232907921075821,-0.11288071423769,-0.221611171960831,-0.0424106940627098,|,0,0,0,0,0,0,0,0,|,-8.12664031982422,-8.23296642303467,-9.50705242156982,-8.4941930770874,-9.60303497314453,|,0,0,0,0,0,0,0,0,|,0.0110186478123069,0.00827672332525253,0.00681870989501476,0.00625253794714808,0.00495121534913778,|,0,0,0,0,0,0,0,0
22:32:30,|,2.65447974205017,3.02802920341492,3.18271231651306,3.45939898490906,3.71710562705994,|,0,0,0,0,0,0,0,0,|,1.61169242858887,1.94146776199341,2.25642323493958,2.28191757202148,2.49951004981995,|,0,0,0,0,0,0,0,0,|,-0.148969098925591,-0.240788266062737,-0.122618041932583,-0.276675671339035,-0.0525079295039177,|,0,0,0,0,0,0,0,0,|,-8.03576183319092,-8.14365291595459,-9.42116641998291,-8.40541744232178,-9.52455520629883,|,0,0,0,0,0,0,0,0,|,0.0118367001414299,0.0091461967676878,0.00793667044490576,0.0053076921030879,0.00414617406204343,|,0,0,0,0,0,0,0,0
22:37:30,|,2.81903648376465,3.25610613822937,3.40913987159729,3.60567498207092,3.89052748680115,|,0,0,0,0,0,0,0,0,|,1.32310795783997,1.70447981357574,1.97839677333832,1.94435846805573,2.17627048492432,|,0,0,0,0,0,0,0,0,|,-0.134003609418869,-0.167971521615982,-0.0377191342413425,-0.165641725063324,0.0310932751744986,|,0,0,0,0,0,0,0,0,|,-7.91539907455444,-8.00657081604004,-9.28141975402832,-8.26347541809082,-9.39630222320557,|,0,0,0,0,0,0,0,0,|,0.0143772689625621,0.0123441806063056,0.01099784206599,0.0109688704833388,0.0102089187130332,|,0,0,0,0,0,0,0,0
22:42:30,|,2.79637169837952,3.23895311355591,3.3962197303772,3.70841717720032,3.95185589790344,|,0,0,0,0,0,0,0,0,|,1.27834558486938,1.69704830646515,1.96890604496002,1.94621515274048,2.14812564849854,|,0,0,0,0,0,0,0,0,|,-0.13160115480423,-0.172752797603607,-0.0411364547908306,-0.180111914873123,0.0250779334455729,|,0,0,0,0,0,0,0,0,|,-7.74280977249146,-7.83875226974487,-9.10555171966553,-8.08568286895752,-9.22003269195557,|,0,0,0,0,0,0,0,0,|,0.00780513882637024,0.00876796990633011,0.00782232917845249,0.00589393172413111,0.008036476559937,|,0,0,0,0,0,0,0,0
22:47:30,|,2.74875903129578,3.21470808982849,3.44555759429932,3.81458425521851,4.15489530563354,|,0,0,0,0,0,0,0,0,|,0.992890477180481,1.35620200634003,1.61204588413239,1.59013473987579,1.84679782390594,|,0,0,0,0,0,0,0,0,|,-0.0933313816785812,-0.147318795323372,-0.0288412924855947,-0.187471076846123,-0.00170581846032292,|,0,0,0,0,0,0,0,0,|,-7.5251727104187,-7.63780403137207,-8.89875984191895,-7.87873983383179,-9.02942562103271,|,0,0,0,0,0,0,0,0,|,0.0120396101847291,0.0130141396075487,0.0136932265013456,0.00974481739103794,0.00754977576434612,|,0,0,0,0,0,0,0,0
22:52:30,|,2.52651834487915,2.97329664230347,3.10693144798279,3.35842537879944,3.57180452346802,|,0,0,0,0,0,0,0,0,|,1.06226968765259,1.43995988368988,1.66303730010986,1.63844621181488,1.86803650856018,|,0,0,0,0,0,0,0,0,|,-0.114700928330421,-0.171404704451561,-0.0357047319412231,-0.177532687783241,-0.0130932070314884,|,0,0,0,0,0,0,0,0,|,-7.4278450012207,-7.54442644119263,-8.79459476470947,-7.77163696289063,-8.90955924987793,|,0,0,0,0,0,0,0,0,|,0.00936199352145195,0.0112203070893884,0.0137894190847874,0.0119756767526269,0.00812384020537138,|,0,0,0,0,0,0,0,0
22:57:30,|,2.64022374153137,3.04553771018982,3.24260115623474,3.44311618804932,3.71860241889954,|,0,0,0,0,0,0,0,0,|,1.11654126644135,1.36905860900879,1.66261398792267,1.57897281646729,1.77064502239227,|,0,0,0,0,0,0,0,0,|,-0.173304781317711,-0.220479547977448,-0.11253097653389,-0.274149984121323,-0.049997016787529,|,0,0,0,0,0,0,0,0,|,-7.23375749588013,-7.32196187973022,-8.59120845794678,-7.55836391448975,-8.70312690734863,|,0,0,0,0,0,0,0,0,|,0.00846823491156101,0.00934252142906189,0.00716813281178474,0.00456804409623146,0.00233571021817625,|,0,0,0,0,0,0,0,0
23:02:30,|,2.51002383232117,2.74037098884583,2.98643469810486,3.19194412231445,3.4321973323822,|,0,0,0,0,0,0,0,0,|,0.991639316082001,1.29698550701141,1.45791184902191,1.35849106311798,1.50638544559479,|,0,0,0,0,0,0,0,0,|,-0.13003408908844,-0.17804454267025,-0.0656476765871048,-0.203827053308487,-0.0693178176879883,|,0,0,0,0,0,0,0,0,|,-7.12516260147095,-7.22401571273804,-8.48768997192383,-7.45735216140747,-8.60135841369629,|,0,0,0,0,0,0,0,0,|,0.00682131573557854,0.00580868730321527,0.00506273843348026,0.00412311218678951,0.00101858132984489,|,0,0,0,0,0,0,0,0
23:07:30,|,2.90492582321167,3.36289143562317,3.52155232429504,3.73181557655334,4.01959419250488,|,0,0,0,0,0,0,0,0,|,0.433796107769012,0.670478105545044,0.85157972574234,0.755571961402893,0.99438202381134,|,0,0,0,0,0,0,0,0,|,-0.136099934577942,-0.190062373876572,-0.0693414434790611,-0.194176375865936,-0.0153528219088912,|,0,0,0,0,0,0,0,0,|,-6.81533861160278,-6.92582893371582,-8.17858123779297,-7.14385461807251,-8.29651832580566,|,0,0,0,0,0,0,0,0,|,0.000800208246801049,7.60093389544636e-05,0.0013259241823107,-0.00302156456746161,-0.00183445902075619,|,0,0,0,0,0,0,0,0
23:12:30,|,3.26697087287903,3.79093837738037,4.02444267272949,4.29311227798462,4.65230083465576,|,0,0,0,0,0,0,0,0,|,0.527566730976105,0.761384963989258,0.943675875663757,0.884760737419128,1.14661121368408,|,0,0,0,0,0,0,0,0,|,-0.130589783191681,-0.156792774796486,-0.0444233007729053,-0.19083359837532,0.0110467039048672,|,0,0,0,0,0,0,0,0,|,-6.57955551147461,-6.68645524978638,-7.9607834815979,-6.91309213638306,-8.08694171905518,|,0,0,0,0,0,0,0,0,|,0.00882153492420912,0.00925181340426207,0.00853101443499327,0.00845548883080482,0.00803963281214237,|,0,0,0,0,0,0,0,0
23:17:30,|,3.5990092754364,4.23185443878174,4.46723508834839,4.7495436668396,5.11009454727173,|,0,0,0,0,0,0,0,0,|,0.582688450813293,0.859350562095642,1.0270494222641,0.926936566829681,1.1060733795166,|,0,0,0,0,0,0,0,0,|,-0.167481809854507,-0.248279690742493,-0.133485078811646,-0.281303316354752,-0.110085517168045,|,0,0,0,0,0,0,0,0,|,-6.52897977828979,-6.63395595550537,-7.91969013214111,-6.86100196838379,-8.03483867645264,|,0,0,0,0,0,0,0,0,|,0.00905999634414911,0.00723311211913824,0.00702542718499899,0.00560574978590012,0.0026335169095546,|,0,0,0,0,0,0,0,0
23:22:30,|,3.65398907661438,4.30984544754028,4.53720140457153,4.84672594070435,5.24544191360474,|,0,0,0,0,0,0,0,0,|,0.586327493190765,0.881387889385223,1.05829560756683,0.948765158653259,1.17592358589172,|,0,0,0,0,0,0,0,0,|,-0.17041677236557,-0.255337834358215,-0.111176244914532,-0.275960355997086,-0.0682654604315758,|,0,0,0,0,0,0,0,0,|,-6.46116304397583,-6.57206535339355,-7.8634467124939,-6.80402326583862,-7.98190021514893,|,0,0,0,0,0,0,0,0,|,0.00811929348856211,0.00815631076693535,0.00767493154853582,0.00634743738919497,0.00555755058303475,|,0,0,0,0,0,0,0,0
23:27:30,|,3.41307973861694,3.63368725776672,4.35586595535278,4.66754817962646,5.10363435745239,|,0,0,0,0,0,0,0,0,|,0.586368799209595,0.829795002937317,0.978171646595001,0.903131127357483,1.10352182388306,|,0,0,0,0,0,0,0,0,|,-0.122654899954796,-0.184474498033524,-0.0740634202957153,-0.214839577674866,-0.00791583117097616,|,0,0,0,0,0,0,0,0,|,-6.41075086593628,-6.51706314086914,-7.81459188461304,-6.75860118865967,-7.93737888336182,|,0,0,0,0,0,0,0,0,|,0.00848245993256569,0.00982972048223019,0.0107694230973721,0.0105511788278818,0.00834066886454821,|,0,0,0,0,0,0,0,0
23:32:30,|,2.80268740653992,5.24585151672363,3.41849231719971,3.64197897911072,3.90891695022583,|,0,0,0,0,0,0,0,0,|,0.55136638879776,0.910452663898468,0.979619085788727,0.900900423526764,0.994212329387665,|,0,0,0,0,0,0,0,0,|,-0.142155423760414,-0.405070602893829,-0.0288165099918842,-0.13522981107235,0.0534041747450829,|,0,0,0,0,0,0,0,0,|,-6.40416240692139,-6.57548713684082,-7.78862524032593,-6.74253416061401,-7.90299987792969,|,0,0,0,0,0,0,0,0,|,0.00856470130383968,0.00324120186269283,0.0101531809195876,0.0115586640313268,0.00945285055786371,|,0,0,0,0,0,0,0,0
23:37:30,|,3.29697275161743,3.83269309997559,4.13913059234619,4.43110322952271,4.84415817260742,|,0,0,0,0,0,0,0,0,|,0.614646971225739,0.898713409900665,1.06980180740356,0.983333826065063,1.20361590385437,|,0,0,0,0,0,0,0,0,|,-0.147129639983177,-0.220141217112541,-0.112573049962521,-0.252498120069504,-0.0976225137710571,|,0,0,0,0,0,0,0,0,|,-6.40416955947876,-6.51565361022949,-7.80791091918945,-6.76620483398438,-7.93670272827148,|,0,0,0,0,0,0,0,0,|,0.00902842171490192,0.00801326613873243,0.00781207671388984,0.00768050877377391,0.00452505936846137,|,0,0,0,0,0,0,0,0
23:42:30,|,2.83736944198608,3.38579130172729,3.59027051925659,3.80928063392639,4.06563520431519,|,0,0,0,0,0,0,0,0,|,0.437132894992828,0.71064954996109,0.841185867786407,0.75907963514328,0.926854372024536,|,0,0,0,0,0,0,0,0,|,-0.106539860367775,-0.169853672385216,-0.0784151256084442,-0.218340158462524,-0.0433661490678787,|,0,0,0,0,0,0,0,0,|,-6.37037754058838,-6.4869213104248,-7.76573276519775,-6.73359823226929,-7.88016605377197,|,0,0,0,0,0,0,0,0,|,0.0076274205930531,0.00593413412570953,0.00552053423598409,0.00474834395572543,0.00465522333979607,|,0,0,0,0,0,0,0,0
23:47:30,|,3.29060125350952,3.81313395500183,3.96316194534302,4.2707371711731,4.54314422607422,|,0,0,0,0,0,0,0,0,|,0.691388726234436,0.95328676700592,1.07855534553528,0.964398205280304,1.11457693576813,|,0,0,0,0,0,0,0,0,|,-0.167415469884872,-0.240097507834435,-0.112439632415771,-0.262950152158737,-0.0571766160428524,|,0,0,0,0,0,0,0,0,|,-6.36891078948975,-6.47894382476807,-7.76404571533203,-6.72001361846924,-7.87621355056763,|,0,0,0,0,0,0,0,0,|,0.00826187711209059,0.00759653840214014,0.00914915557950735,0.00789445359259844,0.00623527215793729,|,0,0,0,0,0,0,0,0
23:52:30,|,NaN,NaN,NaN,NaN,NaN,|,0,0,0,0,0,0,0,0,|,NaN,NaN,NaN,NaN,NaN,|,0,0,0,0,0,0,0,0,|,NaN,NaN,NaN,NaN,NaN,|,0,0,0,0,0,0,0,0,|,NaN,NaN,NaN,NaN,NaN,|,0,0,0,0,0,0,0,0,|,NaN,NaN,NaN,NaN,NaN,|,0,0,0,0,0,0,0,0
23:57:30,|,NaN,NaN,NaN,NaN,NaN,|,0,0,0,0,0,0,0,0,|,NaN,NaN,NaN,NaN,NaN,|,0,0,0,0,0,0,0,0,|,NaN,NaN,NaN,NaN,NaN,|,0,0,0,0,0,0,0,0,|,NaN,NaN,NaN,NaN,NaN,|,0,0,0,0,0,0,0,0,|,NaN,NaN,NaN,NaN,NaN,|,0,0,0,0,0,0,0,0
00:02:30,|,NaN,NaN,NaN,NaN,NaN,|,0,0,0,0,0,0,0,0,|,NaN,NaN,NaN,NaN,NaN,|,0,0,0,0,0,0,0,0,|,NaN,NaN,NaN,NaN,NaN,|,0,0,0,0,0,0,0,0,|,NaN,NaN,NaN,NaN,NaN,|,0,0,0,0,0,0,0,0,|,NaN,NaN,NaN,NaN,NaN,|,0,0,0,0,0,0,0,0
00:07:30,|,NaN,NaN,NaN,NaN,NaN,|,0,0,0,0,0,0,0,0,|,NaN,NaN,NaN,NaN,NaN,|,0,0,0,0,0,0,0,0,|,NaN,NaN,NaN,NaN,NaN,|,0,0,0,0,0,0,0,0,|,NaN,NaN,NaN,NaN,NaN,|,0,0,0,0,0,0,0,0,|,NaN,NaN,NaN,NaN,NaN,|,0,0,0,0,0,0,0,0
00:12:30,|,NaN,NaN,NaN,NaN,NaN,|,0,0,0,0,0,0,0,0,|,NaN,NaN,NaN,NaN,NaN,|,0,0,0,0,0,0,0,0,|,NaN,NaN,NaN,NaN,NaN,|,0,0,0,0,0,0,0,0,|,NaN,NaN,NaN,NaN,NaN,|,0,0,0,0,0,0,0,0,|,NaN,NaN,NaN,NaN,NaN,|,0,0,0,0,0,0,0,0
00:17:30,|,NaN,NaN,NaN,NaN,NaN,|,0,0,0,0,0,0,0,0,|,NaN,NaN,NaN,NaN,NaN,|,0,0,0,0,0,0,0,0,|,NaN,NaN,NaN,NaN,NaN,|,0,0,0,0,0,0,0,0,|,NaN,NaN,NaN,NaN,NaN,|,0,0,0,0,0,0,0,0,|,NaN,NaN,NaN,NaN,NaN,|,0,0,0,0,0,0,0,0
00:22:30,|,NaN,NaN,NaN,NaN,NaN,|,0,0,0,0,0,0,0,0,|,NaN,NaN,NaN,NaN,NaN,|,0,0,0,0,0,0,0,0,|,NaN,NaN,NaN,NaN,NaN,|,0,0,0,0,0,0,0,0,|,NaN,NaN,NaN,NaN,NaN,|,0,0,0,0,0,0,0,0,|,NaN,NaN,NaN,NaN,NaN,|,0,0,0,0,0,0,0,0
00:27:30,|,NaN,NaN,NaN,NaN,NaN,|,0,0,0,0,0,0,0,0,|,NaN,NaN,NaN,NaN,NaN,|,0,0,0,0,0,0,0,0,|,NaN,NaN,NaN,NaN,NaN,|,0,0,0,0,0,0,0,0,|,NaN,NaN,NaN,NaN,NaN,|,0,0,0,0,0,0,0,0,|,NaN,NaN,NaN,NaN,NaN,|,0,0,0,0,0,0,0,0
00:32:30,|,NaN,NaN,NaN,NaN,NaN,|,0,0,0,0,0,0,0,0,|,NaN,NaN,NaN,NaN,NaN,|,0,0,0,0,0,0,0,0,|,NaN,NaN,NaN,NaN,NaN,|,0,0,0,0,0,0,0,0,|,NaN,NaN,NaN,NaN,NaN,|,0,0,0,0,0,0,0,0,|,NaN,NaN,NaN,NaN,NaN,|,0,0,0,0,0,0,0,0
00:37:30,|,NaN,NaN,NaN,NaN,NaN,|,0,0,0,0,0,0,0,0,|,NaN,NaN,NaN,NaN,NaN,|,0,0,0,0,0,0,0,0,|,NaN,NaN,NaN,NaN,NaN,|,0,0,0,0,0,0,0,0,|,NaN,NaN,NaN,NaN,NaN,|,0,0,0,0,0,0,0,0,|,NaN,NaN,NaN,NaN,NaN,|,0,0,0,0,0,0,0,0
00:42:30,|,NaN,NaN,NaN,NaN,NaN,|,0,0,0,0,0,0,0,0,|,NaN,NaN,NaN,NaN,NaN,|,0,0,0,0,0,0,0,0,|,NaN,NaN,NaN,NaN,NaN,|,0,0,0,0,0,0,0,0,|,NaN,NaN,NaN,NaN,NaN,|,0,0,0,0,0,0,0,0,|,NaN,NaN,NaN,NaN,NaN,|,0,0,0,0,0,0,0,0
00:47:30,|,NaN,NaN,NaN,NaN,NaN,|,0,0,0,0,0,0,0,0,|,NaN,NaN,NaN,NaN,NaN,|,0,0,0,0,0,0,0,0,|,NaN,NaN,NaN,NaN,NaN,|,0,0,0,0,0,0,0,0,|,NaN,NaN,NaN,NaN,NaN,|,0,0,0,0,0,0,0,0,|,NaN,NaN,NaN,NaN,NaN,|,0,0,0,0,0,0,0,0
00:52:30,|,NaN,NaN,NaN,NaN,NaN,|,0,0,0,0,0,0,0,0,|,NaN,NaN,NaN,NaN,NaN,|,0,0,0,0,0,0,0,0,|,NaN,NaN,NaN,NaN,NaN,|,0,0,0,0,0,0,0,0,|,NaN,NaN,NaN,NaN,NaN,|,0,0,0,0,0,0,0,0,|,NaN,NaN,NaN,NaN,NaN,|,0,0,0,0,0,0,0,0
00:57:30,|,NaN,NaN,NaN,NaN,NaN,|,0,0,0,0,0,0,0,0,|,NaN,NaN,NaN,NaN,NaN,|,0,0,0,0,0,0,0,0,|,NaN,NaN,NaN,NaN,NaN,|,0,0,0,0,0,0,0,0,|,NaN,NaN,NaN,NaN,NaN,|,0,0,0,0,0,0,0,0,|,NaN,NaN,NaN,NaN,NaN,|,0,0,0,0,0,0,0,0
01:02:30,|,NaN,NaN,NaN,NaN,NaN,|,0,0,0,0,0,0,0,0,|,NaN,NaN,NaN,NaN,NaN,|,0,0,0,0,0,0,0,0,|,NaN,NaN,NaN,NaN,NaN,|,0,0,0,0,0,0,0,0,|,NaN,NaN,NaN,NaN,NaN,|,0,0,0,0,0,0,0,0,|,NaN,NaN,NaN,NaN,NaN,|,0,0,0,0,0,0,0,0
01:07:30,|,NaN,NaN,NaN,NaN,NaN,|,0,0,0,0,0,0,0,0,|,NaN,NaN,NaN,NaN,NaN,|,0,0,0,0,0,0,0,0,|,NaN,NaN,NaN,NaN,NaN,|,0,0,0,0,0,0,0,0,|,NaN,NaN,NaN,NaN,NaN,|,0,0,0,0,0,0,0,0,|,NaN,NaN,NaN,NaN,NaN,|,0,0,0,0,0,0,0,0
01:12:30,|,NaN,NaN,NaN,NaN,NaN,|,0,0,0,0,0,0,0,0,|,NaN,NaN,NaN,NaN,NaN,|,0,0,0,0,0,0,0,0,|,NaN,NaN,NaN,NaN,NaN,|,0,0,0,0,0,0,0,0,|,NaN,NaN,NaN,NaN,NaN,|,0,0,0,0,0,0,0,0,|,NaN,NaN,NaN,NaN,NaN,|,0,0,0,0,0,0,0,0
01:17:30,|,NaN,NaN,NaN,NaN,NaN,|,0,0,0,0,0,0,0,0,|,NaN,NaN,NaN,NaN,NaN,|,0,0,0,0,0,0,0,0,|,NaN,NaN,NaN,NaN,NaN,|,0,0,0,0,0,0,0,0,|,NaN,NaN,NaN,NaN,NaN,|,0,0,0,0,0,0,0,0,|,NaN,NaN,NaN,NaN,NaN,|,0,0,0,0,0,0,0,0
01:22:30,|,NaN,NaN,NaN,NaN,NaN,|,0,0,0,0,0,0,0,0,|,NaN,NaN,NaN,NaN,NaN,|,0,0,0,0,0,0,0,0,|,NaN,NaN,NaN,NaN,NaN,|,0,0,0,0,0,0,0,0,|,NaN,NaN,NaN,NaN,NaN,|,0,0,0,0,0,0,0,0,|,NaN,NaN,NaN,NaN,NaN,|,0,0,0,0,0,0,0,0
01:27:30,|,NaN,NaN,NaN,NaN,NaN,|,0,0,0,0,0,0,0,0,|,NaN,NaN,NaN,NaN,NaN,|,0,0,0,0,0,0,0,0,|,NaN,NaN,NaN,NaN,NaN,|,0,0,0,0,0,0,0,0,|,NaN,NaN,NaN,NaN,NaN,|,0,0,0,0,0,0,0,0,|,NaN,NaN,NaN,NaN,NaN,|,0,0,0,0,0,0,0,0
01:32:30,|,NaN,NaN,NaN,NaN,NaN,|,0,0,0,0,0,0,0,0,|,NaN,NaN,NaN,NaN,NaN,|,0,0,0,0,0,0,0,0,|,NaN,NaN,NaN,NaN,NaN,|,0,0,0,0,0,0,0,0,|,NaN,NaN,NaN,NaN,NaN,|,0,0,0,0,0,0,0,0,|,NaN,NaN,NaN,NaN,NaN,|,0,0,0,0,0,0,0,0
01:37:30,|,NaN,NaN,NaN,NaN,NaN,|,0,0,0,0,0,0,0,0,|,NaN,NaN,NaN,NaN,NaN,|,0,0,0,0,0,0,0,0,|,NaN,NaN,NaN,NaN,NaN,|,0,0,0,0,0,0,0,0,|,NaN,NaN,NaN,NaN,NaN,|,0,0,0,0,0,0,0,0,|,NaN,NaN,NaN,NaN,NaN,|,0,0,0,0,0,0,0,0
01:42:30,|,NaN,NaN,NaN,NaN,NaN,|,0,0,0,0,0,0,0,0,|,NaN,NaN,NaN,NaN,NaN,|,0,0,0,0,0,0,0,0,|,NaN,NaN,NaN,NaN,NaN,|,0,0,0,0,0,0,0,0,|,NaN,NaN,NaN,NaN,NaN,|,0,0,0,0,0,0,0,0,|,NaN,NaN,NaN,NaN,NaN,|,0,0,0,0,0,0,0,0
01:47:30,|,NaN,NaN,NaN,NaN,NaN,|,0,0,0,0,0,0,0,0,|,NaN,NaN,NaN,NaN,NaN,|,0,0,0,0,0,0,0,0,|,NaN,NaN,NaN,NaN,NaN,|,0,0,0,0,0,0,0,0,|,NaN,NaN,NaN,NaN,NaN,|,0,0,0,0,0,0,0,0,|,NaN,NaN,NaN,NaN,NaN,|,0,0,0,0,0,0,0,0
01:52:30,|,NaN,NaN,NaN,NaN,NaN,|,0,0,0,0,0,0,0,0,|,NaN,NaN,NaN,NaN,NaN,|,0,0,0,0,0,0,0,0,|,NaN,NaN,NaN,NaN,NaN,|,0,0,0,0,0,0,0,0,|,NaN,NaN,NaN,NaN,NaN,|,0,0,0,0,0,0,0,0,|,NaN,NaN,NaN,NaN,NaN,|,0,0,0,0,0,0,0,0
01:57:30,|,NaN,NaN,NaN,NaN,NaN,|,0,0,0,0,0,0,0,0,|,NaN,NaN,NaN,NaN,NaN,|,0,0,0,0,0,0,0,0,|,NaN,NaN,NaN,NaN,NaN,|,0,0,0,0,0,0,0,0,|,NaN,NaN,NaN,NaN,NaN,|,0,0,0,0,0,0,0,0,|,NaN,NaN,NaN,NaN,NaN,|,0,0,0,0,0,0,0,0
02:02:30,|,NaN,NaN,NaN,NaN,NaN,|,0,0,0,0,0,0,0,0,|,NaN,NaN,NaN,NaN,NaN,|,0,0,0,0,0,0,0,0,|,NaN,NaN,NaN,NaN,NaN,|,0,0,0,0,0,0,0,0,|,NaN,NaN,NaN,NaN,NaN,|,0,0,0,0,0,0,0,0,|,NaN,NaN,NaN,NaN,NaN,|,0,0,0,0,0,0,0,0
02:07:30,|,NaN,NaN,NaN,NaN,NaN,|,0,0,0,0,0,0,0,0,|,NaN,NaN,NaN,NaN,NaN,|,0,0,0,0,0,0,0,0,|,NaN,NaN,NaN,NaN,NaN,|,0,0,0,0,0,0,0,0,|,NaN,NaN,NaN,NaN,NaN,|,0,0,0,0,0,0,0,0,|,NaN,NaN,NaN,NaN,NaN,|,0,0,0,0,0,0,0,0
02:12:30,|,NaN,NaN,NaN,NaN,NaN,|,0,0,0,0,0,0,0,0,|,NaN,NaN,NaN,NaN,NaN,|,0,0,0,0,0,0,0,0,|,NaN,NaN,NaN,NaN,NaN,|,0,0,0,0,0,0,0,0,|,NaN,NaN,NaN,NaN,NaN,|,0,0,0,0,0,0,0,0,|,NaN,NaN,NaN,NaN,NaN,|,0,0,0,0,0,0,0,0
02:17:30,|,NaN,NaN,NaN,NaN,NaN,|,0,0,0,0,0,0,0,0,|,NaN,NaN,NaN,NaN,NaN,|,0,0,0,0,0,0,0,0,|,NaN,NaN,NaN,NaN,NaN,|,0,0,0,0,0,0,0,0,|,NaN,NaN,NaN,NaN,NaN,|,0,0,0,0,0,0,0,0,|,NaN,NaN,NaN,NaN,NaN,|,0,0,0,0,0,0,0,0
02:22:30,|,NaN,NaN,NaN,NaN,NaN,|,0,0,0,0,0,0,0,0,|,NaN,NaN,NaN,NaN,NaN,|,0,0,0,0,0,0,0,0,|,NaN,NaN,NaN,NaN,NaN,|,0,0,0,0,0,0,0,0,|,NaN,NaN,NaN,NaN,NaN,|,0,0,0,0,0,0,0,0,|,NaN,NaN,NaN,NaN,NaN,|,0,0,0,0,0,0,0,0
02:27:30,|,NaN,NaN,NaN,NaN,NaN,|,0,0,0,0,0,0,0,0,|,NaN,NaN,NaN,NaN,NaN,|,0,0,0,0,0,0,0,0,|,NaN,NaN,NaN,NaN,NaN,|,0,0,0,0,0,0,0,0,|,NaN,NaN,NaN,NaN,NaN,|,0,0,0,0,0,0,0,0,|,NaN,NaN,NaN,NaN,NaN,|,0,0,0,0,0,0,0,0
02:32:30,|,NaN,NaN,NaN,NaN,NaN,|,0,0,0,0,0,0,0,0,|,NaN,NaN,NaN,NaN,NaN,|,0,0,0,0,0,0,0,0,|,NaN,NaN,NaN,NaN,NaN,|,0,0,0,0,0,0,0,0,|,NaN,NaN,NaN,NaN,NaN,|,0,0,0,0,0,0,0,0,|,NaN,NaN,NaN,NaN,NaN,|,0,0,0,0,0,0,0,0
02:37:30,|,NaN,NaN,NaN,NaN,NaN,|,0,0,0,0,0,0,0,0,|,NaN,NaN,NaN,NaN,NaN,|,0,0,0,0,0,0,0,0,|,NaN,NaN,NaN,NaN,NaN,|,0,0,0,0,0,0,0,0,|,NaN,NaN,NaN,NaN,NaN,|,0,0,0,0,0,0,0,0,|,NaN,NaN,NaN,NaN,NaN,|,0,0,0,0,0,0,0,0
02:42:30,|,NaN,NaN,NaN,NaN,NaN,|,0,0,0,0,0,0,0,0,|,NaN,NaN,NaN,NaN,NaN,|,0,0,0,0,0,0,0,0,|,NaN,NaN,NaN,NaN,NaN,|,0,0,0,0,0,0,0,0,|,NaN,NaN,NaN,NaN,NaN,|,0,0,0,0,0,0,0,0,|,NaN,NaN,NaN,NaN,NaN,|,0,0,0,0,0,0,0,0
02:47:30,|,NaN,NaN,NaN,NaN,NaN,|,0,0,0,0,0,0,0,0,|,NaN,NaN,NaN,NaN,NaN,|,0,0,0,0,0,0,0,0,|,NaN,NaN,NaN,NaN,NaN,|,0,0,0,0,0,0,0,0,|,NaN,NaN,NaN,NaN,NaN,|,0,0,0,0,0,0,0,0,|,NaN,NaN,NaN,NaN,NaN,|,0,0,0,0,0,0,0,0
02:52:30,|,NaN,NaN,NaN,NaN,NaN,|,0,0,0,0,0,0,0,0,|,NaN,NaN,NaN,NaN,NaN,|,0,0,0,0,0,0,0,0,|,NaN,NaN,NaN,NaN,NaN,|,0,0,0,0,0,0,0,0,|,NaN,NaN,NaN,NaN,NaN,|,0,0,0,0,0,0,0,0,|,NaN,NaN,NaN,NaN,NaN,|,0,0,0,0,0,0,0,0
02:57:30,|,NaN,NaN,NaN,NaN,NaN,|,0,0,0,0,0,0,0,0,|,NaN,NaN,NaN,NaN,NaN,|,0,0,0,0,0,0,0,0,|,NaN,NaN,NaN,NaN,NaN,|,0,0,0,0,0,0,0,0,|,NaN,NaN,NaN,NaN,NaN,|,0,0,0,0,0,0,0,0,|,NaN,NaN,NaN,NaN,NaN,|,0,0,0,0,0,0,0,0
03:02:30,|,NaN,NaN,NaN,NaN,NaN,|,0,0,0,0,0,0,0,0,|,NaN,NaN,NaN,NaN,NaN,|,0,0,0,0,0,0,0,0,|,NaN,NaN,NaN,NaN,NaN,|,0,0,0,0,0,0,0,0,|,NaN,NaN,NaN,NaN,NaN,|,0,0,0,0,0,0,0,0,|,NaN,NaN,NaN,NaN,NaN,|,0,0,0,0,0,0,0,0
03:07:30,|,NaN,NaN,NaN,NaN,NaN,|,0,0,0,0,0,0,0,0,|,NaN,NaN,NaN,NaN,NaN,|,0,0,0,0,0,0,0,0,|,NaN,NaN,NaN,NaN,NaN,|,0,0,0,0,0,0,0,0,|,NaN,NaN,NaN,NaN,NaN,|,0,0,0,0,0,0,0,0,|,NaN,NaN,NaN,NaN,NaN,|,0,0,0,0,0,0,0,0
03:12:30,|,NaN,NaN,NaN,NaN,NaN,|,0,0,0,0,0,0,0,0,|,NaN,NaN,NaN,NaN,NaN,|,0,0,0,0,0,0,0,0,|,NaN,NaN,NaN,NaN,NaN,|,0,0,0,0,0,0,0,0,|,NaN,NaN,NaN,NaN,NaN,|,0,0,0,0,0,0,0,0,|,NaN,NaN,NaN,NaN,NaN,|,0,0,0,0,0,0,0,0
03:17:30,|,NaN,NaN,NaN,NaN,NaN,|,0,0,0,0,0,0,0,0,|,NaN,NaN,NaN,NaN,NaN,|,0,0,0,0,0,0,0,0,|,NaN,NaN,NaN,NaN,NaN,|,0,0,0,0,0,0,0,0,|,NaN,NaN,NaN,NaN,NaN,|,0,0,0,0,0,0,0,0,|,NaN,NaN,NaN,NaN,NaN,|,0,0,0,0,0,0,0,0
03:22:30,|,NaN,NaN,NaN,NaN,NaN,|,0,0,0,0,0,0,0,0,|,NaN,NaN,NaN,NaN,NaN,|,0,0,0,0,0,0,0,0,|,NaN,NaN,NaN,NaN,NaN,|,0,0,0,0,0,0,0,0,|,NaN,NaN,NaN,NaN,NaN,|,0,0,0,0,0,0,0,0,|,NaN,NaN,NaN,NaN,NaN,|,0,0,0,0,0,0,0,0
03:27:30,|,NaN,NaN,NaN,NaN,NaN,|,0,0,0,0,0,0,0,0,|,NaN,NaN,NaN,NaN,NaN,|,0,0,0,0,0,0,0,0,|,NaN,NaN,NaN,NaN,NaN,|,0,0,0,0,0,0,0,0,|,NaN,NaN,NaN,NaN,NaN,|,0,0,0,0,0,0,0,0,|,NaN,NaN,NaN,NaN,NaN,|,0,0,0,0,0,0,0,0
03:32:30,|,NaN,NaN,NaN,NaN,NaN,|,0,0,0,0,0,0,0,0,|,NaN,NaN,NaN,NaN,NaN,|,0,0,0,0,0,0,0,0,|,NaN,NaN,NaN,NaN,NaN,|,0,0,0,0,0,0,0,0,|,NaN,NaN,NaN,NaN,NaN,|,0,0,0,0,0,0,0,0,|,NaN,NaN,NaN,NaN,NaN,|,0,0,0,0,0,0,0,0
03:37:30,|,NaN,NaN,NaN,NaN,NaN,|,0,0,0,0,0,0,0,0,|,NaN,NaN,NaN,NaN,NaN,|,0,0,0,0,0,0,0,0,|,NaN,NaN,NaN,NaN,NaN,|,0,0,0,0,0,0,0,0,|,NaN,NaN,NaN,NaN,NaN,|,0,0,0,0,0,0,0,0,|,NaN,NaN,NaN,NaN,NaN,|,0,0,0,0,0,0,0,0
03:42:30,|,NaN,NaN,NaN,NaN,NaN,|,0,0,0,0,0,0,0,0,|,NaN,NaN,NaN,NaN,NaN,|,0,0,0,0,0,0,0,0,|,NaN,NaN,NaN,NaN,NaN,|,0,0,0,0,0,0,0,0,|,NaN,NaN,NaN,NaN,NaN,|,0,0,0,0,0,0,0,0,|,NaN,NaN,NaN,NaN,NaN,|,0,0,0,0,0,0,0,0
03:47:30,|,NaN,NaN,NaN,NaN,NaN,|,0,0,0,0,0,0,0,0,|,NaN,NaN,NaN,NaN,NaN,|,0,0,0,0,0,0,0,0,|,NaN,NaN,NaN,NaN,NaN,|,0,0,0,0,0,0,0,0,|,NaN,NaN,NaN,NaN,NaN,|,0,0,0,0,0,0,0,0,|,NaN,NaN,NaN,NaN,NaN,|,0,0,0,0,0,0,0,0
03:52:30,|,NaN,NaN,NaN,NaN,NaN,|,0,0,0,0,0,0,0,0,|,NaN,NaN,NaN,NaN,NaN,|,0,0,0,0,0,0,0,0,|,NaN,NaN,NaN,NaN,NaN,|,0,0,0,0,0,0,0,0,|,NaN,NaN,NaN,NaN,NaN,|,0,0,0,0,0,0,0,0,|,NaN,NaN,NaN,NaN,NaN,|,0,0,0,0,0,0,0,0
03:57:30,|,NaN,NaN,NaN,NaN,NaN,|,0,0,0,0,0,0,0,0,|,NaN,NaN,NaN,NaN,NaN,|,0,0,0,0,0,0,0,0,|,NaN,NaN,NaN,NaN,NaN,|,0,0,0,0,0,0,0,0,|,NaN,NaN,NaN,NaN,NaN,|,0,0,0,0,0,0,0,0,|,NaN,NaN,NaN,NaN,NaN,|,0,0,0,0,0,0,0,0
04:02:30,|,NaN,NaN,NaN,NaN,NaN,|,0,0,0,0,0,0,0,0,|,NaN,NaN,NaN,NaN,NaN,|,0,0,0,0,0,0,0,0,|,NaN,NaN,NaN,NaN,NaN,|,0,0,0,0,0,0,0,0,|,NaN,NaN,NaN,NaN,NaN,|,0,0,0,0,0,0,0,0,|,NaN,NaN,NaN,NaN,NaN,|,0,0,0,0,0,0,0,0
04:07:30,|,NaN,NaN,NaN,NaN,NaN,|,0,0,0,0,0,0,0,0,|,NaN,NaN,NaN,NaN,NaN,|,0,0,0,0,0,0,0,0,|,NaN,NaN,NaN,NaN,NaN,|,0,0,0,0,0,0,0,0,|,NaN,NaN,NaN,NaN,NaN,|,0,0,0,0,0,0,0,0,|,NaN,NaN,NaN,NaN,NaN,|,0,0,0,0,0,0,0,0
04:12:30,|,NaN,NaN,NaN,NaN,NaN,|,0,0,0,0,0,0,0,0,|,NaN,NaN,NaN,NaN,NaN,|,0,0,0,0,0,0,0,0,|,NaN,NaN,NaN,NaN,NaN,|,0,0,0,0,0,0,0,0,|,NaN,NaN,NaN,NaN,NaN,|,0,0,0,0,0,0,0,0,|,NaN,NaN,NaN,NaN,NaN,|,0,0,0,0,0,0,0,0
04:17:30,|,NaN,NaN,NaN,NaN,NaN,|,0,0,0,0,0,0,0,0,|,NaN,NaN,NaN,NaN,NaN,|,0,0,0,0,0,0,0,0,|,NaN,NaN,NaN,NaN,NaN,|,0,0,0,0,0,0,0,0,|,NaN,NaN,NaN,NaN,NaN,|,0,0,0,0,0,0,0,0,|,NaN,NaN,NaN,NaN,NaN,|,0,0,0,0,0,0,0,0
04:22:30,|,NaN,NaN,NaN,NaN,NaN,|,0,0,0,0,0,0,0,0,|,NaN,NaN,NaN,NaN,NaN,|,0,0,0,0,0,0,0,0,|,NaN,NaN,NaN,NaN,NaN,|,0,0,0,0,0,0,0,0,|,NaN,NaN,NaN,NaN,NaN,|,0,0,0,0,0,0,0,0,|,NaN,NaN,NaN,NaN,NaN,|,0,0,0,0,0,0,0,0
04:27:30,|,NaN,NaN,NaN,NaN,NaN,|,0,0,0,0,0,0,0,0,|,NaN,NaN,NaN,NaN,NaN,|,0,0,0,0,0,0,0,0,|,NaN,NaN,NaN,NaN,NaN,|,0,0,0,0,0,0,0,0,|,NaN,NaN,NaN,NaN,NaN,|,0,0,0,0,0,0,0,0,|,NaN,NaN,NaN,NaN,NaN,|,0,0,0,0,0,0,0,0
04:32:30,|,NaN,NaN,NaN,NaN,NaN,|,0,0,0,0,0,0,0,0,|,NaN,NaN,NaN,NaN,NaN,|,0,0,0,0,0,0,0,0,|,NaN,NaN,NaN,NaN,NaN,|,0,0,0,0,0,0,0,0,|,NaN,NaN,NaN,NaN,NaN,|,0,0,0,0,0,0,0,0,|,NaN,NaN,NaN,NaN,NaN,|,0,0,0,0,0,0,0,0
04:37:30,|,NaN,NaN,NaN,NaN,NaN,|,0,0,0,0,0,0,0,0,|,NaN,NaN,NaN,NaN,NaN,|,0,0,0,0,0,0,0,0,|,NaN,NaN,NaN,NaN,NaN,|,0,0,0,0,0,0,0,0,|,NaN,NaN,NaN,NaN,NaN,|,0,0,0,0,0,0,0,0,|,NaN,NaN,NaN,NaN,NaN,|,0,0,0,0,0,0,0,0
04:42:30,|,NaN,NaN,NaN,NaN,NaN,|,0,0,0,0,0,0,0,0,|,NaN,NaN,NaN,NaN,NaN,|,0,0,0,0,0,0,0,0,|,NaN,NaN,NaN,NaN,NaN,|,0,0,0,0,0,0,0,0,|,NaN,NaN,NaN,NaN,NaN,|,0,0,0,0,0,0,0,0,|,NaN,NaN,NaN,NaN,NaN,|,0,0,0,0,0,0,0,0
04:47:30,|,NaN,NaN,NaN,NaN,NaN,|,0,0,0,0,0,0,0,0,|,NaN,NaN,NaN,NaN,NaN,|,0,0,0,0,0,0,0,0,|,NaN,NaN,NaN,NaN,NaN,|,0,0,0,0,0,0,0,0,|,NaN,NaN,NaN,NaN,NaN,|,0,0,0,0,0,0,0,0,|,NaN,NaN,NaN,NaN,NaN,|,0,0,0,0,0,0,0,0
04:52:30,|,NaN,NaN,NaN,NaN,NaN,|,0,0,0,0,0,0,0,0,|,NaN,NaN,NaN,NaN,NaN,|,0,0,0,0,0,0,0,0,|,NaN,NaN,NaN,NaN,NaN,|,0,0,0,0,0,0,0,0,|,NaN,NaN,NaN,NaN,NaN,|,0,0,0,0,0,0,0,0,|,NaN,NaN,NaN,NaN,NaN,|,0,0,0,0,0,0,0,0
04:57:30,|,NaN,NaN,NaN,NaN,NaN,|,0,0,0,0,0,0,0,0,|,NaN,NaN,NaN,NaN,NaN,|,0,0,0,0,0,0,0,0,|,NaN,NaN,NaN,NaN,NaN,|,0,0,0,0,0,0,0,0,|,NaN,NaN,NaN,NaN,NaN,|,0,0,0,0,0,0,0,0,|,NaN,NaN,NaN,NaN,NaN,|,0,0,0,0,0,0,0,0
05:02:30,|,NaN,NaN,NaN,NaN,NaN,|,0,0,0,0,0,0,0,0,|,NaN,NaN,NaN,NaN,NaN,|,0,0,0,0,0,0,0,0,|,NaN,NaN,NaN,NaN,NaN,|,0,0,0,0,0,0,0,0,|,NaN,NaN,NaN,NaN,NaN,|,0,0,0,0,0,0,0,0,|,NaN,NaN,NaN,NaN,NaN,|,0,0,0,0,0,0,0,0
05:07:30,|,NaN,NaN,NaN,NaN,NaN,|,0,0,0,0,0,0,0,0,|,NaN,NaN,NaN,NaN,NaN,|,0,0,0,0,0,0,0,0,|,NaN,NaN,NaN,NaN,NaN,|,0,0,0,0,0,0,0,0,|,NaN,NaN,NaN,NaN,NaN,|,0,0,0,0,0,0,0,0,|,NaN,NaN,NaN,NaN,NaN,|,0,0,0,0,0,0,0,0
05:12:30,|,NaN,NaN,NaN,NaN,NaN,|,0,0,0,0,0,0,0,0,|,NaN,NaN,NaN,NaN,NaN,|,0,0,0,0,0,0,0,0,|,NaN,NaN,NaN,NaN,NaN,|,0,0,0,0,0,0,0,0,|,NaN,NaN,NaN,NaN,NaN,|,0,0,0,0,0,0,0,0,|,NaN,NaN,NaN,NaN,NaN,|,0,0,0,0,0,0,0,0
05:17:30,|,NaN,NaN,NaN,NaN,NaN,|,0,0,0,0,0,0,0,0,|,NaN,NaN,NaN,NaN,NaN,|,0,0,0,0,0,0,0,0,|,NaN,NaN,NaN,NaN,NaN,|,0,0,0,0,0,0,0,0,|,NaN,NaN,NaN,NaN,NaN,|,0,0,0,0,0,0,0,0,|,NaN,NaN,NaN,NaN,NaN,|,0,0,0,0,0,0,0,0
05:22:30,|,NaN,NaN,NaN,NaN,NaN,|,0,0,0,0,0,0,0,0,|,NaN,NaN,NaN,NaN,NaN,|,0,0,0,0,0,0,0,0,|,NaN,NaN,NaN,NaN,NaN,|,0,0,0,0,0,0,0,0,|,NaN,NaN,NaN,NaN,NaN,|,0,0,0,0,0,0,0,0,|,NaN,NaN,NaN,NaN,NaN,|,0,0,0,0,0,0,0,0
05:27:30,|,NaN,NaN,NaN,NaN,NaN,|,0,0,0,0,0,0,0,0,|,NaN,NaN,NaN,NaN,NaN,|,0,0,0,0,0,0,0,0,|,NaN,NaN,NaN,NaN,NaN,|,0,0,0,0,0,0,0,0,|,NaN,NaN,NaN,NaN,NaN,|,0,0,0,0,0,0,0,0,|,NaN,NaN,NaN,NaN,NaN,|,0,0,0,0,0,0,0,0
05:32:30,|,NaN,NaN,NaN,NaN,NaN,|,0,0,0,0,0,0,0,0,|,NaN,NaN,NaN,NaN,NaN,|,0,0,0,0,0,0,0,0,|,NaN,NaN,NaN,NaN,NaN,|,0,0,0,0,0,0,0,0,|,NaN,NaN,NaN,NaN,NaN,|,0,0,0,0,0,0,0,0,|,NaN,NaN,NaN,NaN,NaN,|,0,0,0,0,0,0,0,0
05:37:30,|,NaN,NaN,NaN,NaN,NaN,|,0,0,0,0,0,0,0,0,|,NaN,NaN,NaN,NaN,NaN,|,0,0,0,0,0,0,0,0,|,NaN,NaN,NaN,NaN,NaN,|,0,0,0,0,0,0,0,0,|,NaN,NaN,NaN,NaN,NaN,|,0,0,0,0,0,0,0,0,|,NaN,NaN,NaN,NaN,NaN,|,0,0,0,0,0,0,0,0
05:42:30,|,NaN,NaN,NaN,NaN,NaN,|,0,0,0,0,0,0,0,0,|,NaN,NaN,NaN,NaN,NaN,|,0,0,0,0,0,0,0,0,|,NaN,NaN,NaN,NaN,NaN,|,0,0,0,0,0,0,0,0,|,NaN,NaN,NaN,NaN,NaN,|,0,0,0,0,0,0,0,0,|,NaN,NaN,NaN,NaN,NaN,|,0,0,0,0,0,0,0,0
05:47:30,|,NaN,NaN,NaN,NaN,NaN,|,0,0,0,0,0,0,0,0,|,NaN,NaN,NaN,NaN,NaN,|,0,0,0,0,0,0,0,0,|,NaN,NaN,NaN,NaN,NaN,|,0,0,0,0,0,0,0,0,|,NaN,NaN,NaN,NaN,NaN,|,0,0,0,0,0,0,0,0,|,NaN,NaN,NaN,NaN,NaN,|,0,0,0,0,0,0,0,0
05:52:30,|,NaN,NaN,NaN,NaN,NaN,|,0,0,0,0,0,0,0,0,|,NaN,NaN,NaN,NaN,NaN,|,0,0,0,0,0,0,0,0,|,NaN,NaN,NaN,NaN,NaN,|,0,0,0,0,0,0,0,0,|,NaN,NaN,NaN,NaN,NaN,|,0,0,0,0,0,0,0,0,|,NaN,NaN,NaN,NaN,NaN,|,0,0,0,0,0,0,0,0
05:57:30,|,NaN,NaN,NaN,NaN,NaN,|,0,0,0,0,0,0,0,0,|,NaN,NaN,NaN,NaN,NaN,|,0,0,0,0,0,0,0,0,|,NaN,NaN,NaN,NaN,NaN,|,0,0,0,0,0,0,0,0,|,NaN,NaN,NaN,NaN,NaN,|,0,0,0,0,0,0,0,0,|,NaN,NaN,NaN,NaN,NaN,|,0,0,0,0,0,0,0,0
06:02:30,|,NaN,NaN,NaN,NaN,NaN,|,0,0,0,0,0,0,0,0,|,NaN,NaN,NaN,NaN,NaN,|,0,0,0,0,0,0,0,0,|,NaN,NaN,NaN,NaN,NaN,|,0,0,0,0,0,0,0,0,|,NaN,NaN,NaN,NaN,NaN,|,0,0,0,0,0,0,0,0,|,NaN,NaN,NaN,NaN,NaN,|,0,0,0,0,0,0,0,0
06:07:30,|,NaN,NaN,NaN,NaN,NaN,|,0,0,0,0,0,0,0,0,|,NaN,NaN,NaN,NaN,NaN,|,0,0,0,0,0,0,0,0,|,NaN,NaN,NaN,NaN,NaN,|,0,0,0,0,0,0,0,0,|,NaN,NaN,NaN,NaN,NaN,|,0,0,0,0,0,0,0,0,|,NaN,NaN,NaN,NaN,NaN,|,0,0,0,0,0,0,0,0
06:12:30,|,NaN,NaN,NaN,NaN,NaN,|,0,0,0,0,0,0,0,0,|,NaN,NaN,NaN,NaN,NaN,|,0,0,0,0,0,0,0,0,|,NaN,NaN,NaN,NaN,NaN,|,0,0,0,0,0,0,0,0,|,NaN,NaN,NaN,NaN,NaN,|,0,0,0,0,0,0,0,0,|,NaN,NaN,NaN,NaN,NaN,|,0,0,0,0,0,0,0,0
06:17:30,|,NaN,NaN,NaN,NaN,NaN,|,0,0,0,0,0,0,0,0,|,NaN,NaN,NaN,NaN,NaN,|,0,0,0,0,0,0,0,0,|,NaN,NaN,NaN,NaN,NaN,|,0,0,0,0,0,0,0,0,|,NaN,NaN,NaN,NaN,NaN,|,0,0,0,0,0,0,0,0,|,NaN,NaN,NaN,NaN,NaN,|,0,0,0,0,0,0,0,0
06:22:30,|,NaN,NaN,NaN,NaN,NaN,|,0,0,0,0,0,0,0,0,|,NaN,NaN,NaN,NaN,NaN,|,0,0,0,0,0,0,0,0,|,NaN,NaN,NaN,NaN,NaN,|,0,0,0,0,0,0,0,0,|,NaN,NaN,NaN,NaN,NaN,|,0,0,0,0,0,0,0,0,|,NaN,NaN,NaN,NaN,NaN,|,0,0,0,0,0,0,0,0
06:27:30,|,NaN,NaN,NaN,NaN,NaN,|,0,0,0,0,0,0,0,0,|,NaN,NaN,NaN,NaN,NaN,|,0,0,0,0,0,0,0,0,|,NaN,NaN,NaN,NaN,NaN,|,0,0,0,0,0,0,0,0,|,NaN,NaN,NaN,NaN,NaN,|,0,0,0,0,0,0,0,0,|,NaN,NaN,NaN,NaN,NaN,|,0,0,0,0,0,0,0,0
06:32:30,|,NaN,NaN,NaN,NaN,NaN,|,0,0,0,0,0,0,0,0,|,NaN,NaN,NaN,NaN,NaN,|,0,0,0,0,0,0,0,0,|,NaN,NaN,NaN,NaN,NaN,|,0,0,0,0,0,0,0,0,|,NaN,NaN,NaN,NaN,NaN,|,0,0,0,0,0,0,0,0,|,NaN,NaN,NaN,NaN,NaN,|,0,0,0,0,0,0,0,0
06:37:30,|,NaN,NaN,NaN,NaN,NaN,|,0,0,0,0,0,0,0,0,|,NaN,NaN,NaN,NaN,NaN,|,0,0,0,0,0,0,0,0,|,NaN,NaN,NaN,NaN,NaN,|,0,0,0,0,0,0,0,0,|,NaN,NaN,NaN,NaN,NaN,|,0,0,0,0,0,0,0,0,|,NaN,NaN,NaN,NaN,NaN,|,0,0,0,0,0,0,0,0
06:42:30,|,NaN,NaN,NaN,NaN,NaN,|,0,0,0,0,0,0,0,0,|,NaN,NaN,NaN,NaN,NaN,|,0,0,0,0,0,0,0,0,|,NaN,NaN,NaN,NaN,NaN,|,0,0,0,0,0,0,0,0,|,NaN,NaN,NaN,NaN,NaN,|,0,0,0,0,0,0,0,0,|,NaN,NaN,NaN,NaN,NaN,|,0,0,0,0,0,0,0,0
06:47:30,|,NaN,NaN,NaN,NaN,NaN,|,0,0,0,0,0,0,0,0,|,NaN,NaN,NaN,NaN,NaN,|,0,0,0,0,0,0,0,0,|,NaN,NaN,NaN,NaN,NaN,|,0,0,0,0,0,0,0,0,|,NaN,NaN,NaN,NaN,NaN,|,0,0,0,0,0,0,0,0,|,NaN,NaN,NaN,NaN,NaN,|,0,0,0,0,0,0,0,0
06:52:30,|,NaN,NaN,NaN,NaN,NaN,|,0,0,0,0,0,0,0,0,|,NaN,NaN,NaN,NaN,NaN,|,0,0,0,0,0,0,0,0,|,NaN,NaN,NaN,NaN,NaN,|,0,0,0,0,0,0,0,0,|,NaN,NaN,NaN,NaN,NaN,|,0,0,0,0,0,0,0,0,|,NaN,NaN,NaN,NaN,NaN,|,0,0,0,0,0,0,0,0
06:57:30,|,NaN,NaN,NaN,NaN,NaN,|,0,0,0,0,0,0,0,0,|,NaN,NaN,NaN,NaN,NaN,|,0,0,0,0,0,0,0,0,|,NaN,NaN,NaN,NaN,NaN,|,0,0,0,0,0,0,0,0,|,NaN,NaN,NaN,NaN,NaN,|,0,0,0,0,0,0,0,0,|,NaN,NaN,NaN,NaN,NaN,|,0,0,0,0,0,0,0,0
07:02:30,|,NaN,NaN,NaN,NaN,NaN,|,0,0,0,0,0,0,0,0,|,NaN,NaN,NaN,NaN,NaN,|,0,0,0,0,0,0,0,0,|,NaN,NaN,NaN,NaN,NaN,|,0,0,0,0,0,0,0,0,|,NaN,NaN,NaN,NaN,NaN,|,0,0,0,0,0,0,0,0,|,NaN,NaN,NaN,NaN,NaN,|,0,0,0,0,0,0,0,0
07:07:30,|,NaN,NaN,NaN,NaN,NaN,|,0,0,0,0,0,0,0,0,|,NaN,NaN,NaN,NaN,NaN,|,0,0,0,0,0,0,0,0,|,NaN,NaN,NaN,NaN,NaN,|,0,0,0,0,0,0,0,0,|,NaN,NaN,NaN,NaN,NaN,|,0,0,0,0,0,0,0,0,|,NaN,NaN,NaN,NaN,NaN,|,0,0,0,0,0,0,0,0
07:12:30,|,0.472197920084,0.522373557090759,0.712600350379944,0.868688881397247,0.922281205654144,|,0,0,0,0,0,0,0,0,|,0.488036185503006,0.641374170780182,0.863070845603943,0.757032752037048,0.895923495292664,|,0,0,0,0,0,0,0,0,|,-0.0442728139460087,-0.0433220565319061,-0.00108206714503467,-0.0606268607079983,-0.0324068181216717,|,0,0,0,0,0,0,0,0,|,-9.36277484893799,-9.02820587158203,-10.1228246688843,-9.08582210540771,-9.99796581268311,|,0,0,0,0,0,0,0,0,|,-0.00198135385289788,-0.00243422831408679,-0.00136690970975906,-0.00171294528990984,-0.00253058969974518,|,0,0,0,0,0,0,0,0
07:17:30,|,0.346727073192596,0.196986153721809,0.5426304936409,0.689813256263733,0.840558588504791,|,0,0,0,0,0,0,0,0,|,0.397050201892853,0.312789559364319,0.760872304439545,0.705186724662781,0.879469990730286,|,0,0,0,0,0,0,0,0,|,-0.0304550193250179,-0.000722473720088601,0.0149353751912713,-0.0341653488576412,-0.00451372191309929,|,0,0,0,0,0,0,0,0,|,-9.10978603363037,-8.98174095153809,-10.1703939437866,-9.12239551544189,-10.0181264877319,|,0,0,0,0,0,0,0,0,|,-0.00143429776653647,-0.000419536198023707,-0.00268355966545641,-0.00298743601888418,-0.00157079729251564,|,0,0,0,0,0,0,0,0
07:22:30,|,0.0901984795928001,0.253076821565628,0.134236752986908,0.217972010374069,0.362874507904053,|,0,0,0,0,0,0,0,0,|,-0.0710954293608665,0.0277524851262569,0.209417849779129,0.182129412889481,0.337487548589706,|,0,0,0,0,0,0,0,0,|,0.00406824378296733,-0.00747697846964002,0.00852189864963293,-0.0371281579136848,-0.0269857570528984,|,0,0,0,0,0,0,0,0,|,-8.8673152923584,-8.7954044342041,-10.0742025375366,-9.10592269897461,-10.0414371490479,|,0,0,0,0,0,0,0,0,|,0.000897090823855251,-0.000306222907966003,0.000266978837316856,6.39584823147743e-06,-0.0026418399065733,|,0,0,0,0,0,0,0,0
07:27:30,|,0.49365508556366,0.518054246902466,0.516957938671112,0.611136555671692,0.750533163547516,|,0,0,0,0,0,0,0,0,|,-0.181894719600677,-0.179035201668739,-0.0200639124959707,-0.103695273399353,-0.0030829799361527,|,0,0,0,0,0,0,0,0,|,0.00292736920528114,0.0046170293353498,0.0252530053257942,-0.0159782152622938,0.0205750502645969,|,0,0,0,0,0,0,0,0,|,-8.65555000305176,-8.63067531585693,-9.87570667266846,-8.95167255401611,-9.91558647155762,|,0,0,0,0,0,0,0,0,|,0.00052293372573331,-0.000545160204637796,-0.000230329751502723,-0.000170429717400111,-0.000897755904588848,|,0,0,0,0,0,0,0,0
07:32:30,|,0.839745759963989,0.838936030864716,0.835694849491119,0.922852098941803,1.02529108524323,|,0,0,0,0,0,0,0,0,|,0.22274324297905,0.323221951723099,0.405423909425735,0.324861526489258,0.414780229330063,|,0,0,0,0,0,0,0,0,|,-0.0290939453989267,-0.0336328446865082,0.00683761620894074,-0.0553079545497894,0.00052359071560204,|,0,0,0,0,0,0,0,0,|,-8.51052951812744,-8.55148315429688,-9.75850200653076,-8.85749053955078,-9.83377265930176,|,0,0,0,0,0,0,0,0,|,0.00200875336304307,0.00216643093153834,0.00182868517003953,0.00117746891919523,0.00099752249661833,|,0,0,0,0,0,0,0,0
07:37:30,|,0.969292104244232,1.09672272205353,1.15130090713501,1.27923548221588,1.34575521945953,|,0,0,0,0,0,0,0,0,|,0.376303434371948,0.560534417629242,0.725524067878723,0.671395003795624,0.830835223197937,|,0,0,0,0,0,0,0,0,|,-0.0162851214408875,-0.0203728992491961,0.0487636923789978,-0.0153228119015694,0.0547974668443203,|,0,0,0,0,0,0,0,0,|,-8.23193836212158,-8.28653812408447,-9.50906276702881,-8.59296321868896,-9.592116355896,|,0,0,0,0,0,0,0,0,|,0.00346195441670716,0.00366722070612013,0.003099829191342,0.00110319047234952,-0.000912998744752258,|,0,0,0,0,0,0,0,0
07:42:30,|,0.985612630844116,1.05989706516266,1.07738602161407,1.17939507961273,1.24097347259521,|,0,0,0,0,0,0,0,0,|,0.379875123500824,0.558090090751648,0.691529214382172,0.605402529239655,0.698412775993347,|,0,0,0,0,0,0,0,0,|,-0.0255449451506138,-0.0423910431563854,0.0139586674049497,-0.0255217459052801,0.045510321855545,|,0,0,0,0,0,0,0,0,|,-8.03408241271973,-8.1044397354126,-9.33960819244385,-8.40454769134521,-9.43542194366455,|,0,0,0,0,0,0,0,0,|,0.00674873730167747,0.00652768183499575,0.00587457465007901,0.0070116650313139,0.00581023981794715,|,0,0,0,0,0,0,0,0
07:47:30,|,1.12532758712769,1.2687646150589,1.23827922344208,1.30601847171783,1.33133769035339,|,0,0,0,0,0,0,0,0,|,0.354720622301102,0.48925706744194,0.600145220756531,0.513177931308746,0.617610991001129,|,0,0,0,0,0,0,0,0,|,-0.0655680671334267,-0.0821257382631302,-0.0265966281294823,-0.0760058015584946,-0.000199106696527451,|,0,0,0,0,0,0,0,0,|,-7.93112993240356,-8.0149450302124,-9.24546813964844,-8.29127502441406,-9.35785579681396,|,0,0,0,0,0,0,0,0,|,0.0131077719852328,0.0104830432683229,0.00930543802678585,0.0105588687583804,0.00823908299207687,|,0,0,0,0,0,0,0,0
07:52:30,|,1.23050558567047,1.28214812278748,1.27263641357422,1.41192984580994,1.507000207901,|,0,0,0,0,0,0,0,0,|,0.373891770839691,0.520078897476196,0.626297354698181,0.532925665378571,0.721940219402313,|,0,0,0,0,0,0,0,0,|,-0.0689925402402878,-0.0671111792325974,-0.00237159500829875,-0.0576915703713894,0.0373371429741383,|,0,0,0,0,0,0,0,0,|,-7.78160047531128,-7.87617635726929,-9.09211921691895,-8.16142749786377,-9.22783184051514,|,0,0,0,0,0,0,0,0,|,0.0173348244279623,0.0184517744928598,0.0130388885736465,0.0131287947297096,0.0172720495611429,|,0,0,0,0,0,0,0,0
07:57:30,|,1.18954920768738,1.27992379665375,1.28712964057922,1.38473629951477,1.34177160263062,|,0,0,0,0,0,0,0,0,|,0.455507159233093,0.582960546016693,0.683111071586609,0.581203639507294,0.677245855331421,|,0,0,0,0,0,0,0,0,|,-0.093061551451683,-0.105849489569664,-0.023851340636611,-0.0977018997073174,-0.00414773216471076,|,0,0,0,0,0,0,0,0,|,-7.68319463729858,-7.80742025375366,-9.00167560577393,-8.10921764373779,-9.13137149810791,|,0,0,0,0,0,0,0,0,|,0.0209088586270809,0.0257852021604776,0.0265051573514938,0.0210860222578049,0.0186357889324427,|,0,0,0,0,0,0,0,0
08:02:30,|,1.09877753257751,1.17953860759735,1.2145676612854,1.32523334026337,1.38036119937897,|,0,0,0,0,0,0,0,0,|,0.299247860908508,0.44576707482338,0.528375923633575,0.404490321874619,0.470570385456085,|,0,0,0,0,0,0,0,0,|,-0.0590476877987385,-0.0726938992738724,-0.0106241013854742,-0.0754828229546547,0.00528232706710696,|,0,0,0,0,0,0,0,0,|,-7.5938925743103,-7.75104665756226,-9.03787326812744,-8.06850719451904,-9.17106628417969,|,0,0,0,0,0,0,0,0,|,0.022983068600297,0.0289205070585012,0.0280981548130512,0.0268959496170282,0.0219192039221525,|,0,0,0,0,0,0,0,0
08:07:30,|,1.12723529338837,1.2695826292038,1.26978027820587,1.34584391117096,1.40484511852264,|,0,0,0,0,0,0,0,0,|,0.172768294811249,0.301785796880722,0.38090705871582,0.281421631574631,0.393516421318054,|,0,0,0,0,0,0,0,0,|,-0.0752559155225754,-0.0938776358962059,-0.039865892380476,-0.112302102148533,-0.0664288923144341,|,0,0,0,0,0,0,0,0,|,-7.71162748336792,-7.85149383544922,-9.09456634521484,-8.14147281646729,-9.24184036254883,|,0,0,0,0,0,0,0,0,|,0.00787258148193359,0.00769965769723058,0.0080837570130825,0.00849352590739727,0.00630685081705451,|,0,0,0,0,0,0,0,0
08:12:30,|,0.958265125751495,1.05707693099976,1.03493964672089,1.1108170747757,1.11337327957153,|,0,0,0,0,0,0,0,0,|,0.0821603536605835,0.221855610609055,0.307909816503525,0.194901466369629,0.27158135175705,|,0,0,0,0,0,0,0,0,|,-0.0603186562657356,-0.0722911506891251,-0.0376171134412289,-0.103099092841148,-0.0637978985905647,|,0,0,0,0,0,0,0,0,|,-7.61522483825684,-7.72784566879272,-8.94434070587158,-8.03011798858643,-9.12057018280029,|,0,0,0,0,0,0,0,0,|,0.0118878502398729,0.0103938151150942,0.0104691768065095,0.00912455003708601,0.00859897863119841,|,0,0,0,0,0,0,0,0
08:17:30,|,0.597574055194855,0.630066215991974,0.617838382720947,0.682721734046936,0.696602284908295,|,0,0,0,0,0,0,0,0,|,-0.116164699196815,0.0128662325441837,0.0648721531033516,-0.0599164813756943,-0.0166166014969349,|,0,0,0,0,0,0,0,0,|,-0.0208235345780849,-0.0221779104322195,0.00382606615312397,-0.0544855669140816,-0.0353537276387215,|,0,0,0,0,0,0,0,0,|,-7.51159572601318,-7.57384157180786,-8.7961311340332,-7.88745260238647,-8.97031879425049,|,0,0,0,0,0,0,0,0,|,0.0134000405669212,0.0129575598984957,0.013822347857058,0.0117980521172285,0.00977044273167849,|,0,0,0,0,0,0,0,0
08:22:30,|,0.478551387786865,0.540398359298706,0.541301012039185,0.592610895633698,0.639127254486084,|,0,0,0,0,0,0,0,0,|,-0.513709962368011,-0.402792394161224,-0.405045062303543,-0.546040058135986,-0.514341831207275,|,0,0,0,0,0,0,0,0,|,-0.0301915127784014,-0.0288647897541523,0.0033286705147475,-0.0202436745166779,-0.0234263613820076,|,0,0,0,0,0,0,0,0,|,-7.38471221923828,-7.44720935821533,-8.66755390167236,-7.71714305877686,-8.78350639343262,|,0,0,0,0,0,0,0,0,|,0.0147467032074928,0.0143113303929567,0.012885588221252,0.0140509568154812,0.0188985522836447,|,0,0,0,0,0,0,0,0
08:27:30,|,0.644598424434662,0.656855285167694,0.642709612846375,0.67223846912384,0.691044509410858,|,0,0,0,0,0,0,0,0,|,-0.337247490882874,-0.196615621447563,-0.136860594153404,-0.263044029474258,-0.178080648183823,|,0,0,0,0,0,0,0,0,|,-0.00699227768927813,0.00132186012342572,0.022375987842679,-0.0464699827134609,-0.0666102021932602,|,0,0,0,0,0,0,0,0,|,-7.30307722091675,-7.37427282333374,-8.58817195892334,-7.66626405715942,-8.79376888275146,|,0,0,0,0,0,0,0,0,|,0.0270203612744808,0.0253993943333626,0.0272474996745586,0.021529532968998,0.00733019877225161,|,0,0,0,0,0,0,0,0
08:32:30,|,0.380932182073593,0.396476835012436,0.325830668210983,0.308014750480652,0.280764997005463,|,0,0,0,0,0,0,0,0,|,-0.00837346632033587,0.112791359424591,0.145969972014427,0.0302943475544453,0.0164657365530729,|,0,0,0,0,0,0,0,0,|,-0.0182929784059525,0.00909884180873632,0.0586598366498947,0.0151758436113596,0.00470634317025542,|,0,0,0,0,0,0,0,0,|,-7.09088325500488,-7.18561029434204,-8.47343921661377,-7.46429681777954,-8.59051132202148,|,0,0,0,0,0,0,0,0,|,0.0223200749605894,0.0280338656157255,0.024965938180685,0.0278798304498196,0.0127603551372886,|,0,0,0,0,0,0,0,0
08:37:30,|,0.671928942203522,0.710847973823547,0.692384719848633,0.785320043563843,0.759516417980194,|,0,0,0,0,0,0,0,0,|,0.0286360625177622,0.189519509673119,0.234057039022446,0.13362355530262,0.213258519768715,|,0,0,0,0,0,0,0,0,|,-0.0352898612618446,-0.0190271604806185,0.0455815121531487,-0.00846881233155727,-0.0297616925090551,|,0,0,0,0,0,0,0,0,|,-6.92475652694702,-7.01403665542603,-8.28443717956543,-7.24915266036987,-8.43211460113525,|,0,0,0,0,0,0,0,0,|,0.0318808443844318,0.0315234214067459,0.0429157763719559,0.0437511540949345,0.024607827886939,|,0,0,0,0,0,0,0,0
08:42:30,|,1.22620153427124,1.32605648040771,1.3576397895813,1.42688024044037,1.46606016159058,|,0,0,0,0,0,0,0,0,|,-0.408393710851669,-0.267239630222321,-0.18620240688324,-0.32810565829277,-0.188274666666985,|,0,0,0,0,0,0,0,0,|,-0.0371942184865475,-0.0317853353917599,0.00389006920158863,-0.0765025392174721,-0.030471196398139,|,0,0,0,0,0,0,0,0,|,-6.73894119262695,-6.90168190002441,-8.13331890106201,-7.17593908309937,-8.30832576751709,|,0,0,0,0,0,0,0,0,|,0.0309358891099691,0.0312061347067356,0.0295645520091057,0.0271142013370991,0.0205298848450184,|,0,0,0,0,0,0,0,0
08:47:30,|,1.00049924850464,1.11073279380798,1.13568997383118,1.17582845687866,1.18053233623505,|,0,0,0,0,0,0,0,0,|,-0.570972323417664,-0.493112713098526,-0.465432971715927,-0.608106732368469,-0.569325387477875,|,0,0,0,0,0,0,0,0,|,-0.026287667453289,-0.0243942216038704,-0.00795370899140835,-0.0596963576972485,-0.00567125342786312,|,0,0,0,0,0,0,0,0,|,-6.5689115524292,-6.78394031524658,-8.02782249450684,-7.03155040740967,-8.16317653656006,|,0,0,0,0,0,0,0,0,|,0.0333412773907185,0.0335654988884926,0.0299836713820696,0.0265132617205381,0.0149821797385812,|,0,0,0,0,0,0,0,0
08:52:30,|,1.18866884708405,1.36672210693359,1.37484836578369,1.39855432510376,1.37329399585724,|,0,0,0,0,0,0,0,0,|,-0.219864681363106,-0.0796901658177376,-0.0426938310265541,-0.168799862265587,-0.0604096762835979,|,0,0,0,0,0,0,0,0,|,-0.0188811887055635,-0.0464798770844936,-0.00852818042039871,-0.0728979036211967,-0.0314207375049591,|,0,0,0,0,0,0,0,0,|,-6.24746990203857,-6.51361417770386,-7.82527494430542,-6.80672264099121,-7.92764949798584,|,0,0,0,0,0,0,0,0,|,0.0337988324463367,0.0215302500873804,0.0206151828169823,0.0197056271135807,0.0148202758282423,|,0,0,0,0,0,0,0,0
08:57:30,|,1.10732221603394,1.23388063907623,1.23056471347809,1.33555674552917,1.39744532108307,|,0,0,0,0,0,0,0,0,|,0.412630945444107,0.656710684299469,0.769787192344666,0.688347995281219,0.766916036605835,|,0,0,0,0,0,0,0,0,|,-0.0430094562470913,-0.0723041370511055,0.012351157143712,-0.0457186847925186,0.0218067746609449,|,0,0,0,0,0,0,0,0,|,-5.77618026733398,-6.01625823974609,-7.35457611083984,-6.32095670700073,-7.47329950332642,|,0,0,0,0,0,0,0,0,|,0.0369164049625397,0.030924966558814,0.0345535352826118,0.0379235409200191,0.0372085459530354,|,0,0,0,0,0,0,0,0
09:02:30,|,0.705790162086487,0.780083894729614,0.738274574279785,0.807190597057343,0.803899228572845,|,0,0,0,0,0,0,0,0,|,1.10768580436707,1.37066948413849,1.52963542938232,1.48213350772858,1.68839335441589,|,0,0,0,0,0,0,0,0,|,-0.0419455356895924,-0.0593149103224277,0.00997383706271648,-0.0598250702023506,-0.0440062284469604,|,0,0,0,0,0,0,0,0,|,-5.60384654998779,-5.82058620452881,-7.1644082069397,-6.16815757751465,-7.36453914642334,|,0,0,0,0,0,0,0,0,|,0.0434961579740047,0.0499179176986217,0.051039882004261,0.0531136021018028,0.0397899784147739,|,0,0,0,0,0,0,0,0
09:07:30,|,0.634704291820526,0.664974212646484,0.644080221652985,0.755691409111023,0.711472570896149,|,0,0,0,0,0,0,0,0,|,0.603078305721283,0.847334921360016,1.00953602790833,0.960270762443542,1.14945387840271,|,0,0,0,0,0,0,0,0,|,0.0563083477318287,-0.0210857018828392,-0.00857948698103428,-0.065023735165596,-0.0750930607318878,|,0,0,0,0,0,0,0,0,|,-5.52869510650635,-5.78692436218262,-7.14131498336792,-6.09495544433594,-7.34287405014038,|,0,0,0,0,0,0,0,0,|,0.0441494435071945,0.0340317711234093,0.0310475844889879,0.0298596378415823,0.0166220162063837,|,0,0,0,0,0,0,0,0
09:12:30,|,NaN,NaN,NaN,NaN,NaN,|,0,0,0,0,0,0,0,0,|,NaN,NaN,NaN,NaN,NaN,|,0,0,0,0,0,0,0,0,|,NaN,NaN,NaN,NaN,NaN,|,0,0,0,0,0,0,0,0,|,NaN,NaN,NaN,NaN,NaN,|,0,0,0,0,0,0,0,0,|,NaN,NaN,NaN,NaN,NaN,|,0,0,0,0,0,0,0,0
09:17:30,|,NaN,NaN,NaN,NaN,NaN,|,0,0,0,0,0,0,0,0,|,NaN,NaN,NaN,NaN,NaN,|,0,0,0,0,0,0,0,0,|,NaN,NaN,NaN,NaN,NaN,|,0,0,0,0,0,0,0,0,|,NaN,NaN,NaN,NaN,NaN,|,0,0,0,0,0,0,0,0,|,NaN,NaN,NaN,NaN,NaN,|,0,0,0,0,0,0,0,0
09:22:30,|,NaN,NaN,NaN,NaN,NaN,|,0,0,0,0,0,0,0,0,|,NaN,NaN,NaN,NaN,NaN,|,0,0,0,0,0,0,0,0,|,NaN,NaN,NaN,NaN,NaN,|,0,0,0,0,0,0,0,0,|,NaN,NaN,NaN,NaN,NaN,|,0,0,0,0,0,0,0,0,|,NaN,NaN,NaN,NaN,NaN,|,0,0,0,0,0,0,0,0
09:27:30,|,NaN,NaN,NaN,NaN,NaN,|,0,0,0,0,0,0,0,0,|,NaN,NaN,NaN,NaN,NaN,|,0,0,0,0,0,0,0,0,|,NaN,NaN,NaN,NaN,NaN,|,0,0,0,0,0,0,0,0,|,NaN,NaN,NaN,NaN,NaN,|,0,0,0,0,0,0,0,0,|,NaN,NaN,NaN,NaN,NaN,|,0,0,0,0,0,0,0,0
09:32:30,|,NaN,NaN,NaN,NaN,NaN,|,0,0,0,0,0,0,0,0,|,NaN,NaN,NaN,NaN,NaN,|,0,0,0,0,0,0,0,0,|,NaN,NaN,NaN,NaN,NaN,|,0,0,0,0,0,0,0,0,|,NaN,NaN,NaN,NaN,NaN,|,0,0,0,0,0,0,0,0,|,NaN,NaN,NaN,NaN,NaN,|,0,0,0,0,0,0,0,0
09:37:30,|,NaN,NaN,NaN,NaN,NaN,|,0,0,0,0,0,0,0,0,|,NaN,NaN,NaN,NaN,NaN,|,0,0,0,0,0,0,0,0,|,NaN,NaN,NaN,NaN,NaN,|,0,0,0,0,0,0,0,0,|,NaN,NaN,NaN,NaN,NaN,|,0,0,0,0,0,0,0,0,|,NaN,NaN,NaN,NaN,NaN,|,0,0,0,0,0,0,0,0
09:42:30,|,NaN,NaN,NaN,NaN,NaN,|,0,0,0,0,0,0,0,0,|,NaN,NaN,NaN,NaN,NaN,|,0,0,0,0,0,0,0,0,|,NaN,NaN,NaN,NaN,NaN,|,0,0,0,0,0,0,0,0,|,NaN,NaN,NaN,NaN,NaN,|,0,0,0,0,0,0,0,0,|,NaN,NaN,NaN,NaN,NaN,|,0,0,0,0,0,0,0,0
09:47:30,|,NaN,NaN,NaN,NaN,NaN,|,0,0,0,0,0,0,0,0,|,NaN,NaN,NaN,NaN,NaN,|,0,0,0,0,0,0,0,0,|,NaN,NaN,NaN,NaN,NaN,|,0,0,0,0,0,0,0,0,|,NaN,NaN,NaN,NaN,NaN,|,0,0,0,0,0,0,0,0,|,NaN,NaN,NaN,NaN,NaN,|,0,0,0,0,0,0,0,0
09:52:30,|,NaN,NaN,NaN,NaN,NaN,|,0,0,0,0,0,0,0,0,|,NaN,NaN,NaN,NaN,NaN,|,0,0,0,0,0,0,0,0,|,NaN,NaN,NaN,NaN,NaN,|,0,0,0,0,0,0,0,0,|,NaN,NaN,NaN,NaN,NaN,|,0,0,0,0,0,0,0,0,|,NaN,NaN,NaN,NaN,NaN,|,0,0,0,0,0,0,0,0
09:57:30,|,NaN,NaN,NaN,NaN,NaN,|,0,0,0,0,0,0,0,0,|,NaN,NaN,NaN,NaN,NaN,|,0,0,0,0,0,0,0,0,|,NaN,NaN,NaN,NaN,NaN,|,0,0,0,0,0,0,0,0,|,NaN,NaN,NaN,NaN,NaN,|,0,0,0,0,0,0,0,0,|,NaN,NaN,NaN,NaN,NaN,|,0,0,0,0,0,0,0,0
10:02:30,|,NaN,NaN,NaN,NaN,NaN,|,0,0,0,0,0,0,0,0,|,NaN,NaN,NaN,NaN,NaN,|,0,0,0,0,0,0,0,0,|,NaN,NaN,NaN,NaN,NaN,|,0,0,0,0,0,0,0,0,|,NaN,NaN,NaN,NaN,NaN,|,0,0,0,0,0,0,0,0,|,NaN,NaN,NaN,NaN,NaN,|,0,0,0,0,0,0,0,0
10:07:30,|,NaN,NaN,NaN,NaN,NaN,|,0,0,0,0,0,0,0,0,|,NaN,NaN,NaN,NaN,NaN,|,0,0,0,0,0,0,0,0,|,NaN,NaN,NaN,NaN,NaN,|,0,0,0,0,0,0,0,0,|,NaN,NaN,NaN,NaN,NaN,|,0,0,0,0,0,0,0,0,|,NaN,NaN,NaN,NaN,NaN,|,0,0,0,0,0,0,0,0
10:12:30,|,NaN,NaN,NaN,NaN,NaN,|,0,0,0,0,0,0,0,0,|,NaN,NaN,NaN,NaN,NaN,|,0,0,0,0,0,0,0,0,|,NaN,NaN,NaN,NaN,NaN,|,0,0,0,0,0,0,0,0,|,NaN,NaN,NaN,NaN,NaN,|,0,0,0,0,0,0,0,0,|,NaN,NaN,NaN,NaN,NaN,|,0,0,0,0,0,0,0,0
10:17:30,|,NaN,NaN,NaN,NaN,NaN,|,0,0,0,0,0,0,0,0,|,NaN,NaN,NaN,NaN,NaN,|,0,0,0,0,0,0,0,0,|,NaN,NaN,NaN,NaN,NaN,|,0,0,0,0,0,0,0,0,|,NaN,NaN,NaN,NaN,NaN,|,0,0,0,0,0,0,0,0,|,NaN,NaN,NaN,NaN,NaN,|,0,0,0,0,0,0,0,0
10:22:30,|,NaN,NaN,NaN,NaN,NaN,|,0,0,0,0,0,0,0,0,|,NaN,NaN,NaN,NaN,NaN,|,0,0,0,0,0,0,0,0,|,NaN,NaN,NaN,NaN,NaN,|,0,0,0,0,0,0,0,0,|,NaN,NaN,NaN,NaN,NaN,|,0,0,0,0,0,0,0,0,|,NaN,NaN,NaN,NaN,NaN,|,0,0,0,0,0,0,0,0
10:27:30,|,NaN,NaN,NaN,NaN,NaN,|,0,0,0,0,0,0,0,0,|,NaN,NaN,NaN,NaN,NaN,|,0,0,0,0,0,0,0,0,|,NaN,NaN,NaN,NaN,NaN,|,0,0,0,0,0,0,0,0,|,NaN,NaN,NaN,NaN,NaN,|,0,0,0,0,0,0,0,0,|,NaN,NaN,NaN,NaN,NaN,|,0,0,0,0,0,0,0,0
10:32:30,|,NaN,NaN,NaN,NaN,NaN,|,0,0,0,0,0,0,0,0,|,NaN,NaN,NaN,NaN,NaN,|,0,0,0,0,0,0,0,0,|,NaN,NaN,NaN,NaN,NaN,|,0,0,0,0,0,0,0,0,|,NaN,NaN,NaN,NaN,NaN,|,0,0,0,0,0,0,0,0,|,NaN,NaN,NaN,NaN,NaN,|,0,0,0,0,0,0,0,0
10:37:30,|,NaN,NaN,NaN,NaN,NaN,|,0,0,0,0,0,0,0,0,|,NaN,NaN,NaN,NaN,NaN,|,0,0,0,0,0,0,0,0,|,NaN,NaN,NaN,NaN,NaN,|,0,0,0,0,0,0,0,0,|,NaN,NaN,NaN,NaN,NaN,|,0,0,0,0,0,0,0,0,|,NaN,NaN,NaN,NaN,NaN,|,0,0,0,0,0,0,0,0
10:42:30,|,NaN,NaN,NaN,NaN,NaN,|,0,0,0,0,0,0,0,0,|,NaN,NaN,NaN,NaN,NaN,|,0,0,0,0,0,0,0,0,|,NaN,NaN,NaN,NaN,NaN,|,0,0,0,0,0,0,0,0,|,NaN,NaN,NaN,NaN,NaN,|,0,0,0,0,0,0,0,0,|,NaN,NaN,NaN,NaN,NaN,|,0,0,0,0,0,0,0,0
10:47:30,|,NaN,NaN,NaN,NaN,NaN,|,0,0,0,0,0,0,0,0,|,NaN,NaN,NaN,NaN,NaN,|,0,0,0,0,0,0,0,0,|,NaN,NaN,NaN,NaN,NaN,|,0,0,0,0,0,0,0,0,|,NaN,NaN,NaN,NaN,NaN,|,0,0,0,0,0,0,0,0,|,NaN,NaN,NaN,NaN,NaN,|,0,0,0,0,0,0,0,0
10:52:30,|,NaN,NaN,NaN,NaN,NaN,|,0,0,0,0,0,0,0,0,|,NaN,NaN,NaN,NaN,NaN,|,0,0,0,0,0,0,0,0,|,NaN,NaN,NaN,NaN,NaN,|,0,0,0,0,0,0,0,0,|,NaN,NaN,NaN,NaN,NaN,|,0,0,0,0,0,0,0,0,|,NaN,NaN,NaN,NaN,NaN,|,0,0,0,0,0,0,0,0
10:57:30,|,NaN,NaN,NaN,NaN,NaN,|,0,0,0,0,0,0,0,0,|,NaN,NaN,NaN,NaN,NaN,|,0,0,0,0,0,0,0,0,|,NaN,NaN,NaN,NaN,NaN,|,0,0,0,0,0,0,0,0,|,NaN,NaN,NaN,NaN,NaN,|,0,0,0,0,0,0,0,0,|,NaN,NaN,NaN,NaN,NaN,|,0,0,0,0,0,0,0,0
11:02:30,|,NaN,NaN,NaN,NaN,NaN,|,0,0,0,0,0,0,0,0,|,NaN,NaN,NaN,NaN,NaN,|,0,0,0,0,0,0,0,0,|,NaN,NaN,NaN,NaN,NaN,|,0,0,0,0,0,0,0,0,|,NaN,NaN,NaN,NaN,NaN,|,0,0,0,0,0,0,0,0,|,NaN,NaN,NaN,NaN,NaN,|,0,0,0,0,0,0,0,0
11:07:30,|,NaN,NaN,NaN,NaN,NaN,|,0,0,0,0,0,0,0,0,|,NaN,NaN,NaN,NaN,NaN,|,0,0,0,0,0,0,0,0,|,NaN,NaN,NaN,NaN,NaN,|,0,0,0,0,0,0,0,0,|,NaN,NaN,NaN,NaN,NaN,|,0,0,0,0,0,0,0,0,|,NaN,NaN,NaN,NaN,NaN,|,0,0,0,0,0,0,0,0
11:12:30,|,NaN,NaN,NaN,NaN,NaN,|,0,0,0,0,0,0,0,0,|,NaN,NaN,NaN,NaN,NaN,|,0,0,0,0,0,0,0,0,|,NaN,NaN,NaN,NaN,NaN,|,0,0,0,0,0,0,0,0,|,NaN,NaN,NaN,NaN,NaN,|,0,0,0,0,0,0,0,0,|,NaN,NaN,NaN,NaN,NaN,|,0,0,0,0,0,0,0,0
11:17:30,|,NaN,NaN,NaN,NaN,NaN,|,0,0,0,0,0,0,0,0,|,NaN,NaN,NaN,NaN,NaN,|,0,0,0,0,0,0,0,0,|,NaN,NaN,NaN,NaN,NaN,|,0,0,0,0,0,0,0,0,|,NaN,NaN,NaN,NaN,NaN,|,0,0,0,0,0,0,0,0,|,NaN,NaN,NaN,NaN,NaN,|,0,0,0,0,0,0,0,0
11:22:30,|,NaN,NaN,NaN,NaN,NaN,|,0,0,0,0,0,0,0,0,|,NaN,NaN,NaN,NaN,NaN,|,0,0,0,0,0,0,0,0,|,NaN,NaN,NaN,NaN,NaN,|,0,0,0,0,0,0,0,0,|,NaN,NaN,NaN,NaN,NaN,|,0,0,0,0,0,0,0,0,|,NaN,NaN,NaN,NaN,NaN,|,0,0,0,0,0,0,0,0
11:27:30,|,NaN,NaN,NaN,NaN,NaN,|,0,0,0,0,0,0,0,0,|,NaN,NaN,NaN,NaN,NaN,|,0,0,0,0,0,0,0,0,|,NaN,NaN,NaN,NaN,NaN,|,0,0,0,0,0,0,0,0,|,NaN,NaN,NaN,NaN,NaN,|,0,0,0,0,0,0,0,0,|,NaN,NaN,NaN,NaN,NaN,|,0,0,0,0,0,0,0,0
11:32:30,|,NaN,NaN,NaN,NaN,NaN,|,0,0,0,0,0,0,0,0,|,NaN,NaN,NaN,NaN,NaN,|,0,0,0,0,0,0,0,0,|,NaN,NaN,NaN,NaN,NaN,|,0,0,0,0,0,0,0,0,|,NaN,NaN,NaN,NaN,NaN,|,0,0,0,0,0,0,0,0,|,NaN,NaN,NaN,NaN,NaN,|,0,0,0,0,0,0,0,0
11:37:30,|,NaN,NaN,NaN,NaN,NaN,|,0,0,0,0,0,0,0,0,|,NaN,NaN,NaN,NaN,NaN,|,0,0,0,0,0,0,0,0,|,NaN,NaN,NaN,NaN,NaN,|,0,0,0,0,0,0,0,0,|,NaN,NaN,NaN,NaN,NaN,|,0,0,0,0,0,0,0,0,|,NaN,NaN,NaN,NaN,NaN,|,0,0,0,0,0,0,0,0
11:42:30,|,NaN,NaN,NaN,NaN,NaN,|,0,0,0,0,0,0,0,0,|,NaN,NaN,NaN,NaN,NaN,|,0,0,0,0,0,0,0,0,|,NaN,NaN,NaN,NaN,NaN,|,0,0,0,0,0,0,0,0,|,NaN,NaN,NaN,NaN,NaN,|,0,0,0,0,0,0,0,0,|,NaN,NaN,NaN,NaN,NaN,|,0,0,0,0,0,0,0,0
11:47:30,|,NaN,NaN,NaN,NaN,NaN,|,0,0,0,0,0,0,0,0,|,NaN,NaN,NaN,NaN,NaN,|,0,0,0,0,0,0,0,0,|,NaN,NaN,NaN,NaN,NaN,|,0,0,0,0,0,0,0,0,|,NaN,NaN,NaN,NaN,NaN,|,0,0,0,0,0,0,0,0,|,NaN,NaN,NaN,NaN,NaN,|,0,0,0,0,0,0,0,0
11:52:30,|,NaN,NaN,NaN,NaN,NaN,|,0,0,0,0,0,0,0,0,|,NaN,NaN,NaN,NaN,NaN,|,0,0,0,0,0,0,0,0,|,NaN,NaN,NaN,NaN,NaN,|,0,0,0,0,0,0,0,0,|,NaN,NaN,NaN,NaN,NaN,|,0,0,0,0,0,0,0,0,|,NaN,NaN,NaN,NaN,NaN,|,0,0,0,0,0,0,0,0
11:57:30,|,NaN,NaN,NaN,NaN,NaN,|,0,0,0,0,0,0,0,0,|,NaN,NaN,NaN,NaN,NaN,|,0,0,0,0,0,0,0,0,|,NaN,NaN,NaN,NaN,NaN,|,0,0,0,0,0,0,0,0,|,NaN,NaN,NaN,NaN,NaN,|,0,0,0,0,0,0,0,0,|,NaN,NaN,NaN,NaN,NaN,|,0,0,0,0,0,0,0,0
12:02:30,|,NaN,NaN,NaN,NaN,NaN,|,0,0,0,0,0,0,0,0,|,NaN,NaN,NaN,NaN,NaN,|,0,0,0,0,0,0,0,0,|,NaN,NaN,NaN,NaN,NaN,|,0,0,0,0,0,0,0,0,|,NaN,NaN,NaN,NaN,NaN,|,0,0,0,0,0,0,0,0,|,NaN,NaN,NaN,NaN,NaN,|,0,0,0,0,0,0,0,0
12:07:30,|,NaN,NaN,NaN,NaN,NaN,|,0,0,0,0,0,0,0,0,|,NaN,NaN,NaN,NaN,NaN,|,0,0,0,0,0,0,0,0,|,NaN,NaN,NaN,NaN,NaN,|,0,0,0,0,0,0,0,0,|,NaN,NaN,NaN,NaN,NaN,|,0,0,0,0,0,0,0,0,|,NaN,NaN,NaN,NaN,NaN,|,0,0,0,0,0,0,0,0
12:12:30,|,NaN,NaN,NaN,NaN,NaN,|,0,0,0,0,0,0,0,0,|,NaN,NaN,NaN,NaN,NaN,|,0,0,0,0,0,0,0,0,|,NaN,NaN,NaN,NaN,NaN,|,0,0,0,0,0,0,0,0,|,NaN,NaN,NaN,NaN,NaN,|,0,0,0,0,0,0,0,0,|,NaN,NaN,NaN,NaN,NaN,|,0,0,0,0,0,0,0,0
12:17:30,|,NaN,NaN,NaN,NaN,NaN,|,0,0,0,0,0,0,0,0,|,NaN,NaN,NaN,NaN,NaN,|,0,0,0,0,0,0,0,0,|,NaN,NaN,NaN,NaN,NaN,|,0,0,0,0,0,0,0,0,|,NaN,NaN,NaN,NaN,NaN,|,0,0,0,0,0,0,0,0,|,NaN,NaN,NaN,NaN,NaN,|,0,0,0,0,0,0,0,0
12:22:30,|,NaN,NaN,NaN,NaN,NaN,|,0,0,0,0,0,0,0,0,|,NaN,NaN,NaN,NaN,NaN,|,0,0,0,0,0,0,0,0,|,NaN,NaN,NaN,NaN,NaN,|,0,0,0,0,0,0,0,0,|,NaN,NaN,NaN,NaN,NaN,|,0,0,0,0,0,0,0,0,|,NaN,NaN,NaN,NaN,NaN,|,0,0,0,0,0,0,0,0
12:27:30,|,NaN,NaN,NaN,NaN,NaN,|,0,0,0,0,0,0,0,0,|,NaN,NaN,NaN,NaN,NaN,|,0,0,0,0,0,0,0,0,|,NaN,NaN,NaN,NaN,NaN,|,0,0,0,0,0,0,0,0,|,NaN,NaN,NaN,NaN,NaN,|,0,0,0,0,0,0,0,0,|,NaN,NaN,NaN,NaN,NaN,|,0,0,0,0,0,0,0,0
12:32:30,|,NaN,NaN,NaN,NaN,NaN,|,0,0,0,0,0,0,0,0,|,NaN,NaN,NaN,NaN,NaN,|,0,0,0,0,0,0,0,0,|,NaN,NaN,NaN,NaN,NaN,|,0,0,0,0,0,0,0,0,|,NaN,NaN,NaN,NaN,NaN,|,0,0,0,0,0,0,0,0,|,NaN,NaN,NaN,NaN,NaN,|,0,0,0,0,0,0,0,0
12:37:30,|,NaN,NaN,NaN,NaN,NaN,|,0,0,0,0,0,0,0,0,|,NaN,NaN,NaN,NaN,NaN,|,0,0,0,0,0,0,0,0,|,NaN,NaN,NaN,NaN,NaN,|,0,0,0,0,0,0,0,0,|,NaN,NaN,NaN,NaN,NaN,|,0,0,0,0,0,0,0,0,|,NaN,NaN,NaN,NaN,NaN,|,0,0,0,0,0,0,0,0
12:42:30,|,NaN,NaN,NaN,NaN,NaN,|,0,0,0,0,0,0,0,0,|,NaN,NaN,NaN,NaN,NaN,|,0,0,0,0,0,0,0,0,|,NaN,NaN,NaN,NaN,NaN,|,0,0,0,0,0,0,0,0,|,NaN,NaN,NaN,NaN,NaN,|,0,0,0,0,0,0,0,0,|,NaN,NaN,NaN,NaN,NaN,|,0,0,0,0,0,0,0,0
12:47:30,|,NaN,NaN,NaN,NaN,NaN,|,0,0,0,0,0,0,0,0,|,NaN,NaN,NaN,NaN,NaN,|,0,0,0,0,0,0,0,0,|,NaN,NaN,NaN,NaN,NaN,|,0,0,0,0,0,0,0,0,|,NaN,NaN,NaN,NaN,NaN,|,0,0,0,0,0,0,0,0,|,NaN,NaN,NaN,NaN,NaN,|,0,0,0,0,0,0,0,0
12:52:30,|,NaN,NaN,NaN,NaN,NaN,|,0,0,0,0,0,0,0,0,|,NaN,NaN,NaN,NaN,NaN,|,0,0,0,0,0,0,0,0,|,NaN,NaN,NaN,NaN,NaN,|,0,0,0,0,0,0,0,0,|,NaN,NaN,NaN,NaN,NaN,|,0,0,0,0,0,0,0,0,|,NaN,NaN,NaN,NaN,NaN,|,0,0,0,0,0,0,0,0
12:57:30,|,NaN,NaN,NaN,NaN,NaN,|,0,0,0,0,0,0,0,0,|,NaN,NaN,NaN,NaN,NaN,|,0,0,0,0,0,0,0,0,|,NaN,NaN,NaN,NaN,NaN,|,0,0,0,0,0,0,0,0,|,NaN,NaN,NaN,NaN,NaN,|,0,0,0,0,0,0,0,0,|,NaN,NaN,NaN,NaN,NaN,|,0,0,0,0,0,0,0,0
13:02:30,|,NaN,NaN,NaN,NaN,NaN,|,0,0,0,0,0,0,0,0,|,NaN,NaN,NaN,NaN,NaN,|,0,0,0,0,0,0,0,0,|,NaN,NaN,NaN,NaN,NaN,|,0,0,0,0,0,0,0,0,|,NaN,NaN,NaN,NaN,NaN,|,0,0,0,0,0,0,0,0,|,NaN,NaN,NaN,NaN,NaN,|,0,0,0,0,0,0,0,0
13:07:30,|,NaN,NaN,NaN,NaN,NaN,|,0,0,0,0,0,0,0,0,|,NaN,NaN,NaN,NaN,NaN,|,0,0,0,0,0,0,0,0,|,NaN,NaN,NaN,NaN,NaN,|,0,0,0,0,0,0,0,0,|,NaN,NaN,NaN,NaN,NaN,|,0,0,0,0,0,0,0,0,|,NaN,NaN,NaN,NaN,NaN,|,0,0,0,0,0,0,0,0
13:12:30,|,NaN,NaN,NaN,NaN,NaN,|,0,0,0,0,0,0,0,0,|,NaN,NaN,NaN,NaN,NaN,|,0,0,0,0,0,0,0,0,|,NaN,NaN,NaN,NaN,NaN,|,0,0,0,0,0,0,0,0,|,NaN,NaN,NaN,NaN,NaN,|,0,0,0,0,0,0,0,0,|,NaN,NaN,NaN,NaN,NaN,|,0,0,0,0,0,0,0,0
13:17:30,|,NaN,NaN,NaN,NaN,NaN,|,0,0,0,0,0,0,0,0,|,NaN,NaN,NaN,NaN,NaN,|,0,0,0,0,0,0,0,0,|,NaN,NaN,NaN,NaN,NaN,|,0,0,0,0,0,0,0,0,|,NaN,NaN,NaN,NaN,NaN,|,0,0,0,0,0,0,0,0,|,NaN,NaN,NaN,NaN,NaN,|,0,0,0,0,0,0,0,0
13:22:30,|,NaN,NaN,NaN,NaN,NaN,|,0,0,0,0,0,0,0,0,|,NaN,NaN,NaN,NaN,NaN,|,0,0,0,0,0,0,0,0,|,NaN,NaN,NaN,NaN,NaN,|,0,0,0,0,0,0,0,0,|,NaN,NaN,NaN,NaN,NaN,|,0,0,0,0,0,0,0,0,|,NaN,NaN,NaN,NaN,NaN,|,0,0,0,0,0,0,0,0
13:27:30,|,NaN,NaN,NaN,NaN,NaN,|,0,0,0,0,0,0,0,0,|,NaN,NaN,NaN,NaN,NaN,|,0,0,0,0,0,0,0,0,|,NaN,NaN,NaN,NaN,NaN,|,0,0,0,0,0,0,0,0,|,NaN,NaN,NaN,NaN,NaN,|,0,0,0,0,0,0,0,0,|,NaN,NaN,NaN,NaN,NaN,|,0,0,0,0,0,0,0,0
13:32:30,|,NaN,NaN,NaN,NaN,NaN,|,0,0,0,0,0,0,0,0,|,NaN,NaN,NaN,NaN,NaN,|,0,0,0,0,0,0,0,0,|,NaN,NaN,NaN,NaN,NaN,|,0,0,0,0,0,0,0,0,|,NaN,NaN,NaN,NaN,NaN,|,0,0,0,0,0,0,0,0,|,NaN,NaN,NaN,NaN,NaN,|,0,0,0,0,0,0,0,0
13:37:30,|,NaN,NaN,NaN,NaN,NaN,|,0,0,0,0,0,0,0,0,|,NaN,NaN,NaN,NaN,NaN,|,0,0,0,0,0,0,0,0,|,NaN,NaN,NaN,NaN,NaN,|,0,0,0,0,0,0,0,0,|,NaN,NaN,NaN,NaN,NaN,|,0,0,0,0,0,0,0,0,|,NaN,NaN,NaN,NaN,NaN,|,0,0,0,0,0,0,0,0
13:42:30,|,NaN,NaN,NaN,NaN,NaN,|,0,0,0,0,0,0,0,0,|,NaN,NaN,NaN,NaN,NaN,|,0,0,0,0,0,0,0,0,|,NaN,NaN,NaN,NaN,NaN,|,0,0,0,0,0,0,0,0,|,NaN,NaN,NaN,NaN,NaN,|,0,0,0,0,0,0,0,0,|,NaN,NaN,NaN,NaN,NaN,|,0,0,0,0,0,0,0,0
13:47:30,|,NaN,NaN,NaN,NaN,NaN,|,0,0,0,0,0,0,0,0,|,NaN,NaN,NaN,NaN,NaN,|,0,0,0,0,0,0,0,0,|,NaN,NaN,NaN,NaN,NaN,|,0,0,0,0,0,0,0,0,|,NaN,NaN,NaN,NaN,NaN,|,0,0,0,0,0,0,0,0,|,NaN,NaN,NaN,NaN,NaN,|,0,0,0,0,0,0,0,0
13:52:30,|,NaN,NaN,NaN,NaN,NaN,|,0,0,0,0,0,0,0,0,|,NaN,NaN,NaN,NaN,NaN,|,0,0,0,0,0,0,0,0,|,NaN,NaN,NaN,NaN,NaN,|,0,0,0,0,0,0,0,0,|,NaN,NaN,NaN,NaN,NaN,|,0,0,0,0,0,0,0,0,|,NaN,NaN,NaN,NaN,NaN,|,0,0,0,0,0,0,0,0
13:57:30,|,NaN,NaN,NaN,NaN,NaN,|,0,0,0,0,0,0,0,0,|,NaN,NaN,NaN,NaN,NaN,|,0,0,0,0,0,0,0,0,|,NaN,NaN,NaN,NaN,NaN,|,0,0,0,0,0,0,0,0,|,NaN,NaN,NaN,NaN,NaN,|,0,0,0,0,0,0,0,0,|,NaN,NaN,NaN,NaN,NaN,|,0,0,0,0,0,0,0,0
14:02:30,|,NaN,NaN,NaN,NaN,NaN,|,0,0,0,0,0,0,0,0,|,NaN,NaN,NaN,NaN,NaN,|,0,0,0,0,0,0,0,0,|,NaN,NaN,NaN,NaN,NaN,|,0,0,0,0,0,0,0,0,|,NaN,NaN,NaN,NaN,NaN,|,0,0,0,0,0,0,0,0,|,NaN,NaN,NaN,NaN,NaN,|,0,0,0,0,0,0,0,0
14:07:30,|,NaN,NaN,NaN,NaN,NaN,|,0,0,0,0,0,0,0,0,|,NaN,NaN,NaN,NaN,NaN,|,0,0,0,0,0,0,0,0,|,NaN,NaN,NaN,NaN,NaN,|,0,0,0,0,0,0,0,0,|,NaN,NaN,NaN,NaN,NaN,|,0,0,0,0,0,0,0,0,|,NaN,NaN,NaN,NaN,NaN,|,0,0,0,0,0,0,0,0
14:12:30,|,NaN,NaN,NaN,NaN,NaN,|,0,0,0,0,0,0,0,0,|,NaN,NaN,NaN,NaN,NaN,|,0,0,0,0,0,0,0,0,|,NaN,NaN,NaN,NaN,NaN,|,0,0,0,0,0,0,0,0,|,NaN,NaN,NaN,NaN,NaN,|,0,0,0,0,0,0,0,0,|,NaN,NaN,NaN,NaN,NaN,|,0,0,0,0,0,0,0,0
14:17:30,|,NaN,NaN,NaN,NaN,NaN,|,0,0,0,0,0,0,0,0,|,NaN,NaN,NaN,NaN,NaN,|,0,0,0,0,0,0,0,0,|,NaN,NaN,NaN,NaN,NaN,|,0,0,0,0,0,0,0,0,|,NaN,NaN,NaN,NaN,NaN,|,0,0,0,0,0,0,0,0,|,NaN,NaN,NaN,NaN,NaN,|,0,0,0,0,0,0,0,0
14:22:30,|,NaN,NaN,NaN,NaN,NaN,|,0,0,0,0,0,0,0,0,|,NaN,NaN,NaN,NaN,NaN,|,0,0,0,0,0,0,0,0,|,NaN,NaN,NaN,NaN,NaN,|,0,0,0,0,0,0,0,0,|,NaN,NaN,NaN,NaN,NaN,|,0,0,0,0,0,0,0,0,|,NaN,NaN,NaN,NaN,NaN,|,0,0,0,0,0,0,0,0
14:27:30,|,NaN,NaN,NaN,NaN,NaN,|,0,0,0,0,0,0,0,0,|,NaN,NaN,NaN,NaN,NaN,|,0,0,0,0,0,0,0,0,|,NaN,NaN,NaN,NaN,NaN,|,0,0,0,0,0,0,0,0,|,NaN,NaN,NaN,NaN,NaN,|,0,0,0,0,0,0,0,0,|,NaN,NaN,NaN,NaN,NaN,|,0,0,0,0,0,0,0,0
14:32:30,|,NaN,NaN,NaN,NaN,NaN,|,0,0,0,0,0,0,0,0,|,NaN,NaN,NaN,NaN,NaN,|,0,0,0,0,0,0,0,0,|,NaN,NaN,NaN,NaN,NaN,|,0,0,0,0,0,0,0,0,|,NaN,NaN,NaN,NaN,NaN,|,0,0,0,0,0,0,0,0,|,NaN,NaN,NaN,NaN,NaN,|,0,0,0,0,0,0,0,0
14:37:30,|,NaN,NaN,NaN,NaN,NaN,|,0,0,0,0,0,0,0,0,|,NaN,NaN,NaN,NaN,NaN,|,0,0,0,0,0,0,0,0,|,NaN,NaN,NaN,NaN,NaN,|,0,0,0,0,0,0,0,0,|,NaN,NaN,NaN,NaN,NaN,|,0,0,0,0,0,0,0,0,|,NaN,NaN,NaN,NaN,NaN,|,0,0,0,0,0,0,0,0
14:42:30,|,NaN,NaN,NaN,NaN,NaN,|,0,0,0,0,0,0,0,0,|,NaN,NaN,NaN,NaN,NaN,|,0,0,0,0,0,0,0,0,|,NaN,NaN,NaN,NaN,NaN,|,0,0,0,0,0,0,0,0,|,NaN,NaN,NaN,NaN,NaN,|,0,0,0,0,0,0,0,0,|,NaN,NaN,NaN,NaN,NaN,|,0,0,0,0,0,0,0,0
14:47:30,|,NaN,NaN,NaN,NaN,NaN,|,0,0,0,0,0,0,0,0,|,NaN,NaN,NaN,NaN,NaN,|,0,0,0,0,0,0,0,0,|,NaN,NaN,NaN,NaN,NaN,|,0,0,0,0,0,0,0,0,|,NaN,NaN,NaN,NaN,NaN,|,0,0,0,0,0,0,0,0,|,NaN,NaN,NaN,NaN,NaN,|,0,0,0,0,0,0,0,0
14:52:30,|,NaN,NaN,NaN,NaN,NaN,|,0,0,0,0,0,0,0,0,|,NaN,NaN,NaN,NaN,NaN,|,0,0,0,0,0,0,0,0,|,NaN,NaN,NaN,NaN,NaN,|,0,0,0,0,0,0,0,0,|,NaN,NaN,NaN,NaN,NaN,|,0,0,0,0,0,0,0,0,|,NaN,NaN,NaN,NaN,NaN,|,0,0,0,0,0,0,0,0
14:57:30,|,NaN,NaN,NaN,NaN,NaN,|,0,0,0,0,0,0,0,0,|,NaN,NaN,NaN,NaN,NaN,|,0,0,0,0,0,0,0,0,|,NaN,NaN,NaN,NaN,NaN,|,0,0,0,0,0,0,0,0,|,NaN,NaN,NaN,NaN,NaN,|,0,0,0,0,0,0,0,0,|,NaN,NaN,NaN,NaN,NaN,|,0,0,0,0,0,0,0,0
15:02:30,|,NaN,NaN,NaN,NaN,NaN,|,0,0,0,0,0,0,0,0,|,NaN,NaN,NaN,NaN,NaN,|,0,0,0,0,0,0,0,0,|,NaN,NaN,NaN,NaN,NaN,|,0,0,0,0,0,0,0,0,|,NaN,NaN,NaN,NaN,NaN,|,0,0,0,0,0,0,0,0,|,NaN,NaN,NaN,NaN,NaN,|,0,0,0,0,0,0,0,0
15:07:30,|,NaN,NaN,NaN,NaN,NaN,|,0,0,0,0,0,0,0,0,|,NaN,NaN,NaN,NaN,NaN,|,0,0,0,0,0,0,0,0,|,NaN,NaN,NaN,NaN,NaN,|,0,0,0,0,0,0,0,0,|,NaN,NaN,NaN,NaN,NaN,|,0,0,0,0,0,0,0,0,|,NaN,NaN,NaN,NaN,NaN,|,0,0,0,0,0,0,0,0
15:12:30,|,NaN,NaN,NaN,NaN,NaN,|,0,0,0,0,0,0,0,0,|,NaN,NaN,NaN,NaN,NaN,|,0,0,0,0,0,0,0,0,|,NaN,NaN,NaN,NaN,NaN,|,0,0,0,0,0,0,0,0,|,NaN,NaN,NaN,NaN,NaN,|,0,0,0,0,0,0,0,0,|,NaN,NaN,NaN,NaN,NaN,|,0,0,0,0,0,0,0,0
