CDT_time,bar_fence,T_0_2m_init,T_0_2m_rel,T_0_2m_uconv,T_0_2m_lconv,bar_fence_1,T_1_5m_init,T_1_5m_rel,T_1_5m_uconv,T_1_5m_lconv,bar_fence_2,T_4_5m_init,T_4_5m_rel,T_4_5m_uconv,T_4_5m_lconv,bar_fence_3,T_8_5m_init,T_8_5m_rel,T_8_5m_uconv,T_8_5m_lconv,bar_fence_4,T_15m_init,T_15m_rel,T_15m_uconv,T_15m_lconv,bar_fence_5,T_20m_init,T_20m_rel,T_20m_uconv,T_20m_lconv
19:02:30,|,5.86083602905273,6.37083625793457,5.69953012466431,5.47504997253418,|,6.67525053024292,6.70389270782471,6.75010108947754,6.37744951248169,|,7.06060409545898,6.91070461273193,7.47324419021606,6.66463088989258,|,0,7.39521741867065,0,7.11771821975708,|,0,7.72906064987183,0,7.64375829696655,|,0,7.8060941696167,0,8.01536846160889
19:07:30,|,5.83274221420288,5.90862894058228,5.55657720565796,5.19645500183105,|,6.69866180419922,6.62010049819946,6.51637601852417,6.04655504226685,|,7.01675605773926,7.03456401824951,7.3176589012146,6.53791952133179,|,0,7.31036806106567,0,6.99637603759766,|,0,7.71093940734863,0,7.56187915802002,|,0,7.84060382843018,0,7.9206395149231
19:12:30,|,5.35506725311279,5.73993301391602,5.49639749526978,4.69056844711304,|,6.50695657730103,6.38429498672485,6.29528617858887,5.71772575378418,|,6.87516784667969,6.86248350143433,7.21397972106934,6.46545171737671,|,0,7.12933111190796,0,7.06912755966187,|,0,7.67268466949463,0,7.32738256454468,|,0,7.80557060241699,0,7.83204698562622
19:17:30,|,4.66060209274292,5.63638782501221,4.95929527282715,4.34573316574097,|,6.35993337631226,6.26798677444458,6.16966438293457,5.67986583709717,|,6.66387939453125,6.68295288085938,6.9435453414917,6.09778499603271,|,0,6.97751665115356,0,6.78513431549072,|,0,7.48046970367432,0,7.16278505325317,|,0,7.81013441085815,0,7.86326599121094
19:22:30,|,4.15357875823975,4.52070236206055,4.502281665802,3.68270897865295,|,5.90826654434204,6.10543632507324,5.86387205123901,5.3498330116272,|,6.46401357650757,6.53986597061157,6.72664451599121,6.09442949295044,|,0,6.74658870697021,0,6.51375818252563,|,0,7.21738243103027,0,7.03684568405151,|,0,7.68449687957764,0,7.63963079452515
19:27:30,|,3.72127509117126,3.75040125846863,3.46640944480896,3.54705691337585,|,5.38521718978882,5.84328842163086,5.54164409637451,4.90308713912964,|,6.36899328231812,6.43463087081909,6.45762538909912,6.04872894287109,|,0,6.64625406265259,0,6.58463096618652,|,0,7.03389263153076,0,6.84551811218262,|,0,7.49187898635864,0,7.48828268051147
19:32:30,|,3.19294309616089,3.24832773208618,3.02053689956665,2.83601999282837,|,4.96595335006714,5.38523483276367,5.16892242431641,4.97832775115967,|,5.94655513763428,6.26547002792358,6.28959846496582,5.72583913803101,|,0,6.64503383636475,0,6.45468235015869,|,0,6.98302030563354,0,6.7749662399292,|,0,7.40369129180908,0,7.28147649765015
19:37:30,|,2.51070237159729,2.76999998092651,2.74362421035767,2.52016735076904,|,4.8022665977478,4.88805389404297,4.75637578964233,4.53288602828979,|,5.78013372421265,6.01437711715698,6.10431432723999,5.60913038253784,|,0,6.51581954956055,0,6.09255027770996,|,0,6.97832202911377,0,6.76355695724487,|,0,7.51397323608398,0,7.23171710968018
19:42:30,|,2.31204009056091,2.44137120246887,2.22993278503418,2.36159992218018,|,4.32043504714966,5.05261754989624,4.17244958877563,3.83976602554321,|,5.57251644134521,5.88543605804443,5.90819406509399,5.28771829605103,|,0,6.41775894165039,0,5.86275148391724,|,0,6.93120765686035,0,6.69510078430176,|,0,7.20946311950684,0,7.08993291854858
19:47:30,|,2.15369129180908,2.28872895240784,1.97724831104279,2.48966550827026,|,3.7287290096283,4.63362407684326,3.87740731239319,3.40530204772949,|,5.44595289230347,5.58194637298584,5.77765083312988,4.92879199981689,|,0,6.37389230728149,0,6.04664421081543,|,0,6.84999990463257,0,6.63684558868408,|,0,7.06543636322021,0,6.98268461227417
19:52:30,|,2.61719059944153,2.4483277797699,1.9010066986084,2.17020058631897,|,4.22424745559692,4.25429534912109,3.63178443908691,3.88150501251221,|,4.81361198425293,5.07610750198364,5.5445818901062,4.57046842575073,|,0,6.30056858062744,0,5.7543625831604,|,0,6.69765090942383,0,6.49657726287842,|,0,6.78427600860596,0,6.87925958633423
19:57:30,|,2.34684562683105,2.40779256820679,2.01141405105591,1.95642137527466,|,3.92346668243408,4.14140939712524,3.05650997161865,3.50302004814148,|,4.66624164581299,4.89414739608765,5.2519063949585,4.55765104293823,|,0,6.35688972473145,0,4.96187925338745,|,0,6.77979850769043,0,6.48006725311279,|,0,6.79540252685547,0,6.89731550216675
20:02:30,|,1.93852841854095,2.22826099395752,2.02060389518738,1.87464880943298,|,3.95789313316345,4.11053705215454,2.88272738456726,3.62558531761169,|,4.3342809677124,4.70342302322388,4.91719055175781,4.17644309997559,|,0,6.46591949462891,0,4.91248321533203,|,0,6.85416078567505,0,6.53550338745117,|,0,7.10812091827393,0,6.98525238037109
20:07:30,|,2.13250827789307,1.969398021698,2.07791948318481,1.71850001811981,|,3.6143479347229,3.9659731388092,3.03369116783142,3.49214768409729,|,4.84785938262939,4.86899328231812,4.7197322845459,4.08645486831665,|,0,6.48194646835327,0,5.05699014663696,|,0,6.78315448760986,0,6.3956184387207,|,0,7.19047164916992,0,6.94120788574219
20:12:30,|,2.07755041122437,1.99387955665588,1.99483215808868,1.13732445240021,|,3.8441333770752,3.91563773155212,3.06188535690308,3.37515044212341,|,4.52879190444946,4.76902675628662,4.6587290763855,3.90798664093018,|,0,6.09334468841553,0,5.30698013305664,|,0,6.81579113006592,0,6.46906042098999,|,0,6.93342304229736,0,6.97515153884888
20:17:30,|,1.74431443214417,1.78136670589447,1.45899331569672,0.850234091281891,|,3.96056866645813,3.85791945457458,3.20791959762573,3.075838804245,|,4.21244144439697,4.66154384613037,4.53758382797241,3.75187921524048,|,0,5.53020048141479,0,4.46026849746704,|,0,6.82597303390503,0,6.36919450759888,|,0,7.23872470855713,0,6.91234922409058
20:22:30,|,1.91692304611206,1.81086957454681,1.37463080883026,1.07695651054382,|,3.51093649864197,3.66651010513306,3.18713808059692,3.0515718460083,|,4.14856195449829,4.2731876373291,4.35638809204102,3.68377923965454,|,0,4.94040250778198,0,4.16812086105347,|,0,6.69067096710205,0,5.99966430664063,|,0,7.17047119140625,0,6.65851831436157
20:27:30,|,1.6950671672821,1.8774915933609,1.33010101318359,0.717525064945221,|,3.13367891311646,3.55926179885864,2.80805373191833,2.84885907173157,|,4.25013399124146,4.10469770431519,4.02959871292114,3.71375846862793,|,0,5.10100317001343,0,4.18516778945923,|,0,6.53832244873047,0,5.59979867935181,|,0,6.75744962692261,0,6.49583864212036
20:32:30,|,1.66163885593414,2.03120398521423,1.38265097141266,0.631733357906342,|,3.22226667404175,3.55684566497803,2.93397307395935,2.83090305328369,|,4.01163864135742,4.21241617202759,4.05729103088379,3.46916103363037,|,0,5.24026775360107,0,4.21684551239014,|,0,6.42583894729614,0,5.94463062286377,|,0,6.76362419128418,0,6.60114479064941
20:37:30,|,1.98923075199127,1.75662207603455,1.30677855014801,0.785886287689209,|,3.45046830177307,3.38476514816284,2.99996638298035,2.64442944526672,|,4.11387968063354,4.18275165557861,3.97016716003418,3.08943128585815,|,0,4.939866065979,0,4.26677846908569,|,0,6.33093929290771,0,5.96530199050903,|,0,6.74963092803955,0,6.67006683349609
20:42:30,|,1.61456382274628,1.63976585865021,1.34640944004059,0.435117065906525,|,3.39628767967224,3.42110371589661,2.97704696655273,2.46053504943848,|,3.87744975090027,3.97315430641174,3.9193959236145,3.1459059715271,|,0,4.78635454177856,0,3.97416114807129,|,0,6.26140928268433,0,6.05448150634766,|,0,6.69734001159668,0,6.78390550613403
20:47:30,|,1.67632102966309,1.5676589012146,1.14215481281281,1.25551843643188,|,3.11186671257019,3.29362416267395,2.91902351379395,2.22682285308838,|,3.70274257659912,4.03812074661255,3.83267545700073,3.14577174186707,|,0,5.07277584075928,0,3.91953182220459,|,0,6.32248306274414,0,5.97778511047363,|,0,7.16718149185181,0,6.75033569335938
20:52:30,|,1.34899663925171,1.54695653915405,1.25395977497101,0.95003342628479,|,3.00913047790527,3.0531542301178,2.67684555053711,2.62442946434021,|,3.78671145439148,3.86255025863647,3.61073589324951,3.28093647956848,|,0,5.05311012268066,0,3.82563757896423,|,0,6.26919460296631,0,5.45845651626587,|,0,6.92167806625366,0,6.46074056625366
20:57:30,|,1.4420804977417,1.79956519603729,1.45409393310547,0.95150500535965,|,2.89626669883728,2.95959734916687,2.33323240280151,2.65799331665039,|,4.05097007751465,3.79503345489502,3.45474910736084,3.32493281364441,|,0,4.99371242523193,0,3.64053678512573,|,0,6.33805370330811,0,5.25087213516235,|,0,6.97026920318604,0,6.42895984649658
21:02:30,|,1.94083607196808,2.1537458896637,1.601677775383,1.57423329353333,|,3.15120410919189,2.95248317718506,2.56474757194519,2.59838914871216,|,3.93016719818115,4.0308723449707,3.6216778755188,3.21932888031006,|,0,5.07127523422241,0,3.86395978927612,|,0,6.38046979904175,0,5.37963104248047,|,0,6.81026840209961,0,6.4773736000061
21:07:30,|,2.22280931472778,2.46478271484375,1.94664430618286,1.85367894172668,|,3.62852835655212,3.42060399055481,2.70255041122437,2.88264203071594,|,4.23258399963379,4.1627516746521,3.51267552375793,3.26959872245789,|,0,4.79130458831787,0,4.09067106246948,|,0,6.59558916091919,0,5.66277599334717,|,0,6.88499975204468,0,6.56687927246094
21:12:30,|,2.5641610622406,2.859699010849,2.19993257522583,2.17755842208862,|,3.70799994468689,3.22456383705139,2.87262630462646,3.03550338745117,|,4.74484968185425,4.2129864692688,3.51535105705261,3.4534900188446,|,0,5.16896295547485,0,4.18516778945923,|,0,6.70932912826538,0,5.9091944694519,|,0,7.0368013381958,0,6.75494956970215
21:17:30,|,2.88381266593933,2.91936445236206,2.43100666999817,2.35508370399475,|,3.99481606483459,3.52785229682922,2.8602020740509,3.01943135261536,|,5.08331108093262,4.34426164627075,3.62006711959839,3.47187304496765,|,0,5.43698978424072,0,4.37510061264038,|,0,6.87778520584106,0,6.29375839233398,|,0,7.10838937759399,0,6.93771839141846
21:22:30,|,2.9479193687439,3.09568572044373,2.63664436340332,2.47481608390808,|,4.35080242156982,3.63738250732422,3.13530206680298,3.23187923431396,|,5.39751672744751,4.80140924453735,3.79227423667908,3.67134237289429,|,0,5.94154357910156,0,5.21456384658813,|,0,7.0740270614624,0,6.37952995300293,|,0,7.33845615386963,0,7.01380491256714
21:27:30,|,3.19521737098694,3.28573322296143,2.84496641159058,2.72177267074585,|,4.32999992370605,3.74570465087891,3.47077441215515,3.52083611488342,|,5.57695627212524,5.42298650741577,4.01836109161377,3.87402677536011,|,0,5.93508338928223,0,5.49624156951904,|,0,6.96664428710938,0,6.2074499130249,|,0,7.33604001998901,0,7.0175838470459
21:32:30,|,3.40337800979614,3.19869565963745,3.02832221984863,2.74759197235107,|,4.2035117149353,4.12812089920044,3.60137581825256,3.67536926269531,|,5.46721458435059,5.87724828720093,4.17030096054077,4.09515047073364,|,0,6.32143783569336,0,5.46563768386841,|,0,6.87456369400024,0,6.29836130142212,|,0,7.35047149658203,0,6.87872076034546
21:37:30,|,3.66651010513306,3.36484956741333,3.16302013397217,2.75600004196167,|,4.67454862594604,4.41593980789185,3.79417514801025,3.50224089622498,|,5.40946483612061,5.73550319671631,4.35489940643311,4.29308748245239,|,0,6.54020118713379,0,5.58778524398804,|,0,7.03778553009033,0,6.29120779037476,|,0,7.41603994369507,0,6.6901683807373
21:42:30,|,3.90210700035095,3.55494976043701,3.38741612434387,2.84257507324219,|,4.53853321075439,4.53932905197144,3.96436238288879,3.61322140693665,|,5.30463075637817,5.59496641159058,4.39759206771851,4.61402702331543,|,0,6.47902965545654,0,5.759765625,|,0,7.00758409500122,0,6.34650993347168,|,0,7.4560399055481,0,6.79006719589233
21:47:30,|,4.10352373123169,3.77434778213501,3.52798652648926,2.93956518173218,|,4.56979942321777,4.51677846908569,4.13707065582275,3.77515053749084,|,4.98431444168091,5.36651039123535,4.52615404129028,4.71859073638916,|,0,6.39260864257813,0,5.90630865097046,|,0,6.96436262130737,0,6.43979835510254,|,0,7.2801685333252,0,6.88222217559814
21:52:30,|,4.04377937316895,3.95387959480286,3.60140943527222,2.97782611846924,|,4.6285285949707,4.52791929244995,4.2426176071167,3.34986615180969,|,5.02618741989136,5.42513418197632,4.67010021209717,4.77287626266479,|,0,6.41147613525391,0,5.49208068847656,|,0,7.09644317626953,0,6.52637624740601,|,0,7.27590608596802,0,7.13731527328491
21:57:30,|,3.99682283401489,4.01969909667969,3.6987247467041,2.93153858184814,|,4.59666681289673,4.64040231704712,4.27377080917358,3.18476510047913,|,5.25791931152344,5.4841947555542,4.73100662231445,4.53845643997192,|,0,6.49187278747559,0,5.17154359817505,|,0,7.22583913803101,0,6.22839450836182,|,0,7.41808080673218,0,7.06013441085815
22:02:30,|,4.03365755081177,4.13625431060791,3.74400687217712,2.99976587295532,|,4.6096658706665,4.86456394195557,4.23821544647217,3.23280930519104,|,5.30695629119873,5.51050329208374,4.69993305206299,4.4244966506958,|,0,6.5629096031189,0,5.20389270782471,|,0,7.19617462158203,0,6.0446310043335,|,0,7.41496610641479,0,7.03382539749146
22:07:30,|,4.08979940414429,4.38809394836426,3.8313422203064,3.08239984512329,|,4.69314384460449,5.10791921615601,4.26127529144287,3.17362427711487,|,5.55859041213989,5.85161066055298,4.77003335952759,4.78224086761475,|,0,6.52489948272705,0,5.70258378982544,|,0,7.06328868865967,0,6.20610761642456,|,0,7.40959739685059,0,6.95333337783813
22:12:30,|,4.11491632461548,4.54300975799561,3.76610732078552,3.17314386367798,|,4.81327772140503,5.22026824951172,4.09451198577881,3.17889642715454,|,5.75270891189575,6.03824949264526,4.87224102020264,4.5908055305481,|,0,6.70217418670654,0,5.65983200073242,|,0,7.09013414382935,0,6.18664455413818,|,0,7.3137035369873,0,6.94228172302246
22:17:30,|,4.38288593292236,4.72093629837036,3.73939609527588,3.35709023475647,|,5.10080003738403,5.4152684211731,3.96583890914917,3.3970901966095,|,5.69381284713745,6.22620820999146,4.96160554885864,4.33434772491455,|,0,6.61642122268677,0,5.5257716178894,|,0,6.97120809555054,0,6.214026927948,|,0,7.17724847793579,0,6.87670040130615
22:22:30,|,4.68227434158325,4.76668930053711,3.76516771316528,3.54170560836792,|,5.30709028244019,5.37157726287842,3.95659947395325,3.68651008605957,|,5.81046962738037,5.81362390518188,4.9722146987915,4.50557041168213,|,0,6.20557069778442,0,5.62778520584106,|,0,6.86087226867676,0,6.08328866958618,|,0,7.07698011398315,0,6.67637586593628
22:27:30,|,4.99063539505005,4.82186698913574,3.91805362701416,3.69448161125183,|,5.75253343582153,5.36093950271606,4.1047477722168,3.75040125846863,|,6.31337785720825,5.70194625854492,4.90501689910889,4.94516801834106,|,0,6.03715753555298,0,5.57758378982544,|,0,6.77120780944824,0,6.13889646530151,|,0,7.0089225769043,0,6.82633018493652
22:32:30,|,4.85234928131104,4.87531805038452,3.99107384681702,3.76733326911926,|,5.67297649383545,5.24836111068726,4.33778524398804,3.80311036109924,|,6.25395965576172,5.51963090896606,5.00789308547974,4.85247468948364,|,0,5.95220708847046,0,5.59140920639038,|,0,6.79832220077515,0,6.42033576965332,|,0,6.92654371261597,0,6.96442937850952
22:37:30,|,4.75612020492554,4.90742492675781,3.96194624900818,3.70678925514221,|,5.56260871887207,5.29852342605591,4.2547812461853,3.82328844070435,|,6.08595323562622,5.60355710983276,5.17431402206421,4.63953018188477,|,0,6.09067106246948,0,5.5124831199646,|,0,6.69080543518066,0,6.38610744476318,|,0,6.76751661300659,0,6.87023591995239
22:42:30,|,4.66523456573486,4.96401357650757,4.05442953109741,3.68204021453857,|,5.36595344543457,5.32308721542358,4.30694627761841,3.79133772850037,|,5.83691310882568,5.62463092803955,5.27692317962646,4.34692287445068,|,0,5.93802642822266,0,5.39906024932861,|,0,6.49375820159912,0,6.110671043396,|,0,6.56214761734009,0,6.62275171279907
22:47:30,|,4.66648817062378,4.72080278396606,4.13040256500244,3.7641806602478,|,5.37973356246948,4.73543643951416,4.37939405441284,3.94516777992249,|,5.82334470748901,5.23704671859741,5.25395965576172,4.16597318649292,|,0,5.75742483139038,0,5.00134229660034,|,0,6.36677837371826,0,5.94409370422363,|,0,6.52632999420166,0,6.29861927032471
22:52:30,|,4.64749145507813,4.58755826950073,4.15630865097046,3.86293339729309,|,5.40916395187378,4.43812084197998,4.40728187561035,4.08377933502197,|,5.86442947387695,4.82150983810425,5.27183961868286,4.25617456436157,|,0,5.43451499938965,0,5.1583890914917,|,0,5.95765113830566,0,5.9729528427124,|,0,6.29087257385254,0,6.23885917663574
22:57:30,|,4.64510059356689,4.55438137054443,4.13040256500244,3.85381269454956,|,5.38334465026855,4.41050338745117,4.42208766937256,4.08919477462769,|,5.78441476821899,4.67859077453613,5.26127099990845,4.3152174949646,|,0,5.3263087272644,0,5.15371227264404,|,0,5.86906051635742,0,5.90932893753052,|,0,5.9897985458374,0,6.13646459579468
23:02:30,|,4.34180593490601,4.54381275177002,4.08449697494507,3.78973245620728,|,4.88434791564941,4.48681211471558,4.41751670837402,4.09688997268677,|,5.3338794708252,5.01231527328491,5.27317762374878,4.37818765640259,|,0,5.72197341918945,0,5.3314094543457,|,0,6.10516786575317,0,5.97408008575439,|,0,6.15326595306396,0,6.16409397125244
23:07:30,|,4.11240816116333,4.5566554069519,4.04973173141479,3.75986671447754,|,4.72989988327026,4.54885911941528,4.36801338195801,4.07508373260498,|,5.60590600967407,4.76429557800293,5.1744966506958,4.41724824905396,|,0,5.48615407943726,0,5.07234907150269,|,0,6.18167781829834,0,6.05040264129639,|,0,6.2880539894104,0,6.35235691070557
23:12:30,|,4.13379192352295,4.57391309738159,4.03335571289063,3.80551838874817,|,5.06307697296143,4.44835567474365,4.25644302368164,4.13751697540283,|,5.86013412475586,4.54140949249268,5.12053489685059,4.51334428787231,|,0,5.28416109085083,0,4.97530221939087,|,0,5.99228191375732,0,5.92127513885498,|,0,6.25006723403931,0,6.3344292640686
23:17:30,|,3.93595314025879,4.51506662368774,4.05067110061646,3.83026742935181,|,4.67686653137207,4.34375810623169,4.30299663543701,4.28297662734985,|,5.28466463088989,4.68449687957764,5.08749151229858,4.70583915710449,|,0,5.34755849838257,0,4.93140935897827,|,0,5.94248294830322,0,5.75859069824219,|,0,6.20404005050659,0,6.27639722824097
23:22:30,|,3.79294300079346,4.39946508407593,4.01335573196411,3.7850501537323,|,4.39601993560791,4.34885883331299,4.40208768844604,4.3673152923584,|,4.90618705749512,4.6553692817688,5.08280944824219,4.72530221939087,|,0,5.3240270614624,0,4.93959760665894,|,0,5.82583904266357,0,5.65349006652832,|,0,6.25033569335938,0,6.15550327301025
23:27:30,|,3.70651006698608,4.35772609710693,3.88637590408325,3.57986664772034,|,4.41046810150146,4.42778539657593,4.39382553100586,4.36953163146973,|,4.8853178024292,4.68865776062012,5.0395975112915,4.78371238708496,|,0,5.18301010131836,0,4.92241621017456,|,0,5.74181222915649,0,5.51097297668457,|,0,6.23449659347534,0,6.07747507095337
23:32:30,|,3.69207358360291,4.26431465148926,3.76422810554504,3.49622082710266,|,4.37066650390625,4.36567115783691,4.31632995605469,4.35949802398682,|,4.77966451644897,4.70932912826538,4.95183944702148,4.78369140625,|,0,5.0517725944519,0,4.78399324417114,|,0,5.56422805786133,0,5.2199330329895,|,0,5.92299652099609,0,5.7273154258728
23:37:30,|,3.45207357406616,4.0998330116272,3.59979867935181,3.42585277557373,|,4.32591962814331,4.32973146438599,4.20583915710449,4.29201316833496,|,4.64745807647705,4.72033548355103,4.87652206420898,4.73000001907349,|,0,4.86953020095825,0,4.69657707214355,|,0,5.28677845001221,0,5.14174461364746,|,0,5.78999996185303,0,5.38602685928345
23:42:30,|,3.54664421081543,3.93060207366943,3.53550338745117,3.28819394111633,|,4.28079986572266,4.26467990875244,4.11336708068848,4.12230777740479,|,4.65281867980957,4.59322166442871,4.81565237045288,4.62879610061646,|,0,4.77471590042114,0,4.63147640228271,|,0,5.28033542633057,0,5.06120777130127,|,0,5.57422828674316,0,5.43738222122192
23:47:30,|,3.42625427246094,3.92832779884338,3.3816442489624,2.94866228103638,|,4.17488288879395,4.16892623901367,4.0893292427063,3.97080540657043,|,4.55448150634766,4.48224067687988,4.75288581848145,4.49241590499878,|,0,4.70515012741089,0,4.59067106246948,|,0,5.29362392425537,0,5.0586576461792,|,0,5.41626262664795,0,5.49417495727539
23:52:30,|,3.23444819450378,3.8317391872406,3.15664434432983,2.68199992179871,|,4.11133813858032,4.15187931060791,3.95969700813293,3.85528421401978,|,4.45040225982666,4.44691276550293,4.71130418777466,4.38879585266113,|,0,4.64603996276855,0,4.54449701309204,|,0,5.17442941665649,0,4.9897985458374,|,0,5.46422815322876,0,5.5140266418457
23:57:30,|,2.64953017234802,3.28026676177979,3.03973150253296,2.42317724227905,|,4.07173347473145,4.13402700424194,3.83821535110474,3.71254181861877,|,4.33655500411987,4.36959743499756,4.6165885925293,4.25348997116089,|,0,4.58434772491455,0,4.48221492767334,|,0,5.19993305206299,0,4.99183940887451,|,0,5.53249168395996,0,5.62077474594116
00:02:30,|,1.87284278869629,2.9368896484375,2.71083903312683,1.4949164390564,|,3.76431441307068,3.92154359817505,3.74194622039795,3.56932878494263,|,4.12627506256104,4.27979850769043,4.42836141586304,4.15818786621094,|,0,4.560133934021,0,4.42503356933594,|,0,5.19013404846191,0,4.83771848678589,|,0,5.6275839805603,0,5.72234916687012
00:07:30,|,1.40583896636963,1.77033448219299,1.61825501918793,0.874849498271942,|,3.4792308807373,3.60986566543579,3.72124576568604,2.92558526992798,|,4.08026742935181,4.19221448898315,4.22429513931274,4.15267562866211,|,0,4.52711391448975,0,4.42906332015991,|,0,4.98308753967285,0,4.82013416290283,|,0,5.61805391311646,0,5.73969697952271
00:12:30,|,1.2347491979599,1.29397988319397,0.941744983196259,1.23843336105347,|,2.63466668128967,3.26006698608398,3.17778515815735,2.41771817207336,|,3.97498321533203,3.96738266944885,4.11906337738037,3.66828870773315,|,0,4.50769233703613,0,4.28395986557007,|,0,4.93050336837769,0,4.78765106201172,|,0,5.74946117401123,0,5.3508415222168
00:17:30,|,1.21080541610718,1.10026752948761,0.671946287155151,1.1429431438446,|,2.30719065666199,2.80738258361816,2.11131310462952,2.34628772735596,|,3.49234890937805,3.66043615341187,4.0211706161499,2.99618721008301,|,0,4.58354520797729,0,3.5432550907135,|,0,5.3673152923584,0,4.87261772155762,|,0,6.09181213378906,0,5.25503349304199
00:22:30,|,1.27428090572357,1.84070241451263,1.80835020542145,1.34648823738098,|,2.51706671714783,2.79140949249268,2.66303038597107,2.71540260314941,|,3.00602006912231,3.46023488044739,3.83254170417786,3.39724826812744,|,0,4.3811411857605,0,3.68765115737915,|,0,5.02234888076782,0,4.50604009628296,|,0,5.4645299911499,0,4.89872074127197
00:27:30,|,1.87284278869629,1.87096667289734,1.85087251663208,1.28337788581848,|,2.78036785125732,3.24419450759888,3.28067111968994,3.19792652130127,|,3.77658867835999,4.13738250732422,3.89354515075684,3.96020150184631,|,0,4.4347825050354,0,4.24932909011841,|,0,4.84409379959106,0,4.69852352142334,|,0,5.24144792556763,0,5.2053689956665
00:32:30,|,1.38583886623383,1.97254180908203,1.44859063625336,1.09099996089935,|,2.71760010719299,3.0308723449707,2.86579132080078,2.75926184654236,|,3.54684567451477,3.81677865982056,3.71335577964783,3.44634222984314,|,0,4.28416109085083,0,4.01661062240601,|,0,4.91308736801147,0,4.77244138717651,|,0,5.21187925338745,0,5.22693586349487
00:37:30,|,1.47160542011261,2.16939806938171,2.10979866981506,1.59926426410675,|,2.64792633056641,3.19231534004211,3.33818793296814,2.31444811820984,|,3.38943147659302,3.93637585639954,3.80993294715881,3.3971905708313,|,0,4.48816061019897,0,3.98093962669373,|,0,5.31577157974243,0,4.78147649765015,|,0,5.65593957901001,0,5.44708061218262
00:42:30,|,1.97503352165222,2.74130439758301,2.49338912963867,2.07816052436829,|,2.50986671447754,2.89530205726624,3.09690237045288,2.39798665046692,|,3.42362427711487,3.90711402893066,3.87802672386169,3.46167778968811,|,0,4.34424734115601,0,4.30731534957886,|,0,5.28181219100952,0,4.72751665115356,|,0,5.62851858139038,0,5.40676784515381
00:47:30,|,2.20220732688904,3.03535127639771,2.62895631790161,2.32163882255554,|,2.70732426643372,3.14107370376587,3.08329963684082,2.80782604217529,|,3.10204005241394,3.63526844978333,3.82665538787842,3.23238253593445,|,0,4.13000011444092,0,4.0814094543457,|,0,4.84429550170898,0,4.48604011535645,|,0,5.26087236404419,0,5.06040239334106
00:52:30,|,2.19217395782471,2.78130435943604,2.59583902359009,2.27773332595825,|,2.93453335762024,2.97785234451294,3.07973146438599,2.88046979904175,|,3.39731550216675,3.28409385681152,3.88525080680847,3.41224074363708,|,0,4.11749172210693,0,3.8302013874054,|,0,5.07161092758179,0,4.4699330329895,|,0,5.4830641746521,0,5.0258584022522
00:57:30,|,2.4413423538208,2.83959984779358,2.54859066009521,2.10852837562561,|,3.00043487548828,2.97288584709167,3.033198595047,2.65742468833923,|,3.40789294242859,3.27147650718689,3.77053689956665,3.19204688072205,|,0,3.85140466690063,0,3.47832775115967,|,0,4.53238248825073,0,4.25167798995972,|,0,4.81681203842163,0,4.61481475830078
01:02:30,|,2.24461531639099,2.71655511856079,2.55087232589722,1.80257523059845,|,3.10986661911011,3.0700671672821,3.00966453552246,2.35704708099365,|,3.39250826835632,3.27602005004883,3.63789296150208,3.2717113494873,|,0,3.74355697631836,0,3.67476511001587,|,0,4.43449687957764,0,4.22523498535156,|,0,4.69464635848999,0,4.52939605712891
01:07:30,|,2.13234901428223,2.84605360031128,2.48000001907349,1.86464881896973,|,2.9536120891571,3.1616108417511,2.99333333969116,2.54896306991577,|,3.31677842140198,3.41389274597168,3.6143479347229,3.20291948318481,|,0,3.96083617210388,0,3.75738263130188,|,0,4.36818790435791,0,4.25070238113403,|,0,4.51489925384521,0,4.46922540664673
01:12:30,|,2.27511692047119,2.91548490524292,2.27956223487854,2.08846163749695,|,3.13421416282654,3.15959739685059,2.80436253547668,2.67624163627625,|,3.45337796211243,3.33281874656677,3.58090305328369,2.96769237518311,|,0,3.74167799949646,0,3.65449666976929,|,0,4.39315462112427,0,4.19033527374268,|,0,4.62271785736084,0,4.46563768386841
01:17:30,|,2.40207362174988,3.0207691192627,2.37755036354065,2.30960011482239,|,3.03119993209839,3.15825510025024,2.75208759307861,2.77692294120789,|,3.5132884979248,3.38463091850281,3.4924750328064,3.04979872703552,|,0,3.65060210227966,0,3.46604037284851,|,0,4.46174478530884,0,4.23892593383789,|,0,4.87531995773315,0,4.74410772323608
01:22:30,|,2.55248308181763,3.21809363365173,2.5762414932251,2.4904682636261,|,2.96177268028259,3.16147661209106,2.85828280448914,2.8430871963501,|,3.65190649032593,3.50087237358093,3.46449661254883,3.1162416934967,|,0,3.7671811580658,0,3.36751675605774,|,0,4.56107378005981,0,4.27208042144775,|,0,5.01375818252563,0,4.83851861953735
01:27:30,|,2.52421402931213,3.19866681098938,2.64912748336792,2.54531764984131,|,3.08239984512329,3.2726845741272,3.10818791389465,2.80458188056946,|,3.75771808624268,3.65731549263,3.56003332138062,3.15431427955627,|,0,4.06036806106567,0,3.50496649742126,|,0,4.82993316650391,0,4.09033536911011,|,0,5.34704685211182,0,5.00268459320068
01:32:30,|,2.59658861160278,3.24284291267395,2.79409384727478,2.61983275413513,|,3.10224080085754,3.37151002883911,3.14134693145752,2.88117456436157,|,4.0470232963562,3.90248322486877,3.75856184959412,3.36802005767822,|,0,4.4199333190918,0,3.88409399986267,|,0,4.97838926315308,0,4.42201328277588,|,0,5.56562280654907,0,5.40225601196289
01:37:30,|,2.8195972442627,3.34157180786133,2.96657729148865,2.77453327178955,|,3.22839999198914,3.29114079475403,3.26590609550476,2.96752500534058,|,4.50682258605957,4.28395986557007,3.8485951423645,3.57845640182495,|,0,4.77087259292603,0,4.42785215377808,|,0,5.13067102432251,0,4.87277603149414,|,0,5.74181222915649,0,5.42647647857666
01:42:30,|,3.02688956260681,3.6261203289032,3.14563751220703,2.7825083732605,|,3.47949838638306,3.67466449737549,3.33407402038574,2.93711400032043,|,4.70288610458374,4.04577159881592,3.89822745323181,3.4649498462677,|,0,4.74595308303833,0,4.20993328094482,|,0,5.46637582778931,0,5.06657695770264,|,0,5.69402694702148,0,5.72676753997803
01:47:30,|,3.34449672698975,3.72110366821289,3.19349002838135,2.63816070556641,|,3.91695642471313,3.88127517700195,3.4229531288147,2.73598670959473,|,4.45909690856934,4.03543615341187,3.93193984031677,3.1337583065033,|,0,4.33808755874634,0,3.88053703308105,|,0,5.41614103317261,0,5.13919448852539,|,0,5.92309761047363,0,5.78589200973511
01:52:30,|,3.36123728752136,3.72123742103577,3.10909080505371,2.66197323799133,|,4.00946664810181,4.03322172164917,3.45636367797852,2.90067100524902,|,4.32617425918579,4.18805360794067,4.04429531097412,3.12328863143921,|,0,4.39916372299194,0,3.45275163650513,|,0,4.76201343536377,0,5.03154373168945,|,0,5.32999992370605,0,5.67026853561401
01:57:30,|,3.45207357406616,3.65956521034241,3.10026836395264,2.78973245620728,|,4.06893014907837,3.92382550239563,3.50429534912109,3.29341125488281,|,4.21565198898315,4.29694604873657,4.06357860565186,3.52187275886536,|,0,4.58568572998047,0,3.64916110038757,|,0,4.90416097640991,0,4.92550325393677,|,0,5.32946300506592,0,5.4890570640564
02:02:30,|,3.49402689933777,3.68324422836304,3.28919458389282,2.90117049217224,|,4.0120735168457,3.79013419151306,3.58107733726501,3.35536909103394,|,4.42665529251099,4.22848987579346,3.97555184364319,3.60785222053528,|,0,4.77731561660767,0,3.74013423919678,|,0,5.08865785598755,0,4.48869562149048,|,0,5.44892597198486,0,5.29395961761475
02:07:30,|,2.98418045043945,3.31829428672791,3.07892608642578,2.60110378265381,|,3.80746650695801,3.69026851654053,3.59167766571045,3.16913056373596,|,4.11755037307739,3.92832207679749,4.03133773803711,3.43966436386108,|,0,4.3551173210144,0,3.54295301437378,|,0,4.96778535842896,0,3.96590614318848,|,0,5.26420879364014,0,4.90777778625488
02:12:30,|,2.83123755455017,3.11039996147156,2.79825496673584,2.36759996414185,|,3.89595317840576,3.80436229705811,3.55104374885559,2.93228197097778,|,4.19254159927368,3.77677845954895,3.93585276603699,3.3289966583252,|,0,3.9467785358429,0,3.47020125389099,|,0,5.01030206680298,0,4.0433554649353,|,0,5.54516792297363,0,5.37383842468262
02:17:30,|,2.8667893409729,3.28096985816956,2.77798652648926,2.48016715049744,|,3.9226667881012,3.61268448829651,3.26120805740356,3.02792644500732,|,4.26672220230103,3.93369126319885,3.77555179595947,3.43805384635925,|,0,4.02023410797119,0,3.63432884216309,|,0,4.9069128036499,0,4.19879198074341,|,0,5.45120811462402,0,5.32399320602417
02:22:30,|,2.73932886123657,3.25207352638245,2.85275173187256,2.51561880111694,|,3.61515045166016,3.6011073589325,3.21690249443054,3.08489918708801,|,4.30073833465576,3.99302005767822,3.71416115760803,3.55536913871765,|,0,4.31973266601563,0,4.06835603713989,|,0,4.92342281341553,0,4.66483211517334,|,0,5.3769359588623,0,5.3905725479126
02:27:30,|,2.3953845500946,2.84913039207458,2.76201343536377,2.06317734718323,|,3.38800001144409,3.57036900520325,3.10983157157898,3.10290956497192,|,4.2292308807373,3.93557047843933,3.81675577163696,3.58250832557678,|,0,4.3474497795105,0,4.07698011398315,|,0,5.32557058334351,0,4.7476921081543,|,0,5.84231567382813,0,5.4765772819519
02:32:30,|,2.30749177932739,2.49287629127502,2.47208046913147,1.57755851745605,|,3.23548483848572,3.46409392356873,3.24120807647705,2.95110726356506,|,3.79357862472534,3.8328857421875,3.59695649147034,3.33637595176697,|,0,4.24414730072021,0,3.73244976997375,|,0,4.91614103317261,0,4.87436246871948,|,0,5.4580135345459,0,5.67622900009155
02:37:30,|,1.77966439723969,2.3152174949646,1.8368456363678,1.7238667011261,|,2.91722416877747,3.29187917709351,3.16208744049072,2.97277593612671,|,4.0586576461792,3.68006706237793,3.52685618400574,3.29865765571594,|,0,4.02822160720825,0,3.41932892799377,|,0,4.77624177932739,0,4.56013441085815,|,0,5.15644311904907,0,5.69751691818237
02:42:30,|,1.70173919200897,2.30140471458435,1.7042281627655,1.37765884399414,|,2.84759998321533,3.0469799041748,3.01597309112549,2.58563756942749,|,3.97016716003418,3.36221480369568,3.54355692863464,3.00648832321167,|,0,3.99575257301331,0,3.36738252639771,|,0,4.73508405685425,0,5.03691291809082,|,0,5.45402669906616,0,5.84057235717773
02:47:30,|,1.55983281135559,1.84471571445465,1.56851851940155,0.913511693477631,|,2.83575248718262,2.89167785644531,2.81390571594238,2.10107016563416,|,3.45163869857788,3.14919471740723,3.52525091171265,2.83704686164856,|,0,3.50625419616699,0,3.14268469810486,|,0,4.42563772201538,0,4.28765106201172,|,0,5.34124565124512,0,5.09513425827026
02:52:30,|,1.67050337791443,1.98822736740112,1.35187923908234,0.826020061969757,|,2.87626671791077,2.72389268875122,2.28434348106384,1.86362421512604,|,3.20563745498657,2.8054027557373,3.2893979549408,2.66882944107056,|,0,3.10744953155518,0,3.12882566452026,|,0,4.29006719589233,0,4.16563749313354,|,0,4.76107358932495,0,5.00969696044922
02:57:30,|,2.18494987487793,1.96966552734375,1.26375842094421,1.01586663722992,|,2.90398001670837,2.57540273666382,1.97449660301208,1.81464886665344,|,3.24949836730957,2.78053689002991,3.10438132286072,2.39865779876709,|,0,3.12204003334045,0,3.02104020118713,|,0,3.98818778991699,0,3.92307686805725,|,0,4.4867115020752,0,4.76808071136475
03:02:30,|,1.52458190917969,1.67146670818329,1.31775164604187,0.900401294231415,|,2.57800006866455,2.23444437980652,2.13050508499146,1.8391946554184,|,3.05013370513916,2.74093961715698,2.97434782981873,2.36671137809753,|,0,3.42463088035583,0,2.73872494697571,|,0,4.44832229614258,0,3.87288594245911,|,0,4.65585851669312,0,4.71530199050903
03:07:30,|,1.03993284702301,1.64742481708527,1.27315437793732,0.854782581329346,|,2.35802674293518,2.1275839805603,2.0179123878479,1.50548493862152,|,2.9189932346344,2.55838918685913,2.79271817207336,2.24127101898193,|,0,3.27173924446106,0,2.8451840877533,|,0,4.05999994277954,0,3.71275162696838,|,0,4.56308698654175,0,4.373131275177
03:12:30,|,0.91662210226059,1.58347821235657,1.19656562805176,0.745217382907867,|,1.99309992790222,2.05939602851868,1.71825504302979,1.52751684188843,|,2.74652171134949,2.50697994232178,2.62588620185852,2.56174492835999,|,0,3.39628767967224,0,2.94369125366211,|,0,4.03624153137207,0,3.65275168418884,|,0,4.72308731079102,0,4.17100667953491
03:17:30,|,0.842483222484589,1.44063544273376,1.11234903335571,0.629999995231628,|,1.95197319984436,1.9518791437149,1.81010103225708,1.72314381599426,|,2.56154370307922,2.43194627761841,2.61678910255432,2.59006714820862,|,0,3.20140933990479,0,2.96140933036804,|,0,4.01208066940308,0,3.59959721565247,|,0,4.80878782272339,0,3.99915838241577
03:22:30,|,0.582307696342468,1.32515048980713,0.920268476009369,0.400735795497894,|,1.8954666852951,2.11604022979736,1.76107382774353,1.77838933467865,|,2.31173920631409,2.56228184700012,2.65344476699829,2.6351170539856,|,0,3.03090286254883,0,2.90020132064819,|,0,3.83006715774536,0,3.51825499534607,|,0,4.25651025772095,0,4.06785249710083
03:27:30,|,0.290167242288589,1.22668898105621,1.09221470355988,0.409966558218002,|,1.96996653079987,2.3933892250061,1.95272731781006,1.75458192825317,|,2.47989964485168,2.6330201625824,2.5406711101532,2.69073820114136,|,0,2.99533557891846,0,2.99167776107788,|,0,3.77852344512939,0,3.43826103210449,|,0,4.0330638885498,0,4.13872051239014
03:32:30,|,0.393691271543503,1.06655514240265,0.975033581256866,0.274849504232407,|,1.58996653556824,2.05885910987854,1.81818187236786,1.00154364109039,|,2.5579195022583,2.59718108177185,2.59204006195068,2.56751680374146,|,0,3.16444826126099,0,2.91624164581299,|,0,3.73087239265442,0,3.34379196166992,|,0,4.13879203796387,0,4.21831655502319
03:37:30,|,0.399866223335266,1.01759994029999,0.815016806125641,0.490400016307831,|,1.45666670799255,1.67187917232513,1.72912752628326,1.04114091396332,|,2.50518393516541,2.35765099525452,2.57812690734863,2.41505026817322,|,0,2.92419457435608,0,2.80100655555725,|,0,3.59651017189026,0,3.13000011444092,|,0,3.98231530189514,0,3.98208069801331
03:42:30,|,0.927114129066467,1.57471573352814,0.745134234428406,0.642073571681976,|,1.54173338413239,1.87765097618103,1.68949496746063,1.47698998451233,|,2.12665557861328,2.31986570358276,2.51979923248291,1.94711410999298,|,0,2.71096992492676,0,2.61604022979736,|,0,3.28536915779114,0,3.02234888076782,|,0,3.46387195587158,0,3.44158244132996
03:47:30,|,1.0280601978302,1.30086958408356,0.76201343536377,0.390033453702927,|,1.78073573112488,1.82060408592224,1.73798656463623,1.69060397148132,|,2.48610734939575,2.47798657417297,2.575838804245,2.12362408638,|,0,2.85210704803467,0,2.60879182815552,|,0,3.39583897590637,0,3.18342280387878,|,0,3.71291947364807,0,3.49322152137756
03:52:30,|,0.790936470031738,1.05745816230774,0.818657696247101,0.34133780002594,|,1.60401332378387,1.67013418674469,1.70127940177917,1.39709031581879,|,2.10157203674316,2.3679530620575,2.48742485046387,2.16448163986206,|,0,2.99731540679932,0,2.65909695625305,|,0,3.47932887077332,0,3.22518396377563,|,0,3.65583896636963,0,3.52050495147705
03:57:30,|,0.493154376745224,1.13023412227631,0.928993284702301,0.294533342123032,|,1.54106664657593,1.82771813869476,1.97989892959595,1.25459730625153,|,2.16463088989258,2.15348982810974,2.55498313903809,2.26147651672363,|,0,3.12712383270264,0,2.77912759780884,|,0,3.55785226821899,0,3.37026834487915,|,0,3.7014479637146,0,3.60427618026733
04:02:30,|,0.661839485168457,1.09357857704163,1.20198655128479,0.593645513057709,|,1.49150502681732,1.92140936851501,2.01573824882507,1.18190634250641,|,2.30464887619019,2.56644296646118,2.55070233345032,2.45288586616516,|,0,2.98113703727722,0,2.90469789505005,|,0,3.51060390472412,0,3.2367115020752,|,0,3.68167781829834,0,3.53375840187073
04:07:30,|,0.731979846954346,1.28573334217072,1.09530198574066,0.564347863197327,|,1.36000001430511,1.79592597484589,1.91464650630951,1.11654365062714,|,2.24668884277344,2.53342270851135,2.6782214641571,2.42602014541626,|,0,3.1447651386261,0,3.0381543636322,|,0,3.46818804740906,0,3.34667778015137,|,0,3.61188554763794,0,3.60548830032349
04:12:30,|,1.04210698604584,1.09732437133789,0.812885880470276,0.467357873916626,|,1.64963209629059,1.60785233974457,1.5731543302536,1.46698999404907,|,2.01654362678528,2.09130883216858,2.57695651054382,2.05422806739807,|,0,2.65769219398499,0,2.9336576461792,|,0,3.30523490905762,0,3.32513427734375,|,0,3.53671145439148,0,3.60750842094421
04:17:30,|,0.926454842090607,0.983344495296478,0.556342303752899,0.305217385292053,|,1.57573330402374,1.52802014350891,1.25824916362762,1.31845641136169,|,2.2055184841156,1.92570471763611,2.18508362770081,2.03033542633057,|,0,2.48375844955444,0,2.6216778755188,|,0,3.26268458366394,0,3.28650999069214,|,0,3.54328846931458,0,3.52906036376953
04:22:30,|,0.511275172233582,0.864280939102173,0.518484830856323,0.114700004458427,|,1.49993312358856,1.62140941619873,1.17899334430695,1.10765886306763,|,2.22046971321106,2.27030205726624,2.06267547607422,1.87618732452393,|,0,2.68314385414124,0,2.44731545448303,|,0,3.24644303321838,0,3.16839456558228,|,0,3.48097634315491,0,3.50084185600281
04:27:30,|,0.533110380172729,0.826020061969757,0.587147653102875,0.0224080253392458,|,1.46600008010864,1.5211409330368,1.1687206029892,1.04986572265625,|,1.88411378860474,2.19808721542358,2.08046817779541,1.65758395195007,|,0,2.77719068527222,0,2.46422815322876,|,0,3.45395970344543,0,3.22785234451294,|,0,3.58463072776794,0,3.50340056419373
04:32:30,|,0.258523494005203,0.776923060417175,0.543255031108856,0.12989966571331,|,1.30247497558594,1.33100664615631,1.33077442646027,0.966387927532196,|,1.77063548564911,2.0246307849884,1.9593288898468,1.74147653579712,|,0,2.70563745498657,0,2.55214762687683,|,0,3.50147652626038,0,3.12852358818054,|,0,3.63707065582275,0,3.37349009513855
04:37:30,|,0.237859532237053,0.577333331108093,0.341677844524384,-0.125317722558975,|,1.53079998493195,1.42513418197632,1.06234896183014,0.583422839641571,|,2.14791941642761,2.09255027770996,1.94066894054413,1.60354518890381,|,0,2.60234117507935,0,2.36208057403564,|,0,3.39151525497437,0,2.98624157905579,|,0,3.54114079475403,0,3.31888890266418
04:42:30,|,0.245100677013397,0.374648839235306,0.178993284702301,-0.100266665220261,|,1.50193977355957,1.23342275619507,0.900707066059113,0.669130444526672,|,2.12926411628723,1.97242426872253,1.85571908950806,1.35436236858368,|,0,2.62026739120483,0,2.5062415599823,|,0,3.22604036331177,0,2.94618725776672,|,0,3.43724822998047,0,3.34824919700623
04:47:30,|,0.0610033459961414,0.312842816114426,0.232491582632065,-0.25494983792305,|,1.49226665496826,1.45392620563507,1.08463084697723,0.43939596414566,|,2.15375828742981,2.00127506256104,1.81397998332977,1.16657721996307,|,0,2.59838914871216,0,2.411208152771,|,0,3.19986581802368,0,2.91053700447083,|,0,3.41215491294861,0,3.38221478462219
04:52:30,|,0.166979864239693,0.333311051130295,-0.0185234900563955,-0.205585286021233,|,1.54675590991974,1.53171133995056,1.04225587844849,0.470602005720139,|,2.31602001190186,2.18362426757813,1.75409400463104,1.74347829818726,|,0,2.6681604385376,0,2.61859059333801,|,0,3.10711407661438,0,3.02959728240967,|,0,3.31617450714111,0,3.4196298122406
04:57:30,|,0.179197326302528,0.492107033729553,0.0609060414135456,-0.21561872959137,|,1.52906668186188,1.55067110061646,1.08758389949799,0.79026848077774,|,2.36449670791626,2.56469798088074,1.74816048145294,1.2879194021225,|,0,2.93818783760071,0,2.80558514595032,|,0,3.29637575149536,0,3.2097315788269,|,0,3.44906044006348,0,3.50595951080322
05:02:30,|,0.182550340890884,0.691170573234558,0.0800671130418777,-0.238800004124641,|,1.58073580265045,1.60713803768158,1.06084179878235,0.986187279224396,|,2.27280950546265,2.0659396648407,1.70387959480286,1.54963207244873,|,0,2.80501675605774,0,2.52798652648926,|,0,3.33234882354736,0,3.3845636844635,|,0,3.56420874595642,0,3.73268461227417
05:07:30,|,0.221003353595734,0.828533351421356,-0.0781543627381325,-0.436755836009979,|,1.35320007801056,1.54825496673584,0.956060588359833,0.453758388757706,|,2.33795976638794,1.72114098072052,1.65638792514801,1.25114095211029,|,0,2.56697988510132,0,2.34996652603149,|,0,3.51637578010559,0,3.44739127159119,|,0,3.79775166511536,0,3.8263635635376
05:12:30,|,0.0387625396251678,0.471772581338882,-0.202583894133568,-0.591805994510651,|,1.41712379455566,1.24859058856964,0.508154392242432,0.462575256824493,|,2.33926177024841,1.55248320102692,1.58778524398804,1.83651006221771,|,0,2.29076933860779,0,2.91070461273193,|,0,3.59919452667236,0,3.39043617248535,|,0,3.82268452644348,0,3.7219865322113
05:17:30,|,0.0599328838288784,0.214314386248589,-0.184107750654221,-0.449197322130203,|,1.56319999694824,1.1685905456543,0.290033668279648,0.623691260814667,|,2.08444809913635,1.55714762210846,1.469398021698,1.87637579441071,|,0,2.27658867835999,0,3.00077176094055,|,0,3.54053688049316,0,3.3354697227478,|,0,3.74057245254517,0,3.69201350212097
05:22:30,|,0.0336454845964909,0.244214043021202,-0.203456372022629,-0.501200020313263,|,1.61819398403168,1.21060395240784,0.499463111162186,0.581906378269196,|,2.17769241333008,1.77456378936768,1.41775918006897,1.97879600524902,|,0,2.52791953086853,0,3.01617455482483,|,0,3.52805376052856,0,3.35325503349304,|,0,3.69906044006348,0,3.74986529350281
05:27:30,|,-0.0779530256986618,0.398327767848969,-0.131812080740929,-0.346454858779907,|,1.41879999637604,1.24255037307739,0.640202045440674,0.952684581279755,|,2.16718125343323,1.70798659324646,1.47852838039398,1.94711410999298,|,0,2.61518406867981,0,2.86127519607544,|,0,3.36791944503784,0,3.22570466995239,|,0,3.56191921234131,0,3.59538722038269
05:32:30,|,-0.40735787153244,0.454113721847534,0.0932550355792046,-0.239832773804665,|,1.52441465854645,1.0962415933609,0.722996652126312,1.03434777259827,|,1.9705685377121,1.49855709075928,1.61637580394745,2.29866218566895,|,0,2.47436237335205,0,2.76409387588501,|,0,3.3600001335144,0,3.24033546447754,|,0,3.61268448829651,0,3.62315440177917
05:37:30,|,-0.325100660324097,0.291705697774887,0.0225167796015739,-0.214414715766907,|,1.52013337612152,0.976510047912598,0.721442937850952,1.15818786621094,|,1.96795988082886,1.44731545448303,1.75859534740448,2.26926183700562,|,0,2.642742395401,0,2.67577195167542,|,0,3.36429524421692,0,3.12759208679199,|,0,3.63442945480347,0,3.57936024665833
05:42:30,|,0.0710033401846886,-0.0507023446261883,-0.111515149474144,-0.272207349538803,|,1.70996654033661,0.984832227230072,0.885757565498352,1.47618722915649,|,2.09684562683105,1.75181210041046,1.93491637706757,2.40577173233032,|,0,2.66791939735413,0,2.69375848770142,|,0,3.25261735916138,0,3.02583885192871,|,0,3.49538731575012,0,3.47498321533203
05:47:30,|,0.0993979945778847,0.0930333361029625,-0.067718118429184,-0.238266676664352,|,1.60173332691193,0.96630871295929,0.783825516700745,1.22147154808044,|,2.04210710525513,2.10087251663208,1.97130441665649,2.40421414375305,|,0,2.73277592658997,0,2.65711426734924,|,0,3.27771806716919,0,3.11684560775757,|,0,3.53644299507141,0,3.49281883239746
05:52:30,|,-0.473657727241516,0.175518393516541,0.10127516835928,-0.40103679895401,|,1.45832777023315,0.950604021549225,1.15754210948944,1.03295302391052,|,1.80536913871765,2.21721482276917,1.97973155975342,2.15838932991028,|,0,2.8436119556427,0,2.6568455696106,|,0,3.43503355979919,0,3.16718125343323,|,0,3.68181204795837,0,3.54892253875732
05:57:30,|,-0.481772571802139,0.124080270528793,0.218322142958641,-0.526923060417175,|,1.25479996204376,1.17208051681519,1.35851848125458,1.28698992729187,|,2.02461528778076,2.32161068916321,1.98829436302185,2.36241602897644,|,0,3.08342289924622,0,2.78463077545166,|,0,3.40765118598938,0,3.10351157188416,|,0,3.6483838558197,0,3.47673392295837
06:02:30,|,0.202684566378593,0.203913047909737,-0.0679194629192352,-0.488528430461884,|,1.483478307724,1.32114088535309,1.41895973682404,1.49036908149719,|,2.06244158744812,2.44822144508362,2.09505009651184,2.35230779647827,|,0,3.23441481590271,0,2.81724834442139,|,0,3.56255030632019,0,3.31694626808167,|,0,3.79124164581299,0,3.64812088012695
06:07:30,|,-0.349331110715866,-0.0284280944615602,-0.047912459820509,-0.679431438446045,|,1.71401333808899,1.32387208938599,1.47158253192902,1.06953179836273,|,2.44432878494263,2.54791951179504,2.18053507804871,2.49342274665833,|,0,3.44315433502197,0,2.93832206726074,|,0,3.79516768455505,0,3.43748331069946,|,0,3.89932894706726,0,3.76158237457275
06:12:30,|,0.58143812417984,0.300301015377045,0.171946316957474,-0.245652183890343,|,2.59866666793823,1.80248320102692,1.49768459796906,1.53194630146027,|,3.40642142295837,3.17469787597656,2.43324422836304,3.15510058403015,|,0,3.8271906375885,0,3.51503348350525,|,0,4.02926158905029,0,3.73100662231445,|,0,4.0707745552063,0,4.03202056884766
06:17:30,|,0.747281908988953,0.775719046592712,0.321006715297699,-0.282000005245209,|,2.5305016040802,2.17442965507507,1.71286189556122,1.90481603145599,|,3.51610732078552,3.02493286132813,2.46536922454834,2.94418048858643,|,0,3.78732442855835,0,3.30387949943542,|,0,4.06590604782104,0,3.87302017211914,|,0,4.16335535049438,0,4.10879230499268
06:22:30,|,0.417859524488449,0.266533344984055,0.223422825336456,-0.439030110836029,|,1.70653331279755,1.69271814823151,1.4918121099472,1.60067117214203,|,3.13411378860474,2.62916111946106,2.45678925514221,2.50523495674133,|,0,3.63000011444092,0,3.19422817230225,|,0,4.05037021636963,0,3.76845645904541,|,0,4.12040233612061,0,4.02663326263428
06:27:30,|,0.0786241590976715,-0.0659531801939011,-0.063154362142086,-0.643143832683563,|,1.4438796043396,1.5788254737854,1.56993269920349,1.5573912858963,|,3.15458202362061,2.29637598991394,2.32394647598267,2.44147658348083,|,0,3.16903018951416,0,3.17718124389648,|,0,3.93718123435974,0,3.63731551170349,|,0,4.00922536849976,0,3.92185187339783
06:32:30,|,-0.369096994400024,0.0911036804318428,0.0441077426075935,-0.535618722438812,|,1.21640002727509,1.79402685165405,1.11646461486816,0.953590631484985,|,3.10439586639404,2.09738254547119,2.15792632102966,1.61411368846893,|,0,2.64416098594666,0,2.63281869888306,|,0,3.76040267944336,0,3.60254168510437,|,0,3.92161083221436,0,3.92691278457642
06:37:30,|,-0.199866220355034,-0.0247826091945171,-0.202382549643517,-0.501466691493988,|,1.18560004234314,1.51587247848511,1.02785229682922,0.461237460374832,|,2.54598665237427,1.85375833511353,2.02523493766785,0.882550299167633,|,0,2.58695650100708,0,1.95399332046509,|,0,3.77100658416748,0,3.77436232566833,|,0,4.04281854629517,0,4.05222225189209
06:42:30,|,-0.249295309185982,-0.0105016734451056,-0.27805370092392,-0.782408058643341,|,1.58956515789032,1.11785233020782,0.757979810237885,0.244362413883209,|,2.45167231559753,1.73765099048615,1.80193984508514,1.26523494720459,|,0,2.40644288063049,0,2.17083883285522,|,0,3.6916778087616,0,3.57328867912292,|,0,3.96464657783508,0,3.89087533950806
06:47:30,|,-0.419063538312912,-0.0502675585448742,-0.39489933848381,-0.876354515552521,|,1.44160532951355,0.84268456697464,0.448322147130966,0.143511697649956,|,2.44906044006348,1.52332210540771,1.50484955310822,1.1556521654129,|,0,2.44956517219543,0,1.92550337314606,|,0,3.73140931129456,0,3.33963084220886,|,0,3.9178524017334,0,3.78932881355286
06:52:30,|,-0.608590602874756,-0.24603334069252,-0.231375843286514,-0.983311057090759,|,1.32879996299744,0.893825471401215,0.464040398597717,0.119932882487774,|,2.23227429389954,1.29409396648407,1.28224086761475,0.972751677036285,|,0,2.22722411155701,0,1.9272483587265,|,0,3.72093963623047,0,3.28704690933228,|,0,3.89597320556641,0,3.62838387489319
06:57:30,|,-0.457926422357559,-0.000334447075147182,-0.560235679149628,-1.01250839233398,|,1.94020068645477,1.37553691864014,0.513468027114868,0.221577182412148,|,3.125,1.80835568904877,1.30892622470856,1.38281881809235,|,0,2.25060415267944,0,2.03318786621094,|,0,3.697181224823,0,3.24637579917908,|,0,3.98255038261414,0,3.70016837120056
07:02:30,|,-0.401510059833527,-0.058093648403883,-0.59926176071167,-0.978266656398773,|,1.4529333114624,1.24872481822968,0.304295301437378,0.480234116315842,|,2.96963214874268,2.00691270828247,1.41441464424133,1.3832106590271,|,0,2.60956525802612,0,2.21422815322876,|,0,3.79919457435608,0,3.44808721542358,|,0,4.00922536849976,0,3.78275156021118
07:07:30,|,-0.425685614347458,-0.0604347810149193,-0.534429550170898,-1.022341132164,|,1.40187287330627,0.855704665184021,0.312525272369385,0.163959726691246,|,3.10581946372986,1.8466329574585,1.29976582527161,1.05248320102692,|,0,2.48876261711121,0,2.30268454551697,|,0,3.85100674629211,0,3.55090308189392,|,0,4.07489919662476,0,3.88589215278625
07:12:30,|,-0.379228204488754,-0.0748160555958748,-0.587046980857849,-0.652575254440308,|,2.0395667552948,0.636677861213684,0.388619542121887,0.0675585269927979,|,3.37624168395996,1.94416105747223,1.35087251663208,1.1287624835968,|,0,2.72456383705139,0,2.51912760734558,|,0,3.88781142234802,0,3.59771800041199,|,0,4.04724836349487,0,3.88696956634521
07:17:30,|,-0.176020070910454,0.0591973252594471,-0.459798663854599,-0.451739132404327,|,2.06772565841675,0.915218830108643,0.346577197313309,0.303825497627258,|,3.5145149230957,2.22526860237122,1.57090306282043,1.22402679920197,|,0,3.04197335243225,0,2.74922823905945,|,0,3.84402680397034,0,3.56201338768005,|,0,3.9721884727478,0,3.80221462249756
07:22:30,|,-0.0689297690987587,0.342140465974808,-0.174932882189751,-0.152666673064232,|,2.04803323745728,1.53020131587982,0.223771050572395,0.515953183174133,|,3.55264210700989,2.61892628669739,1.8011372089386,1.07597315311432,|,0,3.15335559844971,0,2.69778513908386,|,0,3.74644303321838,0,3.4311408996582,|,0,3.89489936828613,0,3.71552181243896
07:27:30,|,0.312214761972427,0.748266696929932,0.0405387207865715,-0.0126421405002475,|,1.98324418067932,1.96087253093719,0.519057273864746,0.769999980926514,|,3.52255034446716,2.82483220100403,2.07324409484863,1.36608695983887,|,0,3.39655518531799,0,2.6866443157196,|,0,3.76389265060425,0,3.39409399032593,|,0,3.84751677513123,0,3.64185190200806
07:32:30,|,0.537391304969788,0.9690300822258,0.288389265537262,0.25705686211586,|,1.44493329524994,2.34469795227051,0.796711385250092,0.981906354427338,|,3.20187282562256,2.84053683280945,2.33046984672546,1.66617453098297,|,0,3.36953163146973,0,2.94610738754272,|,0,3.81812071800232,0,3.36161065101624,|,0,3.93420886993408,0,3.62288594245911
07:37:30,|,0.75023490190506,1.04367887973785,0.52711409330368,0.41571906208992,|,1.64548492431641,1.81872487068176,0.853434324264526,1.01053690910339,|,2.89167213439941,2.83436226844788,2.49010038375854,1.80120801925659,|,0,3.24557042121887,0,2.67778515815735,|,0,3.72604036331177,0,3.38711404800415,|,0,3.91597318649292,0,3.653165102005
07:42:30,|,0.799732446670532,1.07806015014648,0.738657712936401,0.462133347988129,|,1.84173333644867,1.6666442155838,1.12925922870636,0.970401346683502,|,3.29848980903625,2.66993284225464,2.61682271957397,1.65625417232513,|,0,3.12939786911011,0,2.44812083244324,|,0,3.73261737823486,0,3.33983278274536,|,0,4.00429534912109,0,3.64597320556641
07:47:30,|,0.884381294250488,1.16889631748199,0.723489940166473,0.472307682037354,|,1.98578596115112,1.97778522968292,1.22016835212708,1.05496644973755,|,3.29578590393066,2.86476516723633,2.82812714576721,1.7570469379425,|,0,3.29581928253174,0,2.64033555984497,|,0,3.90120816230774,0,3.50644302368164,|,0,4.12518501281738,0,3.80494952201843
07:52:30,|,1.0993959903717,1.61327755451202,1.02053689956665,0.744816064834595,|,2.53341126441956,2.21966433525085,1.49221479892731,1.22608697414398,|,3.37275171279907,2.87617444992065,2.92382550239563,2.02510070800781,|,0,3.39523482322693,0,2.95697999000549,|,0,3.98295307159424,0,3.59999990463257,|,0,4.18630838394165,0,3.80548810958862
07:57:30,|,1.52648830413818,1.94157195091248,1.22953021526337,0.991237461566925,|,2.98613333702087,2.38862419128418,1.75609421730042,1.63305366039276,|,3.54943132400513,2.93651008605957,2.9784951210022,2.45424747467041,|,0,3.6123411655426,0,3.27879190444946,|,0,4.08791923522949,0,3.70590615272522,|,0,4.23140954971313,0,3.93067121505737
08:02:30,|,2.23583889007568,2.04893326759338,1.61387205123901,1.44919729232788,|,3.4158194065094,2.44674491882324,2.52503347396851,2.07110357284546,|,3.74859070777893,3.25244975090027,3.17983269691467,2.44993305206299,|,0,3.84190630912781,0,3.10610747337341,|,0,4.17234897613525,0,3.75932884216309,|,0,4.25447845458984,0,4.01518535614014
08:07:30,|,2.92946481704712,2.5814380645752,1.97174501419067,1.95480000972748,|,3.6517333984375,3.15221476554871,2.80966329574585,2.35806012153625,|,3.8761203289032,3.64080548286438,3.37006688117981,2.71798658370972,|,0,4.00637578964233,0,3.32993292808533,|,0,4.26228189468384,0,3.91438126564026,|,0,4.33557081222534,0,4.19444465637207
08:12:30,|,3.42397999763489,2.93622064590454,2.31134223937988,2.34612035751343,|,3.94424748420715,3.45607376098633,3.1052348613739,2.76241612434387,|,4.11812686920166,3.83073830604553,3.54264211654663,3.18280935287476,|,0,4.13167238235474,0,3.68228197097778,|,0,4.31342315673828,0,4.12174463272095,|,0,4.38765096664429,0,4.36107397079468
08:17:30,|,3.7429096698761,3.60431432723999,2.84429526329041,2.80872917175293,|,4.13381290435791,3.93657732009888,3.56023573875427,3.22264218330383,|,4.30738258361816,4.10865783691406,3.68463087081909,3.5927517414093,|,0,4.30640935897827,0,3.94261765480042,|,0,4.38671159744263,0,4.2119460105896,|,0,4.42754220962524,0,4.47286176681519
08:22:30,|,3.95107388496399,4.10628795623779,3.46852350234985,3.32618737220764,|,4.28093338012695,4.33966445922852,4.06758403778076,3.79993295669556,|,4.41923046112061,4.43080520629883,3.95468235015869,4.1663761138916,|,0,4.55411386489868,0,4.33738231658936,|,0,4.62026834487915,0,4.47744989395142,|,0,4.60926151275635,0,4.6935567855835
08:27:30,|,4.20501661300659,4.43237447738647,3.96637582778931,3.8718729019165,|,4.474280834198,4.53167772293091,4.437171459198,4.36525058746338,|,4.59207344055176,4.60315465927124,4.23397970199585,4.58745813369751,|,0,4.72749185562134,0,4.68110752105713,|,0,4.76832246780396,0,4.71154356002808,|,0,4.75597286224365,0,4.88875436782837
08:32:30,|,4.51170587539673,4.77525091171265,4.33567142486572,4.25133323669434,|,4.71846151351929,4.73288583755493,4.6708722114563,4.70247459411621,|,4.81281852722168,4.73734903335571,4.44173908233643,4.83993291854858,|,0,4.81946325302124,0,4.82563781738281,|,0,4.81610774993896,0,4.80402708053589,|,0,4.79117822647095,0,4.93744993209839
08:37:30,|,4.68093967437744,5.04093647003174,4.63664436340332,4.54638814926147,|,4.82853364944458,4.86080551147461,4.85468006134033,4.82067108154297,|,4.90632104873657,4.86255025863647,4.65257501602173,4.91966438293457,|,0,4.92374610900879,0,4.91114091873169,|,0,4.90010118484497,0,4.88510084152222,|,0,4.87765073776245,0,4.99824905395508
08:42:30,|,4.79384613037109,5.22839975357056,4.81610774993896,4.74692296981812,|,4.90120410919189,5.00161075592041,4.95583915710449,4.99839448928833,|,4.93401336669922,4.9691276550293,4.7618727684021,5.06451511383057,|,0,5.02093935012817,0,5.04228162765503,|,0,4.96496629714966,0,4.95986604690552,|,0,4.91579103469849,0,5.07111120223999
08:47:30,|,4.83718156814575,5.30729103088379,4.93073844909668,4.83414697647095,|,4.93638801574707,5.05261754989624,5.01562309265137,5.04671144485474,|,4.92395973205566,4.98228168487549,4.84939622879028,5.11134243011475,|,0,5.03785943984985,0,5.07785224914551,|,0,4.9819130897522,0,4.9948992729187,|,0,4.91832208633423,0,5.08348989486694
08:52:30,|,4.90234136581421,5.37591981887817,4.96174478530884,4.87053489685059,|,4.97599983215332,5.10966444015503,5.05959749221802,5.05966567993164,|,4.93200635910034,5.03838920593262,4.92615413665771,5.11765098571777,|,0,5.07598638534546,0,5.08228158950806,|,0,5.01013422012329,0,5.00375843048096,|,0,4.95080518722534,0,5.10262632369995
08:57:30,|,5.03959846496582,5.49083614349365,5.05879211425781,5.01010036468506,|,5.0606689453125,5.17463064193726,5.10262632369995,5.11369132995605,|,5.00839471817017,5.0770468711853,5.00374603271484,5.1701340675354,|,0,5.12013387680054,0,5.09140920639038,|,0,5.03322172164917,0,5.00617456436157,|,0,4.98838901519775,0,5.10114479064941
09:02:30,|,5.2147650718689,5.69297647476196,5.2181544303894,5.21418046951294,|,5.19498300552368,5.27691268920898,5.2134895324707,5.21177244186401,|,5.13590621948242,5.14791917800903,5.12013387680054,5.24444818496704,|,0,5.17409372329712,0,5.18308687210083,|,0,5.1032886505127,0,5.0997314453125,|,0,5.05047130584717,0,5.18644285202026
09:07:30,|,5.33016729354858,5.80521774291992,5.39952993392944,5.28561878204346,|,5.30200004577637,5.38701343536377,5.32845115661621,5.30903005599976,|,5.22418069839478,5.22604036331177,5.25377941131592,5.35362386703491,|,0,5.25578594207764,0,5.28966474533081,|,0,5.16919469833374,0,5.19744968414307,|,0,5.11026859283447,0,5.28175067901611
09:12:30,|,5.45364570617676,5.90916395187378,5.52020120620728,5.38573360443115,|,5.40327787399292,5.46590566635132,5.42328834533691,5.38805389404297,|,5.3064546585083,5.29261779785156,5.36538457870483,5.41966438293457,|,0,5.30899333953857,0,5.33771848678589,|,0,5.22369146347046,0,5.24481582641602,|,0,5.15456390380859,0,5.32050371170044
09:17:30,|,5.50261735916138,5.94320011138916,5.54100704193115,5.43571901321411,|,5.46040010452271,5.49308729171753,5.47531986236572,5.44414710998535,|,5.37348985671997,5.36912775039673,5.44789266586304,5.48959732055664,|,0,5.38046836853027,0,5.4017448425293,|,0,5.29899311065674,0,5.3064432144165,|,0,5.23228979110718,0,5.37895631790161
09:22:30,|,5.45929765701294,5.9111704826355,5.48932886123657,5.40762567520142,|,5.46842813491821,5.5380539894104,5.48664426803589,5.49583911895752,|,5.40063524246216,5.41073846817017,5.48597288131714,5.5255184173584,|,0,5.44000005722046,0,5.46308708190918,|,0,5.3321475982666,0,5.34724855422974,|,0,5.27993297576904,0,5.43841743469238
09:27:30,|,5.53327751159668,6.0096321105957,5.53134250640869,5.5891637802124,|,5.50802659988403,5.59147644042969,5.53080797195435,5.54956531524658,|,5.41578578948975,5.43359088897705,5.57909727096558,5.58718156814575,|,0,5.44402694702148,0,5.50805377960205,|,0,5.35362386703491,0,5.40593957901001,|,0,5.29228162765503,0,5.50060367584229
09:32:30,|,6.10516786575317,6.57083606719971,6.08761739730835,6.36374568939209,|,5.7530665397644,5.85295295715332,5.7984561920166,5.84000015258789,|,5.56204700469971,5.59382581710815,5.86591958999634,5.80302000045776,|,0,5.58595323562622,0,5.69828844070435,|,0,5.4765772819519,0,5.56409406661987,|,0,5.40020132064819,0,5.6605052947998
09:37:30,|,6.30471563339233,6.85137128829956,6.44308710098267,6.49351167678833,|,5.95230770111084,6.06718111038208,6.06141424179077,6.03771829605103,|,5.76394653320313,5.80758380889893,6.22953176498413,5.99267578125,|,0,5.78936243057251,0,5.89603996276855,|,0,5.68637609481812,0,5.75791931152344,|,0,5.60872077941895,0,5.83505058288574
09:42:30,|,6.15020084381104,6.82648849487305,6.36197996139526,6.25030088424683,|,5.93812704086304,6.14221477508545,6.09597301483154,6.04508352279663,|,5.76862907409668,5.92418050765991,6.25267553329468,6.04073858261108,|,0,5.91862869262695,0,5.94959735870361,|,0,5.80744981765747,0,5.79468202590942,|,0,5.71174478530884,0,5.87442922592163
09:47:30,|,6.22404670715332,6.81645488739014,6.3174409866333,6.29297637939453,|,5.99186658859253,6.15228176116943,6.0532660484314,6.06416082382202,|,5.82979869842529,5.92395973205566,6.20530223846436,6.05899333953857,|,0,5.90511703491211,0,5.95993280410767,|,0,5.78771829605103,0,5.81268453598022,|,0,5.71026849746704,0,5.90387201309204
09:52:30,|,6.91110754013062,7.3828763961792,6.79711389541626,7.03973340988159,|,6.31913042068481,6.38208055496216,6.24298667907715,6.3230767250061,|,6.05277585983276,6.02768468856812,6.35889625549316,6.23789310455322,|,0,6.01348972320557,0,6.11053705215454,|,0,5.86422824859619,0,5.95577192306519,|,0,5.7868013381958,0,6.04838943481445
09:57:30,|,7.39377927780151,7.99023389816284,7.30389261245728,7.58127069473267,|,6.6071572303772,6.73369121551514,6.53272724151611,6.58701324462891,|,6.3085618019104,6.31104040145874,6.65936470031738,6.44973134994507,|,0,6.24826097488403,0,6.30364561080933,|,0,6.07255029678345,0,6.12691307067871,|,0,5.99516773223877,0,6.184006690979
10:02:30,|,7.74896335601807,8.26146602630615,7.55110740661621,7.83799314498901,|,6.82116651535034,6.8936915397644,6.6846981048584,6.82819414138794,|,6.51154375076294,6.36979866027832,6.8622407913208,6.67923069000244,|,0,6.29307699203491,0,6.51563739776611,|,0,6.12798690795898,0,6.32785224914551,|,0,6.05530214309692,0,6.37626266479492
10:07:30,|,8.15422821044922,8.55190658569336,8.03456401824951,8.22729110717773,|,7.21762561798096,7.20335578918457,7.06387233734131,7.13200664520264,|,6.83816051483154,6.75107383728027,7.27645492553711,6.97510051727295,|,0,6.67086935043335,0,6.81097316741943,|,0,6.45953035354614,0,6.61912775039673,|,0,6.41758394241333,0,6.67114067077637
10:12:30,|,8.29551887512207,8.85347843170166,8.0520133972168,8.3562536239624,|,7.34297657012939,7.51906061172485,7.21604013442993,7.29308700561523,|,6.96362400054932,7.04530191421509,7.48100328445435,7.17228174209595,|,0,6.97322130203247,0,7.01879215240479,|,0,6.76275157928467,0,6.86531782150269,|,0,6.71340084075928,0,6.92545461654663
10:17:30,|,8.35826110839844,8.88652229309082,8.09872531890869,8.46234130859375,|,7.48186683654785,7.54013442993164,7.41322135925293,7.37896299362183,|,7.08993291854858,7.07214784622192,7.65221452713013,7.27454853057861,|,0,7.04331111907959,0,7.10322141647339,|,0,6.88006687164307,0,6.91523456573486,|,0,6.83630895614624,0,6.95114088058472
10:22:30,|,8.48006725311279,8.86872959136963,8.18731594085693,8.4575252532959,|,7.56839466094971,7.55506706237793,7.4429292678833,7.46096992492676,|,7.2075252532959,7.09107398986816,7.67043447494507,7.32718133926392,|,0,7.0584282875061,0,7.14187908172607,|,0,6.87818765640259,0,6.96342277526855,|,0,6.82191276550293,0,7.00047159194946
10:27:30,|,8.34446334838867,8.95979976654053,8.28852367401123,8.6821403503418,|,7.47755861282349,7.65808725357056,7.46852350234985,7.56677865982056,|,7.07671165466309,7.12436246871948,7.6123743057251,7.40096998214722,|,0,7.04798650741577,0,7.23704719543457,|,0,6.82798671722412,0,7.04436254501343,|,0,6.78426170349121,0,7.10255861282349
10:32:30,|,8.3853178024292,8.96653366088867,8.42100620269775,8.47023391723633,|,7.55906677246094,7.66838932037354,7.6207070350647,7.45441484451294,|,7.14571905136108,7.12704706192017,7.79698991775513,7.29201316833496,|,0,7.02297687530518,0,7.12483215332031,|,0,6.81080532073975,0,6.92587232589722,|,0,6.76215505599976,0,6.96362400054932
10:37:30,|,8.64066886901855,9.02056884765625,8.54597282409668,8.42020034790039,|,7.64879608154297,7.58600664138794,7.63161087036133,7.37348985671997,|,7.28926420211792,7.04154348373413,7.8971905708313,7.23093938827515,|,0,7.01093626022339,0,7.06724834442139,|,0,6.84731531143188,0,6.92979907989502,|,0,6.814866065979,0,7.00168371200562
10:42:30,|,8.76718139648438,8.94150543212891,8.12798690795898,8.17752456665039,|,7.71688985824585,7.63768434524536,7.44602680206299,7.3057861328125,|,7.41174507141113,7.13134241104126,7.70703029632568,7.19682264328003,|,0,7.09765100479126,0,7.03288602828979,|,0,6.90583896636963,0,6.86704683303833,|,0,6.8490571975708,0,6.92241621017456
10:47:30,|,8.53200721740723,9.19769191741943,8.42020130157471,8.99186611175537,|,7.6608362197876,7.75555181503296,7.64449691772461,7.73334455490112,|,7.36872911453247,7.2426176071167,7.85396003723145,7.54563760757446,|,0,7.18886280059814,0,7.37651014328003,|,0,6.97684574127197,0,7.20848989486694,|,0,6.89526844024658,0,7.29649829864502
10:52:30,|,8.8148832321167,9.11916446685791,8.36382579803467,8.93097019195557,|,7.90466642379761,7.82718133926392,7.64225578308105,7.76744985580444,|,7.44744968414307,7.27120780944824,8.04314422607422,7.64000034332275,|,0,7.21334457397461,0,7.45449686050415,|,0,7.05550336837769,0,7.31030178070068,|,0,6.98211431503296,0,7.35292911529541
10:57:30,|,9.40765857696533,9.13548469543457,8.60516738891602,8.81645488739014,|,8.07822704315186,7.82650995254517,7.70986604690552,7.7076587677002,|,7.61742448806763,7.27406024932861,7.96167230606079,7.60862445831299,|,0,7.19929552078247,0,7.43073844909668,|,0,7.02691268920898,0,7.24671125411987,|,0,6.97111082077026,0,7.28093957901001
11:02:30,|,9.55240821838379,9.7456521987915,8.88335609436035,9.25217342376709,|,8.20652198791504,8.16302013397217,7.93023490905762,7.86154365539551,|,7.79762554168701,7.56476497650146,8.21304416656494,7.72812700271606,|,0,7.43555164337158,0,7.51406049728394,|,0,7.25469779968262,0,7.37076950073242,|,0,7.20597314834595,0,7.43535375595093
11:07:30,|,9.52436256408691,9.96277618408203,9.63557052612305,9.9440803527832,|,8.30999946594238,8.35000038146973,8.5098991394043,8.23448181152344,|,7.80100679397583,7.73181200027466,8.59882545471191,7.9574499130249,|,0,7.67806005477905,0,7.77775144577026,|,0,7.48275136947632,0,7.65650987625122,|,0,7.41952991485596,0,7.68453025817871
11:12:30,|,9.4393310546875,9.41949844360352,9.37140941619873,10.0048160552979,|,8.29177284240723,8.17617416381836,8.41154384613037,8.33671092987061,|,7.78210687637329,7.69503355026245,8.62548542022705,7.91946315765381,|,0,7.63033533096313,0,7.70922803878784,|,0,7.4216775894165,0,7.56953001022339,|,0,7.37538719177246,0,7.6093602180481
11:17:30,|,10.1710033416748,10.2459869384766,9.59342288970947,9.82100296020508,|,8.63929748535156,8.51993274688721,8.54727268218994,8.45722389221191,|,8.10493278503418,7.9801344871521,8.77113723754883,8.06816101074219,|,0,7.93397998809814,0,7.86600637435913,|,0,7.74939393997192,0,7.70442962646484,|,0,7.69295310974121,0,7.77097320556641
11:22:30,|,10.2468557357788,10.3956851959229,9.49758434295654,9.67637538909912,|,8.85226726531982,8.74107360839844,8.40952968597412,8.31702327728271,|,8.31070232391357,8.14352416992188,8.54718112945557,8.02698040008545,|,0,7.97692346572876,0,7.8640604019165,|,0,7.73550319671631,0,7.70187282562256,|,0,7.67402696609497,0,7.75390577316284
11:27:30,|,10.2415437698364,10.3902006149292,9.64979839324951,10.5780601501465,|,8.78280925750732,8.83315467834473,8.59862422943115,8.87107372283936,|,8.23287582397461,8.23080539703369,8.74846172332764,8.53046989440918,|,0,8.04281902313232,0,8.37308692932129,|,0,7.82557058334351,0,8.18818855285645,|,0,7.77053880691528,0,8.22154331207275
11:32:30,|,10.1561870574951,10.0297994613647,9.3402681350708,9.78773307800293,|,8.82003307342529,8.72578525543213,8.48619556427002,8.52177238464355,|,8.34459686279297,8.16114139556885,8.70899677276611,8.32702350616455,|,0,8.05531787872314,0,8.19657707214355,|,0,7.86718130111694,0,8.05006694793701,|,0,7.81765079498291,0,8.09276103973389
11:37:30,|,10.4984617233276,10.6142807006836,10.1854028701782,10.7828760147095,|,9.01873302459717,9.00986576080322,8.91530227661133,9.07605361938477,|,8.50404739379883,8.52194690704346,9.0565767288208,8.67650985717773,|,0,8.44983291625977,0,8.42959785461426,|,0,8.30221462249756,0,8.22026824951172,|,0,8.21506690979004,0,8.27550315856934
11:42:30,|,10.2085618972778,10.5876588821411,9.90818786621094,10.8413381576538,|,9.11398029327393,9.21275234222412,8.95993328094482,9.32107353210449,|,8.68865776062012,8.60006713867188,9.26665592193604,8.98510074615479,|,0,8.49839496612549,0,8.81060409545898,|,0,8.32026863098145,0,8.5855188369751,|,0,8.25919532775879,0,8.61127948760986
11:47:30,|,10.4018058776855,10.9199666976929,10.1567792892456,10.4278259277344,|,9.28909683227539,9.51570510864258,9.2532320022583,9.31672286987305,|,8.85297679901123,9.0410737991333,9.44016742706299,9.01906394958496,|,0,8.96724796295166,0,8.79614067077637,|,0,8.72402667999268,0,8.5709056854248,|,0,8.60909080505371,0,8.58932685852051
11:52:30,|,9.81040287017822,11.0874586105347,9.90375804901123,10.0224752426147,|,9.12639999389648,9.71154308319092,9.14758396148682,9.28341197967529,|,8.72789287567139,9.2056713104248,9.30986595153809,9.0761079788208,|,0,9.09464931488037,0,8.88255023956299,|,0,8.80738258361816,0,8.67379188537598,|,0,8.68416118621826,0,8.68744945526123
11:57:30,|,10.0298662185669,10.9528760910034,9.95208072662354,10.1827421188354,|,9.27290916442871,9.58872509002686,9.22064018249512,9.37302017211914,|,8.87422847747803,9.0632209777832,9.39575290679932,9.13436317443848,|,0,8.91966533660889,0,8.95516777038574,|,0,8.68416118621826,0,8.79349040985107,|,0,8.60228157043457,0,8.85141372680664
12:02:30,|,10.6180601119995,10.9230432510376,10.0584897994995,10.0923080444336,|,9.44160556793213,9.4971809387207,9.3423490524292,9.26869583129883,|,8.98862838745117,9.01016807556152,9.49859046936035,9.08461570739746,|,0,8.95355701446533,0,8.92781925201416,|,0,8.72657680511475,0,8.74297618865967,|,0,8.61555576324463,0,8.78342247009277
12:07:30,|,11.1377925872803,11.2525415420532,10.4595308303833,10.5480937957764,|,9.78702354431152,9.79624176025391,9.57805347442627,9.34939575195313,|,9.30120754241943,9.15687942504883,9.82090282440186,9.13597393035889,|,0,9.04729080200195,0,8.98966407775879,|,0,8.79865741729736,0,8.80745029449463,|,0,8.71046924591064,0,8.86811447143555
12:12:30,|,10.8556518554688,10.7464551925659,10.423020362854,10.6884279251099,|,9.75586700439453,9.42775917053223,9.56730651855469,9.43311023712158,|,9.25792598724365,8.915771484375,9.76993274688721,9.23879241943359,|,0,8.9022741317749,0,9.0571813583374,|,0,8.76469802856445,0,8.89617443084717,|,0,8.68550300598145,0,8.94973182678223
12:17:30,|,11.2510061264038,11.4726085662842,10.799262046814,11.3149166107178,|,9.8402681350708,9.87382507324219,9.615234375,9.77812671661377,|,9.25046920776367,9.25691223144531,9.73381233215332,9.49384593963623,|,0,9.16281890869141,0,9.23785209655762,|,0,8.96577167510986,0,9.02570533752441,|,0,8.88464641571045,0,9.10191917419434
12:22:30,|,11.3062210083008,11.5001668930054,10.939395904541,11.2781267166138,|,9.91551876068115,9.99510097503662,9.87080574035645,9.93530178070068,|,9.34876251220703,9.36859035491943,10.0329532623291,9.67328834533691,|,0,9.24491596221924,0,9.45140933990479,|,0,9.08375835418701,0,9.23688983917236,|,0,8.99704742431641,0,9.31936264038086
12:27:30,|,11.1696319580078,11.6166887283325,10.634295463562,11.0460195541382,|,9.88668918609619,10.1725835800171,9.74946117401123,10.0036792755127,|,9.3550500869751,9.4722146987915,10.0467224121094,9.74308681488037,|,0,9.43531799316406,0,9.53355693817139,|,0,9.24375820159912,0,9.34906005859375,|,0,10.0432529449463,0,9.39181137084961
12:32:30,|,11.1092977523804,11.6644477844238,10.610671043396,10.9067554473877,|,9.99120044708252,10.2315769195557,9.70647621154785,9.73545169830322,|,9.58442974090576,9.60013389587402,9.97327709197998,9.61073780059814,|,0,9.49932861328125,0,9.44308757781982,|,0,9.28657722473145,0,9.26409435272217,|,0,10.3221139907837,0,9.34302997589111
12:37:30,|,10.6589260101318,11.5625085830688,10.9949502944946,11.2088289260864,|,9.94086933135986,10.3469228744507,10.117374420166,10.2324419021606,|,9.56802654266357,9.65536975860596,10.232274055481,9.95859527587891,|,0,9.58812713623047,0,9.78315448760986,|,0,9.38902378082275,0,9.61080551147461,|,0,9.66889667510986,0,9.65785312652588
12:42:30,|,11.2326421737671,11.878360748291,10.8695974349976,10.9573240280151,|,10.234748840332,10.5469131469727,10.1412086486816,10.0598659515381,|,9.77593994140625,9.99271869659424,10.3336248397827,9.89838886260986,|,0,9.82732391357422,0,9.74080562591553,|,0,9.55570507049561,0,9.57334423065186,|,0,9.76180553436279,0,9.62572383880615
12:47:30,|,10.9997320175171,11.7130098342896,11.3862419128418,11.9238796234131,|,10.2846155166626,10.4929533004761,10.4974498748779,10.4527759552002,|,10.0432109832764,9.99657726287842,10.5647163391113,10.1794633865356,|,0,9.89724826812744,0,9.99607372283936,|,0,9.63140964508057,0,9.80654430389404,|,0,9.82297706604004,0,9.85557079315186
12:52:30,|,12.0968894958496,12.2431774139404,11.6278524398804,12.3846158981323,|,10.8803005218506,10.8008728027344,10.6097640991211,10.8106355667114,|,10.4396638870239,10.1499996185303,10.7046155929565,10.4182548522949,|,0,10.0716047286987,0,10.167986869812,|,0,9.85530185699463,0,9.95785236358643,|,0,10.0049667358398,0,9.97643089294434
12:57:30,|,12.0909700393677,12.4446487426758,11.3997983932495,12.1395320892334,|,10.8968000411987,10.885570526123,10.4523830413818,10.6950330734253,|,10.4668560028076,10.2811412811279,10.6513423919678,10.4340467453003,|,0,10.1863880157471,0,10.2596645355225,|,0,9.96644306182861,0,10.0709733963013,|,0,10.1295986175537,0,10.1444292068481
13:02:30,|,11.4860401153564,12.1716051101685,11.5253019332886,12.0310363769531,|,10.6756191253662,10.9283895492554,10.6953020095825,10.9730768203735,|,10.2913379669189,10.3048324584961,10.8358526229858,10.701208114624,|,0,10.2035570144653,0,10.4623489379883,|,0,9.99570465087891,0,10.278528213501,|,0,10.1514711380005,0,10.3163633346558
13:07:30,|,11.5095653533936,11.8245820999146,11.0489263534546,11.4018726348877,|,10.6749496459961,10.718053817749,10.4927272796631,10.5525751113892,|,10.2410068511963,10.2241945266724,10.5915727615356,10.3629531860352,|,0,10.1204347610474,0,10.2043628692627,|,0,9.91892623901367,0,10.0556039810181,|,0,10.1332778930664,0,10.1252346038818
13:12:30,|,11.2191305160522,11.8005018234253,11.1720132827759,11.3921070098877,|,10.538628578186,10.821946144104,10.6538257598877,10.7395973205566,|,10.2071905136108,10.3625164031982,10.6465559005737,10.586555480957,|,0,10.2860536575317,0,10.4420804977417,|,0,10.0777177810669,0,10.2879190444946,|,0,10.2421741485596,0,10.3761615753174
13:17:30,|,11.4965887069702,11.7772245407104,11.2447652816772,11.4116382598877,|,10.7834444046021,10.7024831771851,10.6886863708496,10.7072238922119,|,10.4334897994995,10.1862421035767,10.6917724609375,10.5240268707275,|,0,10.1257047653198,0,10.2944145202637,|,0,9.91302013397217,0,10.1217451095581,|,0,10.1133556365967,0,10.1571807861328
13:22:30,|,11.4779863357544,12.1766891479492,11.3934898376465,11.7179937362671,|,10.6950664520264,10.9885282516479,10.7434892654419,10.842474937439,|,10.3514041900635,10.5409059524536,10.9810733795166,10.6357049942017,|,0,10.3950834274292,0,10.4575166702271,|,0,10.1703357696533,0,10.2614040374756,|,0,10.3381271362305,0,10.3243093490601
13:27:30,|,11.5562543869019,11.9484615325928,11.2772483825684,11.4631433486938,|,10.9255180358887,10.8258390426636,10.6122150421143,10.6378526687622,|,10.5932779312134,10.4324493408203,11.1341800689697,10.4827423095703,|,0,10.3932113647461,0,10.3083896636963,|,0,10.2162418365479,0,10.1000003814697,|,0,10.3690633773804,0,10.15744972229
13:32:30,|,11.711706161499,11.9448499679565,11.482349395752,11.5474252700806,|,11.1336784362793,10.9377851486206,10.9528951644897,10.8895645141602,|,10.7662420272827,10.5573148727417,11.3604011535645,10.7724828720093,|,0,10.5253019332886,0,10.6322813034058,|,0,10.3563756942749,0,10.4766445159912,|,0,10.5129098892212,0,10.5404720306396
13:37:30,|,11.3892974853516,12.0067892074585,11.6250333786011,11.5068893432617,|,10.878963470459,11.1234226226807,11.1760396957397,11.0519733428955,|,10.5481939315796,10.7299327850342,11.3999996185303,10.9524831771851,|,0,10.6845817565918,0,10.8151006698608,|,0,10.4887247085571,0,10.6344966888428,|,0,10.6254854202271,0,10.6664428710938
13:42:30,|,11.4591941833496,11.9087295532227,11.3278522491455,11.36936378479,|,10.9932107925415,11.0687913894653,10.9823150634766,10.9831876754761,|,10.6627511978149,10.6528854370117,11.0739593505859,10.8906354904175,|,0,10.6064548492432,0,10.7542953491211,|,0,10.4237585067749,0,10.5658864974976,|,0,10.569128036499,0,10.6092929840088
13:47:30,|,11.683611869812,12.0146827697754,11.2785902023315,11.3129091262817,|,11.2219734191895,11.1734895706177,10.9319858551025,10.9325084686279,|,10.9286623001099,10.8115434646606,11.0406684875488,10.8581209182739,|,0,10.7474584579468,0,10.7333555221558,|,0,10.5597314834595,0,10.5816106796265,|,0,10.7075252532959,0,10.6457386016846
13:52:30,|,11.8256855010986,12.3219728469849,11.5536241531372,11.3468894958496,|,11.3176002502441,11.429328918457,11.176308631897,10.9956855773926,|,11.0243625640869,10.9520807266235,11.2486953735352,10.9587917327881,|,0,10.8936243057251,0,10.8544301986694,|,0,10.7081880569458,0,10.6707382202148,|,0,10.8424415588379,0,10.7264308929443
13:57:30,|,11.7810735702515,12.2388963699341,11.4847164154053,11.4870901107788,|,11.3051843643188,11.3551340103149,11.1202354431152,11.1019124984741,|,11.0120067596436,10.9605369567871,11.2190599441528,11.042742729187,|,0,10.9073238372803,0,10.9159059524536,|,0,10.6999998092651,0,10.7659063339233,|,0,10.8261203765869,0,10.8276176452637
14:02:30,|,11.770435333252,12.0734119415283,11.488657951355,11.4687623977661,|,11.3525419235229,11.228422164917,11.1293287277222,11.1058187484741,|,11.0431547164917,10.8599996566772,11.2523078918457,11.0154361724854,|,0,10.8299999237061,0,10.87375831604,|,0,10.6299324035645,0,10.728590965271,|,0,10.7647485733032,0,10.7737712860107
14:07:30,|,11.8298330307007,12.0241804122925,11.4591274261475,11.5359201431274,|,11.3965559005737,11.2546977996826,11.1377849578857,11.210467338562,|,11.1128759384155,10.8939590454102,11.2616720199585,11.1369132995605,|,0,10.8863754272461,0,10.9909400939941,|,0,10.6906042098999,0,10.8082942962646,|,0,10.8105010986328,0,10.8662424087524
14:12:30,|,11.4224157333374,11.7481203079224,11.273624420166,11.2812032699585,|,11.1377334594727,11.1277179718018,11.0677099227905,11.0930433273315,|,10.8639602661133,10.7971811294556,11.2157859802246,11.0397996902466,|,0,10.8043146133423,0,10.9132213592529,|,0,10.6328859329224,0,10.7845640182495,|,0,10.7720804214478,0,10.8352355957031
14:17:30,|,11.2500333786011,11.9633111953735,11.2302684783936,11.2073574066162,|,10.9807691574097,11.2804346084595,11.0422143936157,11.0056037902832,|,10.7661209106445,10.9672479629517,11.1492614746094,10.9714088439941,|,0,10.9421072006226,0,10.8644485473633,|,0,10.773154258728,0,10.721342086792,|,0,10.8995656967163,0,10.7756567001343
14:22:30,|,11.6882944107056,12.2138795852661,11.5721473693848,11.4395990371704,|,11.1990966796875,11.3567113876343,11.1906709671021,11.1524076461792,|,10.9188966751099,10.9712753295898,11.3026084899902,11.0773162841797,|,0,10.9179191589355,0,10.9502687454224,|,0,10.7169122695923,0,10.8273830413818,|,0,10.8452844619751,0,10.8924160003662
14:27:30,|,11.944748878479,12.5353507995605,11.6819467544556,11.6453514099121,|,11.4427089691162,11.5299663543701,11.2694616317749,11.1925086975098,|,11.1206045150757,11.1088924407959,11.352240562439,11.1122150421143,|,0,11.0602340698242,0,10.9771146774292,|,0,10.8456373214722,0,10.8317060470581,|,0,10.9584283828735,0,10.89417552948
14:32:30,|,11.5834903717041,12.2245817184448,11.5677185058594,11.6171236038208,|,11.2790975570679,11.4516439437866,11.3207387924194,11.3635578155518,|,11.0114717483521,11.0831212997437,11.4073572158813,11.2855033874512,|,0,11.0551500320435,0,11.1723823547363,|,0,10.8908720016479,0,11.0213422775269,|,0,11.0007362365723,0,11.0791273117065
14:37:30,|,11.6545820236206,12.1938123703003,11.4353694915771,11.4749164581299,|,11.3513383865356,11.480637550354,11.2478523254395,11.2931442260742,|,11.114429473877,11.1373491287231,11.3657522201538,11.245418548584,|,0,11.133355140686,0,11.1308393478394,|,0,10.9449663162231,0,10.9687252044678,|,0,11.032642364502,0,11.0242767333984
14:42:30,|,11.7361879348755,12.0838460922241,11.4438257217407,11.5367221832275,|,11.4256000518799,11.3940601348877,11.2298650741577,11.2967557907104,|,11.1823081970215,11.0823488235474,11.3343620300293,11.2370471954346,|,0,11.0677251815796,0,11.1095304489136,|,0,10.9261741638184,0,10.9505014419556,|,0,11.0322742462158,0,11.0106716156006
14:47:30,|,11.8220138549805,12.4018392562866,11.6991271972656,11.6797323226929,|,11.4273242950439,11.6389265060425,11.4239597320557,11.4316110610962,|,11.184362411499,11.2722816467285,11.4676923751831,11.3775844573975,|,0,11.2271909713745,0,11.2598323822021,|,0,11.0531539916992,0,11.113657951355,|,0,11.1129093170166,0,11.1779460906982
14:52:30,|,11.9888963699341,12.3175582885742,11.568657875061,11.5676250457764,|,11.5930433273315,11.5470237731934,11.3241415023804,11.324047088623,|,11.3475246429443,11.1843290328979,11.4033441543579,11.2492618560791,|,0,11.1681203842163,0,11.1455373764038,|,0,10.9766445159912,0,10.9838924407959,|,0,11.048394203186,0,11.038724899292
14:57:30,|,11.8973913192749,12.7128763198853,11.8768224716187,12.0345153808594,|,11.4924755096436,11.8446979522705,11.466778755188,11.5540761947632,|,11.2279863357544,11.4597988128662,11.5685615539551,11.443829536438,|,0,11.402307510376,0,11.3008508682251,|,0,11.2495307922363,0,11.1471471786499,|,0,11.3213376998901,0,11.1923570632935
15:02:30,|,11.6438798904419,12.3875246047974,11.5780534744263,11.6472244262695,|,11.3845157623291,11.6761751174927,11.389328956604,11.4511375427246,|,11.1631774902344,11.3316106796265,11.5292310714722,11.4190635681152,|,0,11.3224411010742,0,11.2624158859253,|,0,11.1460399627686,0,11.1245813369751,|,0,11.2255516052246,0,11.1513423919678
15:07:30,|,11.2580595016479,11.7899332046509,11.3086576461792,11.2606019973755,|,11.2605018615723,11.3453693389893,11.3491926193237,11.3199329376221,|,11.0920066833496,11.1043100357056,11.4877853393555,11.3041200637817,|,0,11.1150999069214,0,11.2012624740601,|,0,10.9598655700684,0,11.0853691101074,|,0,11.0585956573486,0,11.1647472381592
15:12:30,|,11.0770473480225,11.633544921875,11.1632881164551,11.1068897247314,|,11.1592302322388,11.2755041122437,11.28919506073,11.2834234237671,|,11.0265102386475,11.0836248397827,11.5090303421021,11.3167791366577,|,0,11.1247158050537,0,11.2052354812622,|,0,10.9753017425537,0,11.0989265441895,|,0,11.0877923965454,0,11.1755037307739
15:17:30,|,11.100869178772,11.5773572921753,11.111475944519,11.0542278289795,|,11.1327419281006,11.2239589691162,11.2146463394165,11.185718536377,|,11.0170907974243,11.0367794036865,11.4307689666748,11.232349395752,|,0,11.0744142532349,0,11.1340808868408,|,0,10.9442949295044,0,11.0333108901978,|,0,11.0467109680176,0,11.1158590316772
15:22:30,|,11.3781938552856,11.9344148635864,11.4251680374146,11.5426092147827,|,11.2605333328247,11.3896980285645,11.3232889175415,11.3908052444458,|,11.1053018569946,11.1162414550781,11.4533777236938,11.3801336288452,|,0,11.1198997497559,0,11.2634897232056,|,0,10.9779863357544,0,11.1466779708862,|,0,11.0823411941528,0,11.2242279052734
15:27:30,|,11.1609363555908,11.7900667190552,11.2694635391235,11.2464208602905,|,11.2230434417725,11.4296646118164,11.3446130752563,11.3501348495483,|,11.1093978881836,11.2240610122681,11.5359735488892,11.3727521896362,|,0,11.2373828887939,0,11.2604026794434,|,0,11.09557056427,0,11.1554355621338,|,0,11.2044477462769,0,11.2196645736694
15:32:30,|,10.9358386993408,11.534815788269,10.9606037139893,10.9288291931152,|,11.0970230102539,11.2977857589722,11.1772480010986,11.1946821212769,|,11.0124158859253,11.1536912918091,11.368293762207,11.255973815918,|,0,11.1722068786621,0,11.149395942688,|,0,11.0578527450562,0,11.0731773376465,|,0,11.161771774292,0,11.1386194229126
15:37:30,|,11.0437459945679,11.634614944458,11.0799322128296,11.0619401931763,|,11.1323404312134,11.2984952926636,11.1997985839844,11.2257041931152,|,11.0453176498413,11.1217451095581,11.3604011535645,11.2600002288818,|,0,11.1522741317749,0,11.1585235595703,|,0,11.0206718444824,0,11.0691270828247,|,0,11.1328430175781,0,11.1518793106079
15:42:30,|,11.1209363937378,11.7297325134277,11.1853017807007,11.1654844284058,|,11.1830434799194,11.3635911941528,11.2551851272583,11.2769565582275,|,11.0839805603027,11.1755037307739,11.3981266021729,11.295184135437,|,0,11.1893281936646,0,11.2110071182251,|,0,11.0683221817017,0,11.1182880401611,|,0,11.1794309616089,0,11.2008419036865
15:47:30,|,11.177659034729,11.7663879394531,11.1581878662109,11.163477897644,|,11.2451171875,11.419261932373,11.2446308135986,11.2928190231323,|,11.1603355407715,11.2295303344727,11.4029426574707,11.3107385635376,|,0,11.2376251220703,0,11.2269802093506,|,0,11.1092624664307,0,11.1322813034058,|,0,11.2313709259033,0,11.2097320556641
15:52:30,|,11.1446981430054,11.6715383529663,11.0721397399902,11.0630102157593,|,11.2530097961426,11.3633899688721,11.2270469665527,11.2364206314087,|,11.1725416183472,11.2142763137817,11.361475944519,11.2759733200073,|,0,11.2301340103149,0,11.2107381820679,|,0,11.1087255477905,0,11.1175918579102,|,0,11.2263879776001,0,11.2051515579224
15:57:30,|,11.1781940460205,11.6847820281982,11.0980529785156,11.1151838302612,|,11.2622671127319,11.3571147918701,11.2317504882813,11.2952356338501,|,11.18812084198,11.2178182601929,11.3752508163452,11.331036567688,|,0,11.2325410842896,0,11.2272481918335,|,0,11.1127519607544,0,11.1486577987671,|,0,11.2293977737427,0,11.2230205535889
16:02:30,|,11.1018056869507,11.6229763031006,11.0712080001831,11.0869560241699,|,11.2067222595215,11.3489265441895,11.2299995422363,11.2665224075317,|,11.157826423645,11.1951675415039,11.370701789856,11.3327522277832,|,0,11.2295980453491,0,11.2275171279907,|,0,11.104832649231,0,11.1572484970093,|,0,11.2280597686768,0,11.2341079711914
16:07:30,|,11.0657720565796,11.5773334503174,11.0200672149658,11.0288963317871,|,11.1945476531982,11.3403358459473,11.222053527832,11.2391271591187,|,11.1651678085327,11.2053356170654,11.373779296875,11.3116779327393,|,0,11.2352342605591,0,11.2241611480713,|,0,11.1245641708374,0,11.1590270996094,|,0,11.2327089309692,0,11.2465105056763
16:12:30,|,10.9320402145386,11.4620399475098,10.9545631408691,10.9514379501343,|,11.1330099105835,11.29469871521,11.1995296478271,11.2210359573364,|,11.1059198379517,11.1768789291382,11.3723487854004,11.2919464111328,|,0,11.2316045761108,0,11.2178525924683,|,0,11.123010635376,0,11.1506690979004,|,0,11.232006072998,0,11.2440738677979
16:17:30,|,10.8461542129517,11.3460531234741,10.8489265441895,10.8404016494751,|,11.0923404693604,11.2165765762329,11.1461067199707,11.1577844619751,|,11.0825080871582,11.1279201507568,11.3121070861816,11.2555856704712,|,0,11.1890630722046,0,11.1778602600098,|,0,11.0974502563477,0,11.1197319030762,|,0,11.2234439849854,0,11.2116107940674
16:22:30,|,10.7923746109009,11.2792978286743,10.7567110061646,10.766040802002,|,11.0634660720825,11.1616773605347,11.0636701583862,11.0945482254028,|,11.0751008987427,11.1014766693115,11.2634115219116,11.1993293762207,|,0,11.1541471481323,0,11.1403360366821,|,0,11.0805368423462,0,11.1042947769165,|,0,11.2120733261108,0,11.2085237503052
16:27:30,|,10.6987924575806,11.2161540985107,10.7057046890259,10.7376594543457,|,11.0088624954224,11.1439590454102,11.0383214950562,11.0735454559326,|,11.0109367370605,11.0959739685059,11.2416048049927,11.1613426208496,|,0,11.1522817611694,0,11.1058387756348,|,0,11.080940246582,0,11.0481605529785,|,0,11.1962871551514,0,11.1698656082153
16:32:30,|,10.7050170898438,11.1794986724854,10.6753692626953,10.7130441665649,|,11.0176916122437,11.1359529495239,11.0348320007324,11.0921812057495,|,11.0379199981689,11.0862627029419,11.2397317886353,11.1747827529907,|,0,11.1598997116089,0,11.1332550048828,|,0,11.0871143341064,0,11.0912752151489,|,0,11.200737953186,0,11.1967115402222
16:37:30,|,10.6606025695801,11.1598329544067,10.6828861236572,10.6931104660034,|,11.0091304779053,11.0948314666748,11.0213804244995,11.0781936645508,|,11.0423746109009,11.0613422393799,11.2381267547607,11.1751680374146,|,0,11.1380929946899,0,11.1058731079102,|,0,11.0502014160156,0,11.0550336837769,|,0,11.1708688735962,0,11.1568012237549
16:42:30,|,10.5848836898804,11.0782279968262,10.6485233306885,10.6125755310059,|,10.9451837539673,11.0573825836182,11.0118789672852,11.0215101242065,|,10.994966506958,11.0242958068848,11.208963394165,11.1225509643555,|,0,11.1074495315552,0,11.0495300292969,|,0,11.0162420272827,0,11.0274248123169,|,0,11.1466550827026,0,11.1287879943848
16:47:30,|,10.5715436935425,10.9689302444458,10.5179195404053,10.4444141387939,|,10.9153327941895,10.9634227752686,10.9134674072266,10.8312368392944,|,10.9580936431885,10.9522142410278,11.1494312286377,10.9684944152832,|,0,11.0376253128052,0,10.9207382202148,|,0,10.9773149490356,0,10.9097986221313,|,0,11.1032772064209,0,11.0328187942505
16:52:30,|,10.5048828125,10.9180936813354,10.4874496459961,10.4581937789917,|,10.8166217803955,10.8989934921265,10.8670129776001,10.7996654510498,|,10.8651170730591,10.9008045196533,11.0896644592285,10.9361066818237,|,0,10.989598274231,0,10.9038257598877,|,0,10.9230871200562,0,10.8800001144409,|,0,11.0667562484741,0,11.0015153884888
16:57:30,|,10.4873580932617,10.9542140960693,10.4891309738159,10.3993310928345,|,10.7944145202637,10.9282550811768,10.854362487793,10.793288230896,|,10.8470478057861,10.895824432373,11.0592641830444,10.9257717132568,|,0,10.9775581359863,0,10.8917455673218,|,0,10.8995971679688,0,10.8688592910767,|,0,11.0303010940552,0,10.9783220291138
17:02:30,|,10.383544921875,10.8249835968018,10.4800672531128,10.3205347061157,|,10.7306022644043,10.8122816085815,10.8293933868408,10.7212705612183,|,10.782977104187,10.8263082504272,11.0296993255615,10.9033441543579,|,0,10.9159059524536,0,10.886923789978,|,0,10.8617448806763,0,10.8654184341431,|,0,11.0026760101318,0,10.9831991195679
17:07:30,|,10.3602676391602,10.8045148849487,10.3927850723267,10.2798662185669,|,10.7081270217896,10.8027515411377,10.7620134353638,10.6700668334961,|,10.7993965148926,10.8311405181885,10.9958524703979,10.8472480773926,|,0,10.9229764938354,0,10.8477182388306,|,0,10.8557043075562,0,10.820671081543,|,0,11.0002679824829,0,10.9487924575806
17:12:30,|,10.2696990966797,10.7119398117065,10.3574161529541,10.2627420425415,|,10.6502666473389,10.743691444397,10.7589893341064,10.6625413894653,|,10.7500667572021,10.7850999832153,10.9812078475952,10.8346309661865,|,0,10.8902006149292,0,10.8275842666626,|,0,10.816912651062,0,10.814094543457,|,0,10.9793643951416,0,10.9449501037598
17:17:30,|,10.2581605911255,10.6914710998535,10.2256374359131,10.0033445358276,|,10.6527423858643,10.7424831390381,10.6441612243652,10.4931545257568,|,10.7572908401489,10.7740936279297,10.921070098877,10.7551164627075,|,0,10.8650503158569,0,10.7763090133667,|,0,10.801609992981,0,10.7925081253052,|,0,10.9515056610107,0,10.8983221054077
17:22:30,|,10.1166105270386,10.5727996826172,10.1708726882935,9.9059534072876,|,10.5491971969604,10.6873912811279,10.6309089660645,10.4257526397705,|,10.683422088623,10.7660398483276,10.8984613418579,10.6927518844604,|,0,10.8389930725098,0,10.7214088439941,|,0,10.7861738204956,0,10.7357053756714,|,0,10.9468564987183,0,10.8819198608398
17:27:30,|,10.0936450958252,10.6077251434326,10.0700674057007,9.87277603149414,|,10.574933052063,10.7193956375122,10.5554361343384,10.4414768218994,|,10.6906690597534,10.7437582015991,10.836522102356,10.7237577438354,|,0,10.8223743438721,0,10.7420806884766,|,0,10.7787914276123,0,10.7464427947998,|,0,10.9306716918945,0,10.8802013397217
17:32:30,|,10.0614423751831,10.5686616897583,10.0126171112061,9.78876304626465,|,10.5772914886475,10.6415433883667,10.5626840591431,10.403678894043,|,10.7065095901489,10.6845636367798,10.8404026031494,10.6852836608887,|,0,10.8027086257935,0,10.726375579834,|,0,10.7795972824097,0,10.7551679611206,|,0,10.9301338195801,0,10.885570526123
17:37:30,|,10.0023078918457,10.4198999404907,10.0226850509644,9.88334465026855,|,10.5125417709351,10.606107711792,10.5775756835938,10.4765100479126,|,10.6740798950195,10.7312746047974,10.8557863235474,10.695704460144,|,0,10.8370904922485,0,10.7176923751831,|,0,10.7951679229736,0,10.7509031295776,|,0,10.948127746582,0,10.8965997695923
17:42:30,|,9.92979907989502,10.4718055725098,10.0600004196167,9.87986660003662,|,10.4122076034546,10.610671043396,10.580267906189,10.4783277511597,|,10.5871238708496,10.698787689209,10.8564548492432,10.6597318649292,|,0,10.8163089752197,0,10.6796636581421,|,0,10.7983894348145,0,10.7212085723877,|,0,10.9545822143555,0,10.8693294525146
17:47:30,|,9.92543601989746,10.4920063018799,10.1034898757935,9.95785999298096,|,10.3980007171631,10.6051683425903,10.62646484375,10.45130443573,|,10.5679864883423,10.6920804977417,10.9024753570557,10.6769895553589,|,0,10.8007020950317,0,10.7195301055908,|,0,10.7707376480103,0,10.746711730957,|,0,10.9298667907715,0,10.8711452484131
17:52:30,|,10.0394983291626,10.4165554046631,10.0106039047241,9.85725784301758,|,10.518027305603,10.5364427566528,10.573691368103,10.3773155212402,|,10.6764879226685,10.6526174545288,10.8699331283569,10.5660400390625,|,0,10.7601671218872,0,10.5851678848267,|,0,10.7075166702271,0,10.6643486022949,|,0,10.8754844665527,0,10.8200674057007
17:57:30,|,9.84872913360596,10.2639131546021,9.76429462432861,9.50180625915527,|,10.3673582077026,10.43909740448,10.3941411972046,10.1084280014038,|,10.5518789291382,10.5947647094727,10.7872915267944,10.4405364990234,|,0,10.7011413574219,0,10.5320129394531,|,0,10.6727514266968,0,10.6315441131592,|,0,10.8289632797241,0,10.786431312561
18:02:30,|,9.79510021209717,10.2667226791382,9.68308734893799,9.48454856872559,|,10.2914333343506,10.4195308685303,10.2524833679199,10.0702018737793,|,10.4655179977417,10.5440263748169,10.6833448410034,10.4090299606323,|,0,10.6782941818237,0,10.497784614563,|,0,10.6551675796509,0,10.5934228897095,|,0,10.8138456344604,0,10.7477855682373
18:07:30,|,9.72846126556396,10.288800239563,9.83892631530762,9.61739158630371,|,10.2491970062256,10.4110736846924,10.3828191757202,10.1698331832886,|,10.4090633392334,10.5413417816162,10.6671571731567,10.4371814727783,|,0,10.643913269043,0,10.504581451416,|,0,10.6006708145142,0,10.5792646408081,|,0,10.7737789154053,0,10.7198991775513
18:12:30,|,9.75990009307861,10.2772912979126,9.94550323486328,9.72187328338623,|,10.2450170516968,10.4242286682129,10.4484176635742,10.2311410903931,|,10.4203357696533,10.5188589096069,10.6806688308716,10.4650840759277,|,0,10.6108694076538,0,10.5313415527344,|,0,10.5753021240234,0,10.5865774154663,|,0,10.7671232223511,0,10.7375164031982
18:17:30,|,9.83563709259033,10.3130102157593,10.0194635391235,9.89725780487061,|,10.2897338867188,10.4619464874268,10.4957046508789,10.3501672744751,|,10.4324750900269,10.5242948532104,10.6954364776611,10.4896640777588,|,0,10.6042280197144,0,10.5003356933594,|,0,10.5475168228149,0,10.5530204772949,|,0,10.7319059371948,0,10.7110433578491
18:22:30,|,9.8156852722168,10.3255853652954,9.98724842071533,9.78715705871582,|,10.2693309783936,10.4337587356567,10.4500341415405,10.2982606887817,|,10.4282550811768,10.5263090133667,10.680401802063,10.4547653198242,|,0,10.6361541748047,0,10.4771137237549,|,0,10.5907382965088,0,10.5161199569702,|,0,10.7797317504883,0,10.6584901809692
18:27:30,|,9.87321090698242,10.3135452270508,10.011812210083,9.87438106536865,|,10.3016729354858,10.4109401702881,10.4841613769531,10.3750333786011,|,10.4582939147949,10.4903707504272,10.6951169967651,10.5646152496338,|,0,10.6021738052368,0,10.5571136474609,|,0,10.5401344299316,0,10.5727519989014,|,0,10.7400999069214,0,10.7199659347534
18:32:30,|,9.84463119506836,10.2904014587402,10.0241470336914,9.7389965057373,|,10.3003349304199,10.3552350997925,10.4428958892822,10.2329769134521,|,10.4263753890991,10.4250001907349,10.6828098297119,10.4530200958252,|,0,10.5516109466553,0,10.4847650527954,|,0,10.5146312713623,0,10.5263090133667,|,0,10.7096652984619,0,10.6483221054077
18:37:30,|,9.79923057556152,10.2516050338745,10.0032215118408,9.89083576202393,|,10.2446670532227,10.32297706604,10.4340944290161,10.302282333374,|,10.346321105957,10.4062747955322,10.6742286682129,10.4767789840698,|,0,10.5315389633179,0,10.4985904693604,|,0,10.4963760375977,0,10.5279197692871,|,0,10.6872243881226,0,10.6440410614014
18:42:30,|,9.77568531036377,10.402642250061,10.0216112136841,9.9260196685791,|,10.2213706970215,10.4494638442993,10.4185190200806,10.3153848648071,|,10.3910036087036,10.5110063552856,10.6296997070313,10.4831438064575,|,0,10.6099328994751,0,10.4881210327148,|,0,10.5395975112915,0,10.5301675796509,|,0,10.7352838516235,0,10.642315864563
18:47:30,|,9.82651042938232,10.3978261947632,10.0045642852783,9.82782649993896,|,10.25,10.4274501800537,10.3967790603638,10.2280540466309,|,10.381275177002,10.4773826599121,10.5974588394165,10.4442949295044,|,0,10.5889301300049,0,10.4878520965576,|,0,10.534496307373,0,10.5159730911255,|,0,10.7203006744385,0,10.6328964233398
18:52:30,|,9.76083564758301,10.2746152877808,9.93369102478027,9.70247554779053,|,10.2209663391113,10.335503578186,10.3296298980713,10.1636791229248,|,10.3693313598633,10.3990936279297,10.5274925231934,10.4120807647705,|,0,10.5337581634521,0,10.4563083648682,|,0,10.4672479629517,0,10.4711408615112,|,0,10.6599998474121,0,10.5946311950684
18:57:30,|,9.70638847351074,10.117826461792,9.73691272735596,9.46407985687256,|,10.2136449813843,10.2188587188721,10.1599998474121,10.0133113861084,|,10.3471240997314,10.3172483444214,10.342752456665,10.2990636825562,|,0,10.440167427063,0,10.3709363937378,|,0,10.3855037689209,0,10.3831434249878,|,0,10.5852508544922,0,10.5362968444824
