CDT_time,bar_fence,spd_0_2m_init,spd_0_2m_rel,spd_0_2m_uconv,spd_0_2m_lconv,bar_fence_1,spd_1_5m_init,spd_1_5m_rel,spd_1_5m_uconv,spd_1_5m_lconv,bar_fence_2,spd_3m_init,spd_3m_rel,spd_3m_uconv,spd_3m_lconv,bar_fence_3,spd_4_5m_init,spd_4_5m_rel,spd_4_5m_uconv,spd_4_5m_lconv,bar_fence_4,spd_6m_init,spd_6m_rel,spd_6m_uconv,spd_6m_lconv,bar_fence_5,spd_10m_init,spd_10m_rel,spd_10m_uconv,spd_10m_lconv
18:02:30,|,3.23902297019958,3.14983677864075,2.49415802955627,0,|,5.2155556678772,4.88613986968994,3.99892473220825,0,|,5.61123514175415,5.66308879852295,4.73830318450928,0,|,5.89669322967529,6.15394830703735,5.1171178817749,0,|,6.27294635772705,6.42797613143921,5.53668642044067,0,|,6.62714862823486,6.9227180480957,6.06217432022095,0
18:07:30,|,2.84058666229248,3.003493309021,2.55544996261597,0,|,4.51238250732422,4.68204069137573,4.21100568771362,0,|,4.9775710105896,5.30817222595215,4.8717999458313,0,|,5.2494010925293,5.77288770675659,5.28381681442261,0,|,5.59580421447754,5.96494960784912,5.64607095718384,0,|,5.84735345840454,6.39094209671021,6.11989593505859,0
18:12:30,|,2.73433327674866,2.64906978607178,2.48770999908447,0,|,4.35542631149292,4.13367557525635,4.01511669158936,0,|,4.81155872344971,4.75372076034546,4.63768434524536,0,|,5.18765735626221,5.06772994995117,4.97441625595093,0,|,5.51728534698486,5.24402236938477,5.24440383911133,0,|,5.83546257019043,5.63460922241211,5.66057586669922,0
18:17:30,|,2.58494663238525,2.82547998428345,2.35328006744385,0,|,4.0369553565979,4.42314147949219,3.82599258422852,0,|,4.38844156265259,5.12360286712646,4.45941781997681,0,|,4.7047758102417,5.51100158691406,4.75692749023438,0,|,4.97686195373535,5.70838737487793,5.03819942474365,0,|,5.25308275222778,6.13772630691528,5.39446401596069,0
18:22:30,|,2.93570327758789,2.84749674797058,2.52850341796875,0,|,4.71998596191406,4.46665334701538,4.11744356155396,0,|,5.19852447509766,5.02011251449585,4.88205003738403,0,|,5.51381874084473,5.28657007217407,5.21867275238037,0,|,5.86253499984741,5.55383729934692,5.56685876846313,0,|,6.29575252532959,6.02374505996704,6.07520151138306,0
18:27:30,|,2.9492564201355,2.67457008361816,2.47820949554443,0,|,4.78009223937988,4.19863510131836,4.05363702774048,0,|,5.1747727394104,4.69281435012817,4.75619602203369,0,|,5.45886135101318,4.97778987884521,5.0904803276062,0,|,5.74001789093018,5.19370651245117,5.39036560058594,0,|,5.91542434692383,5.54874801635742,5.88379383087158,0
18:32:30,|,2.75631999969482,2.73319673538208,2.42425322532654,0,|,4.42964267730713,4.24608612060547,3.93539953231812,0,|,4.83972549438477,4.73085165023804,4.56027889251709,0,|,5.15774488449097,5.07098579406738,4.84900093078613,0,|,5.46252059936523,5.38134288787842,5.19147777557373,0,|,5.7267279624939,5.71416091918945,5.56833171844482,0
18:37:30,|,2.94196343421936,2.59493660926819,2.40001678466797,0,|,4.71432399749756,3.9563672542572,3.91385960578918,0,|,5.08919620513916,4.4547700881958,4.41252326965332,0,|,5.36333179473877,4.7369122505188,4.68700551986694,0,|,5.69661474227905,5.06373500823975,5.0171537399292,0,|,5.94087934494019,5.39923238754272,5.4346227645874,0
18:42:30,|,2.64315342903137,2.72279095649719,2.48565006256104,0,|,4.36880016326904,4.20783948898315,3.99638175964355,0,|,4.80710697174072,4.66100740432739,4.56592798233032,0,|,5.0903754234314,4.90946054458618,4.89866495132446,0,|,5.40941095352173,5.16409635543823,5.19652605056763,0,|,5.7239842414856,5.60280656814575,5.6708288192749,0
18:47:30,|,2.6930365562439,2.49902009963989,2.36439657211304,0,|,4.41828680038452,3.904616355896,3.87286281585693,0,|,4.86484813690186,4.37108087539673,4.46806859970093,0,|,5.12368059158325,4.6680006980896,4.78146648406982,0,|,5.45932292938232,4.9269495010376,5.08837461471558,0,|,5.76757621765137,5.31669235229492,5.48514986038208,0
18:52:30,|,2.49949312210083,2.61484003067017,2.24230408668518,0,|,4.10297775268555,4.09443426132202,3.67279982566833,0,|,4.51613712310791,4.57500267028809,4.25826263427734,0,|,4.81838178634644,4.84530353546143,4.50579881668091,0,|,5.14937448501587,5.16560029983521,4.82495498657227,0,|,5.49463701248169,5.60510349273682,5.2027416229248,0
18:57:30,|,2.8723566532135,2.86690330505371,2.49213671684265,0,|,4.62983369827271,4.37786388397217,4.01222085952759,0,|,4.97410440444946,4.96686840057373,4.63388729095459,0,|,5.35124444961548,5.3169379234314,4.95695495605469,0,|,5.6589937210083,5.58020925521851,5.28629779815674,0,|,5.95718669891357,5.99275350570679,5.71828985214233,0
19:02:30,|,2.56013655662537,2.49592328071594,2.17802000045776,0,|,4.07174730300903,3.87490177154541,3.62128782272339,0,|,4.04218864440918,4.43545341491699,4.18397665023804,0,|,4.71249866485596,4.79343032836914,4.51666259765625,0,|,5.03875112533569,5.02639675140381,4.85213375091553,0,|,5.28980445861816,5.56756258010864,5.30339002609253,0
19:07:30,|,2.33319997787476,2.17377328872681,2.03544664382935,0,|,3.68960189819336,3.24743318557739,3.27815985679626,0,|,4.09727764129639,3.79272246360779,3.90203452110291,0,|,4.40499114990234,4.14161014556885,4.23856973648071,0,|,4.68740558624268,4.34432744979858,4.56995916366577,0,|,4.86297988891602,4.813805103302,5.00066947937012,0
19:12:30,|,2.45606660842896,2.21786260604858,1.84048998355865,0,|,3.87495350837708,3.37694311141968,3.01253747940063,0,|,4.26017379760742,3.93726539611816,3.51335740089417,0,|,4.56216955184937,4.30618715286255,3.73542666435242,0,|,4.91227579116821,4.53722381591797,4.03335809707642,0,|,5.15444135665894,4.9597601890564,4.3534984588623,0
19:17:30,|,2.26251745223999,2.26712989807129,1.93118369579315,0,|,3.56183576583862,3.44042181968689,3.16460943222046,0,|,3.9361367225647,3.96270608901978,3.64819431304932,0,|,4.1841025352478,4.26416778564453,3.87722516059875,0,|,4.42575550079346,4.42532730102539,4.13912773132324,0,|,4.61531448364258,4.7412281036377,4.4736475944519,0
19:22:30,|,2.18616676330566,2.12425661087036,1.80844330787659,0,|,3.37988829612732,3.17990827560425,2.89548778533936,0,|,3.74607038497925,3.70656061172485,3.37160921096802,0,|,4.01694440841675,4.01730346679688,3.6145281791687,0,|,4.26218318939209,4.17990016937256,3.85376977920532,0,|,4.46009349822998,4.52848100662231,4.15247201919556,0
19:27:30,|,2.07300662994385,1.92639660835266,1.59655666351318,0,|,3.14454770088196,2.90606307983398,2.58584594726563,0,|,3.39330077171326,3.33255982398987,3.02194571495056,0,|,3.66237783432007,3.62121486663818,3.29512405395508,0,|,3.94085884094238,3.76574301719666,3.53769564628601,0,|,4.28845071792603,4.24181890487671,3.9587345123291,0
19:32:30,|,2.37800335884094,2.15620994567871,1.77284002304077,0,|,3.7321605682373,3.29217910766602,2.79935717582703,0,|,3.86830258369446,3.81582975387573,3.36334347724915,0,|,4.42342758178711,4.20090103149414,3.59796977043152,0,|,4.70019960403442,4.37752389907837,3.88193726539612,0,|,4.92907619476318,4.81977272033691,4.28699731826782,0
19:37:30,|,2.19102025032043,1.88188397884369,1.90255665779114,0,|,3.40254902839661,2.82656311988831,3.04137349128723,0,|,4.12478542327881,3.28131890296936,3.56311559677124,0,|,3.98273158073425,3.60758304595947,3.86528325080872,0,|,4.25191259384155,3.75969839096069,4.10920476913452,0,|,4.52150726318359,4.25195980072021,4.50111150741577,0
19:42:30,|,2.38209676742554,2.04049324989319,1.91122376918793,0,|,3.72346639633179,3.14005637168884,3.01517987251282,0,|,4.07550430297852,3.71594214439392,3.5572452545166,0,|,4.39856672286987,4.10829019546509,3.84623432159424,0,|,4.7377724647522,4.24325704574585,4.15419578552246,0,|,5.09990835189819,4.69077110290527,4.57473421096802,0
19:47:30,|,2.4390332698822,2.25676989555359,1.81581330299377,0,|,3.75844883918762,3.34517312049866,2.84813785552979,0,|,4.17667579650879,3.95739769935608,3.36682176589966,0,|,4.47100687026978,4.46335124969482,3.64161086082458,0,|,4.77113008499146,4.63940382003784,3.8967547416687,0,|,5.02454471588135,5.16078758239746,4.3587818145752,0
19:52:30,|,2.68365335464478,2.39135670661926,2.02128672599792,0,|,4.24664449691772,3.59358596801758,3.13877367973328,0,|,4.70251417160034,4.19708728790283,3.71842122077942,0,|,5.05591106414795,4.60839748382568,4.03708648681641,0,|,5.38829278945923,4.660080909729,4.32613086700439,0,|,5.72089624404907,5.12292098999023,4.78765487670898,0
19:57:30,|,2.39605331420898,2.27514672279358,2.14854669570923,0,|,3.81283593177795,3.48632192611694,3.30459976196289,0,|,4.2806510925293,4.09634494781494,3.8605637550354,0,|,4.52848434448242,4.56833410263062,4.14291477203369,0,|,4.81897068023682,4.67159986495972,4.3749885559082,0,|,5.13880443572998,5.20244264602661,4.80706930160522,0
20:02:30,|,2.48819613456726,2.35514330863953,2.10514998435974,0,|,3.84155225753784,3.53618502616882,3.35987019538879,0,|,4.26255178451538,4.17735147476196,3.98515391349792,0,|,4.53441047668457,4.62443256378174,4.31329679489136,0,|,4.83383798599243,4.74048089981079,4.63542366027832,0,|,5.09185647964478,5.35417938232422,5.05257511138916,0
20:07:30,|,2.30129671096802,2.24186396598816,2.17104363441467,0,|,3.59087467193604,3.53180575370789,3.48772239685059,0,|,3.91149473190308,4.14788913726807,4.05530500411987,0,|,4.18362808227539,4.5798544883728,4.31761837005615,0,|,4.45540523529053,4.65822124481201,4.5273699760437,0,|,4.77108907699585,5.06773042678833,4.82399559020996,0
20:12:30,|,2.10017323493958,1.94656336307526,1.61644005775452,0,|,3.37005662918091,2.97788977622986,2.58903408050537,0,|,3.77374315261841,3.49747467041016,3.01403951644897,0,|,4.00934267044067,3.87891459465027,3.21140718460083,0,|,4.2480640411377,3.92852711677551,3.41213417053223,0,|,4.4832558631897,4.25005149841309,3.73705410957336,0
20:17:30,|,2.14884996414185,1.92851328849792,1.86166334152222,0,|,3.43574094772339,2.9157395362854,2.94422793388367,0,|,3.78487205505371,3.50291204452515,3.42787599563599,0,|,4.0450177192688,3.90033173561096,3.66009736061096,0,|,4.29091930389404,4.01586055755615,3.84789514541626,0,|,4.47944307327271,4.5053334236145,4.17325878143311,0
20:22:30,|,2.12057328224182,2.17329668998718,1.9769366979599,0,|,3.40346527099609,3.28936982154846,3.00819087028503,0,|,3.77415990829468,3.89770030975342,3.53991556167603,0,|,4.0868239402771,4.31454706192017,3.78886532783508,0,|,4.34747409820557,4.44877099990845,4.07712507247925,0,|,4.63343572616577,4.94652509689331,4.53676748275757,0
20:27:30,|,2.32834601402283,2.06733655929565,1.92808663845062,0,|,3.75027060508728,3.20146560668945,3.01583313941956,0,|,4.18262195587158,3.82426238059998,3.49580216407776,0,|,4.475989818573,4.20649480819702,3.68693733215332,0,|,4.72233057022095,4.28546524047852,3.89065194129944,0,|,4.95996189117432,4.67554903030396,4.26591730117798,0
20:32:30,|,2.19121336936951,1.92993330955505,1.69499504566193,0,|,3.40441012382507,2.86313772201538,2.70332741737366,0,|,3.78321027755737,3.30522203445435,3.20764183998108,0,|,4.04914665222168,3.8594799041748,3.5136137008667,0,|,4.3247218132019,4.01768112182617,3.77861309051514,0,|,4.5844349861145,4.53874349594116,4.25197410583496,0
20:37:30,|,2.30401659011841,2.36411333084106,2.00940990447998,0,|,3.59276843070984,NaN,3.19047451019287,0,|,4.005774974823,NaN,3.77940249443054,0,|,4.30060958862305,4.694251537323,4.02483654022217,0,|,4.56096839904785,4.79735851287842,4.30192518234253,0,|,4.85891103744507,5.39653062820435,4.63059186935425,0
20:42:30,|,2.33221006393433,2.13314342498779,1.67888998985291,0,|,3.73080968856812,NaN,2.61107659339905,0,|,4.19549369812012,NaN,3.00625038146973,0,|,4.52933835983276,4.17232179641724,3.23352742195129,0,|,4.83876848220825,4.29870271682739,3.45065188407898,0,|,4.97610092163086,4.86000680923462,3.90000677108765,0
20:47:30,|,2.24308657646179,1.99345338344574,1.82389664649963,0,|,3.67170786857605,NaN,2.87470149993896,0,|,4.04099130630493,NaN,3.40037059783936,0,|,NaN,3.94794940948486,3.72830200195313,0,|,NaN,4.00827741622925,3.97218155860901,0,|,NaN,4.45522832870483,4.31524419784546,0
20:52:30,|,2.29474830627441,1.92223334312439,1.88393330574036,0,|,3.607577085495,NaN,3.01535797119141,0,|,4.01117753982544,NaN,3.51557517051697,0,|,NaN,4.05063962936401,3.71484184265137,0,|,NaN,4.17330646514893,3.87290668487549,0,|,NaN,4.59082651138306,4.1542854309082,0
20:57:30,|,2.29395341873169,2.12087988853455,2.0994131565094,0,|,3.72275352478027,NaN,3.29545497894287,0,|,4.12449359893799,NaN,3.89280700683594,0,|,NaN,4.00846910476685,4.18709230422974,0,|,NaN,4.15588665008545,4.42817354202271,0,|,NaN,4.61005258560181,4.81566858291626,0
21:02:30,|,2.46865344047546,2.04871296882629,1.87058329582214,0,|,3.96921348571777,NaN,2.8966338634491,0,|,4.33662414550781,NaN,3.41076803207397,0,|,NaN,4.12839269638062,3.62657570838928,0,|,NaN,4.30067443847656,3.90426063537598,0,|,NaN,4.7380428314209,4.34377145767212,0
21:07:30,|,2.28437328338623,2.0308632850647,1.81152331829071,0,|,3.62740302085876,NaN,2.84885764122009,0,|,4.0348744392395,NaN,3.36973452568054,0,|,NaN,4.05293846130371,3.62955641746521,0,|,NaN,4.21189975738525,3.85064148902893,0,|,NaN,4.69830703735352,4.19537305831909,0
21:12:30,|,2.27257990837097,2.12250995635986,1.9116632938385,0,|,3.58178544044495,NaN,3.00739455223083,0,|,3.98487329483032,NaN,3.47978091239929,0,|,NaN,4.23659086227417,3.7720627784729,0,|,NaN,4.36591386795044,4.06374168395996,0,|,NaN,4.79079723358154,4.36909008026123,0
21:17:30,|,2.13615536689758,1.91671335697174,2.01511669158936,0,|,3.46007013320923,NaN,3.16626024246216,0,|,3.84062147140503,NaN,3.71135926246643,0,|,NaN,3.99323725700378,3.97019648551941,0,|,NaN,4.09719467163086,4.15954065322876,0,|,NaN,4.56798887252808,4.49755144119263,0
21:22:30,|,2.44226336479187,1.78320670127869,1.73057687282562,0,|,3.8963611125946,NaN,2.72417831420898,0,|,4.27656936645508,NaN,3.18159508705139,0,|,NaN,3.86407089233398,3.44390082359314,0,|,NaN,3.97115778923035,3.65232133865356,0,|,NaN,4.2853741645813,3.93803596496582,0
21:27:30,|,2.29210996627808,1.96681332588196,1.67551338672638,0,|,3.52156138420105,NaN,2.63914346694946,0,|,3.68468403816223,NaN,3.09477877616882,0,|,NaN,3.85838389396667,3.28873682022095,0,|,NaN,3.92919039726257,3.52203369140625,0,|,NaN,4.35882997512817,3.95878100395203,0
21:32:30,|,2.10107326507568,2.00990986824036,1.48633670806885,0,|,3.31426000595093,NaN,2.26648235321045,0,|,4.03208303451538,NaN,2.72953534126282,0,|,NaN,3.89120006561279,2.96353554725647,0,|,NaN,3.96005916595459,3.17469501495361,0,|,NaN,4.34185409545898,3.52844285964966,0
21:37:30,|,2.04430818557739,1.84158003330231,1.61980998516083,0,|,3.37591981887817,NaN,2.49751448631287,0,|,3.75564050674438,NaN,2.85027432441711,0,|,NaN,3.95753836631775,3.04756474494934,0,|,NaN,4.04811859130859,3.24534821510315,0,|,NaN,4.489089012146,3.55860662460327,0
21:42:30,|,2.01239991188049,1.76157331466675,1.55131995677948,0,|,3.27138924598694,NaN,2.38616275787354,0,|,3.61187744140625,NaN,2.83147764205933,0,|,NaN,3.60031580924988,3.07153511047363,0,|,NaN,3.66237139701843,3.31309819221497,0,|,NaN,4.03495502471924,3.72155022621155,0
21:47:30,|,2.03840661048889,1.7876433134079,1.75923979282379,0,|,3.31238150596619,NaN,2.72813272476196,0,|,3.73324871063232,NaN,3.21153140068054,0,|,NaN,3.50376439094543,3.45293879508972,0,|,NaN,3.56860709190369,3.66006088256836,0,|,NaN,4.01487922668457,4.06365251541138,0
21:52:30,|,2.05426001548767,1.94286334514618,1.91083669662476,0,|,3.26455473899841,NaN,2.92935490608215,0,|,3.62408876419067,NaN,3.45788931846619,0,|,NaN,3.89748382568359,3.68024063110352,0,|,NaN,4.00401210784912,3.8987398147583,0,|,NaN,4.43268394470215,4.28158330917358,0
21:57:30,|,2.20302677154541,1.84275090694427,1.81576335430145,0,|,3.4893786907196,NaN,2.84474611282349,0,|,3.91239333152771,NaN,3.26699829101563,0,|,NaN,3.81209897994995,3.48347139358521,0,|,NaN,3.95567536354065,3.68198084831238,0,|,NaN,4.43021583557129,3.95440411567688,0
22:02:30,|,2.23594856262207,1.97389328479767,1.64480662345886,0,|,3.53512597084045,NaN,2.64144968986511,0,|,3.9144926071167,NaN,3.07498335838318,0,|,NaN,3.8962140083313,3.33693337440491,0,|,NaN,4.01540327072144,3.51285409927368,0,|,NaN,4.57763481140137,3.90410327911377,0
22:07:30,|,2.27443337440491,1.95996999740601,1.84129047393799,0,|,3.56950092315674,NaN,2.9624035358429,0,|,3.95786261558533,NaN,3.44788098335266,0,|,NaN,4.0996675491333,3.70846343040466,0,|,NaN,4.17458391189575,3.93488073348999,0,|,NaN,4.49759244918823,4.17993927001953,0
22:12:30,|,2.12955331802368,1.80376994609833,1.51022005081177,0,|,3.39766359329224,NaN,2.3925449848175,0,|,3.75228095054626,NaN,2.84271645545959,0,|,NaN,3.73688530921936,3.04180026054382,0,|,NaN,3.82374668121338,3.23173666000366,0,|,NaN,4.25469017028809,3.55740094184875,0
22:17:30,|,1.86668002605438,1.66638994216919,1.54496002197266,0,|,3.10007452964783,NaN,2.43761682510376,0,|,3.51815319061279,NaN,2.82647490501404,0,|,NaN,3.32199645042419,2.99957847595215,0,|,NaN,3.43477702140808,3.17442417144775,0,|,NaN,3.8995156288147,3.41907000541687,0
22:22:30,|,2.24969673156738,1.98882329463959,1.85242998600006,0,|,3.63068008422852,NaN,2.96164774894714,0,|,4.00327825546265,NaN,3.39318084716797,0,|,NaN,3.87954235076904,3.68639826774597,0,|,NaN,3.92110013961792,3.9154965877533,0,|,NaN,4.35938215255737,4.27631092071533,0
22:27:30,|,2.11583852767944,1.99845612049103,1.93473660945892,0,|,3.52304553985596,NaN,3.00693511962891,0,|,3.94596815109253,NaN,3.49553442001343,0,|,NaN,4.12963676452637,3.73804879188538,0,|,NaN,4.19102573394775,3.89517045021057,0,|,NaN,4.50636291503906,4.2519965171814,0
22:32:30,|,2.3450334072113,1.97572004795074,2.00803589820862,0,|,3.91254186630249,NaN,3.1593599319458,0,|,4.29572105407715,NaN,3.6392457485199,0,|,NaN,4.02454376220703,3.9442150592804,0,|,NaN,4.06649351119995,4.18413734436035,0,|,NaN,4.45187425613403,4.52317476272583,0
22:37:30,|,2.47683668136597,2.20763993263245,2.08621001243591,0,|,4.02491283416748,NaN,3.17027711868286,0,|,4.48862838745117,NaN,3.72448205947876,0,|,NaN,4.26907300949097,3.9918794631958,0,|,NaN,4.3696608543396,4.14111185073853,0,|,NaN,4.84695196151733,4.49869632720947,0
22:42:30,|,2.44666004180908,2.26709342002869,1.95811331272125,0,|,3.86593317985535,NaN,3.13358306884766,0,|,4.30728578567505,NaN,3.70752668380737,0,|,NaN,4.64135074615479,3.97806286811829,0,|,NaN,4.71884918212891,4.23639440536499,0,|,NaN,5.12760877609253,4.54395532608032,0
22:47:30,|,2.33806324005127,2.19602656364441,1.93308997154236,0,|,3.71936321258545,NaN,2.97900533676147,0,|,4.04768753051758,NaN,3.5428249835968,0,|,NaN,4.37116241455078,3.85562181472778,0,|,NaN,4.40069961547852,4.1818642616272,0,|,NaN,4.77729272842407,4.59425258636475,0
22:52:30,|,2.30042004585266,2.02364659309387,1.77437663078308,0,|,3.66227412223816,NaN,2.79801750183105,0,|,3.9094660282135,NaN,3.35008788108826,0,|,NaN,4.09902429580688,3.56989312171936,0,|,NaN,4.16307401657104,3.78176856040955,0,|,NaN,4.57962942123413,4.06475162506104,0
22:57:30,|,2.15352344512939,2.06199741363525,1.86265087127686,0,|,3.41944766044617,NaN,2.92546629905701,0,|,3.82001185417175,NaN,3.38558292388916,0,|,NaN,4.10867643356323,3.69652223587036,0,|,NaN,4.22020816802979,3.84010481834412,0,|,NaN,4.66674327850342,4.16817665100098,0
23:02:30,|,2.09907341003418,1.96126997470856,1.67605328559875,0,|,3.37722325325012,NaN,2.78725218772888,0,|,3.73110365867615,NaN,3.11282253265381,0,|,NaN,3.91076374053955,3.38537621498108,0,|,NaN,4.00332355499268,3.52383518218994,0,|,NaN,4.39769124984741,3.79854440689087,0
23:07:30,|,2.3872766494751,2.14839673042297,1.82814002037048,0,|,3.73631119728088,NaN,2.98228335380554,0,|,4.12799072265625,NaN,3.46984696388245,0,|,NaN,4.06514406204224,3.66373562812805,0,|,NaN,4.16524076461792,3.84459853172302,0,|,NaN,4.4969801902771,4.17853021621704,0
23:12:30,|,2.88655662536621,2.35744333267212,2.09437656402588,0,|,4.51299953460693,NaN,3.38232755661011,0,|,4.92984867095947,NaN,3.93320059776306,0,|,NaN,4.67117786407471,4.20963716506958,0,|,NaN,4.83558511734009,4.45114135742188,0,|,NaN,5.31957578659058,4.85644292831421,0
23:17:30,|,2.82730579376221,2.35874009132385,2.28855323791504,0,|,4.52235841751099,NaN,3.72651767730713,0,|,4.85948133468628,NaN,4.40248537063599,0,|,NaN,4.71564388275146,4.66446399688721,0,|,NaN,4.82736206054688,4.91290760040283,0,|,NaN,5.34994029998779,5.29292583465576,0
23:22:30,|,2.87838006019592,2.4396231174469,2.34394121170044,0,|,4.60358619689941,NaN,3.76383066177368,0,|,5.45694589614868,NaN,4.45087957382202,0,|,NaN,4.89598989486694,4.71661996841431,0,|,NaN,5.05073165893555,4.99496173858643,0,|,NaN,5.71349811553955,5.43776369094849,0
23:27:30,|,2.79287672042847,2.68763947486877,2.15483331680298,0,|,4.37734174728394,NaN,3.53767824172974,0,|,4.81491565704346,NaN,3.79561734199524,0,|,NaN,5.15190553665161,4.53550577163696,0,|,NaN,5.33905649185181,4.81135082244873,0,|,NaN,5.91515445709229,5.27670621871948,0
23:32:30,|,2.55387330055237,NaN,1.83164668083191,0,|,4.04148817062378,NaN,2.92694783210754,0,|,4.41707324981689,NaN,5.35062646865845,0,|,NaN,NaN,3.62756872177124,0,|,NaN,NaN,3.82170581817627,0,|,NaN,NaN,4.09269571304321,0
23:37:30,|,2.65495157241821,NaN,2.16196990013123,0,|,4.16593599319458,NaN,3.40488696098328,0,|,4.55964612960815,NaN,3.97476983070374,0,|,NaN,NaN,4.31036186218262,0,|,NaN,NaN,4.56953048706055,0,|,NaN,NaN,5.01931142807007,0
23:42:30,|,2.39364337921143,NaN,1.85006999969482,0,|,3.77927374839783,NaN,2.92097592353821,0,|,4.09934616088867,NaN,3.5006000995636,0,|,NaN,NaN,3.73083686828613,0,|,NaN,NaN,3.9245913028717,0,|,NaN,NaN,4.20961904525757,0
23:47:30,|,2.46894669532776,NaN,2.18820595741272,0,|,3.86871957778931,NaN,3.43016028404236,0,|,4.25275993347168,NaN,3.98597455024719,0,|,NaN,NaN,4.15986490249634,0,|,NaN,NaN,4.43164300918579,0,|,NaN,NaN,4.72729063034058,0
23:52:30,|,2.5965633392334,NaN,1.92529666423798,0,|,4.01859188079834,NaN,NaN,0,|,4.37130975723267,NaN,NaN,0,|,NaN,NaN,NaN,0,|,NaN,NaN,NaN,0,|,NaN,NaN,NaN,0
23:57:30,|,2.19478344917297,NaN,1.78027331829071,0,|,3.51094341278076,NaN,NaN,0,|,3.77282404899597,NaN,NaN,0,|,NaN,NaN,NaN,0,|,NaN,NaN,NaN,0,|,NaN,NaN,NaN,0
00:02:30,|,2.24063348770142,NaN,2.11522006988525,0,|,3.56466889381409,NaN,NaN,0,|,3.88764357566833,NaN,NaN,0,|,NaN,NaN,NaN,0,|,NaN,NaN,NaN,0,|,NaN,NaN,NaN,0
00:07:30,|,2.52192664146423,NaN,2.01260662078857,0,|,3.96379470825195,NaN,NaN,0,|,4.25346565246582,NaN,NaN,0,|,NaN,NaN,NaN,0,|,NaN,NaN,NaN,0,|,NaN,NaN,NaN,0
00:12:30,|,2.52377676963806,NaN,2.00354790687561,0,|,4.02284240722656,NaN,NaN,0,|,4.40144538879395,NaN,NaN,0,|,NaN,NaN,NaN,0,|,NaN,NaN,NaN,0,|,NaN,NaN,NaN,0
00:17:30,|,2.32997989654541,NaN,1.98189330101013,0,|,3.72696828842163,NaN,NaN,0,|,4.04775285720825,NaN,NaN,0,|,NaN,NaN,NaN,0,|,NaN,NaN,NaN,0,|,NaN,NaN,NaN,0
00:22:30,|,2.55122995376587,NaN,2.14488673210144,0,|,4.10406255722046,NaN,NaN,0,|,4.49416637420654,NaN,NaN,0,|,NaN,NaN,NaN,0,|,NaN,NaN,NaN,0,|,NaN,NaN,NaN,0
00:27:30,|,2.26870965957642,NaN,1.83721661567688,0,|,3.64613437652588,NaN,NaN,0,|,4.30200242996216,NaN,NaN,0,|,NaN,NaN,NaN,0,|,NaN,NaN,NaN,0,|,NaN,NaN,NaN,0
00:32:30,|,2.56098341941833,NaN,2.21930003166199,0,|,4.25039768218994,NaN,NaN,0,|,4.45711994171143,NaN,NaN,0,|,NaN,NaN,NaN,0,|,NaN,NaN,NaN,0,|,NaN,NaN,NaN,0
00:37:30,|,2.69757342338562,NaN,2.214111328125,0,|,4.38641023635864,NaN,NaN,0,|,4.72913455963135,NaN,NaN,0,|,NaN,NaN,NaN,0,|,NaN,NaN,NaN,0,|,NaN,NaN,NaN,0
00:42:30,|,2.8516366481781,NaN,2.36518001556396,0,|,4.5649881362915,NaN,NaN,0,|,5.02179908752441,NaN,NaN,0,|,NaN,NaN,NaN,0,|,NaN,NaN,NaN,0,|,NaN,NaN,NaN,0
00:47:30,|,2.42395997047424,NaN,2.21844673156738,0,|,3.8687903881073,NaN,NaN,0,|,4.23340559005737,NaN,NaN,0,|,NaN,NaN,NaN,0,|,NaN,NaN,NaN,0,|,NaN,NaN,NaN,0
00:52:30,|,2.53742909431458,NaN,2.19117331504822,0,|,4.09499835968018,NaN,NaN,0,|,4.48308420181274,NaN,NaN,0,|,NaN,NaN,NaN,0,|,NaN,NaN,NaN,0,|,NaN,NaN,NaN,0
00:57:30,|,2.36295342445374,NaN,1.97413671016693,0,|,3.82705330848694,NaN,NaN,0,|,4.18811368942261,NaN,NaN,0,|,NaN,NaN,NaN,0,|,NaN,NaN,NaN,0,|,NaN,NaN,NaN,0
01:02:30,|,2.30170655250549,NaN,2.05482482910156,0,|,3.7482578754425,NaN,NaN,0,|,4.08362913131714,NaN,NaN,0,|,NaN,NaN,NaN,0,|,NaN,NaN,NaN,0,|,NaN,NaN,NaN,0
01:07:30,|,2.26115322113037,NaN,2.0210599899292,0,|,3.62110209465027,NaN,NaN,0,|,3.96926331520081,NaN,NaN,0,|,NaN,NaN,NaN,0,|,NaN,NaN,NaN,0,|,NaN,NaN,NaN,0
01:12:30,|,2.11120676994324,NaN,2.11964654922485,0,|,3.38537621498108,NaN,NaN,0,|,3.68124675750732,NaN,NaN,0,|,NaN,NaN,NaN,0,|,NaN,NaN,NaN,0,|,NaN,NaN,NaN,0
01:17:30,|,2.33336782455444,NaN,1.83726334571838,0,|,3.63297748565674,NaN,NaN,0,|,3.92261481285095,NaN,NaN,0,|,NaN,NaN,NaN,0,|,NaN,NaN,NaN,0,|,NaN,NaN,NaN,0
01:22:30,|,2.34828662872314,NaN,1.93584334850311,0,|,3.73533296585083,NaN,NaN,0,|,4.09957218170166,NaN,NaN,0,|,NaN,NaN,NaN,0,|,NaN,NaN,NaN,0,|,NaN,NaN,NaN,0
01:27:30,|,2.50025343894958,NaN,1.93983662128448,0,|,4.02909994125366,NaN,NaN,0,|,4.41395139694214,NaN,NaN,0,|,NaN,NaN,NaN,0,|,NaN,NaN,NaN,0,|,NaN,NaN,NaN,0
01:32:30,|,2.00744676589966,NaN,2.01886010169983,0,|,3.25708818435669,NaN,NaN,0,|,3.58212995529175,NaN,NaN,0,|,NaN,NaN,NaN,0,|,NaN,NaN,NaN,0,|,NaN,NaN,NaN,0
01:37:30,|,2.22146391868591,NaN,1.97689664363861,0,|,3.64645791053772,NaN,NaN,0,|,4.04951477050781,NaN,NaN,0,|,NaN,NaN,NaN,0,|,NaN,NaN,NaN,0,|,NaN,NaN,NaN,0
01:42:30,|,2.28156995773315,NaN,2.0468065738678,0,|,3.70796489715576,NaN,NaN,0,|,4.02799463272095,NaN,NaN,0,|,NaN,NaN,NaN,0,|,NaN,NaN,NaN,0,|,NaN,NaN,NaN,0
01:47:30,|,2.31123995780945,NaN,1.9800933599472,0,|,3.72421360015869,NaN,NaN,0,|,4.10300159454346,NaN,NaN,0,|,NaN,NaN,NaN,0,|,NaN,NaN,NaN,0,|,NaN,NaN,NaN,0
01:52:30,|,2.29223656654358,NaN,2.33102035522461,0,|,3.76206588745117,NaN,NaN,0,|,4.10452699661255,NaN,NaN,0,|,NaN,NaN,NaN,0,|,NaN,NaN,NaN,0,|,NaN,NaN,NaN,0
01:57:30,|,2.10250329971313,NaN,1.90012335777283,0,|,3.43206858634949,NaN,NaN,0,|,3.73777770996094,NaN,NaN,0,|,NaN,NaN,NaN,0,|,NaN,NaN,NaN,0,|,NaN,NaN,NaN,0
02:02:30,|,2.5519106388092,NaN,2.0565767288208,0,|,4.1608452796936,NaN,NaN,0,|,4.5702691078186,NaN,NaN,0,|,NaN,NaN,NaN,0,|,NaN,NaN,NaN,0,|,NaN,NaN,NaN,0
02:07:30,|,2.2317099571228,NaN,2.02273988723755,0,|,3.62842607498169,NaN,NaN,0,|,3.8761830329895,NaN,NaN,0,|,NaN,NaN,NaN,0,|,NaN,NaN,NaN,0,|,NaN,NaN,NaN,0
02:12:30,|,2.25947666168213,NaN,2.05024671554565,0,|,3.62988114356995,NaN,NaN,0,|,3.98838710784912,NaN,NaN,0,|,NaN,NaN,NaN,0,|,NaN,NaN,NaN,0,|,NaN,NaN,NaN,0
02:17:30,|,2.09440326690674,NaN,1.79111707210541,0,|,3.29114627838135,NaN,NaN,0,|,3.58850502967834,NaN,NaN,0,|,NaN,NaN,NaN,0,|,NaN,NaN,NaN,0,|,NaN,NaN,NaN,0
02:22:30,|,2.14015007019043,NaN,1.74773669242859,0,|,3.37386155128479,NaN,NaN,0,|,3.73299908638,NaN,NaN,0,|,NaN,NaN,NaN,0,|,NaN,NaN,NaN,0,|,NaN,NaN,NaN,0
02:27:30,|,1.86903297901154,NaN,1.48101663589478,0,|,2.95759987831116,NaN,NaN,0,|,3.20916366577148,NaN,NaN,0,|,NaN,NaN,NaN,0,|,NaN,NaN,NaN,0,|,NaN,NaN,NaN,0
02:32:30,|,1.93297338485718,NaN,1.70993328094482,0,|,3.10014963150024,NaN,NaN,0,|,3.48489284515381,NaN,NaN,0,|,NaN,NaN,NaN,0,|,NaN,NaN,NaN,0,|,NaN,NaN,NaN,0
02:37:30,|,2.10150337219238,NaN,1.46942663192749,0,|,3.28231954574585,NaN,NaN,0,|,3.61182427406311,NaN,NaN,0,|,NaN,NaN,NaN,0,|,NaN,NaN,NaN,0,|,NaN,NaN,NaN,0
02:42:30,|,1.62019670009613,NaN,1.37194728851318,0,|,2.63092350959778,NaN,NaN,0,|,2.96226692199707,NaN,NaN,0,|,NaN,NaN,NaN,0,|,NaN,NaN,NaN,0,|,NaN,NaN,NaN,0
02:47:30,|,1.54708671569824,NaN,1.18690001964569,0,|,2.48290920257568,NaN,NaN,0,|,2.80121994018555,NaN,NaN,0,|,NaN,NaN,NaN,0,|,NaN,NaN,NaN,0,|,NaN,NaN,NaN,0
02:52:30,|,1.73984324932098,NaN,1.15808999538422,0,|,2.70339822769165,NaN,NaN,0,|,3.00330877304077,NaN,NaN,0,|,NaN,NaN,NaN,0,|,NaN,NaN,NaN,0,|,NaN,NaN,NaN,0
02:57:30,|,1.47426044940948,NaN,1.18564331531525,0,|,2.39490151405334,NaN,NaN,0,|,2.73859930038452,NaN,NaN,0,|,NaN,NaN,NaN,0,|,NaN,NaN,NaN,0,|,NaN,NaN,NaN,0
03:02:30,|,NaN,NaN,1.27731668949127,0,|,NaN,NaN,NaN,0,|,NaN,NaN,NaN,0,|,NaN,NaN,NaN,0,|,NaN,NaN,NaN,0,|,NaN,NaN,NaN,0
03:07:30,|,NaN,NaN,1.21886622905731,0,|,NaN,NaN,NaN,0,|,NaN,NaN,NaN,0,|,NaN,NaN,NaN,0,|,NaN,NaN,NaN,0,|,NaN,NaN,NaN,0
03:12:30,|,NaN,NaN,1.20430338382721,0,|,NaN,NaN,NaN,0,|,NaN,NaN,NaN,0,|,NaN,NaN,NaN,0,|,NaN,NaN,NaN,0,|,NaN,NaN,NaN,0
03:17:30,|,NaN,NaN,0.858343303203583,0,|,NaN,NaN,NaN,0,|,NaN,NaN,NaN,0,|,NaN,NaN,NaN,0,|,NaN,NaN,NaN,0,|,NaN,NaN,NaN,0
03:22:30,|,NaN,NaN,0.718296647071838,0,|,NaN,NaN,NaN,0,|,NaN,NaN,NaN,0,|,NaN,NaN,NaN,0,|,NaN,NaN,NaN,0,|,NaN,NaN,NaN,0
03:27:30,|,NaN,NaN,0.335063338279724,0,|,NaN,NaN,NaN,0,|,NaN,NaN,NaN,0,|,NaN,NaN,NaN,0,|,NaN,NaN,NaN,0,|,NaN,NaN,NaN,0
03:32:30,|,NaN,NaN,0.640550196170807,0,|,NaN,NaN,NaN,0,|,NaN,NaN,NaN,0,|,NaN,NaN,NaN,0,|,NaN,NaN,NaN,0,|,NaN,NaN,NaN,0
03:37:30,|,NaN,NaN,0.779873311519623,0,|,NaN,NaN,NaN,0,|,NaN,NaN,NaN,0,|,NaN,NaN,NaN,0,|,NaN,NaN,NaN,0,|,NaN,NaN,NaN,0
03:42:30,|,NaN,NaN,0.554303348064423,0,|,NaN,NaN,NaN,0,|,NaN,NaN,NaN,0,|,NaN,NaN,NaN,0,|,NaN,NaN,NaN,0,|,NaN,NaN,NaN,0
03:47:30,|,NaN,NaN,0.504970014095306,0,|,NaN,NaN,NaN,0,|,NaN,NaN,NaN,0,|,NaN,NaN,NaN,0,|,NaN,NaN,NaN,0,|,NaN,NaN,NaN,0
03:52:30,|,NaN,NaN,0.338176667690277,0,|,NaN,NaN,NaN,0,|,NaN,NaN,NaN,0,|,NaN,NaN,NaN,0,|,NaN,NaN,NaN,0,|,NaN,NaN,NaN,0
03:57:30,|,NaN,NaN,0.304141372442245,0,|,NaN,NaN,NaN,0,|,NaN,NaN,NaN,0,|,NaN,NaN,NaN,0,|,NaN,NaN,NaN,0,|,NaN,NaN,NaN,0
04:02:30,|,NaN,NaN,0.443063318729401,0,|,NaN,NaN,NaN,0,|,NaN,NaN,NaN,0,|,NaN,NaN,NaN,0,|,NaN,NaN,NaN,0,|,NaN,NaN,NaN,0
04:07:30,|,NaN,NaN,0.898710012435913,0,|,NaN,NaN,NaN,0,|,NaN,NaN,NaN,0,|,NaN,NaN,NaN,0,|,NaN,NaN,NaN,0,|,NaN,NaN,NaN,0
04:12:30,|,NaN,NaN,1.07627332210541,0,|,NaN,NaN,NaN,0,|,NaN,NaN,NaN,0,|,NaN,NaN,NaN,0,|,NaN,NaN,NaN,0,|,NaN,NaN,NaN,0
04:17:30,|,NaN,NaN,1.14258420467377,0,|,NaN,NaN,NaN,0,|,NaN,NaN,NaN,0,|,NaN,NaN,NaN,0,|,NaN,NaN,NaN,0,|,NaN,NaN,NaN,0
04:22:30,|,NaN,NaN,1.29838335514069,0,|,NaN,NaN,NaN,0,|,NaN,NaN,NaN,0,|,NaN,NaN,NaN,0,|,NaN,NaN,NaN,0,|,NaN,NaN,NaN,0
04:27:30,|,NaN,NaN,1.2582733631134,0,|,NaN,NaN,NaN,0,|,NaN,NaN,NaN,0,|,NaN,NaN,NaN,0,|,NaN,NaN,NaN,0,|,NaN,NaN,NaN,0
04:32:30,|,NaN,NaN,1.29880332946777,0,|,NaN,NaN,NaN,0,|,NaN,NaN,NaN,0,|,NaN,NaN,NaN,0,|,NaN,NaN,NaN,0,|,NaN,NaN,NaN,0
04:37:30,|,NaN,NaN,1.40986669063568,0,|,NaN,NaN,NaN,0,|,NaN,NaN,NaN,0,|,NaN,NaN,NaN,0,|,NaN,NaN,NaN,0,|,NaN,NaN,NaN,0
04:42:30,|,NaN,NaN,1.44293761253357,0,|,NaN,NaN,NaN,0,|,NaN,NaN,NaN,0,|,NaN,NaN,NaN,0,|,NaN,NaN,NaN,0,|,NaN,NaN,NaN,0
04:47:30,|,NaN,NaN,1.3327933549881,0,|,NaN,NaN,NaN,0,|,NaN,NaN,NaN,0,|,NaN,NaN,NaN,0,|,NaN,NaN,NaN,0,|,NaN,NaN,NaN,0
04:52:30,|,NaN,NaN,1.30020332336426,0,|,NaN,NaN,NaN,0,|,NaN,NaN,NaN,0,|,NaN,NaN,NaN,0,|,NaN,NaN,NaN,0,|,NaN,NaN,NaN,0
04:57:30,|,NaN,NaN,1.26924335956573,0,|,NaN,NaN,NaN,0,|,NaN,NaN,NaN,0,|,NaN,NaN,NaN,0,|,NaN,NaN,NaN,0,|,NaN,NaN,NaN,0
05:02:30,|,NaN,NaN,1.24238669872284,0,|,NaN,NaN,NaN,0,|,NaN,NaN,NaN,0,|,NaN,NaN,NaN,0,|,NaN,NaN,NaN,0,|,NaN,NaN,NaN,0
05:07:30,|,NaN,NaN,1.16776263713837,0,|,NaN,NaN,NaN,0,|,NaN,NaN,NaN,0,|,NaN,NaN,NaN,0,|,NaN,NaN,NaN,0,|,NaN,NaN,NaN,0
05:12:30,|,NaN,NaN,1.18578338623047,0,|,NaN,NaN,NaN,0,|,NaN,NaN,NaN,0,|,NaN,NaN,NaN,0,|,NaN,NaN,NaN,0,|,NaN,NaN,NaN,0
05:17:30,|,NaN,NaN,1.33729994297028,0,|,NaN,NaN,NaN,0,|,NaN,NaN,NaN,0,|,NaN,NaN,NaN,0,|,NaN,NaN,NaN,0,|,NaN,NaN,NaN,0
05:22:30,|,NaN,NaN,1.41860997676849,0,|,NaN,NaN,NaN,0,|,NaN,NaN,NaN,0,|,NaN,NaN,NaN,0,|,NaN,NaN,NaN,0,|,NaN,NaN,NaN,0
05:27:30,|,NaN,NaN,1.31181669235229,0,|,NaN,NaN,NaN,0,|,NaN,NaN,NaN,0,|,NaN,NaN,NaN,0,|,NaN,NaN,NaN,0,|,NaN,NaN,NaN,0
05:32:30,|,NaN,NaN,1.06588864326477,0,|,NaN,NaN,NaN,0,|,NaN,NaN,NaN,0,|,NaN,NaN,NaN,0,|,NaN,NaN,NaN,0,|,NaN,NaN,NaN,0
05:37:30,|,NaN,NaN,1.07410669326782,0,|,NaN,NaN,NaN,0,|,NaN,NaN,NaN,0,|,NaN,NaN,NaN,0,|,NaN,NaN,NaN,0,|,NaN,NaN,NaN,0
05:42:30,|,NaN,NaN,0.905799984931946,0,|,NaN,NaN,NaN,0,|,NaN,NaN,NaN,0,|,NaN,NaN,NaN,0,|,NaN,NaN,NaN,0,|,NaN,NaN,NaN,0
05:47:30,|,NaN,NaN,1.12841331958771,0,|,NaN,NaN,NaN,0,|,NaN,NaN,NaN,0,|,NaN,NaN,NaN,0,|,NaN,NaN,NaN,0,|,NaN,NaN,NaN,0
05:52:30,|,NaN,NaN,1.12117671966553,0,|,NaN,NaN,NaN,0,|,NaN,NaN,NaN,0,|,NaN,NaN,NaN,0,|,NaN,NaN,NaN,0,|,NaN,NaN,NaN,0
05:57:30,|,NaN,NaN,1.24992668628693,0,|,NaN,NaN,NaN,0,|,NaN,NaN,NaN,0,|,NaN,NaN,NaN,0,|,NaN,NaN,NaN,0,|,NaN,NaN,NaN,0
06:02:30,|,NaN,NaN,1.3647233247757,0,|,NaN,NaN,NaN,0,|,NaN,NaN,NaN,0,|,NaN,NaN,NaN,0,|,NaN,NaN,NaN,0,|,NaN,NaN,NaN,0
06:07:30,|,NaN,NaN,0.901319980621338,0,|,NaN,NaN,NaN,0,|,NaN,NaN,NaN,0,|,NaN,NaN,NaN,0,|,NaN,NaN,NaN,0,|,NaN,NaN,NaN,0
06:12:30,|,NaN,NaN,0.766886651515961,0,|,NaN,NaN,NaN,0,|,NaN,NaN,NaN,0,|,NaN,NaN,NaN,0,|,NaN,NaN,NaN,0,|,NaN,NaN,NaN,0
06:17:30,|,NaN,NaN,0.681129992008209,0,|,NaN,NaN,NaN,0,|,NaN,NaN,NaN,0,|,NaN,NaN,NaN,0,|,NaN,NaN,NaN,0,|,NaN,NaN,NaN,0
06:22:30,|,NaN,NaN,0.867369115352631,0,|,NaN,NaN,NaN,0,|,NaN,NaN,NaN,0,|,NaN,NaN,NaN,0,|,NaN,NaN,NaN,0,|,NaN,NaN,NaN,0
06:27:30,|,NaN,NaN,0.919396638870239,0,|,NaN,NaN,NaN,0,|,NaN,NaN,NaN,0,|,NaN,NaN,NaN,0,|,NaN,NaN,NaN,0,|,NaN,NaN,NaN,0
06:32:30,|,NaN,NaN,0.684786677360535,0,|,NaN,NaN,NaN,0,|,NaN,NaN,NaN,0,|,NaN,NaN,NaN,0,|,NaN,NaN,NaN,0,|,NaN,NaN,NaN,0
06:37:30,|,NaN,NaN,0.375510007143021,0,|,NaN,NaN,NaN,0,|,NaN,NaN,NaN,0,|,NaN,NaN,NaN,0,|,NaN,NaN,NaN,0,|,NaN,NaN,NaN,0
06:42:30,|,NaN,NaN,0.365343332290649,0,|,NaN,NaN,NaN,0,|,NaN,NaN,NaN,0,|,NaN,NaN,NaN,0,|,NaN,NaN,NaN,0,|,NaN,NaN,NaN,0
06:47:30,|,NaN,NaN,0.123291097581387,0,|,NaN,NaN,NaN,0,|,NaN,NaN,NaN,0,|,NaN,NaN,NaN,0,|,NaN,NaN,NaN,0,|,NaN,NaN,NaN,0
06:52:30,|,NaN,NaN,0.326863318681717,0,|,NaN,NaN,NaN,0,|,NaN,NaN,NaN,0,|,NaN,NaN,NaN,0,|,NaN,NaN,NaN,0,|,NaN,NaN,NaN,0
06:57:30,|,NaN,NaN,0.152820006012917,0,|,NaN,NaN,NaN,0,|,NaN,NaN,NaN,0,|,NaN,NaN,NaN,0,|,NaN,NaN,NaN,0,|,NaN,NaN,NaN,0
07:02:30,|,NaN,NaN,0.307963341474533,0,|,NaN,NaN,NaN,0,|,NaN,NaN,NaN,0,|,NaN,NaN,NaN,0,|,NaN,NaN,NaN,0,|,NaN,NaN,NaN,0
07:07:30,|,0.211352944374084,NaN,0.460696667432785,0,|,0.736674964427948,0.559537768363953,NaN,0,|,0.979961812496185,0.692964196205139,NaN,0,|,NaN,NaN,NaN,0,|,NaN,NaN,NaN,0,|,NaN,NaN,NaN,0
07:12:30,|,0.407263606786728,0.417299836874008,0.356495499610901,0,|,0.82851380109787,0.682121336460114,0.684633493423462,0,|,0.92389851808548,0.851367712020874,0.842651665210724,0,|,0.996680855751038,1.17554903030396,1.1239607334137,0,|,1.13703036308289,1.24502909183502,1.16031014919281,0,|,1.17879903316498,1.46489775180817,1.29004561901093,0
07:17:30,|,0.312595963478088,0.261273324489594,0.259433329105377,0,|,0.764570295810699,0.636434257030487,0.542788028717041,0,|,0.928789973258972,0.754378795623779,0.383497953414917,0,|,1.01062405109406,0.970071732997894,0.95237785577774,0,|,1.18443667888641,1.08085954189301,0.999833166599274,0,|,1.3116682767868,1.31222665309906,1.22726774215698,0
07:22:30,|,0.185125038027763,0.169613867998123,0.107749998569489,0,|,0.297528713941574,0.258475244045258,0.186396658420563,0,|,0.342603176832199,0.339537471532822,0.308476179838181,0,|,0.411757379770279,0.491778165102005,0.283482164144516,0,|,0.576347053050995,0.525832533836365,0.311077862977982,0,|,0.657572984695435,0.631468772888184,0.524467885494232,0
07:27:30,|,0.340115487575531,0.378156661987305,0.252926677465439,0,|,0.502437114715576,0.574231922626495,0.537132084369659,0,|,0.538143813610077,0.752833664417267,0.56353360414505,0,|,0.606477439403534,0.702747404575348,0.53716367483139,0,|,0.70265930891037,0.757160007953644,0.647457897663116,0,|,0.851593494415283,0.895629823207855,0.76632821559906,0
07:32:30,|,0.800440013408661,0.651763319969177,0.47545999288559,0,|,1.21306204795837,0.973146855831146,0.900500416755676,0,|,1.25726461410522,1.14416289329529,0.924034655094147,0,|,1.33031356334686,1.21584618091583,0.950308799743652,0,|,1.46711647510529,1.21467471122742,0.997950792312622,0,|,1.5640629529953,1.35010552406311,1.12629973888397,0
07:37:30,|,0.959079682826996,0.71638548374176,0.647849261760712,0,|,1.58286023139954,1.000079870224,1.07637202739716,0,|,1.72109711170197,1.19862174987793,1.27139472961426,0,|,1.83748209476471,1.35696029663086,1.400883436203,0,|,1.99442684650421,1.38580358028412,1.47720944881439,0,|,2.1351056098938,1.68992102146149,1.60941660404205,0
07:42:30,|,0.918756663799286,0.813343346118927,0.660570025444031,0,|,1.44830787181854,1.21126997470856,1.08447849750519,0,|,1.54671895503998,1.43507850170135,1.22656631469727,0,|,1.61420214176178,1.51133561134338,1.3093409538269,0,|,1.76140403747559,1.53283452987671,1.3553466796875,0,|,1.76433992385864,1.6115950345993,1.45048904418945,0
07:47:30,|,0.810806691646576,0.872709989547729,0.774599969387054,0,|,1.34470582008362,1.26368081569672,1.22522628307343,0,|,1.46268332004547,1.39342522621155,1.40114057064056,0,|,1.54725205898285,1.52822852134705,1.41893517971039,0,|,1.66721928119659,1.5519700050354,1.43717837333679,0,|,1.68314647674561,1.704146027565,1.49765861034393,0
07:52:30,|,0.915173351764679,0.943449974060059,0.840763330459595,0,|,1.51326107978821,1.4545955657959,1.3182897567749,0,|,1.63439619541168,1.61455476284027,1.41380667686462,0,|,1.71639680862427,1.77812600135803,1.4485319852829,0,|,1.84605956077576,1.77326321601868,1.54271471500397,0,|,1.88485562801361,1.87593734264374,1.70456850528717,0
07:57:30,|,0.924946665763855,0.828883349895477,0.868573307991028,0,|,1.47728025913239,1.21631860733032,1.34886336326599,0,|,1.58687138557434,1.35449421405792,1.46250057220459,0,|,1.65809881687164,1.47255861759186,1.51366055011749,0,|,1.79809582233429,1.4733738899231,1.55785346031189,0,|,1.85582196712494,1.5512273311615,1.5593044757843,0
08:02:30,|,0.783084332942963,0.838739573955536,0.747812628746033,0,|,1.16095948219299,1.12997508049011,1.18553948402405,0,|,1.24318695068359,1.21449720859528,1.29479706287384,0,|,1.30813598632813,1.31017780303955,1.35339367389679,0,|,1.39516222476959,1.30233025550842,1.41686379909515,0,|,1.41705095767975,1.40368282794952,1.48548662662506,0
08:07:30,|,0.824959993362427,0.756176650524139,0.763023316860199,0,|,1.31341457366943,1.07741916179657,1.18408918380737,0,|,1.38178658485413,1.22960436344147,1.3388409614563,0,|,1.45961558818817,1.36196947097778,1.36517596244812,0,|,1.55733621120453,1.38425612449646,1.41123628616333,0,|,1.55583429336548,1.49247920513153,1.48673820495605,0
08:12:30,|,0.502629995346069,0.621373355388641,0.657959997653961,0,|,0.880862176418304,0.921015977859497,0.990118026733398,0,|,0.930506467819214,0.964252293109894,1.10223031044006,0,|,0.945104360580444,1.0343234539032,1.10001468658447,0,|,1.0790433883667,1.01780521869659,1.15015256404877,0,|,1.10478460788727,1.03242707252502,1.165363073349,0
08:17:30,|,0.36503666639328,0.522333323955536,0.429133325815201,0,|,0.517631649971008,0.742659330368042,0.641423046588898,0,|,0.532562673091888,0.734401822090149,0.664386570453644,0,|,0.579043507575989,0.856594324111938,0.660815417766571,0,|,0.592496752738953,0.839021623134613,0.738777339458466,0,|,0.632205486297607,0.812506318092346,0.76077264547348,0
08:22:30,|,0.382620006799698,0.286080002784729,0.527069985866547,0,|,0.556920349597931,0.376344233751297,0.799475371837616,0,|,0.530605018138885,0.342732757329941,0.744020164012909,0,|,0.51400887966156,0.486985296010971,0.736518979072571,0,|,0.531558692455292,0.536626100540161,0.846314191818237,0,|,0.487066090106964,0.579112529754639,0.857856392860413,0
08:27:30,|,0.371437132358551,0.233339995145798,0.504331469535828,0,|,0.444240421056747,0.260532319545746,0.769829630851746,0,|,0.48772656917572,0.308213502168655,0.732255101203918,0,|,0.536046862602234,0.301127254962921,0.710772156715393,0,|,0.485973179340363,0.296660155057907,0.763944387435913,0,|,0.54958039522171,0.301496952772141,0.745940446853638,0
08:32:30,|,0.348906666040421,0.369816601276398,0.357829988002777,0,|,0.406040102243423,0.448480039834976,0.490357786417007,0,|,0.404563695192337,0.432841688394547,0.472120046615601,0,|,0.475234657526016,0.443412333726883,0.434282958507538,0,|,0.488911181688309,0.450089156627655,0.376142621040344,0,|,0.510646641254425,0.427139580249786,0.339621245861053,0
08:37:30,|,0.700119972229004,0.554059982299805,0.519649982452393,0,|,0.945164918899536,0.788505375385284,0.757085263729095,0,|,0.940534591674805,0.783129334449768,0.790252685546875,0,|,0.970544517040253,0.826111555099487,0.793065309524536,0,|,1.04594945907593,0.836535096168518,0.86137580871582,0,|,1.08980488777161,0.85188502073288,0.843213856220245,0
08:42:30,|,0.659086644649506,0.863883316516876,0.850086688995361,0,|,0.933619976043701,1.22728502750397,1.32007813453674,0,|,1.01280283927917,1.1239173412323,1.38606202602386,0,|,1.07552897930145,1.35020482540131,1.40924024581909,0,|,1.14131879806519,1.36002552509308,1.49645555019379,0,|,1.17434096336365,1.41040301322937,1.50774085521698,0
08:47:30,|,0.716095387935638,0.6203533411026,0.768126666545868,0,|,1.01069164276123,0.836705923080444,1.19823813438416,0,|,1.0357494354248,0.78640478849411,1.25425255298615,0,|,1.06707763671875,0.933789193630219,1.2645400762558,0,|,1.08002471923828,0.979977309703827,1.35511541366577,0,|,1.0673623085022,1.01422429084778,1.3364622592926,0
08:52:30,|,0.731249988079071,0.77840667963028,0.842240750789642,0,|,1.03824281692505,1.0935173034668,1.24306547641754,0,|,1.05474436283112,1.14498233795166,1.40408396720886,0,|,1.11331641674042,1.25802230834961,1.40828096866608,0,|,1.17626857757568,1.2709254026413,1.43926239013672,0,|,1.17775189876556,1.31461119651794,1.40648114681244,0
08:57:30,|,0.925859987735748,0.836310029029846,0.922296643257141,0,|,1.39728927612305,1.19080889225006,1.26990306377411,0,|,1.48060250282288,1.24060475826263,1.47492802143097,0,|,1.56538093090057,1.34056663513184,1.53850865364075,0,|,1.68342053890228,1.35331511497498,1.60546398162842,0,|,1.67698681354523,1.44327116012573,1.71403658390045,0
09:02:30,|,1.02591335773468,0.820626854896545,0.996926665306091,0,|,1.72115552425385,1.11953353881836,1.41225898265839,0,|,1.83382511138916,1.2502920627594,1.64643597602844,0,|,1.9276430606842,1.39555466175079,1.75724029541016,0,|,2.09390687942505,1.4922651052475,1.74294102191925,0,|,2.15082478523254,1.66310405731201,1.91809797286987,0
09:07:30,|,0.676536679267883,0.744400024414063,0.684418082237244,0,|,1.01537823677063,1.02424108982086,0.906147599220276,0,|,1.05774676799774,1.09463226795197,1.09756970405579,0,|,1.14195537567139,1.14652442932129,1.22660851478577,0,|,1.2619571685791,1.15628886222839,1.2473338842392,0,|,1.28391933441162,1.25262939929962,1.37280070781708,0
09:12:30,|,0.696438789367676,0.68010002374649,NaN,0,|,1.06437468528748,0.877186000347137,NaN,0,|,1.12091600894928,0.946011006832123,NaN,0,|,1.1481876373291,1.03383123874664,NaN,0,|,1.26715707778931,1.11849725246429,NaN,0,|,1.2851437330246,1.17390239238739,NaN,0
09:17:30,|,0.496026664972305,0.727630019187927,NaN,0,|,0.676767587661743,0.864963054656982,NaN,0,|,0.647406041622162,1.15215575695038,NaN,0,|,0.664237499237061,1.05499947071075,NaN,0,|,0.768018484115601,1.09836614131927,NaN,0,|,0.779577553272247,1.2092376947403,NaN,0
09:22:30,|,0.354609996080399,0.777863323688507,NaN,0,|,0.555879294872284,1.33274722099304,NaN,0,|,0.56773167848587,1.42022979259491,NaN,0,|,0.639658689498901,1.24594044685364,NaN,0,|,0.781955242156982,1.28072834014893,NaN,0,|,0.827613592147827,1.38454234600067,NaN,0
09:27:30,|,1.01374995708466,1.06855618953705,NaN,0,|,1.65052223205566,1.56345188617706,NaN,0,|,1.76468980312347,1.79163539409637,NaN,0,|,1.87614619731903,1.97096025943756,NaN,0,|,2.04107713699341,2.04301118850708,NaN,0,|,2.18299722671509,2.15539884567261,NaN,0
09:32:30,|,0.923950016498566,1.06341671943665,NaN,0,|,1.44053745269775,1.56584346294403,NaN,0,|,1.56522083282471,1.75015211105347,NaN,0,|,1.66521215438843,1.90398609638214,NaN,0,|,1.84567987918854,2.05047798156738,NaN,0,|,1.87370634078979,2.17983984947205,NaN,0
09:37:30,|,1.2039213180542,1.28638994693756,NaN,0,|,1.98482203483582,1.83688580989838,NaN,0,|,2.13667321205139,2.05399632453918,NaN,0,|,2.26017594337463,2.21837663650513,NaN,0,|,2.43606233596802,2.33627867698669,NaN,0,|,2.51040816307068,2.52204418182373,NaN,0
09:42:30,|,0.952773332595825,1.09770333766937,NaN,0,|,1.50582802295685,1.60373198986053,NaN,0,|,1.62355804443359,1.82697331905365,NaN,0,|,1.77290403842926,2.08111906051636,NaN,0,|,1.94219934940338,2.22066450119019,NaN,0,|,2.00451254844666,2.42015242576599,NaN,0
09:47:30,|,0.934463322162628,1.30021667480469,NaN,0,|,1.44383358955383,1.87248611450195,NaN,0,|,1.56201136112213,2.14189386367798,NaN,0,|,1.70171844959259,2.28192234039307,NaN,0,|,1.86148655414581,2.42452120780945,NaN,0,|,1.92553532123566,2.55036044120789,NaN,0
09:52:30,|,0.830699980258942,1.10315775871277,NaN,0,|,1.3418607711792,1.45775413513184,NaN,0,|,1.43959367275238,1.7089319229126,NaN,0,|,1.51930594444275,1.76469695568085,NaN,0,|,1.65386044979095,1.92401325702667,NaN,0,|,1.76629388332367,2.16759562492371,NaN,0
09:57:30,|,0.915719985961914,1.1109299659729,NaN,0,|,1.46181833744049,1.54795432090759,NaN,0,|,1.58219349384308,1.80345892906189,NaN,0,|,1.73282527923584,1.88095653057098,NaN,0,|,1.89366209506989,1.99411416053772,NaN,0,|,1.95634782314301,2.07613062858582,NaN,0
10:02:30,|,1.38674890995026,1.07729268074036,NaN,0,|,2.33221960067749,1.60858297348022,NaN,0,|,2.61355757713318,1.79729568958282,NaN,0,|,2.78509044647217,1.89584386348724,NaN,0,|,2.9929187297821,2.02599740028381,NaN,0,|,3.04677414894104,2.09813976287842,NaN,0
10:07:30,|,1.3805433511734,NaN,NaN,0,|,2.31251001358032,NaN,NaN,0,|,2.50544118881226,NaN,NaN,0,|,2.70775818824768,1.52414608001709,NaN,0,|,2.89571666717529,1.5411376953125,NaN,0,|,3.09371662139893,1.70838904380798,NaN,0
10:12:30,|,1.39520335197449,NaN,NaN,0,|,2.33147549629211,NaN,NaN,0,|,2.60187149047852,NaN,NaN,0,|,2.74647688865662,NaN,NaN,0,|,2.95834493637085,NaN,NaN,0,|,2.99476146697998,NaN,NaN,0
10:17:30,|,1.28701663017273,NaN,NaN,0,|,2.16781497001648,NaN,NaN,0,|,2.36344146728516,NaN,NaN,0,|,2.54699730873108,NaN,NaN,0,|,2.72593712806702,NaN,NaN,0,|,2.70648908615112,NaN,NaN,0
10:22:30,|,1.28473663330078,NaN,NaN,0,|,2.19022846221924,NaN,NaN,0,|,2.38194894790649,NaN,NaN,0,|,2.54360103607178,NaN,NaN,0,|,2.697909116745,NaN,NaN,0,|,2.8350191116333,NaN,NaN,0
10:27:30,|,1.13748252391815,NaN,NaN,0,|,1.89785754680634,NaN,NaN,0,|,2.0766167640686,NaN,NaN,0,|,2.18269777297974,NaN,NaN,0,|,2.32147407531738,NaN,NaN,0,|,2.36585569381714,NaN,NaN,0
10:32:30,|,1.39097332954407,NaN,NaN,0,|,2.3179829120636,NaN,NaN,0,|,2.56171774864197,NaN,NaN,0,|,2.74353098869324,NaN,NaN,0,|,2.94083213806152,NaN,NaN,0,|,3.08691716194153,NaN,NaN,0
10:37:30,|,1.30457997322083,NaN,NaN,0,|,2.29395055770874,NaN,NaN,0,|,2.58250641822815,NaN,NaN,0,|,2.80768823623657,NaN,NaN,0,|,2.99683594703674,NaN,NaN,0,|,3.07020044326782,NaN,NaN,0
10:42:30,|,1.39377331733704,NaN,NaN,0,|,2.39927792549133,NaN,NaN,0,|,2.65158033370972,NaN,NaN,0,|,2.81578803062439,NaN,NaN,0,|,3.02276754379272,NaN,NaN,0,|,3.15301489830017,NaN,NaN,0
10:47:30,|,1.64886999130249,NaN,NaN,0,|,2.85137462615967,NaN,NaN,0,|,2.94388699531555,NaN,NaN,0,|,3.41915678977966,NaN,NaN,0,|,3.62723350524902,NaN,NaN,0,|,3.73274540901184,NaN,NaN,0
10:52:30,|,1.32072019577026,NaN,NaN,0,|,2.22844839096069,NaN,NaN,0,|,2.4518187046051,NaN,NaN,0,|,2.67609000205994,NaN,NaN,0,|,2.91501402854919,NaN,NaN,0,|,3.05966114997864,NaN,NaN,0
10:57:30,|,1.43231332302094,NaN,NaN,0,|,2.4466564655304,NaN,NaN,0,|,2.71879434585571,NaN,NaN,0,|,2.90341401100159,NaN,NaN,0,|,3.0907130241394,NaN,NaN,0,|,3.19266128540039,NaN,NaN,0
11:02:30,|,1.63304662704468,NaN,NaN,0,|,2.86537575721741,NaN,NaN,0,|,3.17210817337036,NaN,NaN,0,|,3.42427253723145,NaN,NaN,0,|,3.67675685882568,NaN,NaN,0,|,3.78137683868408,NaN,NaN,0
11:07:30,|,1.26803338527679,NaN,NaN,0,|,2.14849233627319,NaN,NaN,0,|,2.39724326133728,NaN,NaN,0,|,2.57971882820129,NaN,NaN,0,|,2.80755066871643,NaN,NaN,0,|,2.92017531394958,NaN,NaN,0
11:12:30,|,1.4293566942215,NaN,NaN,0,|,2.4883439540863,NaN,NaN,0,|,2.74974846839905,NaN,NaN,0,|,2.95181179046631,NaN,NaN,0,|,3.14274048805237,NaN,NaN,0,|,3.29559874534607,NaN,NaN,0
11:17:30,|,1.91718244552612,NaN,NaN,0,|,3.2603964805603,NaN,NaN,0,|,3.58887195587158,NaN,NaN,0,|,3.82539677619934,NaN,NaN,0,|,4.12041282653809,NaN,NaN,0,|,4.3431339263916,NaN,NaN,0
11:22:30,|,1.7122266292572,NaN,NaN,0,|,3.04098200798035,NaN,NaN,0,|,3.41876268386841,NaN,NaN,0,|,3.67538809776306,NaN,NaN,0,|,4.00669956207275,NaN,NaN,0,|,4.19591808319092,NaN,NaN,0
11:27:30,|,1.53647661209106,NaN,NaN,0,|,2.62961649894714,NaN,NaN,0,|,2.9069082736969,NaN,NaN,0,|,3.10077953338623,NaN,NaN,0,|,3.3429102897644,NaN,NaN,0,|,3.45959901809692,NaN,NaN,0
11:32:30,|,1.24715995788574,NaN,NaN,0,|,2.06495809555054,NaN,NaN,0,|,2.38337063789368,NaN,NaN,0,|,2.67479872703552,NaN,NaN,0,|,2.96720099449158,NaN,NaN,0,|,3.11326503753662,NaN,NaN,0
11:37:30,|,1.35101699829102,NaN,NaN,0,|,2.39125895500183,NaN,NaN,0,|,2.81917309761047,NaN,NaN,0,|,3.02234220504761,NaN,NaN,0,|,3.24909782409668,NaN,NaN,0,|,3.34714436531067,NaN,NaN,0
11:42:30,|,1.46366333961487,NaN,NaN,0,|,2.46809196472168,NaN,NaN,0,|,2.73787546157837,NaN,NaN,0,|,2.9932873249054,NaN,NaN,0,|,3.15969300270081,NaN,NaN,0,|,3.2282817363739,NaN,NaN,0
11:47:30,|,1.16374003887177,NaN,NaN,0,|,1.9937778711319,NaN,NaN,0,|,2.19491386413574,NaN,NaN,0,|,2.33045244216919,NaN,NaN,0,|,2.47919058799744,NaN,NaN,0,|,2.58299469947815,NaN,NaN,0
11:52:30,|,1.19890332221985,NaN,NaN,0,|,2.07291865348816,NaN,NaN,0,|,2.30110359191895,NaN,NaN,0,|,2.45714259147644,NaN,NaN,0,|,2.65691900253296,NaN,NaN,0,|,2.76057291030884,NaN,NaN,0
11:57:30,|,1.22626662254333,NaN,NaN,0,|,2.10429787635803,NaN,NaN,0,|,2.30293917655945,NaN,NaN,0,|,2.44266414642334,NaN,NaN,0,|,2.64836740493774,NaN,NaN,0,|,2.70604467391968,NaN,NaN,0
12:02:30,|,1.42892301082611,NaN,NaN,0,|,2.60957336425781,NaN,NaN,0,|,2.90073204040527,NaN,NaN,0,|,3.12896180152893,NaN,NaN,0,|,3.30548214912415,NaN,NaN,0,|,3.43286061286926,NaN,NaN,0
12:07:30,|,1.48212003707886,NaN,NaN,0,|,2.76270484924316,NaN,NaN,0,|,3.15084838867188,NaN,NaN,0,|,3.40117907524109,NaN,NaN,0,|,3.62612795829773,NaN,NaN,0,|,3.81151914596558,NaN,NaN,0
12:12:30,|,1.72034668922424,NaN,NaN,0,|,3.09298253059387,NaN,NaN,0,|,3.53938865661621,NaN,NaN,0,|,3.8032054901123,NaN,NaN,0,|,4.05406808853149,NaN,NaN,0,|,4.24411821365356,NaN,NaN,0
12:17:30,|,1.66351330280304,NaN,NaN,0,|,3.01676416397095,NaN,NaN,0,|,3.38030219078064,NaN,NaN,0,|,3.64664125442505,NaN,NaN,0,|,3.85725712776184,NaN,NaN,0,|,4.00511932373047,NaN,NaN,0
12:22:30,|,1.3463499546051,NaN,NaN,0,|,2.37727665901184,NaN,NaN,0,|,2.69091033935547,NaN,NaN,0,|,2.8374707698822,NaN,NaN,0,|,3.05935478210449,NaN,NaN,0,|,3.16348886489868,NaN,NaN,0
12:27:30,|,1.56047677993774,NaN,NaN,0,|,2.74707317352295,NaN,NaN,0,|,3.02134704589844,NaN,NaN,0,|,3.22604632377625,NaN,NaN,0,|,3.44969034194946,NaN,NaN,0,|,3.60129499435425,NaN,NaN,0
12:32:30,|,1.59466004371643,NaN,NaN,0,|,2.84056639671326,NaN,NaN,0,|,3.1803982257843,NaN,NaN,0,|,3.36106705665588,NaN,NaN,0,|,3.54242753982544,NaN,NaN,0,|,3.61031675338745,NaN,NaN,0
12:37:30,|,1.10525333881378,NaN,NaN,0,|,1.95028734207153,NaN,NaN,0,|,2.16370463371277,NaN,NaN,0,|,2.26271486282349,NaN,NaN,0,|,2.38772869110107,NaN,NaN,0,|,2.45126914978027,NaN,NaN,0
12:42:30,|,1.52411329746246,NaN,NaN,0,|,2.75928521156311,NaN,NaN,0,|,3.08949303627014,NaN,NaN,0,|,3.31284022331238,NaN,NaN,0,|,3.50877785682678,NaN,NaN,0,|,3.54797744750977,NaN,NaN,0
12:47:30,|,1.60711669921875,NaN,NaN,0,|,2.99772047996521,NaN,NaN,0,|,3.3209183216095,NaN,NaN,0,|,3.55197978019714,NaN,NaN,0,|,3.83215188980103,NaN,NaN,0,|,3.95655965805054,NaN,NaN,0
12:52:30,|,1.24200069904327,NaN,NaN,0,|,2.27231049537659,NaN,NaN,0,|,2.51671600341797,NaN,NaN,0,|,2.70263195037842,NaN,NaN,0,|,2.89623546600342,NaN,NaN,0,|,2.98576688766479,NaN,NaN,0
12:57:30,|,1.42358338832855,NaN,NaN,0,|,2.62596678733826,NaN,NaN,0,|,2.91678953170776,NaN,NaN,0,|,3.11869955062866,NaN,NaN,0,|,3.38226771354675,NaN,NaN,0,|,3.43403601646423,NaN,NaN,0
13:02:30,|,1.54997670650482,NaN,NaN,0,|,2.8770740032196,NaN,NaN,0,|,3.30950856208801,NaN,NaN,0,|,3.60246968269348,NaN,NaN,0,|,3.85943579673767,NaN,NaN,0,|,4.05705308914185,NaN,NaN,0
13:07:30,|,1.32677662372589,NaN,NaN,0,|,2.39706087112427,NaN,NaN,0,|,2.69540548324585,NaN,NaN,0,|,2.91039133071899,NaN,NaN,0,|,3.16079211235046,NaN,NaN,0,|,3.2759006023407,NaN,NaN,0
13:12:30,|,1.62689995765686,NaN,NaN,0,|,2.90531134605408,NaN,NaN,0,|,3.02444672584534,NaN,NaN,0,|,3.52850151062012,NaN,NaN,0,|,3.74860644340515,NaN,NaN,0,|,3.93927478790283,NaN,NaN,0
13:17:30,|,1.33892297744751,NaN,NaN,0,|,2.40929269790649,NaN,NaN,0,|,2.84124159812927,NaN,NaN,0,|,3.00644564628601,NaN,NaN,0,|,3.20841383934021,NaN,NaN,0,|,3.28529500961304,NaN,NaN,0
13:22:30,|,1.32843005657196,NaN,NaN,0,|,2.3642110824585,NaN,NaN,0,|,2.6284511089325,NaN,NaN,0,|,2.94739270210266,NaN,NaN,0,|,3.12170314788818,NaN,NaN,0,|,3.26885509490967,NaN,NaN,0
13:27:30,|,1.39336669445038,NaN,NaN,0,|,2.41831803321838,NaN,NaN,0,|,2.67598152160645,NaN,NaN,0,|,2.8753228187561,NaN,NaN,0,|,3.08082890510559,NaN,NaN,0,|,3.18903684616089,NaN,NaN,0
13:32:30,|,1.14026665687561,NaN,NaN,0,|,2.08146715164185,NaN,NaN,0,|,2.36051440238953,NaN,NaN,0,|,2.56074905395508,NaN,NaN,0,|,2.81360483169556,NaN,NaN,0,|,2.98570799827576,NaN,NaN,0
13:37:30,|,1.25258755683899,NaN,NaN,0,|,2.2461359500885,NaN,NaN,0,|,2.50034046173096,NaN,NaN,0,|,2.68958783149719,NaN,NaN,0,|,2.88266062736511,NaN,NaN,0,|,2.98709940910339,NaN,NaN,0
13:42:30,|,1.26048338413239,NaN,NaN,0,|,2.12057423591614,NaN,NaN,0,|,2.33127975463867,NaN,NaN,0,|,2.5341112613678,NaN,NaN,0,|,2.74443221092224,NaN,NaN,0,|,2.8733446598053,NaN,NaN,0
13:47:30,|,1.48832666873932,NaN,NaN,0,|,2.67548418045044,NaN,NaN,0,|,3.00319576263428,NaN,NaN,0,|,3.34959173202515,NaN,NaN,0,|,3.5814790725708,NaN,NaN,0,|,3.79404187202454,NaN,NaN,0
13:52:30,|,1.33534669876099,NaN,NaN,0,|,2.42376065254211,NaN,NaN,0,|,2.72039222717285,NaN,NaN,0,|,2.91492438316345,NaN,NaN,0,|,3.15174460411072,NaN,NaN,0,|,3.29914999008179,NaN,NaN,0
13:57:30,|,1.50264668464661,NaN,NaN,0,|,2.64467000961304,NaN,NaN,0,|,2.93901944160461,NaN,NaN,0,|,3.15833497047424,NaN,NaN,0,|,3.38085341453552,NaN,NaN,0,|,3.54036474227905,NaN,NaN,0
14:02:30,|,1.37831282615662,NaN,NaN,0,|,2.45757341384888,NaN,NaN,0,|,2.81345272064209,NaN,NaN,0,|,3.0904266834259,NaN,NaN,0,|,3.28772139549255,NaN,NaN,0,|,3.40436792373657,NaN,NaN,0
14:07:30,|,1.1634966135025,NaN,NaN,0,|,2.07696151733398,NaN,NaN,0,|,2.34241962432861,NaN,NaN,0,|,2.55282974243164,NaN,NaN,0,|,2.7274706363678,NaN,NaN,0,|,2.83594822883606,NaN,NaN,0
14:12:30,|,1.34614336490631,NaN,NaN,0,|,2.3581874370575,NaN,NaN,0,|,2.64582777023315,NaN,NaN,0,|,2.85666799545288,NaN,NaN,0,|,3.04018712043762,NaN,NaN,0,|,3.2002866268158,NaN,NaN,0
14:17:30,|,1.09936273097992,NaN,NaN,0,|,1.90312933921814,NaN,NaN,0,|,2.12111759185791,NaN,NaN,0,|,2.28788542747498,NaN,NaN,0,|,2.44000506401062,NaN,NaN,0,|,2.52241373062134,NaN,NaN,0
14:22:30,|,1.58002996444702,NaN,NaN,0,|,2.76358389854431,NaN,NaN,0,|,3.12560224533081,NaN,NaN,0,|,3.37038850784302,NaN,NaN,0,|,3.59711956977844,NaN,NaN,0,|,3.85383725166321,NaN,NaN,0
14:27:30,|,1.39646887779236,NaN,NaN,0,|,2.52392196655273,NaN,NaN,0,|,2.80359601974487,NaN,NaN,0,|,2.99072051048279,NaN,NaN,0,|,3.16485500335693,NaN,NaN,0,|,3.3140344619751,NaN,NaN,0
14:32:30,|,1.56213998794556,NaN,NaN,0,|,2.76206421852112,NaN,NaN,0,|,3.14018678665161,NaN,NaN,0,|,3.39371395111084,NaN,NaN,0,|,3.56673383712769,NaN,NaN,0,|,3.68015480041504,NaN,NaN,0
14:37:30,|,1.7661600112915,NaN,NaN,0,|,2.96714496612549,NaN,NaN,0,|,3.25763916969299,NaN,NaN,0,|,3.43138098716736,NaN,NaN,0,|,3.6483678817749,NaN,NaN,0,|,3.83600878715515,NaN,NaN,0
14:42:30,|,1.55771660804749,NaN,NaN,0,|,2.67587089538574,NaN,NaN,0,|,3.02764248847961,NaN,NaN,0,|,3.28040719032288,NaN,NaN,0,|,3.4843168258667,NaN,NaN,0,|,3.59481620788574,NaN,NaN,0
14:47:30,|,1.70932996273041,NaN,NaN,0,|,2.92296552658081,NaN,NaN,0,|,3.39533805847168,NaN,NaN,0,|,3.70403242111206,NaN,NaN,0,|,3.92269539833069,NaN,NaN,0,|,4.10097122192383,NaN,NaN,0
14:52:30,|,1.58133709430695,NaN,NaN,0,|,2.69259023666382,NaN,NaN,0,|,3.03919839859009,NaN,NaN,0,|,3.33105158805847,NaN,NaN,0,|,3.55090570449829,NaN,NaN,0,|,3.86129665374756,NaN,NaN,0
14:57:30,|,1.13716995716095,NaN,NaN,0,|,2.01474475860596,NaN,NaN,0,|,2.26706552505493,NaN,NaN,0,|,2.45716238021851,NaN,NaN,0,|,2.6564838886261,NaN,NaN,0,|,2.75191617012024,NaN,NaN,0
15:02:30,|,1.24998664855957,NaN,NaN,0,|,2.32158422470093,NaN,NaN,0,|,2.58068037033081,NaN,NaN,0,|,2.77110648155212,NaN,NaN,0,|,2.95316624641418,NaN,NaN,0,|,3.0858895778656,NaN,NaN,0
15:07:30,|,1.48327338695526,NaN,NaN,0,|,2.68900227546692,NaN,NaN,0,|,3.1013298034668,NaN,NaN,0,|,3.39687848091125,NaN,NaN,0,|,3.6636016368866,NaN,NaN,0,|,3.85547637939453,NaN,NaN,0
15:12:30,|,1.68566083908081,NaN,NaN,0,|,3.11521983146667,NaN,NaN,0,|,3.53305721282959,NaN,NaN,0,|,3.77764511108398,NaN,NaN,0,|,3.9951331615448,NaN,NaN,0,|,4.16519403457642,NaN,NaN,0
