CDT_time,bar_fence,u_1_5m_uconv,u_3m_uconv,u_4_5m_uconv,u_6m_uconv,u_10m_uconv,bar_fence_1,u_1_5m_lconv,u_3m_lconv,u_4_5m_lconv,u_6m_lconv,u_8_5m_lconv,u_10m_lconv,u_15m_lconv,u_20m_lconv,bar_fence_2,v_1_5m_uconv,v_3m_uconv,v_4_5m_uconv,v_6m_uconv,v_10m_uconv,bar_fence_3,v_1_5m_lconv,v_3m_lconv,v_4_5m_lconv,v_6m_lconv,v_8_5m_lconv,v_10m_lconv,v_15m_lconv,v_20m_lconv,bar_fence_4,w_1_5m_uconv,w_3m_uconv,w_4_5m_uconv,w_6m_uconv,w_10m_uconv,bar_fence_5,w_1_5m_lconv,w_3m_lconv,w_4_5m_lconv,w_6m_lconv,w_8_5m_lconv,w_10m_lconv,w_15m_lconv,w_20m_lconv,bar_fence_6,tc_1_5m_uconv,tc_3m_uconv,tc_4_5m_uconv,tc_6m_uconv,tc_10m_uconv,bar_fence_7,tc_1_5m_lconv,tc_3m_lconv,tc_4_5m_lconv,tc_6m_lconv,tc_8_5m_lconv,tc_10m_lconv,tc_15m_lconv,tc_20m_lconv,bar_fence_8,w_tc__1_5m_uconv,w_tc__3m_uconv,w_tc__4_5m_uconv,w_tc__6m_uconv,w_tc__10m_uconv,bar_fence_9,w_tc__1_5m_lconv,w_tc__3m_lconv,w_tc__4_5m_lconv,w_tc__6m_lconv,w_tc__8_5m_lconv,w_tc__10m_lconv,w_tc__15m_lconv,w_tc__20m_lconv,bar_fence_10,u_w__1_5m_uconv,u_w__3m_uconv,u_w__4_5m_uconv,u_w__6m_uconv,u_w__10m_uconv,bar_fence_11,u_w__1_5m_lconv,u_w__3m_lconv,u_w__4_5m_lconv,u_w__6m_lconv,u_w__8_5m_lconv,u_w__10m_lconv,u_w__15m_lconv,u_w__20m_lconv,bar_fence_12,v_w__1_5m_uconv,v_w__3m_uconv,v_w__4_5m_uconv,v_w__6m_uconv,v_w__10m_uconv,bar_fence_13,v_w__1_5m_lconv,v_w__3m_lconv,v_w__4_5m_lconv,v_w__6m_lconv,v_w__8_5m_lconv,v_w__10m_lconv,v_w__15m_lconv,v_w__20m_lconv,bar_fence_14,u_1_5m_init,u_3m_init,u_4_5m_init,u_6m_init,u_10m_init,bar_fence_15,u_1_5m_rel,u_3m_rel,u_4_5m_rel,u_6m_rel,u_8_5m_rel,u_10m_rel,u_15m_rel,u_20m_rel,bar_fence_16,v_1_5m_init,v_3m_init,v_4_5m_init,v_6m_init,v_10m_init,bar_fence_17,v_1_5m_rel,v_3m_rel,v_4_5m_rel,v_6m_rel,v_8_5m_rel,v_10m_rel,v_15m_rel,v_20m_rel,bar_fence_18,w_1_5m_init,w_3m_init,w_4_5m_init,w_6m_init,w_10m_init,bar_fence_19,w_1_5m_rel,w_3m_rel,w_4_5m_rel,w_6m_rel,w_8_5m_rel,w_10m_rel,w_15m_rel,w_20m_rel,bar_fence_20,tc_1_5m_init,tc_3m_init,tc_4_5m_init,tc_6m_init,tc_10m_init,bar_fence_21,tc_1_5m_rel,tc_3m_rel,tc_4_5m_rel,tc_6m_rel,tc_8_5m_rel,tc_10m_rel,tc_15m_rel,tc_20m_rel,bar_fence_22,w_tc__1_5m_init,w_tc__3m_init,w_tc__4_5m_init,w_tc__6m_init,w_tc__10m_init,bar_fence_23,w_tc__1_5m_rel,w_tc__3m_rel,w_tc__4_5m_rel,w_tc__6m_rel,w_tc__8_5m_rel,w_tc__10m_rel,w_tc__15m_rel,w_tc__20m_rel,bar_fence_24,u_w__1_5m_init,u_w__3m_init,u_w__4_5m_init,u_w__6m_init,u_w__10m_init,bar_fence_25,u_w__1_5m_rel,u_w__3m_rel,u_w__4_5m_rel,u_w__6m_rel,u_w__8_5m_rel,u_w__10m_rel,u_w__15m_rel,u_w__20m_rel,bar_fence_26,v_w__1_5m_init,v_w__3m_init,v_w__4_5m_init,v_w__6m_init,v_w__10m_init,bar_fence_27,v_w__1_5m_rel,v_w__3m_rel,v_w__4_5m_rel,v_w__6m_rel,v_w__8_5m_rel,v_w__10m_rel,v_w__15m_rel,v_w__20m_rel,bar_fence_28,u_u__1_5m_init,u_u__3m_init,u_u__4_5m_init,u_u__6m_init,u_u__10m_init,bar_fence_29,u_u__1_5m_rel,u_u__3m_rel,u_u__4_5m_rel,u_u__6m_rel,u_u__8_5m_rel,u_u__10m_rel,u_u__15m_rel,u_u__20m_rel,bar_fence_30,u_u__1_5m_uconv,u_u__3m_uconv,u_u__4_5m_uconv,u_u__6m_uconv,u_u__10m_uconv,bar_fence_31,u_u__1_5m_lconv,u_u__3m_lconv,u_u__4_5m_lconv,u_u__6m_lconv,u_u__8_5m_lconv,u_u__10m_lconv,u_u__15m_lconv,u_u__20m_lconv,bar_fence_32,v_v__1_5m_init,v_v__3m_init,v_v__4_5m_init,v_v__6m_init,v_v__10m_init,bar_fence_33,v_v__1_5m_rel,v_v__3m_rel,v_v__4_5m_rel,v_v__6m_rel,v_v__8_5m_rel,v_v__10m_rel,v_v__15m_rel,v_v__20m_rel,bar_fence_34,v_v__1_5m_uconv,v_v__3m_uconv,v_v__4_5m_uconv,v_v__6m_uconv,v_v__10m_uconv,bar_fence_35,v_v__1_5m_lconv,v_v__3m_lconv,v_v__4_5m_lconv,v_v__6m_lconv,v_v__8_5m_lconv,v_v__10m_lconv,v_v__15m_lconv,v_v__20m_lconv,bar_fence_36,w_w__1_5m_init,w_w__3m_init,w_w__4_5m_init,w_w__6m_init,w_w__10m_init,bar_fence_37,w_w__1_5m_rel,w_w__3m_rel,w_w__4_5m_rel,w_w__6m_rel,w_w__8_5m_rel,w_w__10m_rel,w_w__15m_rel,w_w__20m_rel,bar_fence_38,w_w__1_5m_uconv,w_w__3m_uconv,w_w__4_5m_uconv,w_w__6m_uconv,w_w__10m_uconv,bar_fence_39,w_w__1_5m_lconv,w_w__3m_lconv,w_w__4_5m_lconv,w_w__6m_lconv,w_w__8_5m_lconv,w_w__10m_lconv,w_w__15m_lconv,w_w__20m_lconv
19:02:30,|,0.348754197,0.537698925,0.559483349,0.581162333,0.439493984,|,0.451603711,0.53193295,0.687518537,0.750277817,0.72177124,0.649109602,0.557114363,0.4335666,|,-0.221189618,-0.114851102,0.048415564,0.024577998,-0.012437721,|,-0.067762926,0.126529142,0.152079567,0.189969644,0.214509204,0.045132525,-0.150472403,-0.125380918,|,-0.003702452,0.012945659,0.06230659,0.023135746,0.036050621,|,-0.014997954,-0.005579289,0.021737939,0.039297499,0.053768795,0.022416268,0.011454423,0.026682509,|,13.82900906,13.92362118,13.36056328,14.26560307,13.87218475,|,13.71831608,13.36828709,12.14217663,13.65065479,12.8755331,13.44571495,13.50429058,14.39795113,|,-0.001147992,-0.001719676,0.00147428,0.001092186,-0.000705383,|,-0.000441212,-0.000636079,-0.000678821,-0.000347518,-0.000332061,-0.00075413,0.000162637,-0.000168482,|,-0.001550175,-0.001774027,0.000754766,0.000375943,0.000644229,|,-0.0005191,-0.00131522,-0.001284891,-0.000523053,0.000264346,0.001232153,-0.00052154,0.000751177,|,-0.001205129,-0.001831687,0.001554751,0.001139257,0.000523026,|,-0.000355403,0.001875227,0.001795863,0.001186187,0.002064262,0.002764029,0.00094689,0.000336426,|,0.441303819,0.63180691,0.70862335,0.752656937,0.554363847,|,0.496565193,0.656683505,0.653016329,0.629762888,0.5758816,0.399875909,0.271232277,0.297618419,|,0.118534453,0.163630277,0.236646205,0.257213533,0.175917521,|,-0.173697099,-0.093427204,0.077608228,0.157580793,0.037877951,-0.06047336,-0.116504766,0.0360418,|,-0.007362329,0.007058518,0.023478078,0.047420651,0.041906651,|,9.16E-05,-0.011444893,-0.031037921,-0.020907249,-0.005713226,-0.006842912,0.004160136,-0.006966219,|,13.2111721,13.53275681,13.45078087,13.91177845,13.67540646,|,13.5245409,13.54675102,13.19970798,14.30402946,13.51584148,14.09385777,13.77272224,14.72750187,|,-0.001239898,-0.001466982,0.000286939,0.001668891,0.001371692,|,-0.000652407,-0.00179424,-0.005731487,-0.000673144,-0.000652068,0.001114577,0.000958295,-0.000150998,|,-0.002409387,-0.002417083,2.63E-05,0.000678645,-3.96E-05,|,0.000107572,0.001819377,0.002364105,0.000561349,0.000453368,-0.000579028,-0.000762443,-0.001463839,|,0.000108389,-0.000138793,-0.00012354,0.00085661,0.00037855,|,-0.000342815,-0.002595507,-0.001492064,-0.000619724,0.000548216,0.000772887,0.000615623,-0.000502907,|,0.031199232,0.019664198,0.007571248,0.001582455,0.002047787,|,0.006231388,0.012094791,0.012937655,0.01935441,0.025259394,0.019463105,0.00458559,0.006760457,|,0.011040819,0.013846358,0.004674769,0.004749097,0.010549299,|,0.013831804,0.017721185,0.017884571,0.009689522,0.007581671,0.016833026,0.013833226,0.008943059,|,0.003669234,0.002908313,0.001176679,0.003264767,0.003108608,|,0.008652187,0.010688111,0.015962994,0.013658092,0.007155192,0.012195332,0.005130261,0.003367152,|,0.020440677,0.044419806,0.05107021,0.026997792,0.00407727,|,0.027806999,0.016708134,0.011376659,0.018924277,0.02906852,0.018954093,0.005937307,0.004346932,|,0.000572405,0.000804771,0.000670929,0.000787205,0.00101248,|,0.001741611,0.003743964,0.004265689,0.002713397,0.002167688,0.002045943,0.001154143,0.001034519,|,0.001282757,0.001216135,0.001526511,0.002215066,0.001490583,|,0.00126517,0.001565692,0.001156354,0.000946291,0.001359686,0.001230969,0.001062121,0.001608835
19:07:30,|,0.455238432,0.593930185,0.661829472,0.676969886,0.56191653,|,0.366538644,0.328139305,0.457440794,0.631275177,0.759818494,0.807184875,0.687512934,0.544729292,|,-0.174621224,-0.096614778,0.051415019,0.030944146,0.053222608,|,-0.074406132,0.165238023,0.316877425,0.472699523,0.54259932,0.425790429,0.107170597,0.107644394,|,-0.01569058,0.000153318,0.054361891,0.013917919,0.043343805,|,0.007586925,0.016467543,0.051716957,0.073780797,0.109627299,0.078915827,0.034642443,0.02858828,|,13.71191406,13.76880646,13.21006393,14.25827312,13.88500023,|,13.61732292,13.24891853,11.91657543,13.39510441,12.62976837,13.16995335,13.4819355,14.4607687,|,-0.000721641,-0.000584224,8.44E-05,-0.00424834,-1.91E-05,|,0.000188809,-1.68E-05,-0.000381014,-0.00137719,-0.002619056,-0.001485361,-0.000705965,-9.43E-05,|,-0.004133511,-0.003339916,-0.00173774,-0.002430739,0.000173726,|,-0.000778967,-0.001077384,-0.000343409,-0.001194264,-0.000707391,0.001249464,0.000806141,-0.000447233,|,-0.001330001,-0.000743659,-0.0023798,-0.002950899,0.000334974,|,-0.000612168,8.14E-05,-2.87E-05,-0.000571034,0.00199735,0.001903198,0.001060255,-0.000225631,|,0.432887375,0.620036185,0.704376817,0.752318442,0.680968761,|,0.403399378,0.664958775,0.931237936,1.006908059,1.027083039,0.91432929,0.674990833,0.562417746,|,0.495968759,0.420658469,0.444037944,0.48826918,0.446869195,|,0.014208145,0.099748626,0.323862731,0.402791113,0.249692842,0.282949984,0.134420618,0.223864138,|,-0.001219794,0.019189697,0.012833302,0.024095062,0.014691919,|,0.000367847,-0.023752045,-0.034277983,-0.025296593,-0.010967452,-0.00414031,-0.008874346,-0.012387887,|,13.2676363,13.64856911,13.69887447,14.10824108,13.84536743,|,13.28629684,13.33099461,13.09375954,14.2378521,13.37682152,13.97431755,13.7139883,14.73008823,|,-0.002432319,-0.001771686,-0.001055362,-0.001305234,-0.00149331,|,-0.000876038,-0.00070037,0.000208986,0.001009838,0.002369585,0.001331852,0.000138131,-0.000273491,|,-0.001823885,-0.001294049,-0.000103457,8.27E-05,-0.000978632,|,-0.001229551,-0.001597852,0.000750822,0.001276645,0.002248998,0.001190871,0.000332878,-0.000583711,|,-0.00155057,-0.000805514,-0.000840067,-0.000703301,-0.001937576,|,-0.000301273,-0.001220417,0.001813971,0.001010368,0.002214783,0.000633202,0.000472223,-0.000720109,|,0.02514871,0.007907364,0.00142826,0.002224072,0.004991055,|,0.014367404,0.023173342,0.009486463,0.02711547,0.019127728,0.01215372,0.022564953,0.030220333,|,0.049657762,0.044313353,0.021484088,0.009671657,0.003391045,|,0.012623331,0.011661021,0.010757625,0.010299982,0.005536431,0.006857378,0.008324578,0.012009481,|,0.026584238,0.006963153,0.003504446,0.003551862,0.007976263,|,0.005021949,0.018844591,0.036553383,0.047145326,0.024056578,0.004473004,0.01794401,0.065188773,|,0.015199991,0.009221529,0.02141498,0.027642181,0.008139381,|,0.007217058,0.012498369,0.015472805,0.012120861,0.006446578,0.008985357,0.00622731,0.005229967,|,0.001210686,0.000626458,0.000685532,0.000874459,0.001150938,|,0.001818517,0.002426442,0.000891544,0.00055732,0.000873837,0.000681979,0.00046954,0.000460084,|,0.001797084,0.001854646,0.002481618,0.004352247,0.002809042,|,0.002118878,0.003101137,0.002862426,0.002100015,0.0018296,0.001007096,0.00049772,0.000785744
19:12:30,|,0.132170603,0.047128048,0.026957782,0.183804959,0.651103437,|,0.33096236,0.318006188,0.419046879,0.517741382,0.614397585,0.764746726,0.919453084,0.789211929,|,-0.186858982,-0.069240019,0.126305535,0.149384916,0.250111312,|,-0.281027675,-0.176681057,-0.151245654,-0.04162566,0.168752804,0.273707986,0.082759909,0.233666375,|,-0.019052574,-0.010089582,0.018459391,-0.015820209,0.019436531,|,-0.009944724,-0.004611537,0.01698548,0.043060523,0.06078982,0.061293043,0.041843049,0.049883455,|,13.72857475,13.7766571,13.13780308,13.95119858,13.58626556,|,13.70312119,13.29601574,11.94533825,13.35453129,12.48686028,12.97720718,13.51025295,14.48353291,|,0.00055169,-0.0001757,-0.00099841,-0.001875568,0.002246285,|,-0.000124167,4.02E-05,0.000147415,0.00032248,0.001183825,0.00012146,8.12E-05,-0.000151415,|,-0.001015713,-3.13E-05,0.001248974,-0.000480627,-0.000982836,|,-0.00081781,-0.000991926,-0.000701519,-0.000916185,0.000976832,-0.000251718,0.000147413,0.000471738,|,-0.001578625,-0.001369684,8.52E-05,0.000320005,-0.002085407,|,-0.001104426,-0.001202934,0.000381718,-0.001098883,0.001414576,8.91E-05,-3.47E-05,-0.000798091,|,0.54499799,0.669619858,0.727773011,0.829054296,0.716482043,|,0.481941015,0.613367736,0.801424623,0.999495745,0.995590031,0.861384153,0.751087964,0.713122249,|,0.449329227,0.43518424,0.41813916,0.390173405,0.416177332,|,-0.093284748,0.056515377,0.324508816,0.436161369,0.288305402,0.339575201,0.482456416,0.6860829,|,-0.0265228,-0.009330394,-0.013102088,-0.00307541,-0.008038215,|,0.000732166,-0.00899999,-0.023338947,-0.026695309,-0.015568672,-0.007717788,-0.004991916,-0.028410025,|,13.39508724,13.60396671,13.41814804,13.91749096,13.95407772,|,13.27100563,13.37168694,13.18781853,14.54456329,13.78481483,14.2852726,13.99316978,14.92786407,|,-0.000374936,-0.000149358,-4.21E-05,-9.54E-05,5.66E-05,|,-0.000453329,-0.001148282,-0.000288788,0.00051846,0.000103157,0.000221361,0.000877135,0.000939282,|,-0.000242853,-0.000124427,-0.0001578,-0.000111125,0.000259828,|,-6.21E-05,-0.000791205,-0.000440009,-0.000111012,-0.000253647,-0.000502469,-0.000240747,-0.000414147,|,2.98E-05,0.000418232,0.000230819,0.000286969,3.30E-05,|,-0.000356929,-0.001120637,-0.000144559,-0.00030773,8.22E-05,0.000105528,0.003142475,0.002130334,|,0.003803407,0.004843215,0.003794878,0.003546325,0.002311502,|,0.003033222,0.00572283,0.014596143,0.010912011,0.005274355,0.004840574,0.001004474,0.001691763,|,0.005996903,0.005638753,0.008980685,0.009107075,0.022313915,|,0.008621519,0.009681229,0.01093128,0.013721055,0.013496434,0.004249059,0.004178079,0.003599102,|,0.004942236,0.008710231,0.004678837,0.003482186,0.002414298,|,0.004271435,0.007214928,0.01212001,0.005852789,0.002628987,0.004425392,0.044203069,0.030458394,|,0.011000311,0.010306569,0.007078339,0.005790484,0.005874171,|,0.007671403,0.021615783,0.039029557,0.040693227,0.02937826,0.003148588,0.002385273,0.015870882,|,0.000570553,0.000492628,0.000620945,0.000643688,0.000852318,|,0.000664046,0.001656176,0.000708338,0.000366661,0.000372064,0.000415918,0.00076304,0.001111145,|,0.000711635,0.000966994,0.001371142,0.003976618,0.00648269,|,0.002267119,0.0030654,0.003273762,0.003290366,0.003077407,0.001525096,0.00075864,0.000731897
19:17:30,|,0.134645045,0.113229774,0.035481315,0.040877361,0.386667222,|,0.400343269,0.386744946,0.431825548,0.496410221,0.555823326,0.580989838,0.709014237,0.745691538,|,-0.405232757,-0.308281839,-0.14823921,-0.055209231,0.310053259,|,-0.433122009,-0.321976483,-0.277066559,-0.097875185,0.13807036,0.191369176,0.13557224,0.42746523,|,0.014292661,0.025481867,0.061912734,0.013612392,-0.024958333,|,-0.020023983,-0.040735148,-0.030321145,-0.043982573,-0.046599396,-0.047072265,-0.005905379,0.013392852,|,13.75461292,13.8281517,13.15883827,13.90332222,13.34881783,|,13.74813557,13.30145931,11.91993237,13.30481529,12.42457771,12.81163597,13.41942787,14.62543106,|,-0.000214288,-0.000199893,-0.000818544,-0.000376554,-0.001644012,|,-0.000802406,4.93E-05,6.70E-05,-0.000825241,-0.002256346,-0.001893045,0.002340478,-0.000386564,|,5.64E-05,0.000237736,-0.000944471,-0.000357131,-0.001001919,|,-0.001738022,-0.001546575,-0.001176794,-0.000899455,-0.000458621,0.001096118,0.001481803,0.00019007,|,0.000353638,-0.000116513,-0.000313736,-0.001932202,-0.001086265,|,-0.001199246,-0.002261997,-0.003732361,-0.005725488,-0.006012341,-0.002031247,-0.000754949,-0.000939402,|,0.508325279,0.637940586,0.626661479,0.73050493,0.649150848,|,0.539801478,0.649144471,0.677122235,0.849814415,0.984479189,0.851105571,0.723917246,0.643982887,|,0.278245509,0.296168864,0.361711353,0.437334418,0.514799833,|,-0.147931859,-0.046955265,0.205038562,0.341887504,0.214759424,0.370079935,0.691459119,0.853179693,|,-0.023699196,-0.010499312,-0.00970656,0.001150567,-0.001487421,|,0.002549022,-0.015485102,-0.034609813,-0.036609631,-0.024865795,-0.012573524,0.005693898,-0.030249603,|,13.28437519,13.56396008,13.40080643,13.90949631,14.09079075,|,13.41174507,13.45645332,13.190238,14.40780735,13.69378757,14.32657337,14.18232059,15.0997982,|,-0.000298078,-0.000176601,-0.000126494,-2.98E-05,-0.000298392,|,-0.0002764,-0.000332089,-0.00167225,-0.001750924,-0.001308686,-0.000681514,-0.000487671,-0.000451272,|,-0.000139381,-9.93E-05,0.000487282,0.000357215,0.000153798,|,-0.000155193,0.000208958,-0.000543521,-0.001089767,-3.43E-05,0.00034362,0.000182988,0.000249125,|,-0.000113987,-4.12E-05,-4.66E-05,5.75E-05,-0.000435539,|,1.51E-05,-0.000574752,-0.000931246,-0.000513891,0.000239205,-0.000212116,-0.00034855,-0.000401225,|,0.002798984,0.002975838,0.003635475,0.004842298,0.003942748,|,0.001720726,0.002034351,0.002880094,0.006468816,0.005158395,0.002752983,0.003338773,0.009062288,|,0.001903595,0.004563206,0.008418498,0.010050343,0.010990693,|,0.009942248,0.007863916,0.008644692,0.007400277,0.005916837,0.006957447,0.018069893,0.002064938,|,0.004100678,0.000670689,0.000747703,0.001248107,0.002880034,|,0.001981474,0.003990669,0.005698655,0.007297489,0.001586985,0.001843507,0.003978686,0.006690952,|,0.002989816,0.004822638,0.005389693,0.010163806,0.013196054,|,0.00713969,0.006608884,0.009732269,0.012297289,0.013696196,0.005282635,0.00852201,0.010048456,|,0.000261289,0.000300193,0.000437477,0.000544383,0.001288136,|,0.000401362,0.000706275,0.000908924,0.001044336,0.00092111,0.000994981,0.001329483,0.002774786,|,0.000933528,0.001267887,0.002387726,0.003773309,0.003715155,|,0.004879694,0.005312382,0.005954497,0.006191378,0.006568169,0.003172336,0.000790699,0.001080251
19:22:30,|,0.157295614,0.139325902,0.080629602,0.106899567,0.219166234,|,0.351322979,0.381924272,0.490812868,0.587538838,0.618403137,0.579420447,0.688895881,0.773560762,|,-0.110555299,-0.124618113,-0.014712065,-0.067077495,0.10986983,|,-0.320227385,-0.175153941,-0.103756912,0.082917459,0.322971165,0.365212321,0.285109192,0.575538635,|,-0.021238195,-0.013272876,0.024961691,-0.005501787,0.031614609,|,-0.005336374,-0.026287541,-0.018648494,-0.021299969,-0.010610092,-0.01729182,0.018531013,0.008119276,|,13.75611591,13.79696941,13.11318111,13.85969257,13.19367599,|,13.73548698,13.29843712,11.91281605,13.35143185,12.63004398,13.06503391,13.34021473,14.70151043,|,-3.45E-05,-0.000256557,0.0001876,7.56E-05,0.000760817,|,-0.000692478,-0.000159061,-0.001094345,-0.002099753,0.003237035,0.003731839,0.003876361,-0.000211099,|,-0.000695357,-0.000125755,0.000798076,0.000579444,0.00285188,|,-0.002000402,-0.002081393,-0.001821537,-0.000609756,0.002028105,0.001398566,0.001595142,-0.000563042,|,-0.00207532,-0.003168439,-0.002144411,-0.00066254,-0.002950752,|,-0.001024349,-0.00238719,-0.002896953,-0.002421079,0.002099374,0.002461464,-0.000259493,-0.000539341,|,0.638810098,0.772257626,0.803828239,0.972889781,0.920707345,|,0.661600292,0.759688497,0.712076604,0.816762567,0.976156831,0.923880994,0.830892742,0.710854173,|,0.354264706,0.3930085,0.425718337,0.449696124,0.505015433,|,-0.130299598,-0.048673607,0.182560414,0.364914238,0.268262327,0.467588753,0.846889138,0.997191668,|,-0.030460952,-0.016195128,-0.017712001,-0.008878138,0.00010506,|,0.003145993,-0.001094465,-0.019801358,-0.014335549,0.00031247,0.026957067,0.049953159,0.028838836,|,13.31525803,13.6186676,13.41997147,13.84847927,13.84703445,|,13.37026215,13.39726353,13.08014393,14.34157562,13.50375748,14.24158478,14.12511349,15.07000542,|,-0.00042872,-6.51E-05,2.48E-05,0.000144985,-6.40E-05,|,-0.000158379,-5.06E-05,0.000117067,4.04E-05,0.000279616,0.000903679,-0.000432508,-0.000213546,|,-0.000302724,-0.000221207,-0.000114693,-6.52E-05,-0.000277242,|,-0.000167106,-8.15E-05,-0.00019396,-0.000368445,-0.000152744,0.000381816,0.001017671,0.000920302,|,-6.75E-05,-9.99E-05,7.73E-05,0.000304321,0.000115342,|,3.75E-05,-0.000155184,8.57E-05,7.31E-05,0.000366488,0.001704238,0.00079273,0.000554798,|,0.002035092,0.004259481,0.008409305,0.00832227,0.020701572,|,0.002870804,0.003051133,0.00307932,0.004075174,0.003017864,0.001743742,0.003830133,0.007977719,|,0.002168911,0.004724184,0.007047469,0.004229134,0.016603708,|,0.007635934,0.009107366,0.009393829,0.006961708,0.003087147,0.002671212,0.011800875,0.00294196,|,0.002065408,0.001758555,0.003983374,0.004944245,0.003696683,|,0.001352511,0.002804235,0.00336528,0.000926271,0.003520978,0.011530586,0.00409162,0.004376545,|,0.01607166,0.010696353,0.010600827,0.010988087,0.007182902,|,0.005816597,0.011281242,0.015122611,0.013155064,0.011863544,0.008861305,0.004897554,0.005363928,|,0.000280931,0.000189977,0.000325672,0.000371798,0.000645879,|,0.000338688,0.000387107,0.000343365,0.000285442,0.000401465,0.00084879,0.000929378,0.000845334,|,0.001261611,0.002474237,0.00265863,0.00334718,0.007735171,|,0.003728793,0.004995417,0.004577865,0.005705431,0.00353889,0.002129308,0.002021202,0.000853292
19:27:30,|,0.192648426,0.195430309,0.208287016,0.241674036,0.321892679,|,0.539250314,0.544147193,0.62011987,0.728381395,0.799795926,0.790730059,0.990932345,1.013149977,|,-0.25130114,-0.246076688,-0.177932203,-0.262051135,0.007183786,|,-0.442065328,-0.368736118,-0.337570578,-0.189377472,0.122811578,0.2889961,0.248858541,0.50895673,|,-0.02886143,-0.017406153,0.009248156,-0.032215018,-0.000917341,|,-0.000105504,0.003892958,0.027210563,0.049786154,0.055082615,0.051562548,0.041755624,0.04581495,|,13.76786423,13.72654343,13.00993919,13.7713995,13.23189449,|,13.69948864,13.30320358,11.92882061,13.31929588,12.49241924,13.01540089,13.45402336,14.74559593,|,-0.000271595,-0.000420314,-0.000201098,-0.000920277,-0.003518394,|,-0.000775125,0.000735725,0.001410289,0.000751696,-0.001774602,-0.000962966,-0.000357757,-1.12E-05,|,-0.001517842,-0.000640514,-0.00115346,-0.002269623,-0.005544085,|,-0.000963612,-0.002127452,-0.002791696,-0.001571154,-0.000476152,0.001267768,0.000520863,0.000655915,|,-0.000641569,-0.000967016,-0.001173433,-0.000254148,-0.002725054,|,0.000653647,-0.000999737,-0.002897496,-0.004481985,-0.002780866,-0.000572183,-7.34E-05,-3.81E-05,|,0.77154851,1.011295438,1.189469576,1.332725883,1.163377881,|,0.742661297,0.929119229,1.067649603,1.215815425,1.371129394,1.304154158,1.175872445,1.119713545,|,0.17271249,0.146366328,0.202637121,0.263090223,0.406574488,|,-0.111265354,-0.037871037,0.203014225,0.352842987,0.229408562,0.344212383,0.590145111,0.796095848,|,-0.02934099,-0.024516709,0.003263226,0.022137376,0.03248952,|,-0.004713158,-0.020864051,-0.04756147,-0.041437265,-0.023214784,-0.002362106,0.003138261,-0.038467448,|,13.48449802,13.72028732,13.66113663,14.16476631,13.97539616,|,13.32213402,13.36204052,13.08962154,14.27817917,13.4966116,14.17786026,14.01494122,15.00751114,|,-0.001069093,-0.001002209,0.00015694,0.000816189,0.001128721,|,-0.000760399,-0.000541069,-0.000664669,-0.000808834,-0.000162155,0.000993372,0.000562742,0.000555634,|,-0.001417683,-0.001331445,0.000138088,0.001248297,0.001902695,|,-0.000510736,-0.000731925,-0.000863854,-0.001387239,-0.000968599,-0.003744643,-0.003244706,-0.00524381,|,-0.000274067,-7.06E-05,-0.000324461,-3.74E-05,0.000132385,|,-0.001236424,-0.001700985,-0.000632994,-0.000759053,-0.000108312,0.001174287,0.002123762,0.001716183,|,0.007705917,0.014317029,0.018517712,0.013340564,0.009950345,|,0.008804492,0.019800264,0.019696968,0.02908705,0.023452338,0.037554387,0.01241796,0.017116595,|,0.008201201,0.011430716,0.01922299,0.020202843,0.062857836,|,0.014641432,0.015566643,0.013790295,0.016313307,0.008914519,0.008806261,0.008089295,0.016225396,|,0.005933661,0.007301604,0.00216279,0.002160515,0.004403082,|,0.013470108,0.01749422,0.020336714,0.009850333,0.001596434,0.005193015,0.007564648,0.004463016,|,0.005080126,0.00428225,0.006198326,0.005379584,0.025445204,|,0.00941249,0.007689711,0.012463076,0.021865226,0.03392902,0.004005008,0.002277567,0.00326177,|,0.001983539,0.001563917,0.000894815,0.000703587,0.000655281,|,0.00206784,0.001513446,0.000407595,0.000356809,0.000385999,0.000790854,0.001708456,0.002271986,|,0.002507385,0.002692371,0.003395,0.00398057,0.009173424,|,0.003088288,0.00367919,0.005123073,0.006560712,0.00353289,0.00153928,0.000866606,0.000425712
19:32:30,|,0.104612723,0.102449574,0.082498968,0.203984335,0.872390807,|,0.35396117,0.338529378,0.445644706,0.52463305,0.576799572,0.621044457,1.009098887,1.019859314,|,-0.111176178,-0.073563918,0.140399292,0.197087482,0.330227196,|,-0.142595038,0.056629039,0.140227526,0.231449917,0.369754761,0.362099022,0.348912239,0.590696514,|,-0.005948236,0.003038729,0.032461207,-0.016959442,0.056081373,|,-0.001399237,-0.00639296,0.012730997,0.017209178,0.039623227,0.027483352,0.050030634,0.044454399,|,13.5992527,13.64312077,13.02872467,13.87854195,13.42028713,|,13.57380486,13.19239712,11.91136932,13.35058403,12.53649521,13.0079155,13.60019112,14.74302578,|,-0.000202775,-0.000970756,-0.001355661,-0.00259645,-0.001988304,|,-0.00016567,-7.30E-05,0.000216021,-0.000420514,-0.001085489,-0.001427222,-0.001355928,1.28E-05,|,-0.001012849,-0.000717485,-0.000554045,-0.004541482,0.000813157,|,-0.000748788,-0.001391127,-0.000900986,-0.000159822,0.000134255,-3.18E-05,0.001335202,0.002324738,|,0.000226301,-0.000530133,-0.001060759,0.001077706,0.000758467,|,-0.000859566,-0.000785456,0.000474463,-0.000532762,-0.000344893,-0.000115015,-0.000326294,-0.002054254,|,0.43956551,0.565925479,0.678887665,0.942564964,1.295807362,|,0.482874334,0.636339784,0.875525117,1.074575424,1.377092361,1.452165842,1.288211465,1.21154058,|,0.562121511,0.392077595,0.336875051,0.315225065,0.378478199,|,-0.011484208,0.102654114,0.340711623,0.492198348,0.337179452,0.434349686,0.589742064,0.729453266,|,-0.009638349,0.012960205,0.007676282,0.026705686,0.048803687,|,-0.003351405,-0.023485614,-0.032575257,-0.028375866,-0.012964399,0.004738531,0.005697085,-0.043697875,|,13.39544678,13.58290958,13.42352295,13.8805666,13.91415501,|,13.30989647,13.33266449,13.02157116,14.12287617,13.48038292,14.2640419,14.05626202,15.04652882,|,-0.001216231,-0.001856348,-0.002051039,-0.00052266,0.007618083,|,-0.000760129,-0.001864182,-0.000656165,-9.03E-05,0.000966666,0.001132846,-0.000121326,-0.00014619,|,-0.000372542,-0.00065772,0.002218353,0.007293941,0.008016317,|,-0.00018372,-0.002573093,-0.001397274,-0.000605242,0.000447253,0.000430725,0.000213683,3.26E-06,|,-0.001146767,-0.000872852,-0.003188691,-0.003936882,0.001135217,|,-0.000366685,-0.00192309,0.000352343,0.000668066,0.000667494,0.000944505,0.000241985,-0.000125283,|,0.004171535,0.014285596,0.028204381,0.050754301,0.025184706,|,0.01510611,0.015021971,0.008124278,0.007175901,0.00337246,0.002022834,0.003376774,0.002064589,|,0.017908636,0.028220277,0.042538445,0.063697018,0.064536199,|,0.006131402,0.007718526,0.003672674,0.005756963,0.003494271,0.001717102,0.01331671,0.007002317,|,0.037870303,0.038225506,0.02349066,0.013134804,0.003852973,|,0.002923087,0.009138131,0.012663024,0.012667106,0.005523728,0.006526876,0.002381474,0.002386552,|,0.012992548,0.012890829,0.022965584,0.030305926,0.013753851,|,0.014084435,0.030906646,0.040944826,0.021797655,0.006399253,0.002060002,0.003083858,0.007851496,|,0.001671743,0.002412381,0.003945383,0.005588054,0.004636486,|,0.001162855,0.003732463,0.002499289,0.001907194,0.000507577,0.000356398,0.000360711,0.000669033,|,0.001100855,0.000969165,0.001943787,0.003723732,0.004836487,|,0.001698091,0.002029568,0.00172519,0.001650064,0.001000017,0.000689484,0.00142654,0.001714455
19:37:30,|,0.294887334,0.400466889,0.53531462,0.797156274,1.222909212,|,0.555395782,0.607024491,0.617538631,0.654671609,0.697768271,0.824512243,1.080090404,1.256153822,|,0.026732724,0.098313235,0.299089104,0.271072894,0.421820909,|,-0.050606709,0.185735047,0.233560607,0.291967958,0.350305438,0.321890175,0.310454607,0.519252241,|,-0.028444972,-0.034255341,0.02228366,-0.006518152,0.075255334,|,-0.01644307,-0.011994751,0.002855256,-0.002225389,0.005177889,-0.006802573,-0.002834352,0.008731428,|,13.7748642,13.90664864,13.35204029,14.29753494,13.88831425,|,13.61254215,13.40042591,12.18846321,13.63757229,12.80505943,13.24599266,13.58480072,14.64782429,|,-0.001929636,-0.004237208,-0.000340842,-0.002104391,0.001082754,|,-0.00069372,-0.000493497,-0.000512821,-0.00064295,-0.000733785,-0.000458725,0.0003554,-0.001017277,|,-0.002490238,-0.007437944,0.001082732,-0.001967404,0.000296083,|,-0.001209862,-0.001030496,-0.000771972,-0.000565261,-0.000849405,-0.00129058,-0.001291673,0.002374789,|,-0.000219286,-0.002061333,-0.000238655,-0.000423854,0.001207469,|,-0.000952877,0.000174171,0.00077,0.000531153,0.000220325,0.000437075,-0.000638798,-0.002563694,|,0.700996578,0.835573077,1.003933787,1.217348576,1.568658352,|,0.456838787,0.850258768,1.259182692,1.500749111,1.698760867,1.688552976,1.611359596,1.629242301,|,0.475156814,0.403467625,0.372849584,0.331412435,0.32148084,|,0.05379349,0.217014417,0.475807279,0.580053866,0.381374568,0.476821572,0.558319509,0.598187923,|,-0.031006232,-0.016097581,-0.00375407,0.018269647,0.052310843,|,0.002900583,-0.032140285,-0.029690892,-0.027585583,-0.00344764,0.015737768,0.003716679,-0.070577845,|,13.47706795,13.64897537,13.49802399,13.90838242,13.81445122,|,13.49091911,13.60583973,13.36948204,14.55423069,13.81226826,14.38518715,14.06513786,14.97864532,|,-0.00131893,-0.001670997,-0.001177426,0.00089608,0.006172821,|,-0.002498888,-0.005447137,-0.002423123,-0.001568219,0.000292398,0.000159181,-0.000139375,0.000589731,|,-0.001832968,-0.002254171,0.002032457,0.009289009,0.016507477,|,-0.001676654,-0.009332803,-0.003126888,-0.002071286,-2.29E-05,6.89E-05,0.000881014,-0.004409134,|,0.000913166,4.16E-06,-0.002246374,-0.003576062,-0.001623136,|,-0.00110296,-0.003339858,-0.0006907,-0.000206992,3.02E-05,-0.000184306,-4.81E-05,0.001915691,|,0.024066765,0.034458283,0.096208982,0.134008005,0.097717613,|,0.01192756,0.061574601,0.039440613,0.025109513,0.009992515,0.018238641,0.042797521,0.072545655,|,0.064787999,0.193985283,0.318823248,0.384668291,0.150514886,|,0.020339325,0.01427146,0.007011535,0.007470754,0.008903814,0.009056753,0.019675672,0.035907097,|,0.039165992,0.04295288,0.029151425,0.018537419,0.005825694,|,0.005728743,0.011835638,0.006231409,0.00250329,0.00163021,0.003108321,0.005519898,0.014941665,|,0.004981431,0.015426369,0.018488813,0.010276051,0.009060635,|,0.009195203,0.002578179,0.004924774,0.004090942,0.002766341,0.004213765,0.005883612,0.017152155,|,0.002997317,0.003497229,0.00419223,0.004947555,0.00651014,|,0.003904409,0.00812016,0.002868908,0.001227635,0.000546804,0.000389232,0.000604484,0.001308522,|,0.002246193,0.003025516,0.002936386,0.002710025,0.002641074,|,0.000915783,0.000489119,0.000580399,0.000637986,0.001134375,0.001352154,0.001923589,0.001522086
19:42:30,|,0.728578389,1.049825907,1.280125737,1.53098166,1.713480473,|,0.217164695,0.397155106,0.555009663,0.673020005,0.784986317,0.914669514,1.285209537,1.505306244,|,0.187156409,0.316342443,0.519101739,0.435776711,0.539326549,|,0.289281607,0.535339057,0.586587548,0.633342505,0.676921308,0.600815356,0.524107099,0.571204484,|,-0.052532565,-0.078817599,-0.004359944,-0.067294732,0.013327187,|,-0.023869412,-0.016083257,0.003284477,-0.008751888,0.036657605,0.023255086,0.045637991,0.07828626,|,14.19316387,14.34727001,13.85473633,14.74050045,14.1505785,|,13.70954323,13.45945263,12.2243557,13.72314739,12.94001102,13.38067913,13.52869892,14.53339863,|,-0.002854599,-0.002672671,-0.002208571,-0.000727847,-0.000545361,|,-0.001388383,-0.000303272,0.000429054,0.001014341,7.59E-05,0.001689774,-0.00042361,0.002167537,|,-0.004702329,-0.004259315,-0.002182306,-0.001130456,-0.002008923,|,-0.004535849,-0.005878408,-0.00614006,0.003341065,-0.00351761,0.0026712,0.000379405,0.006152874,|,-0.000766635,-0.001041986,-0.000452588,-0.000711676,-0.000179651,|,-0.001083509,0.000213628,0.00215024,-0.001409975,0.000926335,-9.80E-05,0.000650776,-0.002675727,|,1.033621669,1.315921664,1.55081141,1.823244572,1.941365123,|,0.427970558,0.826864123,1.228417873,1.39731729,1.603538156,1.741838455,1.934177876,2.038347483,|,0.205877274,0.207784787,0.313029945,0.321836531,0.395232111,|,0.231580675,0.378805935,0.62532115,0.721831739,0.495307177,0.535750628,0.559244871,0.56636095,|,-0.03758654,-0.043807831,-0.012613549,0.007886106,0.048750114,|,-0.005913629,-0.05193907,-0.039729681,-0.040920116,-0.014101154,0.006677162,-0.007214157,-0.102489591,|,13.70835972,13.89091492,13.74887943,14.19717216,14.06664181,|,13.7126627,13.79009342,13.51569748,14.58899212,13.68724537,14.26792908,14.02697086,14.96821308,|,-0.003854106,-0.00278972,-0.002679591,-0.001373562,-0.000143235,|,-0.005304222,-0.004620121,-0.001629623,-0.000866188,-0.00088448,-0.000411211,-0.000134277,-9.52E-05,|,-0.004966186,-0.004758526,-0.003066079,-0.001086878,0.000347789,|,-0.005602334,-0.008408085,-0.002049724,0.000731757,0.001392188,0.001149005,0.001229346,0.00091554,|,-0.000813709,-0.00059971,-0.000667269,-0.00089933,-0.001161396,|,-0.0044314,-0.003955201,-0.001257567,-0.000806983,-0.001038607,-0.001003938,-0.000136643,-0.000303208,|,0.021842377,0.022552466,0.016904246,0.015916541,0.003377755,|,0.030408906,0.035890758,0.020812113,0.021706345,0.016709715,0.009452651,0.005704466,0.01142996,|,0.023513431,0.025547219,0.024802139,0.015607547,0.01609741,|,0.099862024,0.163945973,0.218343437,0.251860321,0.239040777,0.203156203,0.171053424,0.107775696,|,0.015056091,0.014838355,0.008809609,0.005731353,0.009033416,|,0.037950441,0.033856541,0.018158257,0.009839308,0.009002126,0.006889218,0.003295776,0.003821098,|,0.017032137,0.012944024,0.012664954,0.015998054,0.017010093,|,0.012236805,0.016990505,0.032070406,0.036295947,0.027134212,0.031523887,0.021371679,0.017703587,|,0.008166919,0.006982764,0.005009583,0.003061994,0.000494329,|,0.008787106,0.011562501,0.004144988,0.001372964,0.001241508,0.000793791,0.000828888,0.000764666,|,0.006445559,0.005268271,0.002855097,0.001803332,0.001286958,|,0.002889499,0.003289657,0.002615826,0.00279736,0.002658567,0.002544334,0.003810661,0.003361368
19:47:30,|,0.043546837,0.092016988,0.074399695,0.202281699,0.412320524,|,-0.11524681,-0.052163005,-0.052742567,-0.05526685,-0.07717371,-0.011465494,0.084727004,0.175048798,|,0.644272923,0.807940483,1.001519203,0.986950874,1.09582603,|,0.655974865,0.930366457,1.020893216,1.087418675,1.192738175,1.275106549,1.312278867,1.453987718,|,-0.034407593,-0.036240987,0.018862996,-0.020063022,0.036936466,|,-0.021992778,0.000997081,0.007154552,-0.049166359,0.01581108,-0.055254269,0.005230558,-0.169737905,|,14.03342533,14.12123489,13.52847862,14.37152767,13.75019836,|,14.06879711,13.83646965,12.66909695,14.11973858,13.2559042,13.62934017,13.55160809,14.43703175,|,-0.001489687,-0.001847313,-0.000912143,-0.004714852,-0.000911031,|,-0.007787625,-0.007672017,-0.003309301,-0.006603249,-0.002008315,-0.006433697,-0.011222905,-0.024766909,|,-0.001005767,-0.00226038,0.004661321,0.004055668,0.027157143,|,-0.000870877,-0.001020393,-0.000927734,-0.002393569,0.003131115,0.004818657,-0.015726432,-0.006003193,|,-0.001215291,-0.000406426,-0.003170986,-0.003999698,-0.016154693,|,-0.004833543,-0.004633475,-0.003017741,-0.012779064,-0.006960569,-0.007367316,-0.025110479,-0.068521529,|,1.144145608,1.422858715,1.614409328,1.840798736,1.967134118,|,0.443550169,0.770917416,1.01009655,1.158246398,1.398442626,1.533251643,1.727139235,1.846172094,|,0.311029941,0.382169425,0.534948409,0.620093167,0.750513375,|,0.454745173,0.632145107,0.843022704,0.959843159,0.752244115,0.788539588,0.846160173,0.880227447,|,-0.039201699,-0.041450333,-0.012612266,-0.004435811,0.028184684,|,-0.01959422,-0.048917018,-0.029551769,-0.035919711,-0.005634794,0.015561438,0.028046191,-0.036662079,|,13.70247269,13.87767696,13.72405052,14.14957333,13.99078178,|,13.78749943,13.82210159,13.50307465,14.54923439,13.64118385,14.18145752,13.9224987,14.86663532,|,-0.004720988,-0.003404771,-0.001777063,-0.001577167,0.000438731,|,-0.003043274,-0.003248726,-0.003294945,-0.002263003,-0.002758461,-0.002295517,-0.005244612,-0.007243649,|,-0.007697878,-0.005834495,-0.003177202,-0.001455516,0.001276456,|,-0.004653964,-0.008344251,-0.010189588,-0.009080429,-0.00976303,-0.010450378,-0.013789594,-0.014043257,|,-0.000912465,0.000780746,0.000356505,-0.000997481,-0.003281198,|,-0.00158749,-0.000127124,0.002396273,0.003915378,0.007222847,0.010026838,0.013238668,0.014007065,|,0.033069145,0.030458311,0.025540803,0.018963471,0.02120566,|,0.046751883,0.071177922,0.10412807,0.127873048,0.105459191,0.096682586,0.078017041,0.047017768,|,0.037927281,0.107091829,0.206060633,0.315324813,0.513854861,|,0.018264417,0.026370829,0.037788667,0.053999353,0.081684209,0.104770295,0.136505172,0.157908529,|,0.024671758,0.029955614,0.037177507,0.039339695,0.040165987,|,0.025691088,0.043365907,0.044594027,0.052948508,0.073748067,0.097215131,0.070402317,0.045130961,|,0.033063613,0.052373473,0.074760169,0.099571317,0.12077529,|,0.048713222,0.043629169,0.056583032,0.101286083,0.146289229,0.160657257,0.210269406,0.275904775,|,0.009822728,0.008040603,0.005236889,0.00354596,0.002957704,|,0.007583127,0.008246295,0.005035207,0.002848977,0.002555407,0.002896068,0.004111346,0.006666875,|,0.002700805,0.002999923,0.003255938,0.004311017,0.007655452,|,0.007697667,0.009345514,0.012593307,0.018234402,0.021811329,0.022465179,0.025481233,0.042952023
19:52:30,|,0.282153368,0.357434899,0.342158675,0.500699997,0.614698052,|,0.182614878,0.353124112,0.63188225,0.735582769,0.807420731,0.885807395,1.079819441,1.177381992,|,0.897110224,1.194034815,1.544598341,1.630553842,1.957389712,|,0.302504689,0.711632848,1.185279608,1.423690557,1.645787477,1.724802256,1.895955801,2.194756508,|,-0.058628693,-0.085388139,-0.033635315,-0.091813102,-0.032813448,|,-0.006319965,0.003276747,0.029641746,-0.016779285,0.064455457,0.000395457,0.014485029,-0.239118189,|,14.18906498,14.26284695,13.6723175,14.47637081,13.83469963,|,14.18653965,13.89638615,12.68584347,14.13351631,13.25934124,13.62419605,13.50127029,14.39012337,|,-0.006366078,-0.00552283,-0.009172674,-0.008769484,-0.007751555,|,-0.005807792,-0.009231172,-0.005754143,-0.006662034,-0.005179754,-0.00825378,-0.010954131,-0.006651968,|,-0.003453743,-0.005422361,-0.003064494,-0.004437285,-0.007471326,|,-0.006685622,-0.00885801,-0.009784762,-0.009665059,-0.007231761,-0.008341807,-0.008845693,0.000544565,|,-0.009693918,-0.010076802,-0.009623706,-0.008674215,-0.01150038,|,-0.010782058,-0.022888249,-0.019530192,-0.01442133,-0.012000267,-0.017621871,-0.018014584,-0.03007918,|,0.199395061,0.265711635,0.239104494,0.403474241,0.562702537,|,0.21971193,0.384132057,0.434930801,0.429002881,0.68844229,0.752218664,0.967972159,1.127735257,|,0.913642764,1.129769206,1.334737301,1.471887112,1.500794172,|,0.593612731,1.10008812,1.557902575,1.743361354,1.688550353,1.826721549,1.951228261,1.924283862,|,-0.039704971,-0.002853594,-0.028727595,-0.021163102,0.003127169,|,-0.012569736,-0.033890646,-0.006530924,-0.037312616,0.006696431,0.025621751,0.052113,-0.013745541,|,13.59260368,13.73497868,13.54445839,13.94434929,13.65797615,|,13.75775528,13.77736664,13.47521782,14.488451,13.56611156,14.03824615,13.68037033,14.62077332,|,-0.003152118,-0.003241096,-0.005432547,-0.00439226,-0.006412175,|,-0.008005368,-0.008746603,-0.005113928,-0.008338665,-0.006000677,-0.002003756,-0.003818961,-0.008936528,|,0.003879567,0.001609508,0.002126418,0.003988877,0.008702476,|,-0.012425449,-0.0112269,-0.007633897,-0.016617255,-0.013091782,0.010905446,0.000826599,-0.024211524,|,-0.006675195,-0.00566075,-0.008923411,-0.014659139,-0.023930185,|,-0.013262509,-0.013702715,-0.000738579,-0.000490186,-0.00320023,-0.000737355,-0.001885963,-0.013579653,|,0.143209755,0.195305213,0.163829654,0.184016913,0.22639142,|,0.148350134,0.255978376,0.332202941,0.401412636,0.443399012,0.499049187,0.368261307,0.261705786,|,0.060134917,0.060604382,0.061902978,0.055239026,0.069813579,|,0.044304799,0.070697747,0.090992965,0.109193526,0.130907819,0.132996202,0.115449347,0.095122419,|,0.047743179,0.078230008,0.078953393,0.098682009,0.114969335,|,0.082433,0.070417248,0.070519492,0.074895084,0.069448784,0.078770906,0.096873134,0.094609469,|,0.085678838,0.090086117,0.106386282,0.11560367,0.122510791,|,0.057854895,0.095479101,0.125455514,0.091997825,0.104533829,0.140131205,0.147705719,0.152532533,|,0.00914821,0.006798242,0.010618615,0.014008534,0.022716567,|,0.015819505,0.02746292,0.023755779,0.024208145,0.023955245,0.02636335,0.052901186,0.068484694,|,0.017723128,0.018991169,0.019639559,0.020405935,0.020581193,|,0.017303968,0.030324144,0.02409501,0.030477228,0.030825811,0.037111182,0.051248454,0.071230292
5:57:30,|,2.100623608,2.450983524,2.651364088,2.534317493,2.985855341,|,2.311332226,2.28595233,2.443056822,2.750757694,3.030037642,3.071407318,2.960991144,3.351802826,|,-3.24659729,-3.69450593,-4.019393444,-4.417018414,-4.518329144,|,-2.497122288,-2.85592556,-3.32526207,-3.643467903,-3.858961582,-4.24701786,-4.679010391,-5.034106731,|,-0.12743412,0.016606297,0.070545197,-0.032772463,-0.140984848,|,-0.117119648,-0.17908521,-0.165009528,0.021324154,-0.108660385,0.03755581,-0.076100737,0.798484981,|,5.561615944,5.308665752,7.387484074,5.378558159,4.837934017,|,5.754760742,5.387933254,4.337217808,5.077180386,3.689305782,4.433544159,4.913179874,5.046119213,|,0.004914431,0.005372183,-0.001401865,0.007257876,0.006209257,|,0.004529432,0.002117753,0.00397537,0.00196716,0.006624403,0.002842136,0.007207503,0.006959867,|,-0.045048721,-0.072552487,-0.07482712,-0.056405041,-0.029218381,|,-0.077458844,-0.083280481,-0.061596785,-0.092824213,-0.112370536,-0.088872783,-0.127398744,-0.160606995,|,0.135029495,0.105384983,0.122052766,0.175077081,0.166483343,|,0.162759095,0.208825693,0.293723226,0.275335312,0.301103204,0.259591401,0.209079251,0.130864501,|,2.207528591,2.502655268,2.733855486,3.013747931,3.25701952,|,2.29787159,NaN,2.919448614,3.378394604,3.043970585,3.207281351,3.324230909,3.328304768,|,-3.178063154,-3.691329002,-4.102789402,-4.55459404,-5.139705181,|,-3.225745201,NaN,-3.671151161,-4.067355633,-4.514978409,-4.425850391,-4.948936462,-5.39631176,|,-0.191909179,-0.137608066,0.050621767,0.204724208,0.258888274,|,-0.148657605,NaN,-0.184299946,-0.152320713,-0.193964973,-0.086579151,-0.146584392,-0.149394572,|,4.883024693,4.800301552,5.197976112,4.723257065,4.547823906,|,5.503130913,NaN,4.406248569,5.432083607,5.041056156,4.999627113,4.327198029,5.207810879,|,0.007986668,0.010000259,0.008745189,0.008435408,0.014323447,|,0.006812517,NaN,0.010143957,0.010931293,0.008351957,0.009952001,0.00921398,0.010437122,|,-0.078315973,-0.09932863,-0.094084665,-0.149160475,-0.184143379,|,-0.037328161,NaN,-0.068054147,-0.125703886,-0.103091277,-0.09635812,-0.143035695,-0.150706396,|,0.146626234,0.14933598,0.176145583,0.155355468,0.181530192,|,0.171574727,NaN,0.222068548,0.258936197,0.269093573,0.243885323,0.250181496,0.296465456,|,0.862981319,1.002940178,1.172972202,1.270479083,1.512060165,|,0.796153724,NaN,0.924228251,0.89330411,0.92927438,1.058246851,1.293230176,1.117548704,|,0.893696487,0.97200346,1.053245664,1.013679981,1.019906282,|,0.942342162,1.02562964,1.342737794,1.413223505,1.357835174,1.485331059,1.29755795,1.39780128,|,0.896184862,1.057334661,1.270360589,1.29437983,1.194718838,|,0.977616608,NaN,0.887300849,1.003193855,0.987597704,1.011618257,1.198316455,1.259402752,|,1.106977463,1.141747475,1.238652587,1.286886811,1.590473175,|,0.911752939,1.064115524,1.33779335,1.644327879,1.743338823,1.870697021,1.606489062,1.670529962,|,0.215090692,0.241055727,0.268117726,0.290838033,0.266036481,|,0.233586684,NaN,0.369324565,0.403250158,0.423819959,0.446971655,0.454084963,0.521353364,|,0.233431458,0.270970583,0.378427058,0.454192519,0.522051156,|,0.292449117,0.361729115,0.469311446,0.528113127,0.543141961,0.567372203,0.641896725,0.667244196
6:02:30,|,2.144251108,2.654330254,3.03371048,3.014289856,3.452411652,|,2.780638695,2.69995451,2.770992279,3.043757915,3.339764595,3.372900486,3.378986359,4.01906538,|,-3.260305643,-3.658955574,-3.986949444,-4.453399181,-4.407524586,|,-2.680146933,-3.139981508,-3.62817812,-4.016289711,-4.205364704,-4.585872173,-5.197480202,-5.729478359,|,-0.037152726,0.07390026,0.132997856,0.035208881,-0.004559072,|,-0.209984481,-0.286140412,-0.269238591,-0.047219738,-0.199635431,-0.052870397,-0.145776182,0.910663009,|,5.513037682,5.262330532,7.221844196,5.311884403,4.691529274,|,5.690723896,5.30239296,4.277778625,5.019740105,3.664179564,4.35807848,4.84218502,4.989510536,|,0.008284544,0.007995117,0.009203828,0.007691931,-0.000185526,|,0.007192169,0.004326826,0.006255106,0.005640281,0.007953337,0.007457534,0.009075038,0.005282295,|,-0.127293199,-0.153847665,-0.143811136,-0.096250847,-0.221007809,|,-0.130527973,-0.208134294,-0.191509292,-0.263852388,-0.281266928,-0.22344248,-0.166105941,-0.15351966,|,0.173249468,0.17675516,0.187781736,0.250613093,0.285336673,|,0.206563652,0.243145064,0.320104569,0.338533252,0.390028536,0.337615758,0.44925338,0.302683026,|,2.348587036,2.717427254,2.744460821,2.993955135,3.173368931,|,2.482058764,NaN,3.104292631,3.645441771,3.21852231,3.45351696,3.772662401,3.842621565,|,-3.537766457,-4.122870445,-4.467283726,-4.907580853,-5.478961945,|,-3.870632887,NaN,-4.428947449,-4.905186176,-5.362269402,-5.343533039,-5.937901497,-6.442118168,|,-0.194743246,-0.170735642,0.018143686,0.19858095,0.261307836,|,-0.166752055,NaN,-0.139457375,-0.102079198,-0.153033122,-0.09733177,-0.234031737,-0.256890357,|,4.836827755,4.712210178,5.142898083,4.69935894,4.477651596,|,5.373632908,NaN,4.351857185,5.379921436,4.954582214,4.936960697,4.257722855,5.16511488,|,0.008791965,0.008700174,0.008090608,0.009799828,0.015006091,|,0.008439136,NaN,0.007490541,0.007708887,0.007252438,0.007968618,0.006417362,0.005879072,|,-0.087089814,-0.093485013,-0.068753444,-0.116621502,-0.117165506,|,-0.075333975,NaN,-0.095477752,-0.083416946,-0.058324751,-0.100451998,-0.081007339,-0.107611008,|,0.153420329,0.136868715,0.15838933,0.182757705,0.19618088,|,0.285893291,NaN,0.238060459,0.260763317,0.28944388,0.291206539,0.285390109,0.316207647,|,0.645795345,0.674829364,0.70067507,0.739487648,0.873674035,|,1.211936712,NaN,1.510523796,1.422039747,1.391741037,1.436518073,1.206050396,1.151169419,|,1.003672361,1.179379702,1.273704648,1.228386402,1.523648143,|,1.198481917,1.232591152,1.343239188,1.582036138,1.402998447,1.308681846,1.265964508,1.236910224,|,0.839333236,0.777121782,0.849051893,0.880503774,0.995346904,|,1.371290207,NaN,1.216774464,1.297700405,1.227075219,1.151997805,1.141047835,1.354128599,|,1.532229662,1.581866026,1.49801147,1.322488666,1.326451182,|,0.94047153,1.04668355,1.211873055,1.341910601,1.399223447,1.449052691,1.636553407,1.705561399,|,0.20566614,0.230654925,0.248318449,0.312068254,0.283739597,|,0.28054896,NaN,0.487506121,0.592215419,0.606693745,0.655655861,0.654872179,0.646857023,|,0.298013747,0.341164976,0.418141246,0.509288967,0.656228364,|,0.355652958,0.458502293,0.52713722,0.604796946,0.60555023,0.633230865,0.690644801,0.612692297
6:07:30,|,2.67909956,3.179248333,3.69736433,3.680314541,4.125346661,|,3.049332857,3.235552073,3.502400875,3.944968462,4.328820229,4.568232536,4.508048058,5.11623621,|,-3.309353352,-3.82347703,-4.107830524,-4.744615555,-4.883564472,|,-3.018780947,-3.514923573,-4.12811327,-4.564471245,-4.793597698,-5.25424242,-5.697443962,-5.980864048,|,-0.087987535,0.058594856,0.147602201,0.042959169,-0.00240512,|,-0.148642719,-0.268346578,-0.260041118,-0.029968271,-0.242200404,-0.129942581,-0.302483827,0.773169637,|,5.546206474,5.264879704,7.094808578,5.311947823,4.583698273,|,5.673295498,5.287183285,4.287624836,5.036124229,3.705498219,4.367004395,4.875118732,5.041843891,|,0.005935953,0.006570956,0.006430016,0.007029703,0.008794541,|,0.005338364,0.003343532,0.007212199,0.004630872,0.009355964,0.006081924,0.009606916,0.005878237,|,-0.141675755,-0.150446042,-0.167621166,-0.16057314,-0.190732971,|,-0.142809391,-0.172725528,-0.158497214,-0.186007872,-0.174187228,-0.125325099,-0.1461519,-0.112681404,|,0.15872474,0.158763736,0.21785289,0.342183471,0.341425359,|,0.238014668,0.278947145,0.42400369,0.327318668,0.429847121,0.392995059,0.381839097,0.232385561,|,2.741261244,3.19321394,3.53103137,3.832923889,4.105357647,|,2.961437941,NaN,3.656900644,4.298213482,3.973897219,4.286418915,4.688179493,4.788359642,|,-3.710620642,-4.390312195,-4.897938251,-5.363124371,-5.841469288,|,-3.68772316,NaN,-4.180468559,-4.645380497,-5.272653103,-5.309928417,-5.819928169,-6.236530304,|,-0.215496451,-0.208424315,-0.046950884,0.117298476,0.184581846,|,-0.193871334,NaN,-0.244130522,-0.217358887,-0.232308105,-0.152951837,-0.283244371,-0.338876545,|,4.840885162,4.751077175,5.149459362,4.750116348,4.470291138,|,5.34970665,NaN,4.375362396,5.412484646,4.963305473,4.969501972,4.288233757,5.181369781,|,0.007166644,0.005437972,0.007128262,0.006874355,0.009026186,|,0.005610682,NaN,0.007035913,0.007469377,0.004894626,0.00459463,0.002751135,0.003064546,|,-0.123174079,-0.146113858,-0.10012453,-0.097527049,-0.105444647,|,-0.121236116,NaN,-0.094687134,-0.12777558,-0.123086147,-0.142874911,-0.104592003,-0.074076563,|,0.170096934,0.128745794,0.122843497,0.11291302,0.116294622,|,0.209085509,NaN,0.260173261,0.252805561,0.300081283,0.283487409,0.299462199,0.291440308,|,0.988974333,1.079511762,1.109449029,1.127697706,1.147239566,|,1.020954132,NaN,1.138526797,1.120369434,1.134993792,1.099648952,0.889542341,0.843069255,|,1.52439332,1.624767184,1.654256105,1.537620425,1.751646042,|,1.178967953,1.288192391,1.361762047,1.323682785,1.238955498,1.317319512,1.10171926,1.203391552,|,0.943521082,0.779181302,0.889410257,0.9910357,1.00402391,|,1.102802873,NaN,1.341562271,1.496068358,1.458319783,1.3304497,1.246127129,1.611750126,|,1.58942163,1.871833324,1.834700108,2.166942835,2.060354471,|,1.310892701,1.282116055,1.700464606,1.856623769,2.08542943,2.151587725,1.937853217,2.047039986,|,0.248164564,0.273013204,0.247792333,0.291591704,0.293042362,|,0.291062355,NaN,0.379205316,0.428796977,0.43701148,0.469053596,0.512622833,0.569908738,|,0.30076161,0.333857208,0.435701281,0.551845014,0.661527574,|,0.435799539,0.509230554,0.64043349,0.676307023,0.646557689,0.624597192,0.673140943,0.631305158
6:12:30,|,3.220649004,3.656437635,4.143359661,4.076627254,4.517929554,|,2.904206991,3.001956701,3.250001669,3.632742167,4.00529623,4.144503593,4.172930241,4.762748241,|,-3.305695295,-3.826603889,-4.197052479,-4.70492363,-4.81404829,|,-2.529480696,-2.944863558,-3.473943233,-3.825320482,-4.088259697,-4.536946297,-5.007867813,-5.358402252,|,-0.127428383,-0.052105967,0.010242298,-0.106151581,-0.175414205,|,-0.138947576,-0.211353526,-0.241411701,-0.073600031,-0.228455976,-0.080006011,-0.205530018,0.872859299,|,5.612122536,5.30347538,7.081149578,5.341728687,4.565804482,|,5.712954998,5.307068348,4.334345818,5.078056335,3.81599474,4.378450871,4.922084332,5.114715576,|,0.00526683,0.004715087,-0.005083752,0.004790679,0.003964611,|,0.002608758,0.000755784,0.002121082,0.002007622,0.0026357,0.001817004,0.00331195,0.002721252,|,-0.140703574,-0.066773064,-0.090760693,-0.081927337,-0.033049997,|,-0.098771714,-0.171874583,-0.19433026,-0.228176907,-0.202955544,-0.229966268,-0.226062551,-0.154129371,|,0.17184259,0.133908942,0.112303175,0.160826266,0.197877511,|,0.174040243,0.200451866,0.287262738,0.263007343,0.298245668,0.250731975,0.313649297,0.170668185,|,3.353085756,3.918941498,4.205388069,4.610317707,5.076590538,|,2.903438091,3.264868736,3.559343576,4.129997253,3.827427387,4.17040205,4.427682877,4.518291473,|,-3.807358503,-4.599778175,-5.06353569,-5.616213799,-6.31088829,|,-3.452189922,-3.653045654,-3.979343414,-4.483698368,-5.137068272,-5.188768387,-5.68312788,-5.957672119,|,-0.224207968,-0.218650505,-0.018172255,0.099752218,0.133024961,|,-0.186226681,-0.133186534,-0.245767131,-0.220997155,-0.240124777,-0.186959669,-0.271388084,-0.290810138,|,4.866517067,4.811304569,5.165156841,4.828674793,4.461392403,|,5.354780674,5.014489174,4.439949512,5.482842922,5.001252174,5.042028904,4.354511261,5.254141808,|,0.007574593,0.008899341,0.00944344,0.006043168,0.008927565,|,0.005430365,0.001631427,0.007290154,0.008022605,0.00471596,0.006317849,0.005091599,0.002064151,|,-0.132908359,-0.168207705,-0.123819798,-0.098326214,-0.072772935,|,-0.075956643,-0.060721528,-0.1255548,-0.133278996,-0.102856733,-0.119764626,-0.123542346,-0.089684546,|,0.22941117,0.183989465,0.231942192,0.183601812,0.140368178,|,0.231487319,0.258074641,0.288984984,0.297646523,0.311971396,0.263120085,0.278645456,0.302559286,|,0.874395728,0.932966828,1.073697448,1.022071719,0.878325939,|,0.786126316,0.765847325,0.943103552,0.921967566,0.926494122,0.919288635,0.705845714,0.636364341,|,0.949779689,0.986282289,1.048923969,0.983841479,0.934960961,|,0.906195998,1.001957893,1.183215857,1.26023066,1.17189157,1.222877383,1.275836825,1.146367192,|,1.203062177,1.049687743,1.28639102,1.386865139,1.377437592,|,1.404258847,0.992708802,1.519887209,1.740476608,1.662007332,1.679293156,1.666631341,1.55011344,|,0.936275542,1.001415849,1.101121187,1.027217746,0.845227838,|,0.989192307,1.047261715,1.313319683,1.335702896,1.441212535,1.38042593,1.419874072,1.388020396,|,0.346483111,0.351162791,0.3669599,0.35438621,0.286841661,|,0.310859323,0.329490781,0.416551709,0.450768381,0.419748217,0.421417743,0.44321686,0.53347981,|,0.305380553,0.303744286,0.358267665,0.380129248,0.438716263,|,0.315235943,0.388161689,0.426043212,0.453260511,0.457586914,0.443372369,0.48489365,0.421446979
6:17:30,|,2.533645391,2.87139535,3.084126711,3.022149801,3.29659915,|,2.593339682,2.596282721,2.753240824,3.001364708,3.167794704,3.268956423,3.127740622,3.486418962,|,-2.666558743,-3.041142941,-3.285090446,-3.715268373,-3.930313349,|,-2.263827801,-2.632639885,-3.076005936,-3.334279537,-3.5092659,-3.873692989,-4.345403671,-4.705287933,|,-0.065842643,0.000527433,0.067003325,-0.020198217,-0.071747847,|,-0.160292566,-0.190201163,-0.143645212,0.051458936,-0.128961504,0.009078881,-0.101783484,0.783014894,|,5.602308273,5.32272768,6.909284115,5.310389996,4.435238361,|,5.732205868,5.288006306,4.328923225,5.07248354,3.837155342,4.302135944,4.903557301,5.101782322,|,0.005513998,0.005281127,0.001947045,0.007310413,0.004023326,|,0.003749864,0.001468625,0.002735998,0.002518859,0.00361994,0.002501804,0.005316142,0.003556245,|,-0.093943924,-0.077615567,-0.096583344,-0.122069612,-0.073952809,|,-0.097152174,-0.152080074,-0.118508719,-0.095405385,-0.103827618,-0.095897846,-0.116088673,-0.13042134,|,0.125147164,0.097444117,0.094910309,0.136842281,0.156286746,|,0.19468841,0.222954363,0.280156761,0.238853753,0.242373914,0.216403365,0.188861102,0.145453453,|,2.449998379,2.859395742,2.959446669,3.297733545,3.711255789,|,2.72569108,3.214050531,3.385296106,3.883357525,3.485962152,3.637891054,3.729997396,3.823714733,|,-3.85316658,-4.446546555,-4.929080486,-5.418350697,-5.960264683,|,-3.227565289,-3.625717402,-3.598291159,-3.988070488,-4.471717358,-4.399881363,-4.845692635,-5.440336704,|,-0.229496762,-0.206098288,-0.041644748,0.095211908,0.193599313,|,-0.160082161,-0.065532617,-0.152595788,-0.134678364,-0.148562521,-0.064680003,-0.11271023,-0.156198651,|,4.816052914,4.74925375,5.091126919,4.784187794,4.375356674,|,5.268068314,5.028227329,4.398291588,5.474092484,4.88343811,4.997905731,4.312367439,5.190265656,|,0.01026064,0.008604233,0.010168828,0.008368755,0.010070724,|,0.006692715,0.005175712,0.00767655,0.008533921,0.008564443,0.008454555,0.007930592,0.007059978,|,-0.100728676,-0.115717225,-0.076767616,-0.062847048,-0.102844208,|,-0.10554374,-0.046587236,-0.119757034,-0.124568254,-0.087543972,-0.118554622,-0.199518427,-0.101360872,|,0.283955991,0.194440544,0.215676099,0.1872655,0.212114155,|,0.158445776,0.153423429,0.166116834,0.209482953,0.21677272,0.21352838,0.313696891,0.266832888,|,0.724299252,0.768759787,0.736718059,0.648080349,0.737176418,|,0.872865021,0.80219847,0.936168671,0.946290255,0.951478243,0.968669772,1.031836987,0.882343531,|,0.843172014,0.854339778,0.89714396,0.942834914,1.076427102,|,0.832454741,0.86439836,0.88570863,0.950425386,0.964756906,0.936885417,0.873831451,1.124181986,|,1.423778892,1.466357827,1.78874886,1.886669993,1.875760317,|,0.889325023,1.018916368,0.991609812,1.126193881,1.151558399,1.090279818,1.096301913,0.928019822,|,0.854015887,0.836589873,0.959619164,0.95516336,0.852547467,|,0.775401294,0.822155595,1.020780444,1.230850339,1.217813015,1.218846679,1.073064804,1.09901309,|,0.29880935,0.283181906,0.266494036,0.283722788,0.25766167,|,0.258096159,0.26275149,0.345507979,0.392625719,0.39906472,0.453078479,0.524335265,0.529183805,|,0.217226371,0.245108426,0.292541474,0.329944104,0.41601491,|,0.268561184,0.309933901,0.356802016,0.397737503,0.410005778,0.415921658,0.438788325,0.45502916
6:22:30,|,2.683774233,3.033162832,3.288268328,3.234728098,3.434526682,|,2.881388664,2.894359589,3.103771687,3.486819983,3.836904287,3.950819254,3.891437769,4.382183075,|,-3.097190619,-3.553261995,-3.917243958,-4.368003845,-4.45676136,|,-2.569277287,-2.99713707,-3.529462099,-3.84607029,-4.12142849,-4.512588501,-4.954205036,-5.156670094,|,-0.037489351,0.045447275,0.095448732,0.043041475,-0.004615698,|,-0.169549406,-0.266213149,-0.19891943,0.013991695,-0.17151992,-0.050849102,-0.198644966,0.776398897,|,5.48593235,5.298891068,6.649534702,5.15569973,4.254316807,|,5.60326004,5.171670914,4.199825764,4.949116707,3.703572035,4.147682667,4.761814594,4.975690842,|,0.005532066,0.005347764,-0.00609512,0.003781076,0.001132204,|,0.003121274,0.001208646,-0.001061565,0.00222186,0.005945723,0.007060724,0.00918676,0.007508978,|,-0.131768733,-0.102952786,-0.114877641,-0.112206146,-0.076871134,|,-0.057375945,-0.080870531,-0.059591111,-0.082397379,-0.111970954,-0.121801041,-0.098912045,-0.091838986,|,0.160327464,0.147721931,0.136003017,0.135251224,0.199599251,|,0.158885047,0.142646968,0.222930133,0.239758328,0.2918109,0.264345378,0.249705553,0.199600622,|,2.741361141,3.203714371,3.508402348,3.851017714,4.267809391,|,2.606473923,3.114429951,3.363721609,3.945249081,3.633435965,3.884697914,4.233448029,4.322123528,|,-3.9182477,-4.623182774,-5.094661713,-5.637430191,-6.229355812,|,-3.333519459,-3.768963575,-3.848386288,-4.342002869,-4.902103424,-4.921815395,-5.438178539,-5.900420666,|,-0.215412602,-0.195561334,-0.034171149,0.095846698,0.176403776,|,-0.184277594,-0.113777481,-0.221200123,-0.239905447,-0.276592821,-0.221102491,-0.357195646,-0.361518413,|,4.724829197,4.609727383,4.916714668,4.661133766,4.182216167,|,5.128486633,4.906722546,4.258817196,5.380188465,4.697244644,4.842876434,4.159183979,5.046729565,|,0.008887702,0.009314227,0.010343163,0.008241811,0.013079888,|,0.007308587,0.007647647,0.009846121,0.012403064,0.009610419,0.010043377,0.008218807,0.009628639,|,-0.100543886,-0.114463188,-0.076295875,-0.103365473,-0.151951969,|,-0.088026769,-0.072674632,-0.133384004,-0.139652461,-0.119608805,-0.175849125,-0.163087055,-0.143685833,|,0.219910145,0.165525779,0.199747473,0.189805731,0.179512113,|,0.220816836,0.207823262,0.228146866,0.23480162,0.243697733,0.207951024,0.2247798,0.259326667,|,0.879912376,1.030198812,1.038906932,1.084390998,1.100109577,|,0.697580636,0.700846374,0.873636186,0.794041812,0.78155303,0.925001025,0.918778837,0.837253273,|,0.864071071,0.851497352,0.873303473,0.82770443,1.012896776,|,0.964722455,0.95340699,1.082606673,1.163891435,1.123473406,1.128769159,1.163279772,1.155711651,|,1.165018678,1.023510337,1.12477541,1.164834976,1.06093657,|,1.118874907,1.216159582,1.269464135,1.524951816,1.486296892,1.357970953,1.179882884,1.170231581,|,0.913003802,1.052928329,1.097605228,1.047656417,1.083191037,|,0.774969935,0.766131341,0.940942585,1.021786571,1.192686915,1.045620084,0.988244474,0.917205513,|,0.292789817,0.285905391,0.295401692,0.300057679,0.284174591,|,0.291700691,0.31651625,0.424564153,0.46334359,0.449653745,0.474764198,0.474316686,0.521223485,|,0.26936543,0.288244843,0.322074413,0.416017771,0.495257139,|,0.318130761,0.366156191,0.442449272,0.473423779,0.50981611,0.533634305,0.561463714,0.578568757
6:27:30,|,2.614319324,2.975726128,3.205359221,3.173168421,3.428361177,|,2.651337862,2.658891439,2.811220884,3.203677416,3.473212481,3.57285881,3.563041687,3.939614534,|,-3.008450508,-3.428296804,-3.749948263,-4.208747387,-4.432878017,|,-2.782263279,-3.268474102,-3.891793966,-4.225031376,-4.495324612,-4.790174007,-5.165300369,-5.393450737,|,-0.043323588,0.090014115,0.134964585,0.066059098,0.112791911,|,-0.190919489,-0.275233865,-0.24570322,-0.040768228,-0.245347276,-0.110880189,-0.277168244,0.796772957,|,5.294299126,5.112893581,6.307304859,4.935073853,3.881512403,|,5.347753525,4.975043774,3.944566965,4.686061382,3.504085302,3.860406637,4.464673996,4.672979832,|,0.009789022,0.007188737,0.004141898,0.012926856,0.017339982,|,0.00857218,0.013071816,0.013348682,0.005705704,0.00675365,0.004936154,0.018233221,-0.009092911,|,-0.085608512,-0.065712303,-0.095956296,-0.066211641,-0.005580546,|,-0.095065668,-0.140189752,-0.139883071,-0.134380266,-0.140704483,-0.144153908,-0.132783487,-0.064780079,|,0.123613678,0.143742219,0.147047743,0.190059498,0.195858315,|,0.16097638,0.229891211,0.34203577,0.26320523,0.285462558,0.227484003,0.284294218,0.026269881,|,2.794729948,3.207937002,3.40687108,3.754446983,4.131191254,|,2.779916763,3.215375423,3.475396633,4.065878391,3.633476257,3.816033125,4.106122971,4.262631416,|,-4.411372662,-5.07512188,-5.652400017,-6.240738392,-6.883336544,|,-3.530549049,-4.025466442,-4.170948982,-4.6820364,-5.237707138,-5.222975731,-5.691515446,-6.185633183,|,-0.242891908,-0.208112374,-0.056621935,0.053902157,0.161180809,|,-0.190869138,-0.128436491,-0.244085401,-0.286038071,-0.340003431,-0.279461861,-0.294342309,-0.300775677,|,4.481378555,4.286200523,4.585766315,4.283510685,3.831490278,|,4.883882999,4.686583996,3.986824512,5.111828804,4.392591476,4.561384678,3.858179808,4.758349419,|,0.019161012,0.020146824,0.018826643,0.010575888,0.015199437,|,0.007615479,0.008882362,0.007252377,0.010205979,0.005882856,0.006631563,0.00664753,0.004287514,|,-0.091506533,-0.118762434,-0.071496405,-0.083231971,-0.103902154,|,-0.11575637,-0.093635008,-0.129455984,-0.129014283,-0.10504628,-0.12729077,-0.206985846,-0.158844635,|,0.269930065,0.232900038,0.285823494,0.266023189,0.241240546,|,0.210468754,0.197929963,0.204049289,0.186462775,0.233765438,0.25248611,0.360843509,0.360590756,|,0.85323596,0.84056592,0.956295371,0.95673269,0.871403217,|,1.081330419,1.078432441,1.193223953,1.311151028,1.31028688,1.257510066,1.122846007,0.960480988,|,1.059629202,1.114597797,1.222792506,1.21061337,1.193780541,|,0.993824899,0.997510552,0.907161951,0.94933778,0.895337641,0.950020552,0.983422399,1.140885115,|,1.306393623,1.318297982,1.505016923,1.485286713,1.343987465,|,0.980932772,1.028382897,0.977749765,1.016668916,0.999939859,1.180693984,1.325414658,1.346930504,|,0.853562474,0.997424185,1.039067984,0.933049798,0.839309514,|,0.903728008,1.122928143,1.525635481,1.748406529,1.842228651,1.743072748,2.14114666,2.308640718,|,0.324496716,0.345176786,0.36912927,0.376275808,0.289800823,|,0.310712099,0.324026972,0.410341501,0.461490393,0.463872164,0.493332952,0.569566309,0.582089245,|,0.247457877,0.268445969,0.369027138,0.45397529,0.582088172,|,0.345650673,0.398527563,0.486784428,0.458336085,0.42467016,0.443024129,0.504952729,0.545038581
6:32:30,|,2.520001411,2.891480446,3.096540451,3.203104019,3.503368616,|,2.44654417,2.528094053,2.582357645,3.007591963,3.403857708,3.4810884,3.392601728,3.900595903,|,-3.614210844,-4.082069874,-4.461640835,-4.960855007,-5.289275646,|,-2.756903887,-3.256742001,-3.870221376,-4.182218075,-4.440716743,-4.813387394,-5.227517605,-5.660613537,|,-0.081067465,0.045733429,0.033059467,-0.022872845,-0.090549134,|,-0.178224385,-0.25101909,-0.265208244,-0.069553159,-0.224406451,-0.091140695,-0.23237446,0.794363499,|,4.993062973,4.798378944,5.882791042,4.664397717,3.292869568,|,5.039121151,4.684520245,3.672744989,4.379389763,3.147552252,3.607643604,4.137498379,4.332357883,|,0.013483871,0.01346477,0.007723762,0.009252265,0.007099186,|,0.015694287,0.019269615,0.021263853,0.0229635,0.027461236,0.013686492,0.016986605,0.011725641,|,-0.101197168,-0.119120352,-0.187979653,-0.08958105,-0.152033687,|,-0.019114887,-0.112816066,-0.168398187,-0.20150961,-0.194077,-0.161579087,-0.137221515,-0.134750113,|,0.187643334,0.186899558,0.158262357,0.209582105,0.225090638,|,0.176097691,0.235623881,0.321379215,0.234869257,0.279218227,0.13639228,0.173616305,0.139172971,|,2.666053534,3.000277042,3.129900694,3.46365428,3.697698355,|,2.559785128,3.000299215,3.219415903,3.80470705,3.386465549,3.632658958,4.058832645,4.093166351,|,-4.449398041,-5.066222191,-5.526482582,-6.057499409,-6.674686432,|,-3.96446681,-4.479663849,-4.556425095,-5.033576965,-5.497584343,-5.523388863,-6.208740234,-6.559264183,|,-0.245062873,-0.225580499,-0.080141224,0.052505162,0.170138091,|,-0.2347451,-0.174035341,-0.29649964,-0.275573283,-0.307573438,-0.251701266,-0.368522078,-0.393716395,|,4.280147076,4.07593441,4.369696617,4.122918129,3.621132135,|,4.610396385,4.432921886,3.665239573,4.790082455,4.048454285,4.242135048,3.604239225,4.431768417,|,0.019864738,0.017765647,0.016887039,0.010187071,0.013629558,|,0.01877105,0.015349098,0.015779972,0.019501025,0.016577367,0.017995378,0.014685208,0.018896438,|,-0.081000559,-0.087295264,-0.064229906,-0.041945361,-0.0523533,|,-0.074483767,-0.035961475,-0.077730976,-0.062871896,-0.050802343,-0.121929109,-0.140882611,-0.139598563,|,0.249036714,0.195246756,0.193067327,0.163956165,0.128346756,|,0.235899866,0.196456611,0.206281394,0.239777401,0.308942884,0.290372968,0.381311506,0.376338005,|,0.888633549,0.9240821,1.076844811,0.998315513,0.921295106,|,0.872924566,0.872218132,1.01240921,1.050047159,1.149146557,1.157358289,1.04747963,0.96826148,|,0.956459939,1.081954598,1.222583532,1.19419229,1.341983795,|,1.185563207,1.261481166,1.358822107,1.313658834,1.315145135,1.35968411,1.266551733,1.392522097,|,1.16093719,0.95040673,1.049309969,0.950460315,0.993787766,|,1.311993361,1.384806633,1.38388133,1.585111141,1.461314917,1.467662334,1.654518485,1.478249669,|,1.347825408,1.499997139,1.477003694,1.424288392,1.269434452,|,1.391869068,1.504704237,1.701546073,1.561233163,1.655817866,1.585840702,1.549958825,1.935836911,|,0.344069213,0.335996032,0.33896783,0.359971821,0.293707281,|,0.296962738,0.321962386,0.420537144,0.497711837,0.538307071,0.625934541,0.648213923,0.726935565,|,0.284276277,0.327308029,0.441715568,0.563056827,0.61755842,|,0.413120776,0.47691685,0.499792159,0.573422194,0.60024786,0.582514644,0.666083813,0.600449681
6:37:30,|,2.572669268,3.061017036,3.245545626,3.349713564,3.68309474,|,2.782610893,2.780448437,2.851272821,3.26452899,3.628246546,3.763724566,3.759751081,4.229166508,|,-3.362410069,-3.895307541,-4.291152954,-4.748837471,-4.734070778,|,-2.591870546,-3.110412121,-3.703466654,-3.997493029,-4.217067242,-4.550747395,-5.058134556,-5.316690922,|,-0.080112025,0.003437758,0.006545837,-0.062299471,-0.044703323,|,-0.178290278,-0.235461593,-0.248619467,-0.027418818,-0.229687154,-0.055141572,-0.222297192,0.794175923,|,4.935685635,4.746776581,5.781036377,4.669434071,3.928063393,|,4.96033287,4.589849472,3.595039845,4.311635017,3.057851315,3.561069965,4.088209152,4.282446861,|,0.014356541,0.013661812,0.010632964,0.012444174,0.01272839,|,0.017840618,0.017644549,0.016354648,0.01244373,0.014147223,0.011358703,0.015196044,0.005853631,|,-0.101609491,-0.028165879,-0.049282987,0.005835864,-0.018022208,|,-0.09872026,-0.171271563,-0.141776085,-0.151658192,-0.165782109,-0.130100146,-0.166438207,-0.162938967,|,0.15454939,0.144153208,0.145698652,0.165030986,0.143877923,|,0.202941015,0.243598416,0.328061163,0.271334708,0.300779045,0.222878203,0.294362307,0.201134026,|,2.427810431,2.745398998,2.929488182,3.289057255,3.636550188,|,2.684040785,3.026447773,3.181432486,3.685615778,3.245922565,3.493950129,3.781651258,3.947025299,|,-3.843902588,-4.491052628,-5.037193775,-5.543382168,-6.105044842,|,-3.302988291,-3.755791903,-3.818314075,-4.305680752,-4.832022667,-4.851325512,-5.419734955,-5.983365059,|,-0.203974396,-0.18334645,-0.029183313,0.065636694,0.127644673,|,-0.162822068,-0.089537412,-0.202380747,-0.177174374,-0.196398556,-0.140209079,-0.239464819,-0.253290534,|,4.271217346,4.073927879,4.353559494,4.230089188,3.639593124,|,4.611053944,4.460119724,3.675923109,4.776774883,4.007148743,4.216447353,3.612638712,4.405695438,|,0.018412158,0.017741522,0.01669817,0.014578666,0.019305304,|,0.014076011,0.012073719,0.015260636,0.016540233,0.013303315,0.014181762,0.013797798,0.011521941,|,-0.10550645,-0.102938846,-0.095477715,-0.103285544,-0.146116287,|,-0.070517041,-0.058991991,-0.134518504,-0.15714328,-0.17080389,-0.17355451,-0.166613147,-0.125875682,|,0.213557899,0.159582421,0.203531682,0.192569315,0.2228892,|,0.201729417,0.163214117,0.170736447,0.172593758,0.213363439,0.197236538,0.198109463,0.243213296,|,0.78142029,0.798889816,0.891300023,0.832672596,0.831153274,|,1.048312783,1.096661925,1.090710998,1.064470172,1.245369673,1.358903885,1.324766874,1.198421955,|,0.92646271,0.964299262,1.141713262,1.125524998,0.990499377,|,1.225862026,1.432290316,1.41537261,1.423279762,1.462472916,1.652041793,1.386282921,1.699754715,|,1.065337539,1.02706027,1.208120942,1.183080673,1.081404567,|,0.95607245,0.885619223,0.804690957,1.018274069,0.919683516,0.96317184,1.045110822,1.201305389,|,1.141431212,1.18030262,1.269681096,1.311568022,1.112796068,|,1.012747765,1.294465423,1.527386546,1.566711426,1.635500669,1.604661822,1.526913166,1.58400631,|,0.278638422,0.285403907,0.311847597,0.31658271,0.301287532,|,0.272826076,0.301560193,0.398535788,0.447532296,0.460796684,0.470574677,0.457993209,0.540846884,|,0.28445977,0.32498762,0.395920396,0.436824262,0.49759686,|,0.352919459,0.408128589,0.451435536,0.465720356,0.433216125,0.425398588,0.500582397,0.502800405
6:42:30,|,2.204151869,2.563668013,2.724570751,2.86383009,3.150801182,|,2.69985342,2.690573931,2.843443871,3.340961456,3.697613955,3.73747921,3.682139874,4.359165668,|,-2.882165909,-3.26876235,-3.649016857,-4.132521152,-4.416074753,|,-2.713642836,-3.250158548,-3.929012537,-4.40067482,-4.756161213,-5.204153538,-5.79984808,-6.293501854,|,-0.022223188,0.06301216,0.076742716,0.08176259,0.09793219,|,-0.121666916,-0.16816026,-0.148489341,0.007331751,-0.226532802,-0.10984192,-0.394174576,0.661274612,|,4.923463345,4.753697872,5.738566875,4.693435669,3.796256304,|,4.899185658,4.539770126,3.522460461,4.257715225,3.008189678,3.427613258,4.032446861,4.232752323,|,0.014620619,0.016438767,0.016650872,0.016286056,0.013902126,|,0.015495102,0.017110605,0.019088555,0.017461184,0.016362138,0.01579174,0.017045468,0.011928748,|,-0.110052653,-0.112850986,-0.159047529,-0.14364484,-0.177472621,|,-0.154730752,-0.242149696,-0.307254016,-0.304025382,-0.254419714,-0.226116896,-0.168866575,-0.132601634,|,0.137802422,0.173910901,0.193686441,0.184077039,0.290005356,|,0.280787736,0.319919735,0.4670766,0.355997205,0.38619554,0.376452476,0.36091432,0.234008059,|,2.562776327,2.896944523,3.138454676,3.42115736,3.731221437,|,2.909385443,3.033279181,3.512007475,4.061302185,3.693528891,3.942390442,4.069527626,3.96945262,|,-3.825302839,-4.492677212,-4.968396187,-5.362625122,-6.04022789,|,-3.319088221,-3.571198702,-3.771293163,-4.182256699,-4.763931274,-4.817640305,-5.373538017,-5.796043396,|,-0.220068678,-0.21831046,-0.052954532,0.072939165,0.098421238,|,-0.187217101,-0.088850684,-0.185309917,-0.199698567,-0.239340886,-0.228539765,-0.302496791,-0.315853894,|,4.237835407,4.054419994,4.315375805,4.213860035,3.637477875,|,4.615156174,4.501077175,3.626402378,4.743945122,3.964742422,4.186702251,3.622630358,4.396662235,|,0.019930625,0.018997082,0.017078385,0.01578832,0.015147322,|,0.014214357,0.011432742,0.014532779,0.012102135,0.008880901,0.006807201,0.007688641,0.007253015,|,-0.131462857,-0.109536283,-0.06295222,-0.071033724,-0.043040618,|,-0.085155323,-0.047548369,-0.108183347,-0.122494675,-0.053741608,-0.083955221,-0.106754899,-0.14282535,|,0.242288038,0.178088874,0.213070601,0.190837488,0.155919358,|,0.194935471,0.168318793,0.154990911,0.14825502,0.168566078,0.138634518,0.216097817,0.258911103,|,0.756563783,0.788026154,0.858231604,0.831376016,0.73817277,|,0.766593575,0.772283614,0.822844207,0.899626017,0.894158423,0.969638348,0.882062733,0.881478608,|,0.876776218,1.012164474,1.191887021,1.168563247,1.295981407,|,1.452561975,1.468734503,1.610074282,1.758928657,1.625606537,1.493700981,1.15687573,1.115801454,|,1.053986192,0.925586045,1.16005075,1.20438242,0.924758554,|,0.912472606,0.814266443,0.868154943,0.950125158,0.81121856,0.753143847,0.860392213,0.969427228,|,1.320959449,1.446920276,1.669045568,1.788024783,1.791861892,|,1.030326366,1.231867909,1.548845053,1.555851221,1.548606753,1.539822459,1.331328869,1.402873397,|,0.274514437,0.291535139,0.305230469,0.30452615,0.23036395,|,0.265521973,0.262162745,0.347056776,0.37414673,0.390125006,0.396244615,0.446504593,0.464791387,|,0.247018129,0.270310879,0.400216818,0.467795253,0.573814809,|,0.406529784,0.501465142,0.702225089,0.698096395,0.687398553,0.619728386,0.634569526,0.552569509
6:47:30,|,2.180513859,2.534246206,2.635359764,2.716019392,2.963605881,|,1.857692838,2.399154663,2.002743006,2.441832066,2.684343338,2.786038399,2.91959548,3.399652243,|,-2.785660744,-3.170553923,-3.564831734,-3.938224554,-4.339976311,|,-2.392835617,-2.726021051,-3.434049845,-3.804200649,-4.01985693,-4.316516876,-4.733965397,-5.07249403,|,-0.034981143,0.026912654,0.010768053,0.005226925,0.002633274,|,-0.091928475,-0.186886713,-0.139143839,-0.001369708,-0.163136646,-0.082084909,-0.298926771,0.574644148,|,4.889023781,4.756464481,5.655700684,4.695070267,3.634436369,|,4.886673927,4.474267006,3.534870148,4.287257195,3.036673069,3.439625263,4.048481464,4.251049042,|,0.011539051,0.010322512,0.010430927,0.009049635,0.012352264,|,0.0112449,0.010993444,0.01160921,0.009805483,0.010942777,0.009677947,0.012665656,0.010779736,|,-0.070375524,-0.069929361,-0.043373384,-0.05513652,-0.068344399,|,-0.06361331,-0.112372681,-0.13867496,-0.140185043,-0.163146451,-0.182835221,-0.077034801,-0.122387603,|,0.114836127,0.095362715,0.116275601,0.134379432,0.248088971,|,0.168358758,0.198471278,0.237337887,0.202237263,0.266970396,0.22806941,0.379031807,0.265655994,|,2.940063953,3.332871437,3.532202959,3.79068327,4.142368317,|,2.547863483,2.358016491,2.977436543,3.378539562,3.026644707,3.24339962,3.456081867,3.552229166,|,-4.06976223,-4.759696007,-5.102496147,-5.526080608,-6.222116947,|,-3.106706619,-2.233548403,-3.378451586,-3.730961084,-4.236940861,-4.261396885,-4.779389858,-5.210430622,|,-0.225087672,-0.246575251,-0.061219085,0.055742454,0.090987764,|,-0.178315222,-0.056497261,-0.183760494,-0.121463746,-0.149777919,-0.074545398,-0.109877311,-0.151721954,|,4.193985939,4.015703201,4.271194935,4.199545383,3.612117767,|,4.618324757,4.553708076,3.650328636,4.767140865,3.975347519,4.205024242,3.621955633,4.408897877,|,0.012794511,0.01260657,0.012704164,0.010830886,0.011947925,|,0.011483863,0.012887199,0.012925972,0.01438227,0.01140792,0.009977898,0.006605628,0.004918109,|,-0.119323298,-0.088239245,-0.071271397,-0.068844557,-0.09427052,|,-0.053830825,-0.052082192,-0.11075902,-0.137753338,-0.123608209,-0.097427294,0.011441479,-0.036142308,|,0.160360202,0.145342544,0.191142499,0.154710546,0.168912113,|,0.169349074,0.170575604,0.182215348,0.185389265,0.216290489,0.184783056,0.207090452,0.2011154,|,0.78892678,0.801892757,0.86045301,0.939149797,0.928553879,|,0.615760028,0.205001041,0.827514768,0.850801647,0.883542836,0.940984726,1.101782322,0.972034395,|,0.754949391,0.796949387,0.857825041,0.77891314,0.809126198,|,0.956059635,1.309984207,1.109197021,1.182142973,1.165922165,1.077941298,0.906256497,0.96077472,|,0.956068754,0.90317595,1.114890456,1.022362471,0.946714163,|,0.805676043,0.394943029,0.740512609,0.831729472,0.921996355,0.817895353,0.696922123,0.761417687,|,0.815175295,0.764102161,0.890135765,0.838000655,0.896008492,|,0.933460414,1.153162003,1.216023684,1.270548701,1.336577654,1.456922889,1.750075221,1.848892212,|,0.255075902,0.254603952,0.270874888,0.299530864,0.258977205,|,0.20155023,0.189336598,0.331968904,0.402486682,0.407493025,0.45058912,0.458796024,0.49499929,|,0.210257351,0.245178521,0.31397292,0.348124266,0.476675481,|,0.305413395,0.325540781,0.40742892,0.451330811,0.519676089,0.521726787,0.63024044,0.689798415
6:52:30,|,2.666629553,3.116429806,3.18891573,3.323982477,3.588519096,|,2.611856461,2.907194853,2.821383715,3.098598957,3.224474192,3.349930286,3.380454302,3.824223757,|,-2.843958139,-3.194430113,-3.445313931,-3.811311483,-4.285739899,|,-2.044073582,-2.984233856,-2.82585597,-3.047206879,-3.145557165,-3.48601079,-3.967706442,-4.347671032,|,-0.055749491,0.007332055,0.023254544,0.018785398,0.033008181,|,-0.116493888,0.069640405,-0.098019429,0.07367111,-0.052498821,0.038650699,-0.198407039,0.619399309,|,4.876141071,4.754050732,5.570646763,4.686405182,3.637265205,|,4.916644573,4.387443542,3.562830925,4.334113121,3.081346035,3.476429701,4.079057693,4.283279896,|,0.011347298,0.009273153,0.010217583,0.010700568,0.012990708,|,0.008567694,0.009499842,0.006819528,0.00883346,0.010216766,0.009476683,0.015824247,0.014041981,|,-0.095508389,-0.076210491,-0.075356089,-0.0715435,-0.029972175,|,-0.054298379,-0.36452049,-0.057423607,-0.058997173,-0.105318226,-0.130329445,-0.093681641,-0.079474166,|,0.12604925,0.079519674,0.130741343,0.156641558,0.160404474,|,0.107613653,0.292271078,0.156856954,0.108707331,0.185626313,0.207616568,0.293568432,0.232511118,|,3.094120502,3.633748293,4.049851418,4.368626595,4.702372074,|,2.684004068,3.200136185,3.258412838,3.68961215,3.362591267,3.631199598,3.905618668,4.019413471,|,-3.535199165,-4.251993179,-4.703700066,-5.022019386,-5.48855257,|,-2.928606033,-3.334485292,-3.329343081,-3.731051445,-4.275201797,-4.304072857,-4.892695904,-5.25221777,|,-0.195712209,-0.236507818,-0.06194675,0.076781906,0.129977733,|,-0.170565724,-0.119769238,-0.201308951,-0.161420062,-0.236242756,-0.208701029,-0.238681227,-0.257995099,|,4.136104584,3.953186274,4.182314396,4.124912262,3.570531607,|,4.622024536,4.509819984,3.633321762,4.750236034,3.943428516,4.177850723,3.565137386,4.397753716,|,0.015202447,0.015770633,0.013921831,0.011372444,0.011261729,|,0.012235399,0.012795283,0.012482694,0.015594636,0.012861335,0.013117383,0.015979046,0.010559748,|,-0.150712624,-0.139788434,-0.086211517,-0.095323093,-0.07361196,|,-0.104209907,-0.074470773,-0.114942707,-0.130542874,-0.108155414,-0.132981226,-0.163119286,-0.096863165,|,0.173249394,0.13631779,0.122930236,0.111113355,0.106177375,|,0.190877721,0.211024955,0.198497444,0.217330575,0.268983781,0.233794585,0.302954346,0.341737211,|,0.872481406,0.836412847,0.835897326,0.826854885,0.843897581,|,0.924066544,0.978474319,0.993287325,1.054033875,1.01659894,0.976157188,0.922156453,0.764752507,|,0.880206645,0.840813994,0.814653277,0.818089724,0.860643148,|,1.089482784,1.071857214,1.170530438,1.229741096,1.158003211,1.150273323,1.184931993,1.328856111,|,0.908712029,0.936275661,1.178364635,1.106808424,1.11841464,|,1.058279634,1.123003244,1.003554344,1.202742934,1.200647354,1.149968743,1.118745565,1.217557192,|,1.299093723,1.193812966,1.258096099,1.245240092,1.338791251,|,0.613362432,0.694556773,0.79640305,0.906173825,0.984017909,0.988018453,1.236361504,1.392161965,|,0.251562238,0.254873306,0.255223483,0.281216234,0.28539899,|,0.21944049,0.259366512,0.300218493,0.349822611,0.383065015,0.420472145,0.478029311,0.501625955,|,0.217086554,0.204376817,0.25834325,0.30511567,0.373037696,|,0.219410866,0.584707081,0.346980572,0.383363515,0.417725027,0.47182551,0.499485612,0.387747824
6:57:30,|,3.245019197,3.774493456,3.961930037,4.21354723,4.456143379,|,3.388933659,3.489774942,3.633175611,4.177221298,4.532930851,4.640975952,4.58652401,5.27144289,|,-3.293032408,-3.677810907,-3.987109661,-4.37153244,-4.775502682,|,-2.98542881,-3.445120573,-4.151073933,-4.492729664,-4.630887032,-4.873556614,-5.210526943,-5.503072262,|,-0.115720227,-0.043028522,-0.067583971,-0.081215687,0.022820687,|,-0.187874869,-0.230543524,-0.239892557,-0.060000021,-0.267819107,-0.119770333,-0.310233444,0.750431716,|,4.727798462,4.568458557,4.99642992,4.536515713,3.529506683,|,4.678233624,4.208570004,3.315739155,4.118264198,2.842843056,3.233540773,3.851904869,4.072350502,|,0.013548846,0.016186353,0.02448922,0.013696805,0.01952571,|,0.013478626,0.015765877,0.014467253,0.014307465,0.019724719,0.015762672,0.015773861,0.013392702,|,-0.148557216,-0.16368036,-0.191872075,-0.206623346,-0.159405619,|,-0.181081727,-0.288226634,-0.319417477,-0.347838193,-0.373165339,-0.342385173,-0.307060778,-0.190726146,|,0.12774007,0.132124871,0.139524281,0.142460957,0.133945227,|,0.294294775,0.295463264,0.502183974,0.4122881,0.494346261,0.354949117,0.422511935,0.325170845,|,3.580331087,4.084475994,4.367140293,4.71149683,5.021012783,|,3.440031052,3.906782866,4.149564743,4.760871887,4.442490578,4.786191463,5.146876335,5.215018749,|,-4.072296619,-4.77810812,-5.040099144,-5.470291615,-5.964434624,|,-3.373690128,-3.719370604,-3.70562911,-4.067189217,-4.632153034,-4.654263496,-5.162981987,-5.575232029,|,-0.257887602,-0.279614389,-0.04978206,0.076147169,0.192802697,|,-0.147387981,-0.053612489,-0.178930223,-0.144430295,-0.139520481,-0.131821528,-0.261004686,-0.309213907,|,3.95280838,3.782526493,4.008552074,3.971682072,3.432246923,|,4.460377693,4.328801155,3.417405844,4.547448635,3.717489004,3.982064724,3.349715948,4.052173615,|,0.016168697,0.01487988,0.013174837,0.011601554,0.013392142,|,0.01671049,0.019283552,0.029572148,0.027017526,0.023224209,0.022248454,0.024701599,0.038663864,|,-0.170127898,-0.16074796,-0.126870722,-0.159113333,-0.155395657,|,-0.138837084,-0.159558296,-0.291864634,-0.281001687,-0.240155786,-0.268469274,-0.163515344,-0.178580821,|,0.18484284,0.16218026,0.173803926,0.189359903,0.219943315,|,0.248769119,0.227484927,0.228886291,0.276513666,0.293953806,0.245777443,0.309717089,0.264317602,|,1.041932344,1.095115662,1.191419959,1.04716742,1.010949969,|,1.282582283,1.254863381,1.357563972,1.468700886,1.444248796,1.51479733,1.399540901,1.393820047,|,1.255456209,1.287853956,1.450981736,1.407072067,1.417398691,|,1.595420361,1.692702532,1.771939278,1.77197516,1.637344122,1.460555673,1.31869328,1.128329515,|,1.359700322,1.430096984,1.6467489,1.655641079,1.629338026,|,1.344554901,1.341847777,1.236222267,1.338193893,1.29643476,1.241259336,1.230730295,1.103506446,|,1.087402463,1.048429132,1.079522014,1.03421855,1.050935149,|,1.440036654,1.447529554,1.813262582,1.831085682,1.931188226,1.940134168,1.787674069,1.919232011,|,0.32592994,0.330282569,0.350156724,0.330021113,0.359233886,|,0.312523037,0.341278553,0.439857274,0.484105319,0.543019116,0.558514416,0.490069449,0.52048713,|,0.281343848,0.289730459,0.338467628,0.406565219,0.582192063,|,0.397642076,0.479299933,0.628256202,0.701394558,0.748121142,0.761194825,0.799263656,0.692087531
