Var1,bar_fence,spd_init_1_5,Vtke_init_1_5,spd_init_3,Vtke_init_3,spd_init_4_5,Vtke_init_4_5,spd_init_6,Vtke_init_6,spd_init_10,Vtke_init_10,bar_fence_1,spd_rel_1_5,Vtke_rel_1_5,spd_rel_3,Vtke_rel_3,spd_rel_4_5,Vtke_rel_4_5,spd_rel_6,Vtke_rel_6,spd_rel_8_5,Vtke_rel_8_5,spd_rel_10,Vtke_rel_10,spd_rel_15,Vtke_rel_15,spd_rel_20,Vtke_rel_20,bar_fence_2,spd_uconv_1_5,Vtke_uconv_1_5,spd_uconv_3,Vtke_uconv_3,spd_uconv_4_5,Vtke_uconv_4_5,spd_uconv_6,Vtke_uconv_6,spd_uconv_10,Vtke_uconv_10,spd_lconv_1_5,Vtke_lconv_1_5,spd_lconv_3,Vtke_lconv_3,spd_lconv_4_5,Vtke_lconv_4_5,spd_lconv_6,Vtke_lconv_6,spd_lconv_8_5,Vtke_lconv_8_5,spd_lconv_10,Vtke_lconv_10,spd_lconv_15,Vtke_lconv_15,spd_lconv_20,Vtke_lconv_20
19:02:30,|,0.0672657415270805,0.02602831051288,0.0686613172292709,0.055076027098482,0.0705416724085808,0.0578437590634555,NaN,NaN,0.0648599863052368,0.0505567316906144,|,NaN,NaN,NaN,NaN,0,0,0,0,0,0,0,0,NaN,NaN,NaN,NaN,|,0,0,0,0,NaN,NaN,NaN,NaN,0,0,0,0,0,0,NaN,NaN,NaN,NaN,NaN,NaN,NaN,NaN,NaN,NaN,NaN,NaN
19:07:30,|,0.0778131559491158,0.0292490799649573,0.0847564339637756,0.0585973916064564,0.0756266191601753,0.0339350826845737,NaN,NaN,0.125605911016464,0.0581167016371372,|,NaN,NaN,NaN,NaN,0,0,0,0,0,0,0,0,NaN,NaN,NaN,NaN,|,0,0,0,0,NaN,NaN,NaN,NaN,0,0,0,0,0,0,NaN,NaN,NaN,NaN,NaN,NaN,NaN,NaN,NaN,NaN,NaN,NaN
19:12:30,|,0.0839701965451241,0.0245247857715955,0.0875338241457939,0.0521480106720709,0.0789713487029076,0.046513365253831,NaN,NaN,0.153893753886223,0.0912554530967585,|,NaN,NaN,NaN,NaN,0,0,0,0,0,0,0,0,NaN,NaN,NaN,NaN,|,0,0,0,0,NaN,NaN,NaN,NaN,0,0,0,0,0,0,NaN,NaN,NaN,NaN,NaN,NaN,NaN,NaN,NaN,NaN,NaN,NaN
19:17:30,|,0.0924004018306732,0.0506541544076329,0.0883691683411598,0.0604387090319827,0.10353647172451,0.0502132471399042,NaN,NaN,0.174338147044182,0.0821493256413934,|,NaN,NaN,NaN,NaN,0,0,0,0,0,0,0,0,NaN,NaN,NaN,NaN,|,0,0,0,0,NaN,NaN,NaN,NaN,0,0,0,0,0,0,NaN,NaN,NaN,NaN,NaN,NaN,NaN,NaN,NaN,NaN,NaN,NaN
19:22:30,|,0.0997072085738182,0.0770273136769949,0.0904513373970985,0.0402057242173639,0.110889777541161,0.0644835609989761,NaN,NaN,0.185426279902458,0.0490341195426574,|,NaN,NaN,NaN,NaN,0,0,0,0,0,0,0,0,NaN,NaN,NaN,NaN,|,0,0,0,0,NaN,NaN,NaN,NaN,0,0,0,0,0,0,NaN,NaN,NaN,NaN,NaN,NaN,NaN,NaN,NaN,NaN,NaN,NaN
19:27:30,|,0.112707018852234,0.0271658840108461,0.092499814927578,0.055580224251142,0.111938267946243,0.0634164027630005,NaN,NaN,0.205639734864235,0.0780371119444666,|,NaN,NaN,NaN,NaN,0,0,0,0,0,0,0,0,NaN,NaN,NaN,NaN,|,0,0,0,0,NaN,NaN,NaN,NaN,0,0,0,0,0,0,NaN,NaN,NaN,NaN,NaN,NaN,NaN,NaN,NaN,NaN,NaN,NaN
19:32:30,|,0.115047782659531,0.0671264965765227,0.0932332128286362,0.0493512502648031,0.120055109262466,0.0696243349294478,NaN,NaN,0.22142331302166,0.120975059361984,|,NaN,NaN,NaN,NaN,0,0,0,0,0,0,0,0,NaN,NaN,NaN,NaN,|,0,0,0,0,NaN,NaN,NaN,NaN,0,0,0,0,0,0,NaN,NaN,NaN,NaN,NaN,NaN,NaN,NaN,NaN,NaN,NaN,NaN
19:37:30,|,0.116258718073368,0.0535193074124998,0.0964066535234451,0.0407176485015699,0.127526119351387,0.0633370232064371,NaN,NaN,0.221466213464737,0.047947479567821,|,NaN,NaN,NaN,NaN,0,0,0,0,0,0,0,0,NaN,NaN,NaN,NaN,|,0,0,0,0,NaN,NaN,NaN,NaN,0,0,0,0,0,0,NaN,NaN,NaN,NaN,NaN,NaN,NaN,NaN,NaN,NaN,NaN,NaN
19:42:30,|,0.117659196257591,0.0337553041401278,0.102784745395184,0.0564634473369282,0.129580184817314,0.0363206942406659,NaN,NaN,0.22269544005394,0.157648336409332,|,NaN,NaN,NaN,NaN,0,0,0,0,0,0,0,0,NaN,NaN,NaN,NaN,|,0,0,0,0,NaN,NaN,NaN,NaN,0,0,0,0,0,0,NaN,NaN,NaN,NaN,NaN,NaN,NaN,NaN,NaN,NaN,NaN,NaN
19:47:30,|,0.133061081171036,0.0662650912682697,0.10368537902832,0.0293865562251069,0.129819065332413,0.0643113380235695,NaN,NaN,0.235197558999062,0.0851950320152749,|,NaN,NaN,NaN,NaN,0,0,0,0,0,0,0,0,NaN,NaN,NaN,NaN,|,0,0,0,0,NaN,NaN,NaN,NaN,0,0,0,0,0,0,NaN,NaN,NaN,NaN,NaN,NaN,NaN,NaN,NaN,NaN,NaN,NaN
19:52:30,|,0.13610528409481,0.0842021116390443,0.104372575879097,0.0588421228972075,0.139738962054253,0.0301816206718979,NaN,NaN,0.240009218454361,0.0613157517257949,|,NaN,NaN,NaN,NaN,0,0,0,0,0,0,0,0,NaN,NaN,NaN,NaN,|,0,0,0,0,NaN,NaN,NaN,NaN,0,0,0,0,0,0,NaN,NaN,NaN,NaN,NaN,NaN,NaN,NaN,NaN,NaN,NaN,NaN
19:57:30,|,0.136598587036133,0.0596131488074104,0.10834102332592,0.0421401773384957,0.140902623534203,0.0564843311310056,NaN,NaN,0.249869793653488,0.0632793000058416,|,NaN,NaN,NaN,NaN,0,0,0,0,0,0,0,0,NaN,NaN,NaN,NaN,|,0,0,0,0,NaN,NaN,NaN,NaN,0,0,0,0,0,0,NaN,NaN,NaN,NaN,NaN,NaN,NaN,NaN,NaN,NaN,NaN,NaN
20:02:30,|,0.13727480173111,0.052525957975537,0.113855794072151,0.0753911528852986,0.145255133509636,0.0573330717118924,NaN,NaN,0.252411514520645,0.0452935512411917,|,NaN,NaN,NaN,NaN,0,0,0,0,0,0,0,0,NaN,NaN,NaN,NaN,|,0,0,0,0,NaN,NaN,NaN,NaN,0,0,0,0,0,0,NaN,NaN,NaN,NaN,NaN,NaN,NaN,NaN,NaN,NaN,NaN,NaN
20:07:30,|,0.139488592743874,0.0665506505073632,0.116727210581303,0.10084715045182,0.148816451430321,0.0628302532664631,NaN,NaN,0.256742417812347,0.145602992989467,|,NaN,NaN,NaN,NaN,0,0,0,0,0,0,0,0,NaN,NaN,NaN,NaN,|,0,0,0,0,NaN,NaN,NaN,NaN,0,0,0,0,0,0,NaN,NaN,NaN,NaN,NaN,NaN,NaN,NaN,NaN,NaN,NaN,NaN
20:12:30,|,0.140442922711372,0.0698982204876655,0.119150951504707,0.0507669632213516,0.149951875209808,0.0325851163549178,NaN,NaN,0.26698762178421,0.0706695784835492,|,NaN,NaN,NaN,NaN,0,0,0,0,0,0,0,0,NaN,NaN,NaN,NaN,|,0,0,0,0,NaN,NaN,NaN,NaN,0,0,0,0,0,0,NaN,NaN,NaN,NaN,NaN,NaN,NaN,NaN,NaN,NaN,NaN,NaN
20:17:30,|,0.140685245394707,0.0493735239952874,0.12155444175005,0.0583869588097874,0.153179422020912,0.112682789291849,NaN,NaN,0.277517884969711,0.0732070675731461,|,NaN,NaN,NaN,NaN,0,0,0,0,0,0,0,0,NaN,NaN,NaN,NaN,|,0,0,0,0,NaN,NaN,NaN,NaN,0,0,0,0,0,0,NaN,NaN,NaN,NaN,NaN,NaN,NaN,NaN,NaN,NaN,NaN,NaN
20:22:30,|,0.141450434923172,0.0304159261974782,0.121638111770153,0.0465934488510963,0.153290957212448,0.100576546436627,NaN,NaN,0.285306543111801,0.0799156144935238,|,NaN,NaN,NaN,NaN,0,0,0,0,0,0,0,0,NaN,NaN,NaN,NaN,|,0,0,0,0,NaN,NaN,NaN,NaN,0,0,0,0,0,0,NaN,NaN,NaN,NaN,NaN,NaN,NaN,NaN,NaN,NaN,NaN,NaN
20:27:30,|,0.14486101269722,0.0749751426996702,0.121903881430626,0.0792985997319278,0.154393091797829,0.053889625428752,NaN,NaN,0.296723395586014,0.17778982028627,|,NaN,NaN,NaN,NaN,0,0,0,0,0,0,0,0,NaN,NaN,NaN,NaN,|,0,0,0,0,NaN,NaN,NaN,NaN,0,0,0,0,0,0,NaN,NaN,NaN,NaN,NaN,NaN,NaN,NaN,NaN,NaN,NaN,NaN
20:32:30,|,0.148422718048096,0.0758952647496138,0.128563493490219,0.0663114483625989,0.15572626888752,0.0824892444162814,NaN,NaN,0.30373215675354,0.0867333445398247,|,NaN,NaN,NaN,NaN,0,0,0,0,0,0,0,0,NaN,NaN,NaN,NaN,|,0,0,0,0,NaN,NaN,NaN,NaN,0,0,0,0,0,0,NaN,NaN,NaN,NaN,NaN,NaN,NaN,NaN,NaN,NaN,NaN,NaN
20:37:30,|,0.148917496204376,0.0642530464948323,0.128702402114868,0.0590320707935121,0.159126088023186,0.0609421825386542,NaN,NaN,0.308046728372574,0.0628812201415609,|,NaN,NaN,NaN,NaN,0,0,0,0,0,0,0,0,NaN,NaN,NaN,NaN,|,0,0,0,0,NaN,NaN,NaN,NaN,0,0,0,0,0,0,NaN,NaN,NaN,NaN,NaN,NaN,NaN,NaN,NaN,NaN,NaN,NaN
20:42:30,|,0.149008736014366,0.0475505195359148,0.133304387331009,0.101666394781131,0.16160075366497,0.0937106328007593,NaN,NaN,0.309709370136261,0.0626140583780102,|,NaN,NaN,NaN,NaN,0,0,0,0,0,0,0,0,NaN,NaN,NaN,NaN,|,0,0,0,0,NaN,NaN,NaN,NaN,0,0,0,0,0,0,NaN,NaN,NaN,NaN,NaN,NaN,NaN,NaN,NaN,NaN,NaN,NaN
20:47:30,|,0.153387844562531,0.0581249388012593,0.135579213500023,0.0378466697216574,0.163140118122101,0.0485065345470448,NaN,NaN,0.309878706932068,0.0598498784474273,|,NaN,NaN,NaN,NaN,0,0,0,0,0,0,0,0,NaN,NaN,NaN,NaN,|,0,0,0,0,NaN,NaN,NaN,NaN,0,0,0,0,0,0,NaN,NaN,NaN,NaN,NaN,NaN,NaN,NaN,NaN,NaN,NaN,NaN
20:52:30,|,0.155594408512115,0.0642291663275231,0.136140763759613,0.0372180164070283,0.169979557394981,0.056741742655949,NaN,NaN,0.311617225408554,0.0597262487559579,|,NaN,NaN,NaN,NaN,0,0,0,0,0,0,0,0,NaN,NaN,NaN,NaN,|,0,0,0,0,NaN,NaN,NaN,NaN,0,0,0,0,0,0,NaN,NaN,NaN,NaN,NaN,NaN,NaN,NaN,NaN,NaN,NaN,NaN
20:57:30,|,0.161554470658302,0.0619663197652207,0.136420488357544,0.108743775644202,0.171781122684479,0.0609025898377864,NaN,NaN,0.321997255086899,0.173596772327796,|,NaN,NaN,NaN,NaN,0,0,0,0,0,0,0,0,NaN,NaN,NaN,NaN,|,0,0,0,0,NaN,NaN,NaN,NaN,0,0,0,0,0,0,NaN,NaN,NaN,NaN,NaN,NaN,NaN,NaN,NaN,NaN,NaN,NaN
21:02:30,|,0.161992624402046,0.0943512218174371,0.138346925377846,0.0937626763058791,0.183562889695168,0.100226684165016,NaN,NaN,0.323858320713043,0.0766617294927607,|,NaN,NaN,NaN,NaN,0,0,0,0,0,0,0,0,NaN,NaN,NaN,NaN,|,0,0,0,0,NaN,NaN,NaN,NaN,0,0,0,0,0,0,NaN,NaN,NaN,NaN,NaN,NaN,NaN,NaN,NaN,NaN,NaN,NaN
21:07:30,|,0.16389074921608,0.0831507334208833,0.145027816295624,0.0493815616909103,0.188505411148071,0.0401053969483008,NaN,NaN,0.325143724679947,0.0502685822231593,|,NaN,NaN,NaN,NaN,0,0,0,0,0,0,0,0,NaN,NaN,NaN,NaN,|,0,0,0,0,NaN,NaN,NaN,NaN,0,0,0,0,0,0,NaN,NaN,NaN,NaN,NaN,NaN,NaN,NaN,NaN,NaN,NaN,NaN
21:12:30,|,0.165531575679779,0.120341534642186,0.160922303795815,0.0481333996359728,0.189807772636414,0.105385709562934,NaN,NaN,0.325840592384338,0.118303615549656,|,NaN,NaN,NaN,NaN,0,0,0,0,0,0,0,0,NaN,NaN,NaN,NaN,|,0,0,0,0,NaN,NaN,NaN,NaN,0,0,0,0,0,0,NaN,NaN,NaN,NaN,NaN,NaN,NaN,NaN,NaN,NaN,NaN,NaN
21:17:30,|,0.166009142994881,0.0443926908860613,0.162765696644783,0.0408471174760214,0.191057816147804,0.036477756524055,NaN,NaN,0.331965982913971,0.0809181544419218,|,NaN,NaN,NaN,NaN,0,0,0,0,0,0,0,0,NaN,NaN,NaN,NaN,|,0,0,0,0,NaN,NaN,NaN,NaN,0,0,0,0,0,0,NaN,NaN,NaN,NaN,NaN,NaN,NaN,NaN,NaN,NaN,NaN,NaN
21:22:30,|,0.1676906645298,0.0555214844036502,0.164801239967346,0.0783598166783841,0.19275027513504,0.0756923005264148,NaN,NaN,0.33735379576683,0.0816149294150954,|,NaN,NaN,NaN,NaN,0,0,0,0,0,0,0,0,NaN,NaN,NaN,NaN,|,0,0,0,0,NaN,NaN,NaN,NaN,0,0,0,0,0,0,NaN,NaN,NaN,NaN,NaN,NaN,NaN,NaN,NaN,NaN,NaN,NaN
21:27:30,|,0.167896807193756,0.0545151893618969,0.167327418923378,0.0714666946173866,0.19284063577652,0.0608447064718904,NaN,NaN,0.342775493860245,0.0903699572952166,|,NaN,NaN,NaN,NaN,0,0,0,0,0,0,0,0,NaN,NaN,NaN,NaN,|,0,0,0,0,NaN,NaN,NaN,NaN,0,0,0,0,0,0,NaN,NaN,NaN,NaN,NaN,NaN,NaN,NaN,NaN,NaN,NaN,NaN
21:32:30,|,0.168757528066635,0.0798417533804032,0.168018907308578,0.0548193363736911,0.194515332579613,0.0690955091126181,NaN,NaN,0.345226913690567,0.118874710897472,|,NaN,NaN,NaN,NaN,0,0,0,0,0,0,0,0,NaN,NaN,NaN,NaN,|,0,0,0,0,NaN,NaN,NaN,NaN,0,0,0,0,0,0,NaN,NaN,NaN,NaN,NaN,NaN,NaN,NaN,NaN,NaN,NaN,NaN
21:37:30,|,0.175232157111168,0.0714798963034877,0.168631106615067,0.051851154114667,0.200716257095337,0.115474032966275,NaN,NaN,0.353011846542358,0.101162210462217,|,NaN,NaN,NaN,NaN,0,0,0,0,0,0,0,0,NaN,NaN,NaN,NaN,|,0,0,0,0,NaN,NaN,NaN,NaN,0,0,0,0,0,0,NaN,NaN,NaN,NaN,NaN,NaN,NaN,NaN,NaN,NaN,NaN,NaN
21:42:30,|,0.175502672791481,0.0418846889432555,0.170325309038162,0.0779731589951548,0.207554250955582,0.0443907305999717,NaN,NaN,0.356270402669907,0.0391822649747012,|,NaN,NaN,NaN,NaN,0,0,0,0,0,0,0,0,NaN,NaN,NaN,NaN,|,0,0,0,0,NaN,NaN,NaN,NaN,0,0,0,0,0,0,NaN,NaN,NaN,NaN,NaN,NaN,NaN,NaN,NaN,NaN,NaN,NaN
21:47:30,|,0.183806598186493,0.0653529054711227,0.172224625945091,0.0563444999381249,0.208042845129967,0.0800227560398424,NaN,NaN,0.366307586431503,0.0744591070996226,|,NaN,NaN,NaN,NaN,0,0,0,0,0,0,0,0,NaN,NaN,NaN,NaN,|,0,0,0,0,NaN,NaN,NaN,NaN,0,0,0,0,0,0,NaN,NaN,NaN,NaN,NaN,NaN,NaN,NaN,NaN,NaN,NaN,NaN
21:52:30,|,0.192791104316711,0.0383409239715003,0.174266532063484,0.0719282882836105,0.21063543856144,0.0571953756667548,NaN,NaN,0.369752526283264,0.0627688232254403,|,NaN,NaN,NaN,NaN,0,0,0,0,0,0,0,0,NaN,NaN,NaN,NaN,|,0,0,0,0,NaN,NaN,NaN,NaN,0,0,0,0,0,0,NaN,NaN,NaN,NaN,NaN,NaN,NaN,NaN,NaN,NaN,NaN,NaN
21:57:30,|,0.192903429269791,0.0803077519415041,0.178262442350388,0.0396035869878482,0.211140289902687,0.111953024610427,NaN,NaN,0.379651993513107,0.132978364247938,|,NaN,NaN,NaN,NaN,0,0,0,0,0,0,0,0,NaN,NaN,NaN,NaN,|,0,0,0,0,NaN,NaN,NaN,NaN,0,0,0,0,0,0,NaN,NaN,NaN,NaN,NaN,NaN,NaN,NaN,NaN,NaN,NaN,NaN
22:02:30,|,0.19511790573597,0.0425928472524896,0.17900288105011,0.0350651247149543,0.213756218552589,0.0403215951470009,NaN,NaN,0.400342404842377,0.0945268795608033,|,NaN,NaN,NaN,NaN,0,0,0,0,0,0,0,0,NaN,NaN,NaN,NaN,|,0,0,0,0,NaN,NaN,NaN,NaN,0,0,0,0,0,0,NaN,NaN,NaN,NaN,NaN,NaN,NaN,NaN,NaN,NaN,NaN,NaN
22:07:30,|,0.196572676301003,0.0874647505926156,0.179282501339912,0.0609850883166977,0.21585613489151,0.0569917742663221,NaN,NaN,0.402897417545319,0.0995244428218712,|,NaN,NaN,NaN,NaN,0,0,0,0,0,0,0,0,NaN,NaN,NaN,NaN,|,0,0,0,0,NaN,NaN,NaN,NaN,0,0,0,0,0,0,NaN,NaN,NaN,NaN,NaN,NaN,NaN,NaN,NaN,NaN,NaN,NaN
22:12:30,|,0.196943446993828,0.0573510773425195,0.185133919119835,0.0773572865730514,0.21658743917942,0.0630687272223118,NaN,NaN,0.404326319694519,0.104975127483488,|,NaN,NaN,NaN,NaN,0,0,0,0,0,0,0,0,NaN,NaN,NaN,NaN,|,0,0,0,0,NaN,NaN,NaN,NaN,0,0,0,0,0,0,NaN,NaN,NaN,NaN,NaN,NaN,NaN,NaN,NaN,NaN,NaN,NaN
22:17:30,|,0.198762893676758,0.0484673376315501,0.186936244368553,0.0431239941596194,0.221345141530037,0.108328749888737,NaN,NaN,0.409229218959808,0.0904336081132792,|,NaN,NaN,NaN,NaN,0,0,0,0,0,0,0,0,NaN,NaN,NaN,NaN,|,0,0,0,0,NaN,NaN,NaN,NaN,0,0,0,0,0,0,NaN,NaN,NaN,NaN,NaN,NaN,NaN,NaN,NaN,NaN,NaN,NaN
22:22:30,|,0.207980126142502,0.0598103923294996,0.187143683433533,0.06806832282448,0.221560195088387,0.0863297828090621,NaN,NaN,0.417524099349976,0.131217799066564,|,NaN,NaN,NaN,NaN,0,0,0,0,0,0,0,0,NaN,NaN,NaN,NaN,|,0,0,0,0,NaN,NaN,NaN,NaN,0,0,0,0,0,0,NaN,NaN,NaN,NaN,NaN,NaN,NaN,NaN,NaN,NaN,NaN,NaN
22:27:30,|,0.216793149709702,0.0467253836821124,0.194059163331985,0.0763338060200951,0.223684787750244,0.0520177465172463,NaN,NaN,0.425386667251587,0.154146078518865,|,NaN,NaN,NaN,NaN,0,0,0,0,0,0,0,0,NaN,NaN,NaN,NaN,|,0,0,0,0,NaN,NaN,NaN,NaN,0,0,0,0,0,0,NaN,NaN,NaN,NaN,NaN,NaN,NaN,NaN,NaN,NaN,NaN,NaN
22:32:30,|,0.217884927988052,0.0966779539827064,0.195470705628395,0.0513994713214669,0.225948259234428,0.032367169044725,NaN,NaN,0.433487921953201,0.0399629799355491,|,NaN,NaN,NaN,NaN,0,0,0,0,0,0,0,0,NaN,NaN,NaN,NaN,|,0,0,0,0,NaN,NaN,NaN,NaN,0,0,0,0,0,0,NaN,NaN,NaN,NaN,NaN,NaN,NaN,NaN,NaN,NaN,NaN,NaN
22:37:30,|,0.219147607684135,0.0382141226074051,0.196223229169846,0.0712089760299503,0.228539288043976,0.0396505425157471,NaN,NaN,0.444067895412445,0.155983433730927,|,NaN,NaN,NaN,NaN,0,0,0,0,0,0,0,0,NaN,NaN,NaN,NaN,|,0,0,0,0,NaN,NaN,NaN,NaN,0,0,0,0,0,0,NaN,NaN,NaN,NaN,NaN,NaN,NaN,NaN,NaN,NaN,NaN,NaN
22:42:30,|,0.220026895403862,0.0416053818210985,0.201168805360794,0.0706273649668831,0.231417283415794,0.0568017249874599,NaN,NaN,0.444536536931992,0.126292312607092,|,NaN,NaN,NaN,NaN,0,0,0,0,0,0,0,0,NaN,NaN,NaN,NaN,|,0,0,0,0,NaN,NaN,NaN,NaN,0,0,0,0,0,0,NaN,NaN,NaN,NaN,NaN,NaN,NaN,NaN,NaN,NaN,NaN,NaN
22:47:30,|,0.224683821201324,0.103448689554127,0.201313078403473,0.0725431754627346,0.232718408107758,0.0641094720966555,NaN,NaN,0.445052623748779,0.0857327691908807,|,NaN,NaN,NaN,NaN,0,0,0,0,0,0,0,0,NaN,NaN,NaN,NaN,|,0,0,0,0,NaN,NaN,NaN,NaN,0,0,0,0,0,0,NaN,NaN,NaN,NaN,NaN,NaN,NaN,NaN,NaN,NaN,NaN,NaN
22:52:30,|,0.225834682583809,0.0991223080036881,0.201837658882141,0.095530903899924,0.239808112382889,0.102968253799634,NaN,NaN,0.44866606593132,0.0998128319032845,|,NaN,NaN,NaN,NaN,0,0,0,0,0,0,0,0,NaN,NaN,NaN,NaN,|,0,0,0,0,NaN,NaN,NaN,NaN,0,0,0,0,0,0,NaN,NaN,NaN,NaN,NaN,NaN,NaN,NaN,NaN,NaN,NaN,NaN
22:57:30,|,0.226464092731476,0.0714032433708176,0.206246018409729,0.0329335843335252,0.244855791330338,0.0698849351117721,NaN,NaN,0.451072126626968,0.0818677035408381,|,NaN,NaN,NaN,NaN,0,0,0,0,0,0,0,0,NaN,NaN,NaN,NaN,|,0,0,0,0,NaN,NaN,NaN,NaN,0,0,0,0,0,0,NaN,NaN,NaN,NaN,NaN,NaN,NaN,NaN,NaN,NaN,NaN,NaN
23:02:30,|,0.230651617050171,0.0762781608465754,0.208079636096954,0.0764453834553829,0.254204571247101,0.081148075113142,NaN,NaN,0.453535050153732,0.0744870247385509,|,NaN,NaN,NaN,NaN,0,0,0,0,0,0,0,0,NaN,NaN,NaN,NaN,|,0,0,0,0,NaN,NaN,NaN,NaN,0,0,0,0,0,0,NaN,NaN,NaN,NaN,NaN,NaN,NaN,NaN,NaN,NaN,NaN,NaN
23:07:30,|,0.239306032657623,0.0735115324090035,0.211659625172615,0.0841753193895811,0.256156533956528,0.102515779701581,NaN,NaN,0.457173258066177,0.0713119175238393,|,NaN,NaN,NaN,NaN,0,0,0,0,0,0,0,0,NaN,NaN,NaN,NaN,|,0,0,0,0,NaN,NaN,NaN,NaN,0,0,0,0,0,0,NaN,NaN,NaN,NaN,NaN,NaN,NaN,NaN,NaN,NaN,NaN,NaN
23:12:30,|,0.241235926747322,0.0521845000499259,0.211905047297478,0.0663872061053524,0.257782012224197,0.0635147701870282,NaN,NaN,0.459569960832596,0.191604590562152,|,NaN,NaN,NaN,NaN,0,0,0,0,0,0,0,0,NaN,NaN,NaN,NaN,|,0,0,0,0,NaN,NaN,NaN,NaN,0,0,0,0,0,0,NaN,NaN,NaN,NaN,NaN,NaN,NaN,NaN,NaN,NaN,NaN,NaN
23:17:30,|,0.241550475358963,0.0903308240867836,0.217592865228653,0.0642377028587111,0.259425759315491,0.105885041189673,NaN,NaN,0.460785657167435,0.0629738021258816,|,NaN,NaN,NaN,NaN,0,0,0,0,0,0,0,0,NaN,NaN,NaN,NaN,|,0,0,0,0,NaN,NaN,NaN,NaN,0,0,0,0,0,0,NaN,NaN,NaN,NaN,NaN,NaN,NaN,NaN,NaN,NaN,NaN,NaN
23:22:30,|,0.244221121072769,0.106946404170953,0.222588583827019,0.0540582695754862,0.259599030017853,0.0901734614768422,NaN,NaN,0.462055623531342,0.119424877017773,|,NaN,NaN,NaN,NaN,0,0,0,0,0,0,0,0,NaN,NaN,NaN,NaN,|,0,0,0,0,NaN,NaN,NaN,NaN,0,0,0,0,0,0,NaN,NaN,NaN,NaN,NaN,NaN,NaN,NaN,NaN,NaN,NaN,NaN
23:27:30,|,0.246007353067398,0.0583117289264422,0.223760902881622,0.0776293954679185,0.260659009218216,0.0447725720295826,NaN,NaN,0.463278383016586,0.11504196210293,|,NaN,NaN,NaN,NaN,0,0,0,0,0,0,0,0,NaN,NaN,NaN,NaN,|,0,0,0,0,NaN,NaN,NaN,NaN,0,0,0,0,0,0,NaN,NaN,NaN,NaN,NaN,NaN,NaN,NaN,NaN,NaN,NaN,NaN
23:32:30,|,0.246802315115929,0.0590443444150905,0.22591732442379,0.0734164251647033,0.263156890869141,0.100508114363135,NaN,NaN,0.463809639215469,0.0585295090329479,|,NaN,NaN,NaN,NaN,0,0,0,0,0,0,0,0,NaN,NaN,NaN,NaN,|,0,0,0,0,NaN,NaN,NaN,NaN,0,0,0,0,0,0,NaN,NaN,NaN,NaN,NaN,NaN,NaN,NaN,NaN,NaN,NaN,NaN
23:37:30,|,0.252529799938202,0.0649785775943013,0.229934021830559,0.043807386309874,0.265751779079437,0.031895167229964,NaN,NaN,0.471321076154709,0.0775269750120563,|,NaN,NaN,NaN,NaN,0,0,0,0,0,0,0,0,NaN,NaN,NaN,NaN,|,0,0,0,0,NaN,NaN,NaN,NaN,0,0,0,0,0,0,NaN,NaN,NaN,NaN,NaN,NaN,NaN,NaN,NaN,NaN,NaN,NaN
23:42:30,|,0.255725741386414,0.0475472246960505,0.231175258755684,0.0799894687123796,0.266550928354263,0.0569717237318897,NaN,NaN,0.481736660003662,0.0677646612471572,|,NaN,NaN,NaN,NaN,0,0,0,0,0,0,0,0,NaN,NaN,NaN,NaN,|,0,0,0,0,NaN,NaN,NaN,NaN,0,0,0,0,0,0,NaN,NaN,NaN,NaN,NaN,NaN,NaN,NaN,NaN,NaN,NaN,NaN
23:47:30,|,0.261132329702377,0.0640128547905831,0.232477188110352,0.0489568673079324,0.267019361257553,0.057012811149532,NaN,NaN,0.489607810974121,0.158458644101309,|,NaN,NaN,NaN,NaN,0,0,0,0,0,0,0,0,NaN,NaN,NaN,NaN,|,0,0,0,0,NaN,NaN,NaN,NaN,0,0,0,0,0,0,NaN,NaN,NaN,NaN,NaN,NaN,NaN,NaN,NaN,NaN,NaN,NaN
23:52:30,|,0.26210954785347,0.0511357960167983,0.23373444378376,0.0604179108665595,0.271046191453934,0.0672224408690105,NaN,NaN,0.501322150230408,0.0661957730362992,|,NaN,NaN,NaN,NaN,0,0,0,0,0,0,0,0,NaN,NaN,NaN,NaN,|,0,0,0,0,NaN,NaN,NaN,NaN,0,0,0,0,0,0,NaN,NaN,NaN,NaN,NaN,NaN,NaN,NaN,NaN,NaN,NaN,NaN
23:57:30,|,0.264253973960876,0.0682978061164272,0.233755081892014,0.0738621904435078,0.274543106555939,0.0742825183976768,NaN,NaN,0.504832684993744,0.0681001436486586,|,NaN,NaN,NaN,NaN,0,0,0,0,0,0,0,0,NaN,NaN,NaN,NaN,|,0,0,0,0,NaN,NaN,NaN,NaN,0,0,0,0,0,0,NaN,NaN,NaN,NaN,NaN,NaN,NaN,NaN,NaN,NaN,NaN,NaN
00:02:30,|,0.267041563987732,0.0436094301071501,0.233779311180115,0.104584347445148,0.276524394750595,0.0477009188328412,NaN,NaN,0.507643461227417,0.0763847821210108,|,NaN,NaN,NaN,NaN,0,0,0,0,0,0,0,0,NaN,NaN,NaN,NaN,|,0,0,0,0,NaN,NaN,NaN,NaN,0,0,0,0,0,0,NaN,NaN,NaN,NaN,NaN,NaN,NaN,NaN,NaN,NaN,NaN,NaN
00:07:30,|,0.268626511096954,0.0309636707116652,0.237080961465836,0.0913359058045784,0.277026653289795,0.0931662784543799,NaN,NaN,0.523522078990936,0.0801566597672333,|,NaN,NaN,NaN,NaN,0,0,0,0,0,0,0,0,NaN,NaN,NaN,NaN,|,0,0,0,0,NaN,NaN,NaN,NaN,0,0,0,0,0,0,NaN,NaN,NaN,NaN,NaN,NaN,NaN,NaN,NaN,NaN,NaN,NaN
00:12:30,|,0.272539496421814,0.061818473187764,0.237382143735886,0.0411974016611064,0.282158404588699,0.0762485649567329,NaN,NaN,0.525868594646454,0.163738587072076,|,NaN,NaN,NaN,NaN,0,0,0,0,0,0,0,0,NaN,NaN,NaN,NaN,|,0,0,0,0,NaN,NaN,NaN,NaN,0,0,0,0,0,0,NaN,NaN,NaN,NaN,NaN,NaN,NaN,NaN,NaN,NaN,NaN,NaN
00:17:30,|,0.277691096067429,0.0588044703806017,0.240785717964172,0.0510409992359986,0.28278660774231,0.0678404976642273,NaN,NaN,0.52622264623642,0.0571104101506405,|,NaN,NaN,NaN,NaN,0,0,0,0,0,0,0,0,NaN,NaN,NaN,NaN,|,0,0,0,0,NaN,NaN,NaN,NaN,0,0,0,0,0,0,NaN,NaN,NaN,NaN,NaN,NaN,NaN,NaN,NaN,NaN,NaN,NaN
00:22:30,|,0.285705029964447,0.0563666408707113,0.243094921112061,0.0448384509692481,0.28335976600647,0.0522317485077492,NaN,NaN,0.527787029743195,0.0686085680462076,|,NaN,NaN,NaN,NaN,0,0,0,0,0,0,0,0,NaN,NaN,NaN,NaN,|,0,0,0,0,NaN,NaN,NaN,NaN,0,0,0,0,0,0,NaN,NaN,NaN,NaN,NaN,NaN,NaN,NaN,NaN,NaN,NaN,NaN
00:27:30,|,0.286633014678955,0.0733439910207499,0.244033634662628,0.0464170595124317,0.289194524288177,0.106170769565582,NaN,NaN,0.530202627182007,0.0902251790828991,|,NaN,NaN,NaN,NaN,0,0,0,0,0,0,0,0,NaN,NaN,NaN,NaN,|,0,0,0,0,NaN,NaN,NaN,NaN,0,0,0,0,0,0,NaN,NaN,NaN,NaN,NaN,NaN,NaN,NaN,NaN,NaN,NaN,NaN
00:32:30,|,0.28715592622757,0.071257902465146,0.252885162830353,0.0507390262679303,0.289206117391586,0.0801468440205,NaN,NaN,0.543382406234741,0.0926788029364017,|,NaN,NaN,NaN,NaN,0,0,0,0,0,0,0,0,NaN,NaN,NaN,NaN,|,0,0,0,0,NaN,NaN,NaN,NaN,0,0,0,0,0,0,NaN,NaN,NaN,NaN,NaN,NaN,NaN,NaN,NaN,NaN,NaN,NaN
00:37:30,|,0.288100033998489,0.0678871287213413,0.257383674383163,0.0619351452099602,0.292652785778046,0.0850507809946634,NaN,NaN,0.547328174114227,0.0988669781892725,|,NaN,NaN,NaN,NaN,0,0,0,0,0,0,0,0,NaN,NaN,NaN,NaN,|,0,0,0,0,NaN,NaN,NaN,NaN,0,0,0,0,0,0,NaN,NaN,NaN,NaN,NaN,NaN,NaN,NaN,NaN,NaN,NaN,NaN
00:42:30,|,0.28944456577301,0.044711403361363,0.258449763059616,0.101614855490139,0.295122236013412,0.0540920623423957,NaN,NaN,0.553676307201385,0.107753888372278,|,NaN,NaN,NaN,NaN,0,0,0,0,0,0,0,0,NaN,NaN,NaN,NaN,|,0,0,0,0,NaN,NaN,NaN,NaN,0,0,0,0,0,0,NaN,NaN,NaN,NaN,NaN,NaN,NaN,NaN,NaN,NaN,NaN,NaN
00:47:30,|,0.293630331754684,0.0645611972951706,0.260434329509735,0.0682123263027848,0.295404106378555,0.0480404643411357,NaN,NaN,0.557553946971893,0.122541030256021,|,NaN,NaN,NaN,NaN,0,0,0,0,0,0,0,0,NaN,NaN,NaN,NaN,|,0,0,0,0,NaN,NaN,NaN,NaN,0,0,0,0,0,0,NaN,NaN,NaN,NaN,NaN,NaN,NaN,NaN,NaN,NaN,NaN,NaN
00:52:30,|,0.293702095746994,0.0600557634318637,0.263670355081558,0.0732818128763346,0.295809864997864,0.0344049001374061,NaN,NaN,0.561074018478394,0.0644605279684407,|,NaN,NaN,NaN,NaN,0,0,0,0,0,0,0,0,NaN,NaN,NaN,NaN,|,0,0,0,0,NaN,NaN,NaN,NaN,0,0,0,0,0,0,NaN,NaN,NaN,NaN,NaN,NaN,NaN,NaN,NaN,NaN,NaN,NaN
00:57:30,|,0.296997606754303,0.0949410575218462,0.267553776502609,0.0626562257296826,0.297280341386795,0.191168933870824,NaN,NaN,0.565047681331635,0.109837783927689,|,NaN,NaN,NaN,NaN,0,0,0,0,0,0,0,0,NaN,NaN,NaN,NaN,|,0,0,0,0,NaN,NaN,NaN,NaN,0,0,0,0,0,0,NaN,NaN,NaN,NaN,NaN,NaN,NaN,NaN,NaN,NaN,NaN,NaN
01:02:30,|,0.299513936042786,0.0404603039916828,0.269397914409637,0.105143538507552,0.300220310688019,0.0851875614397941,NaN,NaN,0.570640504360199,0.0915460471254121,|,NaN,NaN,NaN,NaN,0,0,0,0,0,0,0,0,NaN,NaN,NaN,NaN,|,0,0,0,0,NaN,NaN,NaN,NaN,0,0,0,0,0,0,NaN,NaN,NaN,NaN,NaN,NaN,NaN,NaN,NaN,NaN,NaN,NaN
01:07:30,|,0.30472868680954,0.0487145751656544,0.274880081415176,0.0393514130143673,0.300393968820572,0.0987978524652614,NaN,NaN,0.580896735191345,0.08214874630363,|,NaN,NaN,NaN,NaN,0,0,0,0,0,0,0,0,NaN,NaN,NaN,NaN,|,0,0,0,0,NaN,NaN,NaN,NaN,0,0,0,0,0,0,NaN,NaN,NaN,NaN,NaN,NaN,NaN,NaN,NaN,NaN,NaN,NaN
01:12:30,|,0.307534992694855,0.0651567347211783,0.276179671287537,0.108622014049722,0.30098882317543,0.0756559371407277,NaN,NaN,0.589926242828369,0.159011037685591,|,NaN,NaN,NaN,NaN,0,0,0,0,0,0,0,0,NaN,NaN,NaN,NaN,|,0,0,0,0,NaN,NaN,NaN,NaN,0,0,0,0,0,0,NaN,NaN,NaN,NaN,NaN,NaN,NaN,NaN,NaN,NaN,NaN,NaN
01:17:30,|,0.313292622566223,0.0707653680566363,0.28045865893364,0.0638372024964722,0.301888078451157,0.0671554955081515,NaN,NaN,0.592605352401733,0.118475818991726,|,NaN,NaN,NaN,NaN,0,0,0,0,0,0,0,0,NaN,NaN,NaN,NaN,|,0,0,0,0,NaN,NaN,NaN,NaN,0,0,0,0,0,0,NaN,NaN,NaN,NaN,NaN,NaN,NaN,NaN,NaN,NaN,NaN,NaN
01:22:30,|,0.313626527786255,0.0490865102538079,0.280492961406708,0.124670007428264,0.310703635215759,0.0612693861483342,NaN,NaN,0.597308874130249,0.0511145397589082,|,NaN,NaN,NaN,NaN,0,0,0,0,0,0,0,0,NaN,NaN,NaN,NaN,|,0,0,0,0,NaN,NaN,NaN,NaN,0,0,0,0,0,0,NaN,NaN,NaN,NaN,NaN,NaN,NaN,NaN,NaN,NaN,NaN,NaN
01:27:30,|,0.3146832883358,0.0648232752245937,0.282556742429733,0.105615531367194,0.313524454832077,0.167468039938405,NaN,NaN,0.600157380104065,0.0764425141502036,|,NaN,NaN,NaN,NaN,0,0,0,0,0,0,0,0,NaN,NaN,NaN,NaN,|,0,0,0,0,NaN,NaN,NaN,NaN,0,0,0,0,0,0,NaN,NaN,NaN,NaN,NaN,NaN,NaN,NaN,NaN,NaN,NaN,NaN
01:32:30,|,0.315843224525452,0.110947332457521,0.283000946044922,0.0481845551157328,0.314161688089371,0.0633287634819715,NaN,NaN,0.603165984153748,0.122557760706954,|,NaN,NaN,NaN,NaN,0,0,0,0,0,0,0,0,NaN,NaN,NaN,NaN,|,0,0,0,0,NaN,NaN,NaN,NaN,0,0,0,0,0,0,NaN,NaN,NaN,NaN,NaN,NaN,NaN,NaN,NaN,NaN,NaN,NaN
01:37:30,|,0.317846596240997,0.0985923451852637,0.287218302488327,0.0452342761210364,0.31991109251976,0.114541514116123,NaN,NaN,0.610526442527771,0.124864129080446,|,NaN,NaN,NaN,NaN,0,0,0,0,0,0,0,0,NaN,NaN,NaN,NaN,|,0,0,0,0,NaN,NaN,NaN,NaN,0,0,0,0,0,0,NaN,NaN,NaN,NaN,NaN,NaN,NaN,NaN,NaN,NaN,NaN,NaN
01:42:30,|,0.32090550661087,0.0489798122394503,0.288382917642593,0.0861568334175408,0.331629902124405,0.0680449524400784,NaN,NaN,0.622213840484619,0.105645341248122,|,NaN,NaN,NaN,NaN,0,0,0,0,0,0,0,0,NaN,NaN,NaN,NaN,|,0,0,0,0,NaN,NaN,NaN,NaN,0,0,0,0,0,0,NaN,NaN,NaN,NaN,NaN,NaN,NaN,NaN,NaN,NaN,NaN,NaN
01:47:30,|,0.321303278207779,0.0797203256322439,0.290015488862991,0.050885885612488,0.334432572126389,0.0648683126768765,NaN,NaN,0.622573137283325,0.0730755086587627,|,NaN,NaN,NaN,NaN,0,0,0,0,0,0,0,0,NaN,NaN,NaN,NaN,|,0,0,0,0,NaN,NaN,NaN,NaN,0,0,0,0,0,0,NaN,NaN,NaN,NaN,NaN,NaN,NaN,NaN,NaN,NaN,NaN,NaN
01:52:30,|,0.321528881788254,0.256313913031864,0.295454382896423,0.0697359482892142,0.337178409099579,0.123436004065249,NaN,NaN,0.625107407569885,0.0721116701497794,|,NaN,NaN,NaN,NaN,0,0,0,0,0,0,0,0,NaN,NaN,NaN,NaN,|,0,0,0,0,NaN,NaN,NaN,NaN,0,0,0,0,0,0,NaN,NaN,NaN,NaN,NaN,NaN,NaN,NaN,NaN,NaN,NaN,NaN
01:57:30,|,0.325642466545105,0.0550911394470472,0.295978128910065,0.0598457561054271,0.340167045593262,0.0681174228343996,NaN,NaN,0.62930953502655,0.198887713595684,|,NaN,NaN,NaN,NaN,0,0,0,0,0,0,0,0,NaN,NaN,NaN,NaN,|,0,0,0,0,NaN,NaN,NaN,NaN,0,0,0,0,0,0,NaN,NaN,NaN,NaN,NaN,NaN,NaN,NaN,NaN,NaN,NaN,NaN
02:02:30,|,0.326764434576035,0.070875903572607,0.30003547668457,0.0712480455623808,0.341514438390732,0.044686589184333,NaN,NaN,0.647455990314484,0.0931669635141097,|,NaN,NaN,NaN,NaN,0,0,0,0,0,0,0,0,NaN,NaN,NaN,NaN,|,0,0,0,0,NaN,NaN,NaN,NaN,0,0,0,0,0,0,NaN,NaN,NaN,NaN,NaN,NaN,NaN,NaN,NaN,NaN,NaN,NaN
02:07:30,|,0.327059298753738,0.0927512088923824,0.301180362701416,0.0571676524319383,0.343958288431168,0.204783131393178,NaN,NaN,0.654582917690277,0.138863972802382,|,NaN,NaN,NaN,NaN,0,0,0,0,0,0,0,0,NaN,NaN,NaN,NaN,|,0,0,0,0,NaN,NaN,NaN,NaN,0,0,0,0,0,0,NaN,NaN,NaN,NaN,NaN,NaN,NaN,NaN,NaN,NaN,NaN,NaN
02:12:30,|,0.331221163272858,0.0880059412932129,0.301277935504913,0.140072086595548,0.346872180700302,0.0646429265545927,NaN,NaN,0.663216173648834,0.121573842397168,|,NaN,NaN,NaN,NaN,0,0,0,0,0,0,0,0,NaN,NaN,NaN,NaN,|,0,0,0,0,NaN,NaN,NaN,NaN,0,0,0,0,0,0,NaN,NaN,NaN,NaN,NaN,NaN,NaN,NaN,NaN,NaN,NaN,NaN
02:17:30,|,0.336859464645386,0.0532541652029716,0.301413923501968,0.0621200210890901,0.347991079092026,0.130113038219063,NaN,NaN,0.665074646472931,0.068839412560904,|,NaN,NaN,NaN,NaN,0,0,0,0,0,0,0,0,NaN,NaN,NaN,NaN,|,0,0,0,0,NaN,NaN,NaN,NaN,0,0,0,0,0,0,NaN,NaN,NaN,NaN,NaN,NaN,NaN,NaN,NaN,NaN,NaN,NaN
02:22:30,|,0.338669121265411,0.10615408404331,0.305505454540253,0.0482332482434184,0.349090099334717,0.134328574031205,NaN,NaN,0.673501193523407,0.100259220180143,|,NaN,NaN,NaN,NaN,0,0,0,0,0,0,0,0,NaN,NaN,NaN,NaN,|,0,0,0,0,NaN,NaN,NaN,NaN,0,0,0,0,0,0,NaN,NaN,NaN,NaN,NaN,NaN,NaN,NaN,NaN,NaN,NaN,NaN
02:27:30,|,0.339551687240601,0.0499311871592434,0.305551409721375,0.142431437629866,0.349215686321259,0.0804509039384222,NaN,NaN,0.673825263977051,0.0521078972583701,|,NaN,NaN,NaN,NaN,0,0,0,0,0,0,0,0,NaN,NaN,NaN,NaN,|,0,0,0,0,NaN,NaN,NaN,NaN,0,0,0,0,0,0,NaN,NaN,NaN,NaN,NaN,NaN,NaN,NaN,NaN,NaN,NaN,NaN
02:32:30,|,0.340073972940445,0.0854648391887613,0.305783033370972,0.0382548555742221,0.353397309780121,0.0634469061587083,NaN,NaN,0.70153945684433,0.0906411288918892,|,NaN,NaN,NaN,NaN,0,0,0,0,0,0,0,0,NaN,NaN,NaN,NaN,|,0,0,0,0,NaN,NaN,NaN,NaN,0,0,0,0,0,0,NaN,NaN,NaN,NaN,NaN,NaN,NaN,NaN,NaN,NaN,NaN,NaN
02:37:30,|,0.341873526573181,0.0605068692297119,0.307828694581985,0.091064870516355,0.358542799949646,0.0580912390282848,NaN,NaN,0.713492572307587,0.105390231389455,|,NaN,NaN,NaN,NaN,0,0,0,0,0,0,0,0,NaN,NaN,NaN,NaN,|,0,0,0,0,NaN,NaN,NaN,NaN,0,0,0,0,0,0,NaN,NaN,NaN,NaN,NaN,NaN,NaN,NaN,NaN,NaN,NaN,NaN
02:42:30,|,0.347723305225372,0.0985291563074984,0.310574531555176,0.0682481100794406,0.361128687858582,0.0582256204360979,NaN,NaN,0.720209121704102,0.043166189396195,|,NaN,NaN,NaN,NaN,0,0,0,0,0,0,0,0,NaN,NaN,NaN,NaN,|,0,0,0,0,NaN,NaN,NaN,NaN,0,0,0,0,0,0,NaN,NaN,NaN,NaN,NaN,NaN,NaN,NaN,NaN,NaN,NaN,NaN
02:47:30,|,0.348610579967499,0.0724517896740672,0.312969416379929,0.0539731388157436,0.361607402563095,0.069706754231644,NaN,NaN,0.722064077854156,0.0672335232112908,|,NaN,NaN,NaN,NaN,0,0,0,0,0,0,0,0,NaN,NaN,NaN,NaN,|,0,0,0,0,NaN,NaN,NaN,NaN,0,0,0,0,0,0,NaN,NaN,NaN,NaN,NaN,NaN,NaN,NaN,NaN,NaN,NaN,NaN
02:52:30,|,0.348823457956314,0.0848750076914019,0.314244568347931,0.114712641790864,0.36423596739769,0.117077979428487,NaN,NaN,0.735383152961731,0.118755890949532,|,NaN,NaN,NaN,NaN,0,0,0,0,0,0,0,0,NaN,NaN,NaN,NaN,|,0,0,0,0,NaN,NaN,NaN,NaN,0,0,0,0,0,0,NaN,NaN,NaN,NaN,NaN,NaN,NaN,NaN,NaN,NaN,NaN,NaN
02:57:30,|,0.35027289390564,0.0735168853900592,0.316332191228867,0.0883994307514355,0.366653710603714,0.0651585267533083,NaN,NaN,0.738432228565216,0.0651582131959098,|,NaN,NaN,NaN,NaN,0,0,0,0,0,0,0,0,NaN,NaN,NaN,NaN,|,0,0,0,0,NaN,NaN,NaN,NaN,0,0,0,0,0,0,NaN,NaN,NaN,NaN,NaN,NaN,NaN,NaN,NaN,NaN,NaN,NaN
03:02:30,|,0.350576281547546,0.0655711915957619,0.318566918373108,0.0518267488465468,0.366866886615753,0.0933963910494485,NaN,NaN,0.738825917243958,0.169677681202503,|,NaN,NaN,NaN,NaN,0,0,0,0,0,0,0,0,NaN,NaN,NaN,NaN,|,0,0,0,0,NaN,NaN,NaN,NaN,0,0,0,0,0,0,NaN,NaN,NaN,NaN,NaN,NaN,NaN,NaN,NaN,NaN,NaN,NaN
03:07:30,|,0.352527916431427,0.133926542416101,0.319797664880753,0.0509860235396747,0.370094507932663,0.0482522020679036,NaN,NaN,0.777599096298218,0.0966666217606368,|,NaN,NaN,NaN,NaN,0,0,0,0,0,0,0,0,NaN,NaN,NaN,NaN,|,0,0,0,0,NaN,NaN,NaN,NaN,0,0,0,0,0,0,NaN,NaN,NaN,NaN,NaN,NaN,NaN,NaN,NaN,NaN,NaN,NaN
03:12:30,|,0.353684425354004,0.0821627938050066,0.324456989765167,0.0627300315237507,0.375809341669083,0.0852492076085864,NaN,NaN,0.77907133102417,0.0997629824913297,|,NaN,NaN,NaN,NaN,0,0,0,0,0,0,0,0,NaN,NaN,NaN,NaN,|,0,0,0,0,NaN,NaN,NaN,NaN,0,0,0,0,0,0,NaN,NaN,NaN,NaN,NaN,NaN,NaN,NaN,NaN,NaN,NaN,NaN
03:17:30,|,0.353918969631195,0.131554639467773,0.325731307268143,0.0975425570999723,0.38041764497757,0.075209245730061,NaN,NaN,0.779225707054138,0.291645780699678,|,NaN,NaN,NaN,NaN,0,0,0,0,0,0,0,0,NaN,NaN,NaN,NaN,|,0,0,0,0,NaN,NaN,NaN,NaN,0,0,0,0,0,0,NaN,NaN,NaN,NaN,NaN,NaN,NaN,NaN,NaN,NaN,NaN,NaN
03:22:30,|,0.35974594950676,0.0601553675157977,0.327857315540314,0.0637318802993107,0.380815088748932,0.118711534549537,NaN,NaN,0.781082272529602,0.119724955973885,|,NaN,NaN,NaN,NaN,0,0,0,0,0,0,0,0,NaN,NaN,NaN,NaN,|,0,0,0,0,NaN,NaN,NaN,NaN,0,0,0,0,0,0,NaN,NaN,NaN,NaN,NaN,NaN,NaN,NaN,NaN,NaN,NaN,NaN
03:27:30,|,0.361388653516769,0.0660723018635992,0.328084468841553,0.0940823741553791,0.381030052900314,0.0780366263638985,NaN,NaN,0.797880291938782,0.0508088814141973,|,NaN,NaN,NaN,NaN,0,0,0,0,0,0,0,0,NaN,NaN,NaN,NaN,|,0,0,0,0,NaN,NaN,NaN,NaN,0,0,0,0,0,0,NaN,NaN,NaN,NaN,NaN,NaN,NaN,NaN,NaN,NaN,NaN,NaN
03:32:30,|,0.365289717912674,0.0671922779654181,0.330701768398285,0.0597087266308187,0.382152408361435,0.0764263960305192,NaN,NaN,0.803623855113983,0.0915436161586867,|,NaN,NaN,NaN,NaN,0,0,0,0,0,0,0,0,NaN,NaN,NaN,NaN,|,0,0,0,0,NaN,NaN,NaN,NaN,0,0,0,0,0,0,NaN,NaN,NaN,NaN,NaN,NaN,NaN,NaN,NaN,NaN,NaN,NaN
03:37:30,|,0.367366462945938,0.0691500012524582,0.332097828388214,0.239532932655763,0.39833328127861,0.0736754544538677,NaN,NaN,0.807737708091736,0.0607275634073766,|,NaN,NaN,NaN,NaN,0,0,0,0,0,0,0,0,NaN,NaN,NaN,NaN,|,0,0,0,0,NaN,NaN,NaN,NaN,0,0,0,0,0,0,NaN,NaN,NaN,NaN,NaN,NaN,NaN,NaN,NaN,NaN,NaN,NaN
03:42:30,|,0.367748826742172,0.0679892109932267,0.332324892282486,0.084298176223984,0.401146858930588,0.149925738786056,NaN,NaN,0.825054109096527,0.130435646564852,|,NaN,NaN,NaN,NaN,0,0,0,0,0,0,0,0,NaN,NaN,NaN,NaN,|,0,0,0,0,NaN,NaN,NaN,NaN,0,0,0,0,0,0,NaN,NaN,NaN,NaN,NaN,NaN,NaN,NaN,NaN,NaN,NaN,NaN
03:47:30,|,0.373514324426651,0.0982086564639427,0.333356887102127,0.0793572362440758,0.403902471065521,0.105349663330827,NaN,NaN,0.835985422134399,0.254897784016278,|,NaN,NaN,NaN,NaN,0,0,0,0,0,0,0,0,NaN,NaN,NaN,NaN,|,0,0,0,0,NaN,NaN,NaN,NaN,0,0,0,0,0,0,NaN,NaN,NaN,NaN,NaN,NaN,NaN,NaN,NaN,NaN,NaN,NaN
03:52:30,|,0.380478292703629,0.0602692494688061,0.335752993822098,0.0712678637731594,0.404308766126633,0.0891668254665405,NaN,NaN,0.85765665769577,0.0664917871801342,|,NaN,NaN,NaN,NaN,0,0,0,0,0,0,0,0,NaN,NaN,NaN,NaN,|,0,0,0,0,NaN,NaN,NaN,NaN,0,0,0,0,0,0,NaN,NaN,NaN,NaN,NaN,NaN,NaN,NaN,NaN,NaN,NaN,NaN
03:57:30,|,0.383979678153992,0.183350354788696,0.341308772563934,0.0923441778267271,0.405489474534988,0.08578834404691,NaN,NaN,0.864433825016022,0.177403014711058,|,NaN,NaN,NaN,NaN,0,0,0,0,0,0,0,0,NaN,NaN,NaN,NaN,|,0,0,0,0,NaN,NaN,NaN,NaN,0,0,0,0,0,0,NaN,NaN,NaN,NaN,NaN,NaN,NaN,NaN,NaN,NaN,NaN,NaN
04:02:30,|,0.386784136295319,0.135493766656923,0.342525213956833,0.0575412923717612,0.409129112958908,0.089533625311886,NaN,NaN,0.875414311885834,0.114203155722753,|,NaN,NaN,NaN,NaN,0,0,0,0,0,0,0,0,NaN,NaN,NaN,NaN,|,0,0,0,0,NaN,NaN,NaN,NaN,0,0,0,0,0,0,NaN,NaN,NaN,NaN,NaN,NaN,NaN,NaN,NaN,NaN,NaN,NaN
04:07:30,|,0.387137800455093,0.0713451447411637,0.343290895223618,0.0659071564637194,0.41966912150383,0.0861740294680633,NaN,NaN,0.877742946147919,0.100835647325293,|,NaN,NaN,NaN,NaN,0,0,0,0,0,0,0,0,NaN,NaN,NaN,NaN,|,0,0,0,0,NaN,NaN,NaN,NaN,0,0,0,0,0,0,NaN,NaN,NaN,NaN,NaN,NaN,NaN,NaN,NaN,NaN,NaN,NaN
04:12:30,|,0.38860821723938,0.143567213660275,0.348843783140182,0.0783812095434127,0.427659511566162,0.0479892721600749,NaN,NaN,0.912732481956482,0.265803179383208,|,NaN,NaN,NaN,NaN,0,0,0,0,0,0,0,0,NaN,NaN,NaN,NaN,|,0,0,0,0,NaN,NaN,NaN,NaN,0,0,0,0,0,0,NaN,NaN,NaN,NaN,NaN,NaN,NaN,NaN,NaN,NaN,NaN,NaN
04:17:30,|,0.394180715084076,0.0733525122778613,0.349586963653564,0.0844221711892465,0.443600118160248,0.084062013322789,NaN,NaN,0.914858639240265,0.0597249802123474,|,NaN,NaN,NaN,NaN,0,0,0,0,0,0,0,0,NaN,NaN,NaN,NaN,|,0,0,0,0,NaN,NaN,NaN,NaN,0,0,0,0,0,0,NaN,NaN,NaN,NaN,NaN,NaN,NaN,NaN,NaN,NaN,NaN,NaN
04:22:30,|,0.395117402076721,0.0696157815582781,0.354157775640488,0.162370817438491,0.445548713207245,0.08922988503737,NaN,NaN,0.978038966655731,0.0859127137625141,|,NaN,NaN,NaN,NaN,0,0,0,0,0,0,0,0,NaN,NaN,NaN,NaN,|,0,0,0,0,NaN,NaN,NaN,NaN,0,0,0,0,0,0,NaN,NaN,NaN,NaN,NaN,NaN,NaN,NaN,NaN,NaN,NaN,NaN
04:27:30,|,0.396767944097519,0.0718622552836361,0.35616546869278,0.0796112563065486,0.449404388666153,0.10032903109742,NaN,NaN,0.981862127780914,0.173037863252797,|,NaN,NaN,NaN,NaN,0,0,0,0,0,0,0,0,NaN,NaN,NaN,NaN,|,0,0,0,0,NaN,NaN,NaN,NaN,0,0,0,0,0,0,NaN,NaN,NaN,NaN,NaN,NaN,NaN,NaN,NaN,NaN,NaN,NaN
04:32:30,|,0.40538877248764,0.0493377241713833,0.367446631193161,0.086296154727387,0.451278388500214,0.0941626437938099,NaN,NaN,0.991559028625488,0.0989140935303022,|,NaN,NaN,NaN,NaN,0,0,0,0,0,0,0,0,NaN,NaN,NaN,NaN,|,0,0,0,0,NaN,NaN,NaN,NaN,0,0,0,0,0,0,NaN,NaN,NaN,NaN,NaN,NaN,NaN,NaN,NaN,NaN,NaN,NaN
04:37:30,|,0.407081574201584,0.0785588976349164,0.36807844042778,0.0746197135675144,0.454588979482651,0.0945157539360017,NaN,NaN,1.00933170318604,0.107280921576411,|,NaN,NaN,NaN,NaN,0,0,0,0,0,0,0,0,NaN,NaN,NaN,NaN,|,0,0,0,0,NaN,NaN,NaN,NaN,0,0,0,0,0,0,NaN,NaN,NaN,NaN,NaN,NaN,NaN,NaN,NaN,NaN,NaN,NaN
04:42:30,|,0.409323215484619,0.116297934229471,0.368723183870316,0.0907611378554078,0.454686462879181,0.108399670933244,NaN,NaN,1.02914440631866,0.0886454271531306,|,NaN,NaN,NaN,NaN,0,0,0,0,0,0,0,0,NaN,NaN,NaN,NaN,|,0,0,0,0,NaN,NaN,NaN,NaN,0,0,0,0,0,0,NaN,NaN,NaN,NaN,NaN,NaN,NaN,NaN,NaN,NaN,NaN,NaN
04:47:30,|,0.410968869924545,0.0739176888427067,0.370528012514114,0.0983079390920285,0.457498908042908,0.110990998366644,NaN,NaN,1.05709064006805,0.22287863856878,|,NaN,NaN,NaN,NaN,0,0,0,0,0,0,0,0,NaN,NaN,NaN,NaN,|,0,0,0,0,NaN,NaN,NaN,NaN,0,0,0,0,0,0,NaN,NaN,NaN,NaN,NaN,NaN,NaN,NaN,NaN,NaN,NaN,NaN
04:52:30,|,0.412921041250229,0.0990346839639089,0.372438669204712,0.0743845253680469,0.468507766723633,0.117218303605585,NaN,NaN,1.06506168842316,0.114671269329348,|,NaN,NaN,NaN,NaN,0,0,0,0,0,0,0,0,NaN,NaN,NaN,NaN,|,0,0,0,0,NaN,NaN,NaN,NaN,0,0,0,0,0,0,NaN,NaN,NaN,NaN,NaN,NaN,NaN,NaN,NaN,NaN,NaN,NaN
04:57:30,|,0.415288060903549,0.0748746283841683,0.38078910112381,0.0973186307317608,0.475153595209122,0.139273105760675,NaN,NaN,1.08918464183807,0.195640490030246,|,NaN,NaN,NaN,NaN,0,0,0,0,0,0,0,0,NaN,NaN,NaN,NaN,|,0,0,0,0,NaN,NaN,NaN,NaN,0,0,0,0,0,0,NaN,NaN,NaN,NaN,NaN,NaN,NaN,NaN,NaN,NaN,NaN,NaN
05:02:30,|,0.423933863639832,0.0806579086485413,0.383474290370941,0.127081435725501,0.477081179618835,0.0742466350297258,NaN,NaN,1.10280919075012,0.203625270435644,|,NaN,NaN,NaN,NaN,0,0,0,0,0,0,0,0,NaN,NaN,NaN,NaN,|,0,0,0,0,NaN,NaN,NaN,NaN,0,0,0,0,0,0,NaN,NaN,NaN,NaN,NaN,NaN,NaN,NaN,NaN,NaN,NaN,NaN
05:07:30,|,0.425982594490051,0.075600795292837,0.384128898382187,0.109285076036542,0.480016440153122,0.109433314783737,NaN,NaN,1.10939431190491,0.0898638805092918,|,NaN,NaN,NaN,NaN,0,0,0,0,0,0,0,0,NaN,NaN,NaN,NaN,|,0,0,0,0,NaN,NaN,NaN,NaN,0,0,0,0,0,0,NaN,NaN,NaN,NaN,NaN,NaN,NaN,NaN,NaN,NaN,NaN,NaN
05:12:30,|,0.432863593101501,0.0581389499019078,0.390937894582748,0.0845207782894372,0.481297045946121,0.0993780882298551,NaN,NaN,1.12003564834595,0.151241868964068,|,NaN,NaN,NaN,NaN,0,0,0,0,0,0,0,0,NaN,NaN,NaN,NaN,|,0,0,0,0,NaN,NaN,NaN,NaN,0,0,0,0,0,0,NaN,NaN,NaN,NaN,NaN,NaN,NaN,NaN,NaN,NaN,NaN,NaN
05:17:30,|,0.433151215314865,0.0851142612451453,0.392181783914566,0.137810527843899,0.485250025987625,0.106085510411489,NaN,NaN,1.15030455589294,0.252990707125968,|,NaN,NaN,NaN,NaN,0,0,0,0,0,0,0,0,NaN,NaN,NaN,NaN,|,0,0,0,0,NaN,NaN,NaN,NaN,0,0,0,0,0,0,NaN,NaN,NaN,NaN,NaN,NaN,NaN,NaN,NaN,NaN,NaN,NaN
05:22:30,|,0.44038987159729,0.0983079731374977,0.392526268959045,0.08150505102308,0.502538442611694,0.151255122739736,NaN,NaN,1.17287874221802,0.133534776277826,|,NaN,NaN,NaN,NaN,0,0,0,0,0,0,0,0,NaN,NaN,NaN,NaN,|,0,0,0,0,NaN,NaN,NaN,NaN,0,0,0,0,0,0,NaN,NaN,NaN,NaN,NaN,NaN,NaN,NaN,NaN,NaN,NaN,NaN
05:27:30,|,0.440768241882324,0.0769972984398399,0.401396661996841,0.113670522202065,0.508332014083862,0.127455309588124,NaN,NaN,1.18442058563232,0.0761104532490497,|,NaN,NaN,NaN,NaN,0,0,0,0,0,0,0,0,NaN,NaN,NaN,NaN,|,0,0,0,0,NaN,NaN,NaN,NaN,0,0,0,0,0,0,NaN,NaN,NaN,NaN,NaN,NaN,NaN,NaN,NaN,NaN,NaN,NaN
05:32:30,|,0.444456607103348,0.0989355399377745,0.410508960485458,0.112435076009252,0.517191588878632,0.109096422725259,NaN,NaN,1.21515047550201,0.126583794580205,|,NaN,NaN,NaN,NaN,0,0,0,0,0,0,0,0,NaN,NaN,NaN,NaN,|,0,0,0,0,NaN,NaN,NaN,NaN,0,0,0,0,0,0,NaN,NaN,NaN,NaN,NaN,NaN,NaN,NaN,NaN,NaN,NaN,NaN
05:37:30,|,0.445692509412766,0.0926983027130618,0.41055029630661,0.0888587481295665,0.52956748008728,0.114102939747096,NaN,NaN,1.22460150718689,0.140261988690486,|,NaN,NaN,NaN,NaN,0,0,0,0,0,0,0,0,NaN,NaN,NaN,NaN,|,0,0,0,0,NaN,NaN,NaN,NaN,0,0,0,0,0,0,NaN,NaN,NaN,NaN,NaN,NaN,NaN,NaN,NaN,NaN,NaN,NaN
05:42:30,|,0.448425859212875,0.101192442943985,0.427389353513718,0.0896497522467568,0.530303001403809,0.197879709447424,NaN,NaN,1.22906446456909,0.177261803721586,|,NaN,NaN,NaN,NaN,0,0,0,0,0,0,0,0,NaN,NaN,NaN,NaN,|,0,0,0,0,NaN,NaN,NaN,NaN,0,0,0,0,0,0,NaN,NaN,NaN,NaN,NaN,NaN,NaN,NaN,NaN,NaN,NaN,NaN
05:47:30,|,0.454296380281448,0.0516012572055502,0.428389012813568,0.0519261011244412,0.537750542163849,0.122584895810994,NaN,NaN,1.23287582397461,0.12694272493899,|,NaN,NaN,NaN,NaN,0,0,0,0,0,0,0,0,NaN,NaN,NaN,NaN,|,0,0,0,0,NaN,NaN,NaN,NaN,0,0,0,0,0,0,NaN,NaN,NaN,NaN,NaN,NaN,NaN,NaN,NaN,NaN,NaN,NaN
05:52:30,|,0.465160638093948,0.119472640018671,0.452752977609634,0.0888785503008377,0.559223771095276,0.106117208767293,NaN,NaN,1.24120604991913,0.225543598231187,|,NaN,NaN,NaN,NaN,0,0,0,0,0,0,0,0,NaN,NaN,NaN,NaN,|,0,0,0,0,NaN,NaN,NaN,NaN,0,0,0,0,0,0,NaN,NaN,NaN,NaN,NaN,NaN,NaN,NaN,NaN,NaN,NaN,NaN
05:57:30,|,0.466426074504852,0.114838671369234,0.457786619663239,0.197829889193525,0.56899082660675,0.139374954105084,NaN,NaN,1.25467991828918,0.180132984878339,|,NaN,NaN,NaN,NaN,0,0,0,0,0,0,0,0,NaN,NaN,NaN,NaN,|,0,0,0,0,NaN,NaN,NaN,NaN,0,0,0,0,0,0,NaN,NaN,NaN,NaN,NaN,NaN,NaN,NaN,NaN,NaN,NaN,NaN
06:02:30,|,0.46668553352356,0.118182148170031,0.458757430315018,0.100693688964156,0.569728136062622,0.196673191753124,NaN,NaN,1.27896451950073,0.167808536703843,|,NaN,NaN,NaN,NaN,0,0,0,0,0,0,0,0,NaN,NaN,NaN,NaN,|,0,0,0,0,NaN,NaN,NaN,NaN,0,0,0,0,0,0,NaN,NaN,NaN,NaN,NaN,NaN,NaN,NaN,NaN,NaN,NaN,NaN
06:07:30,|,0.482190936803818,0.0777722214044072,0.461550801992416,0.087202817386817,0.578103959560394,0.133047502098885,NaN,NaN,1.29862785339355,0.186512372552509,|,NaN,NaN,NaN,NaN,0,0,0,0,0,0,0,0,NaN,NaN,NaN,NaN,|,0,0,0,0,NaN,NaN,NaN,NaN,0,0,0,0,0,0,NaN,NaN,NaN,NaN,NaN,NaN,NaN,NaN,NaN,NaN,NaN,NaN
06:12:30,|,0.484874725341797,0.0822125270416459,0.468146681785583,0.13509646696312,0.585494935512543,0.0806460622557614,NaN,NaN,1.33361613750458,0.194679585408102,|,NaN,NaN,NaN,NaN,0,0,0,0,0,0,0,0,NaN,NaN,NaN,NaN,|,0,0,0,0,NaN,NaN,NaN,NaN,0,0,0,0,0,0,NaN,NaN,NaN,NaN,NaN,NaN,NaN,NaN,NaN,NaN,NaN,NaN
06:17:30,|,0.489334881305695,0.0759526026882933,0.475540429353714,0.0789909940330591,0.585523009300232,0.171446910909045,NaN,NaN,1.3664778470993,0.174499311577121,|,NaN,NaN,NaN,NaN,0,0,0,0,0,0,0,0,NaN,NaN,NaN,NaN,|,0,0,0,0,NaN,NaN,NaN,NaN,0,0,0,0,0,0,NaN,NaN,NaN,NaN,NaN,NaN,NaN,NaN,NaN,NaN,NaN,NaN
06:22:30,|,0.510094106197357,0.0981208259032985,0.48556712269783,0.13575983790353,0.595212817192078,0.115080031991309,NaN,NaN,1.39652192592621,0.178122292307719,|,NaN,NaN,NaN,NaN,0,0,0,0,0,0,0,0,NaN,NaN,NaN,NaN,|,0,0,0,0,NaN,NaN,NaN,NaN,0,0,0,0,0,0,NaN,NaN,NaN,NaN,NaN,NaN,NaN,NaN,NaN,NaN,NaN,NaN
06:27:30,|,0.515658438205719,0.205264198804678,0.496083736419678,0.0771656709372723,0.599615156650543,0.145322966294836,NaN,NaN,1.45522165298462,0.275228335874377,|,NaN,NaN,NaN,NaN,0,0,0,0,0,0,0,0,NaN,NaN,NaN,NaN,|,0,0,0,0,NaN,NaN,NaN,NaN,0,0,0,0,0,0,NaN,NaN,NaN,NaN,NaN,NaN,NaN,NaN,NaN,NaN,NaN,NaN
06:32:30,|,0.529928982257843,0.122303756657326,0.496324568986893,0.119406967692457,0.604838192462921,0.1313526988391,NaN,NaN,1.45721125602722,0.26158420107544,|,NaN,NaN,NaN,NaN,0,0,0,0,0,0,0,0,NaN,NaN,NaN,NaN,|,0,0,0,0,NaN,NaN,NaN,NaN,0,0,0,0,0,0,NaN,NaN,NaN,NaN,NaN,NaN,NaN,NaN,NaN,NaN,NaN,NaN
06:37:30,|,0.535790681838989,0.101515718492663,0.506017327308655,0.0656177478959779,0.612426459789276,0.0922458611696823,NaN,NaN,1.47748303413391,0.118715275452672,|,NaN,NaN,NaN,NaN,0,0,0,0,0,0,0,0,NaN,NaN,NaN,NaN,|,0,0,0,0,NaN,NaN,NaN,NaN,0,0,0,0,0,0,NaN,NaN,NaN,NaN,NaN,NaN,NaN,NaN,NaN,NaN,NaN,NaN
06:42:30,|,0.555156946182251,0.145357536395244,0.533154308795929,0.0907462597498538,0.621849834918976,0.144613700784739,NaN,NaN,1.49428725242615,0.108559199280955,|,NaN,NaN,NaN,NaN,0,0,0,0,0,0,0,0,NaN,NaN,NaN,NaN,|,0,0,0,0,NaN,NaN,NaN,NaN,0,0,0,0,0,0,NaN,NaN,NaN,NaN,NaN,NaN,NaN,NaN,NaN,NaN,NaN,NaN
06:47:30,|,0.555566370487213,0.144713530302813,0.565912783145905,0.134028560613614,0.662208378314972,0.177458036091686,NaN,NaN,1.50612926483154,0.171175588942264,|,NaN,NaN,NaN,NaN,0,0,0,0,0,0,0,0,NaN,NaN,NaN,NaN,|,0,0,0,0,NaN,NaN,NaN,NaN,0,0,0,0,0,0,NaN,NaN,NaN,NaN,NaN,NaN,NaN,NaN,NaN,NaN,NaN,NaN
06:52:30,|,0.555860340595245,0.0461563620844009,0.569775104522705,0.105831721475164,0.734813868999481,0.155866887872364,NaN,NaN,1.53795623779297,0.26697822484061,|,NaN,NaN,NaN,NaN,0,0,0,0,0,0,0,0,NaN,NaN,NaN,NaN,|,0,0,0,0,NaN,NaN,NaN,NaN,0,0,0,0,0,0,NaN,NaN,NaN,NaN,NaN,NaN,NaN,NaN,NaN,NaN,NaN,NaN
06:57:30,|,0.558254659175873,0.0939437845888027,0.570337116718292,0.138766689945934,0.741238117218018,0.141213258714975,NaN,NaN,1.6431131362915,0.301704155061728,|,NaN,NaN,NaN,NaN,0,0,0,0,0,0,0,0,NaN,NaN,NaN,NaN,|,0,0,0,0,NaN,NaN,NaN,NaN,0,0,0,0,0,0,NaN,NaN,NaN,NaN,NaN,NaN,NaN,NaN,NaN,NaN,NaN,NaN
